h3_cell,lat,lon,municipality,population,observed,expected,observed_week,expected_week,gap_pearson,ratio_obs_exp,unmet_demand,gtfs_covered,dist_trazado_m,partition,action,priority_rank
888b2c8001fffff,-17.4296,-66.2702,Quillacollo,253,35,4.3014,0.4313,0.053,14.8018,6.7907,0,0,1733.9,entrenamiento,sin_brecha,
888b2c8003fffff,-17.423,-66.2754,Quillacollo,10,3,0.1302,0.037,0.0016,7.9517,3.5391,0,0,876.9,entrenamiento,sin_brecha,
888b2c8005fffff,-17.4282,-66.2616,Quillacollo,200,0,2.9613,0,0.0365,-1.7209,0.2524,2.9613,0,1792.6,entrenamiento,mapear,
888b2c8007fffff,-17.4216,-66.2668,Quillacollo,69,4,1.1538,0.0493,0.0142,2.6496,2.3214,0,0,1049.4,entrenamiento,sin_brecha,
888b2c8009fffff,-17.4376,-66.2735,Quillacollo,137,1,2.1862,0.0123,0.0269,-0.8022,0.6277,1.1862,0,1985.1,entrenamiento,mapear,
888b2c800dfffff,-17.4362,-66.2649,Quillacollo,294,1,3.3011,0.0123,0.0407,-1.2665,0.465,2.3011,0,2372.8,entrenamiento,mapear,
888b2c8011fffff,-17.4178,-66.2892,Quillacollo,942,103,10.0965,1.2694,0.1244,29.238,9.3724,0,1,94.5,entrenamiento,sin_brecha,
888b2c8013fffff,-17.4111,-66.2945,Quillacollo,863,26,9.1955,0.3204,0.1133,5.5416,2.6482,0,1,10.4,entrenamiento,sin_brecha,
888b2c8015fffff,-17.4164,-66.2807,Quillacollo,1420,169,15.2197,2.0827,0.1876,39.4182,10.4811,0,1,112.1,entrenamiento,sin_brecha,
888b2c8017fffff,-17.4097,-66.2859,Quillacollo,2236,293,23.8253,3.6109,0.2936,55.1462,11.8428,0,1,135.9,entrenamiento,sin_brecha,
888b2c8019fffff,-17.4258,-66.2925,Quillacollo,626,42,8.9146,0.5176,0.1099,11.0812,4.3371,0,1,341.4,entrenamiento,sin_brecha,
888b2c801bfffff,-17.4192,-66.2978,Quillacollo,1100,118,11.7899,1.4542,0.1453,30.9322,9.3042,0,1,314.7,entrenamiento,sin_brecha,
888b2c801dfffff,-17.4244,-66.284,Quillacollo,463,89,6.5934,1.0968,0.0813,32.0929,11.8525,0,1,156.7,entrenamiento,sin_brecha,
888b2c8021fffff,-17.4187,-66.2497,Colcapirhua,491,10,8.4075,0.1232,0.1036,0.5492,1.1693,0,0,1022.7,entrenamiento,sin_brecha,
888b2c8023fffff,-17.4121,-66.2549,Colcapirhua,65,11,9.0676,0.1356,0.1117,0.6417,1.1919,0,0,1139.4,entrenamiento,sin_brecha,
888b2c8025fffff,-17.4173,-66.2411,Colcapirhua,261,11,4.4692,0.1356,0.0551,3.0893,2.1941,0,0,968.1,entrenamiento,sin_brecha,
888b2c8027fffff,-17.4107,-66.2464,Colcapirhua,420,13,58.5908,0.1602,0.7221,-5.9561,0.2349,45.5908,0,1001.7,entrenamiento,mapear,
888b2c802bfffff,-17.4201,-66.2583,Quillacollo,190,13,3.2534,0.1602,0.0401,5.4036,3.2915,0,0,1429.2,entrenamiento,sin_brecha,
888b2c802dfffff,-17.4253,-66.2444,Colcapirhua,136,2,1.331,0.0246,0.0164,0.5799,1.287,0,1,114.7,entrenamiento,sin_brecha,
888b2c8031fffff,-17.4069,-66.2688,Quillacollo,1016,113,266.645,1.3926,3.2861,-9.4092,0.4259,153.645,1,320.6,entrenamiento,revisar,
888b2c8033fffff,-17.4003,-66.274,Quillacollo,1904,1530,270.772,18.8556,3.337,76.5248,5.6334,0,1,21,entrenamiento,sin_brecha,
888b2c8035fffff,-17.4055,-66.2602,Quillacollo,732,87,209.384,1.0722,2.5804,-8.4577,0.4183,122.384,0,593.1,entrenamiento,mapear,
888b2c8037fffff,-17.3989,-66.2654,Quillacollo,1899,651,543.197,8.0229,6.6943,4.6254,1.1981,0,1,13.2,entrenamiento,sin_brecha,
888b2c8039fffff,-17.4149,-66.2721,Quillacollo,836,136,13.4261,1.6761,0.1655,33.452,9.4967,0,1,167,entrenamiento,sin_brecha,
888b2c803bfffff,-17.4083,-66.2773,Quillacollo,2615,689,257.202,8.4912,3.1697,26.9242,2.6723,0,1,35.1,entrenamiento,sin_brecha,
888b2c803dfffff,-17.4135,-66.2635,Quillacollo,794,23,110.765,0.2835,1.3651,-8.3391,0.2147,87.7646,0,523.5,entrenamiento,mapear,
888b2c8043fffff,-17.4457,-66.2768,Quillacollo,79,0,0.8061,0,0.0099,-0.8978,0.5537,0.8061,0,2589.8,entrenamiento,mapear,
888b2c8045fffff,-17.4509,-66.263,Cochabamba,26,0,0.665,0,0.0082,-0.8155,0.6006,0.665,0,1112.5,entrenamiento,mapear,
888b2c8047fffff,-17.4442,-66.2682,Quillacollo,121,0,2.1881,0,0.027,-1.4792,0.3137,2.1881,0,1960.3,entrenamiento,mapear,
888b2c8051fffff,-17.4405,-66.2906,Quillacollo,116,0,0,0,0,-0.001,1,0,0,1923.3,entrenamiento,mapear,
888b2c8053fffff,-17.4338,-66.2959,Quillacollo,136,8,1.0099,0.0986,0.0124,6.9557,4.4778,0,0,1296.9,entrenamiento,sin_brecha,
888b2c8055fffff,-17.439,-66.282,Quillacollo,21,1,0,0.0123,0,999.999,2,0,0,1729.4,entrenamiento,sin_brecha,
888b2c8057fffff,-17.4324,-66.2873,Quillacollo,10,0,0.0708,0,0.0009,-0.2661,0.9339,0.0708,0,985.5,entrenamiento,mapear,
888b2c8065fffff,-17.44,-66.2425,Cochabamba,195,0,4.4268,0,0.0546,-2.104,0.1843,4.4268,0,991.6,entrenamiento,mapear,
888b2c8069fffff,-17.4494,-66.2544,Cochabamba,108,2,2.2797,0.0246,0.0281,-0.1852,0.9147,0.2797,0,582.2,entrenamiento,mapear,
888b2c806bfffff,-17.4428,-66.2597,Quillacollo,84,1,1.0817,0.0123,0.0133,-0.0785,0.9608,0.0817,0,1468.8,entrenamiento,mapear,
888b2c806dfffff,-17.448,-66.2458,Cochabamba,176,4,3.7174,0.0493,0.0458,0.1466,1.0599,0,0,557.2,entrenamiento,sin_brecha,
888b2c8081fffff,-17.3833,-66.3069,Quillacollo,1594,14,82.8968,0.1725,1.0216,-7.5671,0.1788,68.8968,1,119.7,prueba,revisar,
888b2c8083fffff,-17.3766,-66.3122,Vinto,1499,37,50.9094,0.456,0.6274,-1.9494,0.732,13.9094,0,687.2,prueba,mapear,
888b2c8085fffff,-17.3818,-66.2983,Quillacollo,1605,73,350.289,0.8996,4.3169,-14.8156,0.2107,277.289,1,103.2,prueba,revisar,
888b2c8087fffff,-17.3752,-66.3036,Quillacollo,1662,44,73.0141,0.5423,0.8998,-3.3955,0.608,29.0141,0,663.9,prueba,mapear,
888b2c8089fffff,-17.3913,-66.3102,Vinto,2166,161,41.102,1.9842,0.5065,18.7017,3.8478,0,1,233.6,prueba,sin_brecha,
888b2c808bfffff,-17.3847,-66.3155,Vinto,1933,339,48.179,4.1778,0.5938,41.8983,6.9135,0,1,234.7,prueba,sin_brecha,
888b2c808dfffff,-17.3899,-66.3017,Quillacollo,2053,137,400.709,1.6884,4.9383,-13.1738,0.3435,263.709,1,468,prueba,revisar,
888b2c8091fffff,-17.3714,-66.326,Vinto,1075,27,22.2357,0.3327,0.274,1.0104,1.205,0,1,66.5,prueba,sin_brecha,
888b2c8093fffff,-17.3648,-66.3312,Vinto,548,6,7.888,0.0739,0.0972,-0.6722,0.7876,1.888,0,572.8,prueba,mapear,
888b2c8095fffff,-17.37,-66.3174,Vinto,87,35,2.0256,0.4313,0.025,23.1683,11.8983,0,1,216.6,prueba,sin_brecha,
888b2c8097fffff,-17.3634,-66.3227,Vinto,305,53,6.4311,0.6532,0.0793,18.3633,7.2667,0,1,33.5,prueba,sin_brecha,
888b2c8099fffff,-17.3795,-66.3293,Vinto,925,15,19.6328,0.1849,0.242,-1.0456,0.7755,4.6328,0,824.7,prueba,mapear,
888b2c809bfffff,-17.3728,-66.3345,Vinto,746,17,20.4384,0.2095,0.2519,-0.7606,0.8396,3.4384,1,355.7,prueba,revisar,
888b2c809dfffff,-17.378,-66.3207,Vinto,509,43,9.3214,0.5299,0.1149,11.031,4.263,0,1,236.5,prueba,sin_brecha,
888b2c80a1fffff,-17.3724,-66.2864,Quillacollo,2020,109,99.6759,1.3433,1.2284,0.9339,1.0926,0,1,20,prueba,sin_brecha,
888b2c80a3fffff,-17.3658,-66.2917,Quillacollo,1468,35,75.0617,0.4313,0.9251,-4.624,0.4733,40.0617,1,52.3,prueba,revisar,
888b2c80a5fffff,-17.371,-66.2779,Quillacollo,2573,103,162.161,1.2694,1.9985,-4.6458,0.6374,59.1607,1,73.2,prueba,revisar,
888b2c80a7fffff,-17.3644,-66.2831,Quillacollo,2262,171,111.617,2.1074,1.3756,5.6208,1.5273,0,1,23.4,prueba,sin_brecha,
888b2c80a9fffff,-17.3804,-66.2898,Quillacollo,1694,253,557.959,3.118,6.8762,-12.9104,0.4544,304.959,1,196.2,prueba,revisar,
888b2c80abfffff,-17.3738,-66.295,Quillacollo,1374,38,70.2553,0.4683,0.8658,-3.8482,0.5473,32.2553,1,315.4,prueba,revisar,
888b2c80adfffff,-17.379,-66.2812,Quillacollo,2704,503,900.32,6.1989,11.0955,-13.2417,0.5592,397.32,1,71.7,prueba,revisar,
888b2c80b1fffff,-17.3606,-66.3055,Quillacollo,337,9,10.4502,0.1109,0.1288,-0.4486,0.8733,1.4502,0,843.2,prueba,mapear,
888b2c80b3fffff,-17.3539,-66.3108,Vinto,194,5,2.3218,0.0616,0.0286,1.7576,1.8062,0,0,1406.7,prueba,sin_brecha,
888b2c80b5fffff,-17.3591,-66.2969,Quillacollo,595,86,25.5579,1.0599,0.315,11.9558,3.2759,0,1,485.4,prueba,sin_brecha,
888b2c80b7fffff,-17.3525,-66.3022,Quillacollo,726,16,2.6416,0.1972,0.0326,8.219,4.6683,0,0,1019.4,prueba,sin_brecha,
888b2c80b9fffff,-17.3686,-66.3088,Quillacollo,1083,6,35.7439,0.0739,0.4405,-4.975,0.1905,29.7439,0,981.6,prueba,mapear,
888b2c80bbfffff,-17.362,-66.3141,Vinto,185,6,5.4638,0.0739,0.0673,0.2294,1.083,0,0,930.2,prueba,sin_brecha,
888b2c80bdfffff,-17.3672,-66.3003,Quillacollo,968,22,39.5797,0.2711,0.4878,-2.7943,0.5668,17.5797,1,194,prueba,revisar,
888b2c80c1fffff,-17.4059,-66.3083,Vinto,1104,32,42.0417,0.3944,0.5181,-1.5487,0.7667,10.0417,0,520.6,prueba,mapear,
888b2c80c3fffff,-17.3993,-66.3135,Vinto,2049,688,83.4665,8.4789,1.0286,66.1705,8.1571,0,1,10,prueba,sin_brecha,
888b2c80c5fffff,-17.4045,-66.2997,Quillacollo,1429,44,137.635,0.5423,1.6962,-7.9813,0.3246,93.6353,1,310.9,prueba,revisar,
888b2c80c7fffff,-17.3979,-66.305,Vinto,2199,287,159.983,3.537,1.9716,10.0421,1.789,0,1,264.6,prueba,sin_brecha,
888b2c80c9fffff,-17.414,-66.3116,Vinto,801,9,8.8803,0.1109,0.1094,0.0402,1.0121,0,0,1126.9,prueba,sin_brecha,
888b2c80cbfffff,-17.4074,-66.3169,Vinto,1179,66,38.0047,0.8134,0.4684,4.5412,1.7177,0,1,381.6,prueba,sin_brecha,
888b2c80cdfffff,-17.4126,-66.303,Quillacollo,870,6,52.7795,0.0739,0.6505,-6.4391,0.1302,46.7795,0,624.7,prueba,mapear,
888b2c80d1fffff,-17.3941,-66.3274,Vinto,1241,74,39.7806,0.912,0.4903,5.4255,1.8391,0,1,65.2,prueba,sin_brecha,
888b2c80d3fffff,-17.3875,-66.3326,Vinto,804,17,13.2893,0.2095,0.1638,1.0179,1.2597,0,1,351.9,prueba,sin_brecha,
888b2c80d5fffff,-17.3927,-66.3188,Vinto,2291,665,76.9744,8.1954,0.9486,67.0229,8.5413,0,1,218.7,prueba,sin_brecha,
888b2c80d7fffff,-17.3861,-66.324,Vinto,625,59,15.3893,0.7271,0.1897,11.1169,3.6609,0,0,629.9,prueba,sin_brecha,
888b2c80d9fffff,-17.4022,-66.3307,Vinto,1067,89,41.8855,1.0968,0.5162,7.2799,2.0986,0,1,179.1,prueba,sin_brecha,
888b2c80dbfffff,-17.3955,-66.3359,Vinto,1046,22,12.0729,0.2711,0.1488,2.857,1.7594,0,1,6.1,prueba,sin_brecha,
888b2c80ddfffff,-17.4007,-66.3221,Vinto,1735,182,66.5522,2.243,0.8202,14.1516,2.709,0,1,7.1,prueba,sin_brecha,
888b2c80e1fffff,-17.3951,-66.2878,Quillacollo,2999,1898,999.142,23.3908,12.3133,28.4366,1.8987,0,1,44.2,prueba,sin_brecha,
888b2c80e3fffff,-17.3885,-66.2931,Quillacollo,2546,281,848.221,3.463,10.4534,-19.4759,0.3321,567.221,1,213.5,prueba,revisar,
888b2c80e5fffff,-17.3937,-66.2793,Quillacollo,3357,27239,1137.28,335.691,14.0158,773.989,23.9308,0,1,23.3,prueba,sin_brecha,
888b2c80e7fffff,-17.387,-66.2845,Quillacollo,3925,1007,1230.45,12.4102,15.164,-6.3702,0.8185,223.452,1,33.7,prueba,revisar,
888b2c80e9fffff,-17.4031,-66.2912,Quillacollo,2457,475,649.287,5.8539,8.0018,-6.8398,0.732,174.287,1,53.2,prueba,revisar,
888b2c80ebfffff,-17.3965,-66.2964,Quillacollo,2425,320,611.928,3.9437,7.5413,-11.8012,0.5237,291.928,1,158.7,prueba,revisar,
888b2c80edfffff,-17.4017,-66.2826,Quillacollo,2967,5224,1103.35,64.3802,13.5976,124.054,4.7313,0,1,49.2,prueba,sin_brecha,
888b2c8101fffff,-17.4197,-66.2102,Cochabamba,1587,28,2155.05,0.3451,26.5587,-45.8194,0.0135,2127.05,1,161.4,entrenamiento,revisar,
888b2c8103fffff,-17.413,-66.2154,Cochabamba,1343,132,1914.35,1.6268,23.5923,-40.7363,0.0694,1782.35,1,69.4,entrenamiento,revisar,
888b2c8105fffff,-17.4182,-66.2016,Cochabamba,2158,137,3704.24,1.6884,45.6508,-58.6115,0.0372,3567.24,1,19.1,entrenamiento,revisar,
888b2c8107fffff,-17.4116,-66.2069,Cochabamba,1911,56,4260.07,0.6901,52.5008,-64.4112,0.0134,4204.07,0,613.4,entrenamiento,mapear,2
888b2c8109fffff,-17.4277,-66.2135,Cochabamba,78,10,11.639,0.1232,0.1434,-0.4804,0.8703,1.639,0,690.5,entrenamiento,mapear,
888b2c810bfffff,-17.4211,-66.2187,Cochabamba,763,29,35.3552,0.3574,0.4357,-1.0688,0.8252,6.3552,1,189.7,entrenamiento,revisar,
888b2c810dfffff,-17.4263,-66.2049,Cochabamba,1697,29,349.737,0.3574,4.3101,-17.1506,0.0855,320.737,1,81.3,entrenamiento,revisar,
888b2c8111fffff,-17.4078,-66.2292,Colcapirhua,934,115,31.9723,1.4173,0.394,14.6837,3.5181,0,0,726.1,entrenamiento,sin_brecha,
888b2c8113fffff,-17.4012,-66.2345,Colcapirhua,1724,363,109.746,4.4736,1.3525,24.1747,3.2868,0,1,119.1,entrenamiento,sin_brecha,
888b2c8115fffff,-17.4064,-66.2207,Colcapirhua,1120,302,920.592,3.7218,11.3453,-20.3878,0.3288,618.592,0,584.8,entrenamiento,mapear,10
888b2c8117fffff,-17.3998,-66.2259,Colcapirhua,2535,1243,1720.14,15.3186,21.1988,-11.5043,0.7228,477.136,1,42.8,entrenamiento,revisar,
888b2c8119fffff,-17.4159,-66.2326,Cochabamba,392,8,10.789,0.0986,0.133,-0.8491,0.7634,2.789,0,897.8,entrenamiento,mapear,
888b2c811bfffff,-17.4093,-66.2378,Colcapirhua,354,6,12.118,0.0739,0.1493,-1.7575,0.5336,6.118,0,560.5,entrenamiento,mapear,
888b2c811dfffff,-17.4145,-66.224,Colcapirhua,716,43,19.7064,0.5299,0.2429,5.2473,2.1249,0,1,33.9,entrenamiento,sin_brecha,
888b2c8121fffff,-17.4088,-66.1897,Cochabamba,1722,343,4641.05,4.2271,57.1959,-63.0904,0.0741,4298.05,1,204.4,entrenamiento,revisar,
888b2c8123fffff,-17.4022,-66.195,Cochabamba,4051,1686,10963.1,20.7781,135.108,-88.6024,0.1539,9277.09,1,192,entrenamiento,revisar,
888b2c8125fffff,-17.4074,-66.1812,Cochabamba,3933,4967,8668.95,61.2129,106.835,-39.76,0.573,3701.95,1,81.5,entrenamiento,revisar,
888b2c8127fffff,-17.4007,-66.1864,Cochabamba,4817,7065,14012,87.0685,172.683,-58.688,0.5042,6947.04,1,10.1,entrenamiento,revisar,
888b2c8129fffff,-17.4168,-66.1931,Cochabamba,1788,99,4125.94,1.2201,50.8478,-62.6922,0.0242,4026.94,1,405.5,entrenamiento,revisar,
888b2c812bfffff,-17.4102,-66.1983,Cochabamba,1885,168,4904.6,2.0704,60.4439,-67.634,0.0345,4736.6,1,147.6,entrenamiento,revisar,
888b2c812dfffff,-17.4154,-66.1845,Cochabamba,306,35,586.442,0.4313,7.2273,-22.7713,0.0613,551.442,1,56.8,entrenamiento,revisar,
888b2c8131fffff,-17.397,-66.2088,Cochabamba,4852,3978,7506.11,49.0246,92.5048,-40.7225,0.53,3528.11,1,9.8,entrenamiento,revisar,
888b2c8133fffff,-17.3904,-66.214,Colcapirhua,2994,5499,3485.26,67.7692,42.9521,34.1103,1.5776,0,1,177.1,entrenamiento,sin_brecha,
888b2c8135fffff,-17.3956,-66.2002,Cochabamba,4596,9718,10495.9,119.764,129.351,-7.5934,0.9259,777.947,1,17.5,entrenamiento,revisar,
888b2c8137fffff,-17.3889,-66.2055,Cochabamba,2819,8849,3978.15,109.054,49.0264,77.2261,2.2241,0,1,109.5,entrenamiento,sin_brecha,
888b2c8139fffff,-17.405,-66.2121,Cochabamba,1927,255,2981.1,3.1426,36.7388,-49.929,0.0858,2726.1,1,299.5,entrenamiento,revisar,
888b2c813bfffff,-17.3984,-66.2174,Colcapirhua,2715,5133,3655.08,63.2587,45.045,24.4456,1.4042,0,1,141.6,entrenamiento,sin_brecha,
888b2c813dfffff,-17.4036,-66.2036,Cochabamba,2542,727,5707.61,8.9595,70.3402,-65.9258,0.1275,4980.61,1,384.9,entrenamiento,revisar,
888b2c8141fffff,-17.4423,-66.2116,Cochabamba,396,28,25.5554,0.3451,0.3149,0.4836,1.0921,0,0,549.1,entrenamiento,sin_brecha,
888b2c8143fffff,-17.4357,-66.2168,Cochabamba,423,23,35.855,0.2835,0.4419,-2.1468,0.6512,12.855,1,308,entrenamiento,revisar,
888b2c8145fffff,-17.4409,-66.203,Cochabamba,1762,187,128.161,2.3046,1.5794,5.1974,1.4555,0,1,91.2,entrenamiento,sin_brecha,
888b2c8147fffff,-17.4343,-66.2083,Cochabamba,429,29,31.2038,0.3574,0.3846,-0.3945,0.9316,2.2038,1,226.4,entrenamiento,revisar,
888b2c8149fffff,-17.4504,-66.2149,Cochabamba,1540,104,84.5966,1.2817,1.0426,2.1096,1.2267,0,1,113.3,entrenamiento,sin_brecha,
888b2c814bfffff,-17.4438,-66.2201,Cochabamba,397,10,32.7761,0.1232,0.4039,-3.9783,0.3257,22.7761,1,422.6,entrenamiento,revisar,
888b2c814dfffff,-17.4489,-66.2063,Cochabamba,1528,181,98.6076,2.2306,1.2152,8.2972,1.8272,0,1,110.1,entrenamiento,sin_brecha,
888b2c8151fffff,-17.4305,-66.2306,Cochabamba,162,0,3.5574,0,0.0438,-1.8861,0.2194,3.5574,0,571,entrenamiento,mapear,
888b2c8153fffff,-17.4239,-66.2359,Cochabamba,130,1,3.1138,0.0123,0.0384,-1.1979,0.4862,2.1138,0,600.9,entrenamiento,mapear,
888b2c8155fffff,-17.4291,-66.2221,Cochabamba,351,4,7.7078,0.0493,0.095,-1.3355,0.5742,3.7078,0,978.5,entrenamiento,mapear,
888b2c8157fffff,-17.4225,-66.2273,Cochabamba,241,7,5.7725,0.0863,0.0711,0.5109,1.1813,0,0,617.4,entrenamiento,sin_brecha,
888b2c8159fffff,-17.4386,-66.2339,Cochabamba,969,0,11.4675,0,0.1413,-3.3864,0.0802,11.4675,1,175.6,entrenamiento,revisar,
888b2c815dfffff,-17.4371,-66.2254,Cochabamba,747,13,16.5352,0.1602,0.2038,-0.8694,0.7984,3.5352,1,408.9,entrenamiento,revisar,
888b2c8161fffff,-17.4315,-66.1911,Cochabamba,1001,689,182.589,8.4912,2.2502,37.477,3.7584,0,1,154.5,entrenamiento,sin_brecha,
888b2c8163fffff,-17.4248,-66.1964,Cochabamba,1294,71,673.956,0.875,8.3058,-23.2258,0.1067,602.956,0,573.3,entrenamiento,mapear,6
888b2c8165fffff,-17.43,-66.1826,Cochabamba,1242,190,454.181,2.3415,5.5973,-12.3962,0.4196,264.181,1,67.2,entrenamiento,revisar,
888b2c8167fffff,-17.4234,-66.1878,Cochabamba,1138,50,901.972,0.6162,11.1158,-28.368,0.0565,851.972,1,160.9,entrenamiento,revisar,
888b2c8169fffff,-17.4395,-66.1944,Cochabamba,2106,241,135.345,2.9701,1.668,9.0818,1.7749,0,1,212.2,entrenamiento,sin_brecha,
888b2c816bfffff,-17.4329,-66.1997,Cochabamba,104,13,15.3314,0.1602,0.1889,-0.5954,0.8572,2.3314,1,190,entrenamiento,revisar,
888b2c816dfffff,-17.4381,-66.1859,Cochabamba,1729,52,73.7818,0.6408,0.9093,-2.5358,0.7087,21.7818,1,325.4,entrenamiento,revisar,
888b2c8181fffff,-17.3733,-66.2469,Colcapirhua,622,65,181.042,0.8011,2.2312,-8.6244,0.3626,116.043,0,551,prueba,mapear,
888b2c8183fffff,-17.3667,-66.2522,Quillacollo,1010,77,197.814,0.9489,2.4378,-8.5899,0.3923,120.814,1,55.6,prueba,revisar,
888b2c8185fffff,-17.3719,-66.2384,Colcapirhua,1111,325,851.043,4.0053,10.4882,-18.0321,0.3826,526.043,0,593.4,prueba,mapear,14
888b2c8187fffff,-17.3653,-66.2436,Colcapirhua,593,75,151.654,0.9243,1.869,-6.2246,0.4979,76.6544,0,963.7,prueba,mapear,
888b2c8189fffff,-17.3814,-66.2502,Colcapirhua,1156,390,292.252,4.8063,3.6017,5.7178,1.3333,0,1,127.3,prueba,sin_brecha,
888b2c818bfffff,-17.3748,-66.2555,Quillacollo,1699,123,444.536,1.5158,5.4784,-15.2502,0.2783,321.536,1,363.3,prueba,revisar,
888b2c818dfffff,-17.38,-66.2417,Colcapirhua,807,257,289.864,3.1672,3.5723,-1.9303,0.887,32.8643,0,659,prueba,mapear,
888b2c8191fffff,-17.3615,-66.266,Quillacollo,1183,40,96.1933,0.493,1.1855,-5.7294,0.4218,56.1933,1,372.6,prueba,revisar,
888b2c8193fffff,-17.3549,-66.2712,Quillacollo,1253,41,97.3773,0.5053,1.2001,-5.7132,0.4269,56.3773,1,493.7,prueba,revisar,
888b2c8195fffff,-17.3601,-66.2574,Quillacollo,1294,124,214.19,1.5282,2.6397,-6.1625,0.5809,90.19,1,425.7,prueba,revisar,
888b2c8197fffff,-17.3535,-66.2627,Quillacollo,1194,108,197.637,1.331,2.4357,-6.3761,0.5487,89.6374,0,725.9,prueba,mapear,
888b2c8199fffff,-17.3696,-66.2693,Quillacollo,1815,30,132.949,0.3697,1.6385,-8.9285,0.2314,102.949,1,136.6,prueba,revisar,
888b2c819bfffff,-17.3629,-66.2745,Quillacollo,2005,138,139.375,1.7007,1.7176,-0.1164,0.9902,1.3747,1,102.7,prueba,revisar,
888b2c819dfffff,-17.3681,-66.2607,Quillacollo,1341,36,109.041,0.4437,1.3438,-6.9947,0.3362,73.0408,0,737.9,prueba,mapear,
888b2c81a1fffff,-17.3625,-66.2265,Tiquipaya,1487,631,444.458,7.7764,5.4775,8.8483,1.4188,0,1,92.8,prueba,sin_brecha,
888b2c81a3fffff,-17.3559,-66.2317,Tiquipaya,469,184,230.303,2.2676,2.8382,-3.0511,0.7998,46.3027,1,461.2,prueba,revisar,
888b2c81a5fffff,-17.3611,-66.2179,Tiquipaya,1119,265,336.102,3.2658,4.1421,-3.8783,0.7891,71.1016,1,368.4,prueba,revisar,
888b2c81a7fffff,-17.3544,-66.2232,Tiquipaya,1086,214,563.453,2.6373,6.944,-14.7218,0.3809,349.453,1,306.6,prueba,revisar,
888b2c81a9fffff,-17.3705,-66.2298,Colcapirhua,1251,338,924.172,4.1655,11.3894,-19.2818,0.3664,586.172,1,223.3,prueba,revisar,
888b2c81abfffff,-17.3639,-66.235,Colcapirhua,1617,642,483.314,7.912,5.9563,7.2181,1.3277,0,0,527.9,prueba,sin_brecha,
888b2c81adfffff,-17.3691,-66.2212,Colcapirhua,638,53,297.536,0.6532,3.6668,-14.1766,0.1809,244.536,0,531.1,prueba,mapear,16
888b2c81b1fffff,-17.3507,-66.2455,Quillacollo,1085,152,200.78,1.8732,2.4744,-3.4425,0.7583,48.7795,1,168.8,prueba,revisar,
888b2c81b3fffff,-17.344,-66.2508,Quillacollo,863,21,159.698,0.2588,1.9681,-10.9754,0.1369,138.698,0,879,prueba,mapear,19
888b2c81b5fffff,-17.3492,-66.237,Tiquipaya,990,96,546.444,1.1831,6.7343,-19.2694,0.1772,450.444,1,152.9,prueba,revisar,
888b2c81b7fffff,-17.3426,-66.2422,Tiquipaya,411,18,69.2157,0.2218,0.853,-6.156,0.2706,51.2157,1,387.9,prueba,revisar,
888b2c81b9fffff,-17.3587,-66.2488,Quillacollo,1199,88,261.889,1.0845,3.2275,-10.7452,0.3385,173.889,1,497.4,prueba,revisar,
888b2c81bbfffff,-17.3521,-66.2541,Quillacollo,1084,226,236.77,2.7852,2.9179,-0.6999,0.9547,10.7702,1,149.4,prueba,revisar,
888b2c81bdfffff,-17.3573,-66.2403,Tiquipaya,545,210,67.3795,2.588,0.8304,17.3747,3.0857,0,1,268.1,prueba,sin_brecha,
888b2c81c1fffff,-17.396,-66.2483,Colcapirhua,1350,526,293.964,6.4824,3.6228,13.5334,1.7867,0,1,306.8,prueba,sin_brecha,
888b2c81c3fffff,-17.3894,-66.2536,Quillacollo,2779,4323,872.571,53.2763,10.7535,116.808,4.9498,0,1,218.8,prueba,sin_brecha,
888b2c81c5fffff,-17.3946,-66.2397,Colcapirhua,1926,6133,561.629,75.5826,6.9215,235.092,10.9024,0,1,114.3,prueba,sin_brecha,
888b2c81c7fffff,-17.388,-66.245,Colcapirhua,1210,3777,347.65,46.5475,4.2844,183.925,10.8361,0,1,308.6,prueba,sin_brecha,
888b2c81c9fffff,-17.4041,-66.2516,Quillacollo,821,19,74.8817,0.2342,0.9228,-6.4578,0.2636,55.8817,0,593.6,prueba,mapear,
888b2c81cbfffff,-17.3974,-66.2569,Quillacollo,2126,560,755.773,6.9014,9.3141,-7.1213,0.7413,195.773,1,122.8,prueba,revisar,
888b2c81cdfffff,-17.4026,-66.2431,Colcapirhua,798,153,122.032,1.8856,1.5039,2.8033,1.2517,0,1,272,prueba,sin_brecha,
888b2c81d1fffff,-17.3842,-66.2674,Quillacollo,2462,523,925.587,6.4454,11.4069,-13.2328,0.5655,402.587,1,256.7,prueba,revisar,
888b2c81d3fffff,-17.3776,-66.2726,Quillacollo,1957,251,651.6,3.0933,8.0303,-15.6935,0.3861,400.6,1,221.8,prueba,revisar,
888b2c81d5fffff,-17.3828,-66.2588,Quillacollo,2705,1852,1160.26,22.8239,14.299,20.3079,1.5957,0,0,796.2,prueba,sin_brecha,
888b2c81d7fffff,-17.3762,-66.2641,Quillacollo,1199,127,518.884,1.5651,6.3947,-17.2037,0.2462,391.884,0,691.8,prueba,mapear,15
888b2c81d9fffff,-17.3922,-66.2707,Quillacollo,2941,7119,1105.67,87.734,13.6261,180.844,6.4337,0,1,69.2,prueba,sin_brecha,
888b2c81dbfffff,-17.3856,-66.2759,Quillacollo,3199,588,1034.25,7.2465,12.746,-13.876,0.5689,446.247,1,121.2,prueba,revisar,
888b2c81ddfffff,-17.3908,-66.2621,Quillacollo,2015,3340,864.297,41.1619,10.6515,84.2106,3.8611,0,1,156.5,prueba,sin_brecha,
888b2c81e1fffff,-17.3852,-66.2279,Colcapirhua,2700,2864,3010.27,35.2957,37.0984,-2.666,0.9514,146.274,0,685.8,prueba,mapear,
888b2c81e3fffff,-17.3785,-66.2331,Colcapirhua,1436,358,1396.3,4.412,17.2079,-27.7865,0.2569,1038.3,1,162.4,prueba,revisar,
888b2c81e5fffff,-17.3837,-66.2193,Colcapirhua,1880,2700,2392.39,33.2746,29.4836,6.2891,1.1285,0,1,467.2,prueba,sin_brecha,
888b2c81e7fffff,-17.3771,-66.2245,Colcapirhua,1107,209,1081.06,2.5757,13.3229,-26.5229,0.1941,872.058,0,981.6,prueba,mapear,5
888b2c81e9fffff,-17.3932,-66.2312,Colcapirhua,2494,6932,2551.43,85.4294,31.4437,86.7238,2.7162,0,1,28.6,prueba,sin_brecha,
888b2c81ebfffff,-17.3866,-66.2364,Colcapirhua,2132,2330,2023.3,28.7147,24.935,6.8185,1.1515,0,1,94.2,prueba,sin_brecha,
888b2c81edfffff,-17.3918,-66.2226,Colcapirhua,2864,8688,4125.42,107.07,50.8414,71.0355,2.1057,0,1,6.5,prueba,sin_brecha,
888b2c8213fffff,-17.4674,-66.3177,Sipesipe,231,6,16.5745,0.0739,0.2043,-2.5974,0.3983,10.5745,0,623.8,entrenamiento,mapear,
888b2c8217fffff,-17.466,-66.3092,Sipesipe,18,0,1.3407,0,0.0165,-1.1579,0.4272,1.3407,0,609.6,entrenamiento,mapear,
888b2c8231fffff,-17.4631,-66.292,Sipesipe,18,0,0.8067,0,0.0099,-0.8982,0.5535,0.8067,0,2137.6,entrenamiento,mapear,
888b2c8235fffff,-17.4617,-66.2834,Quillacollo,103,0,0.7453,0,0.0092,-0.8633,0.573,0.7453,0,3038.6,entrenamiento,mapear,
888b2c8237fffff,-17.4551,-66.2887,Quillacollo,59,0,0.1549,0,0.0019,-0.3935,0.8659,0.1549,0,2424,entrenamiento,mapear,
888b2c8245fffff,-17.5071,-66.2862,Villa Santivañez,29,0,0,0,0,-0.001,1,0,0,4988,entrenamiento,mapear,
888b2c824dfffff,-17.5151,-66.2895,Villa Santivañez,15,0,3.4305,0,0.0423,-1.8522,0.2257,3.4305,0,4602.6,entrenamiento,mapear,
888b2c8263fffff,-17.491,-66.2796,Villa Santivañez,50,0,0.1453,0,0.0018,-0.3812,0.8731,0.1453,0,4773.6,entrenamiento,mapear,
888b2c8269fffff,-17.5057,-66.2776,Villa Santivañez,21,0,0.049,0,0.0006,-0.2212,0.9533,0.049,0,5839.9,entrenamiento,mapear,
888b2c826bfffff,-17.4991,-66.2829,Villa Santivañez,61,0,0,0,0,-0.001,1,0,0,5209.9,entrenamiento,mapear,
888b2c826dfffff,-17.5042,-66.2691,Villa Santivañez,27,0,0,0,0,-0.001,1,0,0,5469.1,entrenamiento,mapear,
888b2c8281fffff,-17.4395,-66.3302,Sipesipe,474,8,5.2478,0.0986,0.0647,1.2014,1.4405,0,1,165.2,entrenamiento,sin_brecha,
888b2c8283fffff,-17.4329,-66.3354,Sipesipe,470,26,4.2727,0.3204,0.0527,10.5112,5.1207,0,1,186.4,entrenamiento,sin_brecha,
888b2c8285fffff,-17.4381,-66.3216,Sipesipe,257,8,15.5279,0.0986,0.1914,-1.9104,0.5445,7.5279,0,600.7,entrenamiento,mapear,
888b2c8287fffff,-17.4315,-66.3268,Sipesipe,613,16,23.7625,0.1972,0.2928,-1.5924,0.6865,7.7625,1,34.1,entrenamiento,revisar,
888b2c8289fffff,-17.4475,-66.3335,Sipesipe,581,22,5.4564,0.2711,0.0672,7.0823,3.5623,0,0,572.2,entrenamiento,sin_brecha,
888b2c828bfffff,-17.4409,-66.3387,Sipesipe,1006,42,11.9373,0.5176,0.1471,8.7011,3.3237,0,1,155.5,entrenamiento,sin_brecha,
888b2c828dfffff,-17.4461,-66.3249,Sipesipe,224,9,6.2595,0.1109,0.0771,1.0954,1.3775,0,1,247.5,entrenamiento,sin_brecha,
888b2c8291fffff,-17.4277,-66.3492,Sipesipe,254,0,3.4285,0,0.0423,-1.8516,0.2258,3.4285,1,281.9,entrenamiento,revisar,
888b2c8293fffff,-17.4211,-66.3545,Sipesipe,499,23,9.0674,0.2835,0.1117,4.6269,2.3839,0,1,152.1,entrenamiento,sin_brecha,
888b2c8295fffff,-17.4263,-66.3407,Sipesipe,573,5,6.6564,0.0616,0.082,-0.642,0.7837,1.6564,1,20.6,entrenamiento,revisar,
888b2c8297fffff,-17.4196,-66.3459,Sipesipe,401,7,5.3676,0.0863,0.0662,0.7046,1.2564,0,1,10.2,entrenamiento,sin_brecha,
888b2c8299fffff,-17.4357,-66.3526,Sipesipe,385,0,5.0969,0,0.0628,-2.2576,0.164,5.0969,1,395.8,entrenamiento,revisar,
888b2c829bfffff,-17.4291,-66.3578,Sipesipe,294,23,5.4566,0.2835,0.0672,7.5103,3.7171,0,0,560.5,entrenamiento,sin_brecha,
888b2c829dfffff,-17.4343,-66.344,Sipesipe,562,7,6.6118,0.0863,0.0815,0.151,1.051,0,1,476.1,entrenamiento,sin_brecha,
888b2c82a1fffff,-17.4286,-66.3097,Sipesipe,37,0,3.3383,0,0.0411,-1.8271,0.2305,3.3383,0,528.8,entrenamiento,mapear,
888b2c82a3fffff,-17.422,-66.3149,Sipesipe,301,1,24.3788,0.0123,0.3004,-4.735,0.0788,23.3788,0,1127,entrenamiento,mapear,
888b2c82a5fffff,-17.4272,-66.3011,Quillacollo,21,0,1.8947,0,0.0234,-1.3765,0.3455,1.8947,0,1167.2,entrenamiento,mapear,
888b2c82a7fffff,-17.4206,-66.3064,Vinto,559,9,45.2749,0.1109,0.558,-5.3911,0.2161,36.2749,0,993.9,entrenamiento,mapear,
888b2c82a9fffff,-17.4367,-66.313,Sipesipe,198,0,16.7324,0,0.2062,-4.0905,0.0564,16.7324,1,230.2,entrenamiento,revisar,
888b2c82abfffff,-17.4301,-66.3183,Sipesipe,375,1,33.8346,0.0123,0.417,-5.6448,0.0574,32.8346,1,312.7,entrenamiento,revisar,
888b2c82adfffff,-17.4353,-66.3044,Quillacollo,15,0,1.2676,0,0.0156,-1.1259,0.441,1.2676,0,613,entrenamiento,mapear,
888b2c82b1fffff,-17.4168,-66.3288,Sipesipe,1069,65,11.3551,0.8011,0.1399,15.9196,5.3419,0,1,324.9,entrenamiento,sin_brecha,
888b2c82b3fffff,-17.4102,-66.334,Sipesipe,918,74,9.7511,0.912,0.1202,20.5749,6.976,0,1,146.5,entrenamiento,sin_brecha,
888b2c82b5fffff,-17.4154,-66.3202,Sipesipe,944,10,45.4168,0.1232,0.5597,-5.2553,0.237,35.4168,0,536.6,entrenamiento,mapear,
888b2c82b7fffff,-17.4088,-66.3254,Sipesipe,986,17,10.8937,0.2095,0.1343,1.8501,1.5134,0,1,53.4,entrenamiento,sin_brecha,
888b2c82b9fffff,-17.4248,-66.3321,Sipesipe,963,53,10.1559,0.6532,0.1252,13.4441,4.8405,0,1,41.8,entrenamiento,sin_brecha,
888b2c82bbfffff,-17.4182,-66.3373,Sipesipe,672,20,7.087,0.2465,0.0873,4.8506,2.5968,0,1,221.4,entrenamiento,sin_brecha,
888b2c82bdfffff,-17.4234,-66.3235,Sipesipe,745,2,40.4218,0.0246,0.4982,-6.0432,0.0724,38.4218,1,260.1,entrenamiento,revisar,
888b2c82c1fffff,-17.4622,-66.3316,Sipesipe,217,0,4.5958,0,0.0566,-2.1438,0.1787,4.5958,1,39.7,entrenamiento,revisar,
888b2c82c3fffff,-17.4556,-66.3368,Sipesipe,852,55,7.2771,0.6778,0.0897,17.6908,6.7657,0,1,195.6,entrenamiento,sin_brecha,
888b2c82c7fffff,-17.4542,-66.3282,Sipesipe,547,12,12.2502,0.1479,0.151,-0.0715,0.9811,0.2502,1,207.3,entrenamiento,revisar,
888b2c82c9fffff,-17.4702,-66.3349,Sipesipe,787,67,16.6676,0.8257,0.2054,12.3285,3.8489,0,1,333.3,entrenamiento,sin_brecha,
888b2c82cbfffff,-17.4636,-66.3401,Sipesipe,936,20,20.1573,0.2465,0.2484,-0.035,0.9926,0.1573,1,149.5,entrenamiento,revisar,
888b2c82cdfffff,-17.4688,-66.3263,Sipesipe,22,0,0.4944,0,0.0061,-0.7031,0.6692,0.4944,0,565.4,entrenamiento,mapear,
888b2c82d1fffff,-17.4504,-66.3506,Sipesipe,518,38,4.0787,0.4683,0.0503,16.7961,7.6791,0,1,216.6,entrenamiento,sin_brecha,
888b2c82d3fffff,-17.4438,-66.3559,Sipesipe,621,3,4.2547,0.037,0.0524,-0.6083,0.7612,1.2547,1,83.6,entrenamiento,revisar,
888b2c82d5fffff,-17.449,-66.3421,Sipesipe,745,52,5.8661,0.6408,0.0723,19.0477,7.719,0,1,162.2,entrenamiento,sin_brecha,
888b2c82d7fffff,-17.4423,-66.3473,Sipesipe,908,12,10.7924,0.1479,0.133,0.3676,1.1024,0,1,85.5,entrenamiento,sin_brecha,
888b2c82d9fffff,-17.4584,-66.354,Sipesipe,1039,52,8.8509,0.6408,0.1091,14.5036,5.3802,0,1,485.5,entrenamiento,sin_brecha,
888b2c82dbfffff,-17.4518,-66.3592,Sipesipe,981,325,9.5552,4.0053,0.1178,102.048,30.8853,0,1,19.9,entrenamiento,sin_brecha,
888b2c82ddfffff,-17.457,-66.3454,Sipesipe,643,37,4.562,0.456,0.0562,15.1872,6.8321,0,1,309.5,entrenamiento,sin_brecha,
888b2c82e1fffff,-17.4513,-66.3111,Sipesipe,172,0,4.1661,0,0.0513,-2.0411,0.1936,4.1661,1,85.8,entrenamiento,revisar,
888b2c82e3fffff,-17.4447,-66.3163,Sipesipe,37,0,1.0339,0,0.0127,-1.0168,0.4917,1.0339,0,564.6,entrenamiento,mapear,
888b2c82e5fffff,-17.4499,-66.3025,Quillacollo,88,0,2.0288,0,0.025,-1.4244,0.3302,2.0288,0,979.1,entrenamiento,mapear,
888b2c82e7fffff,-17.4433,-66.3078,Sipesipe,294,0,22.0343,0,0.2715,-4.6941,0.0434,22.0343,1,168.3,entrenamiento,revisar,
888b2c82e9fffff,-17.4594,-66.3144,Sipesipe,224,47,4.1227,0.5792,0.0508,21.1172,9.3701,0,1,56.9,entrenamiento,sin_brecha,
888b2c82ebfffff,-17.4527,-66.3197,Sipesipe,48,0,1.1626,0,0.0143,-1.0783,0.4624,1.1626,0,834.4,entrenamiento,mapear,
888b2c82edfffff,-17.4579,-66.3058,Sipesipe,77,0,1.4172,0,0.0175,-1.1905,0.4137,1.4172,0,700.2,entrenamiento,mapear,
888b2c8301fffff,-17.4759,-66.2334,Cochabamba,403,0,4.6657,0,0.0575,-2.16,0.1765,4.6657,0,714.6,entrenamiento,mapear,
888b2c8303fffff,-17.4693,-66.2387,Cochabamba,423,12,5.0272,0.1479,0.062,3.1099,2.1569,0,1,460.9,entrenamiento,sin_brecha,
888b2c8305fffff,-17.4745,-66.2248,Cochabamba,58,0,2.5161,0,0.031,-1.5862,0.2844,2.5161,0,984.6,entrenamiento,mapear,
888b2c8307fffff,-17.4678,-66.2301,Cochabamba,676,10,33.8762,0.1232,0.4175,-4.1022,0.3154,23.8762,1,198.3,entrenamiento,revisar,
888b2c8309fffff,-17.4839,-66.2367,Cochabamba,46,3,0.1712,0.037,0.0021,6.8364,3.4153,0,0,1659.3,entrenamiento,sin_brecha,
888b2c830bfffff,-17.4773,-66.242,Cochabamba,526,6,9.2824,0.0739,0.1144,-1.0773,0.6808,3.2824,0,1326.6,entrenamiento,mapear,
888b2c8311fffff,-17.4641,-66.2525,Cochabamba,72,0,1.3935,0,0.0172,-1.1805,0.4178,1.3935,0,990.7,entrenamiento,mapear,
888b2c8313fffff,-17.4575,-66.2577,Cochabamba,26,3,0.3534,0.037,0.0044,4.452,2.9555,0,0,573.3,entrenamiento,sin_brecha,
888b2c8315fffff,-17.4627,-66.2439,Cochabamba,45,0,0.5348,0,0.0066,-0.7313,0.6515,0.5348,0,945.6,entrenamiento,mapear,
888b2c8317fffff,-17.456,-66.2492,Cochabamba,293,7,3.4822,0.0863,0.0429,1.8852,1.7848,0,1,64.4,entrenamiento,sin_brecha,
888b2c831dfffff,-17.4707,-66.2472,Cochabamba,429,3,8.3032,0.037,0.1023,-1.8404,0.43,5.3032,0,1369.4,entrenamiento,mapear,
888b2c8321fffff,-17.465,-66.213,Cochabamba,1813,78,96.554,0.9613,1.1899,-1.8882,0.8098,18.554,1,113.4,entrenamiento,revisar,
888b2c8323fffff,-17.4584,-66.2182,Cochabamba,1333,20,71.1929,0.2465,0.8774,-6.0672,0.2909,51.1929,1,117.6,entrenamiento,revisar,
888b2c8325fffff,-17.4636,-66.2044,Cochabamba,2471,316,150.057,3.8944,1.8493,13.5466,2.0985,0,1,265.9,entrenamiento,sin_brecha,
888b2c8327fffff,-17.457,-66.2096,Cochabamba,1131,55,65.6919,0.6778,0.8096,-1.3192,0.8397,10.6919,1,182.1,entrenamiento,revisar,
888b2c8329fffff,-17.473,-66.2163,Cochabamba,877,24,38.73,0.2958,0.4773,-2.3669,0.6292,14.73,1,291,entrenamiento,revisar,
888b2c832bfffff,-17.4664,-66.2215,Cochabamba,488,16,25.9892,0.1972,0.3203,-1.9594,0.6299,9.9892,1,366.6,entrenamiento,revisar,
888b2c832dfffff,-17.4716,-66.2077,Cochabamba,3712,407,163.929,5.0158,2.0202,18.9848,2.4738,0,1,8.5,entrenamiento,sin_brecha,
888b2c8331fffff,-17.4532,-66.232,Cochabamba,728,10,9.119,0.1232,0.1124,0.2917,1.0871,0,0,713.2,entrenamiento,sin_brecha,
888b2c8333fffff,-17.4466,-66.2373,Cochabamba,553,9,6.9269,0.1109,0.0854,0.7877,1.2615,0,1,204.8,entrenamiento,sin_brecha,
888b2c8335fffff,-17.4518,-66.2234,Cochabamba,104,3,8.5862,0.037,0.1058,-1.9064,0.4173,5.5862,0,676.5,entrenamiento,mapear,
888b2c8337fffff,-17.4452,-66.2287,Cochabamba,1177,67,15.3106,0.8257,0.1887,13.2101,4.1691,0,1,145.8,entrenamiento,sin_brecha,
888b2c8339fffff,-17.4612,-66.2353,Cochabamba,175,2,2.1921,0.0246,0.027,-0.1297,0.9398,0.1921,1,427.9,entrenamiento,revisar,
888b2c833bfffff,-17.4546,-66.2406,Cochabamba,527,13,6.6013,0.1602,0.0814,2.4905,1.8418,0,1,360.1,entrenamiento,sin_brecha,
888b2c833dfffff,-17.4598,-66.2268,Cochabamba,506,30,51.8874,0.3697,0.6395,-3.0385,0.5862,21.8874,1,83.7,entrenamiento,revisar,
888b2c8343fffff,-17.4919,-66.24,Cochabamba,33,0,0.5893,0,0.0073,-0.7676,0.6292,0.5893,0,2612.9,entrenamiento,mapear,
888b2c8345fffff,-17.4971,-66.2262,Cochabamba,71,0,1.6706,0,0.0206,-1.2925,0.3744,1.6706,0,2976.6,entrenamiento,mapear,
888b2c834bfffff,-17.5,-66.2434,Cochabamba,26,0,0.391,0,0.0048,-0.6253,0.7189,0.391,0,3568.3,entrenamiento,mapear,
888b2c834dfffff,-17.5052,-66.2295,Cochabamba,23,0,0.5412,0,0.0067,-0.7356,0.6489,0.5412,0,3924.8,entrenamiento,mapear,
888b2c8351fffff,-17.4868,-66.2539,Cochabamba,169,0,0,0,0,-0.001,1,0,0,2954.8,entrenamiento,mapear,
888b2c8353fffff,-17.4801,-66.2591,Cochabamba,73,0,0.7657,0,0.0094,-0.8751,0.5663,0.7657,0,2895.2,entrenamiento,mapear,
888b2c8355fffff,-17.4853,-66.2453,Cochabamba,26,0,0,0,0,-0.001,1,0,0,2219.2,entrenamiento,mapear,
888b2c8357fffff,-17.4787,-66.2505,Cochabamba,420,2,6.5116,0.0246,0.0802,-1.768,0.3994,4.5116,0,2094.5,entrenamiento,mapear,
888b2c8367fffff,-17.4796,-66.211,Cochabamba,403,3,4.3704,0.037,0.0539,-0.6555,0.7448,1.3704,0,579.1,entrenamiento,mapear,
888b2c8369fffff,-17.4957,-66.2177,Cochabamba,45,0,0.7692,0,0.0095,-0.8771,0.5652,0.7692,0,2478.7,entrenamiento,mapear,
888b2c8505fffff,-17.3355,-66.3351,Vinto,135,8,1.3374,0.0986,0.0165,5.7612,3.8504,0,0,1134,entrenamiento,sin_brecha,
888b2c850dfffff,-17.3435,-66.3384,Vinto,126,2,0.6892,0.0246,0.0085,1.579,1.776,0,0,778.8,entrenamiento,sin_brecha,
888b2c8521fffff,-17.326,-66.3232,Vinto,112,0,0.1609,0,0.002,-0.4011,0.8614,0.1609,0,2273.1,entrenamiento,mapear,
888b2c8525fffff,-17.3246,-66.3146,Vinto,140,0,1.244,0,0.0153,-1.1153,0.4456,1.244,0,1911.7,entrenamiento,mapear,
888b2c8529fffff,-17.3341,-66.3265,Vinto,126,0,1.2482,0,0.0154,-1.1172,0.4448,1.2482,0,1315.5,entrenamiento,mapear,
888b2c852dfffff,-17.3327,-66.3179,Vinto,233,3,2.3082,0.037,0.0284,0.4553,1.2091,0,0,1883.2,entrenamiento,sin_brecha,
888b2c8541fffff,-17.3596,-66.345,Vinto,804,6,5.8881,0.0739,0.0726,0.0461,1.0162,0,1,339.9,entrenamiento,sin_brecha,
888b2c8543fffff,-17.353,-66.3503,Vinto,43,17,0.2042,0.2095,0.0025,37.1654,14.9473,0,0,938.3,entrenamiento,sin_brecha,
888b2c8545fffff,-17.3582,-66.3365,Vinto,693,0,13.5882,0,0.1675,-3.6862,0.0685,13.5882,0,503.8,entrenamiento,mapear,
888b2c8547fffff,-17.3516,-66.3417,Vinto,359,0,2.6292,0,0.0324,-1.6215,0.2755,2.6292,0,600.2,entrenamiento,mapear,
888b2c8549fffff,-17.3676,-66.3484,Vinto,562,6,4.8524,0.0739,0.0598,0.521,1.1961,0,0,701.2,entrenamiento,sin_brecha,
888b2c854bfffff,-17.361,-66.3536,Vinto,96,0,0.456,0,0.0056,-0.6752,0.6868,0.456,0,818.3,entrenamiento,mapear,
888b2c854dfffff,-17.3662,-66.3398,Vinto,1013,20,21.4912,0.2465,0.2649,-0.3217,0.9337,1.4912,1,56.8,entrenamiento,revisar,
888b2c855dfffff,-17.3544,-66.3589,Vinto,97,1,0.21,0.0123,0.0026,1.7242,1.653,0,0,1037.3,entrenamiento,sin_brecha,
888b2c8561fffff,-17.3487,-66.3246,Vinto,620,39,2.3819,0.4806,0.0294,23.7267,11.8278,0,1,393.2,entrenamiento,sin_brecha,
888b2c8563fffff,-17.3421,-66.3298,Vinto,213,54,0.8334,0.6655,0.0103,58.2378,29.9985,0,1,358.3,entrenamiento,sin_brecha,
888b2c8565fffff,-17.3473,-66.316,Vinto,514,8,1.9746,0.0986,0.0243,4.2878,3.0256,0,0,1254.5,entrenamiento,sin_brecha,
888b2c8567fffff,-17.3407,-66.3213,Vinto,392,3,1.5338,0.037,0.0189,1.1839,1.5786,0,0,1155.1,entrenamiento,sin_brecha,
888b2c8569fffff,-17.3568,-66.3279,Vinto,795,16,18.3973,0.1972,0.2267,-0.5589,0.8764,2.3973,1,368.6,entrenamiento,revisar,
888b2c856bfffff,-17.3501,-66.3332,Vinto,731,10,5.5045,0.1232,0.0678,1.9161,1.6911,0,1,466.7,entrenamiento,sin_brecha,
888b2c856dfffff,-17.3554,-66.3193,Vinto,92,1,0.3633,0.0123,0.0045,1.0563,1.467,0,1,497,entrenamiento,sin_brecha,
888b2c8701fffff,-17.3932,-66.3669,Vinto,421,0,10.2924,0,0.1268,-3.2082,0.0886,10.2924,0,2004.6,entrenamiento,mapear,
888b2c8703fffff,-17.3865,-66.3722,Vinto,310,0,6.1732,0,0.0761,-2.4846,0.1394,6.1732,0,2460.6,entrenamiento,mapear,
888b2c8705fffff,-17.3917,-66.3583,Vinto,504,0,15.8356,0,0.1952,-3.9794,0.0594,15.8356,0,1516.5,entrenamiento,mapear,
888b2c8707fffff,-17.3851,-66.3636,Vinto,417,1,7.9732,0.0123,0.0983,-2.4695,0.2229,6.9732,0,1541.8,entrenamiento,mapear,
888b2c8709fffff,-17.4012,-66.3703,Vinto,669,0,24.4298,0,0.3011,-4.9426,0.0393,24.4298,0,1207.3,entrenamiento,mapear,
888b2c870bfffff,-17.3946,-66.3755,Vinto,38,0,0.9566,0,0.0118,-0.978,0.5111,0.9566,0,1995.1,entrenamiento,mapear,
888b2c870dfffff,-17.3998,-66.3617,Vinto,548,0,18.4484,0,0.2274,-4.2952,0.0514,18.4484,0,1172.7,entrenamiento,mapear,
888b2c8715fffff,-17.3799,-66.3774,Vinto,78,0,0.7232,0,0.0089,-0.8504,0.5803,0.7232,0,2077.7,entrenamiento,mapear,
888b2c871dfffff,-17.3879,-66.3808,Vinto,68,0,1.3635,0,0.0168,-1.1677,0.4231,1.3635,0,2777.4,entrenamiento,mapear,
888b2c8721fffff,-17.3823,-66.3464,Vinto,804,11,8.1212,0.1356,0.1001,1.0102,1.3156,0,1,90.7,entrenamiento,sin_brecha,
888b2c8723fffff,-17.3757,-66.3517,Vinto,213,1,2.7539,0.0123,0.0339,-1.0569,0.5328,1.7539,1,155.6,entrenamiento,revisar,
888b2c8725fffff,-17.3809,-66.3379,Vinto,703,37,8.5148,0.456,0.1049,9.7619,3.9938,0,1,418.1,entrenamiento,sin_brecha,
888b2c8727fffff,-17.3743,-66.3431,Vinto,620,7,6.2626,0.0863,0.0772,0.2947,1.1015,0,0,660.3,entrenamiento,sin_brecha,
888b2c8729fffff,-17.3903,-66.3498,Vinto,547,0,21.9414,0,0.2704,-4.6842,0.0436,21.9414,0,724.8,entrenamiento,mapear,
888b2c872bfffff,-17.3837,-66.355,Vinto,238,1,3.0772,0.0123,0.0379,-1.1841,0.4905,2.0772,0,642.2,entrenamiento,mapear,
888b2c872dfffff,-17.3889,-66.3412,Vinto,959,12,32.2515,0.1479,0.3975,-3.566,0.391,20.2515,1,136,entrenamiento,revisar,
888b2c8731fffff,-17.3705,-66.3655,Vinto,703,0,6.5179,0,0.0803,-2.553,0.133,6.5179,0,707.3,entrenamiento,mapear,
888b2c8733fffff,-17.3638,-66.3708,Vinto,14,0,0.2622,0,0.0032,-0.512,0.7923,0.2622,1,353,entrenamiento,revisar,
888b2c8735fffff,-17.369,-66.3569,Vinto,441,3,8.4321,0.037,0.1039,-1.8707,0.4241,5.4321,1,25.7,entrenamiento,revisar,
888b2c8737fffff,-17.3624,-66.3622,Vinto,228,0,4.2697,0,0.0526,-2.0663,0.1898,4.2697,1,125.1,entrenamiento,revisar,
888b2c8739fffff,-17.3785,-66.3689,Vinto,203,92,1.8821,1.1338,0.0232,65.6882,32.2679,0,0,1622.2,entrenamiento,sin_brecha,
888b2c873dfffff,-17.3771,-66.3603,Vinto,97,0,1.8547,0,0.0229,-1.3619,0.3503,1.8547,0,938.7,entrenamiento,mapear,
888b2c8741fffff,-17.4159,-66.3683,Sipesipe,519,1,17.974,0.0123,0.2215,-4.0037,0.1054,16.974,1,423.9,entrenamiento,revisar,
888b2c8743fffff,-17.4092,-66.3736,Vinto,780,7,21.3025,0.0863,0.2625,-3.0988,0.3587,14.3025,1,408.8,entrenamiento,revisar,
888b2c8745fffff,-17.4144,-66.3597,Sipesipe,610,4,18.6285,0.0493,0.2296,-3.3893,0.2547,14.6285,1,70.8,entrenamiento,revisar,
888b2c8747fffff,-17.4078,-66.365,Vinto,854,11,24.2245,0.1356,0.2985,-2.6869,0.4757,13.2245,1,374.1,entrenamiento,revisar,
888b2c8749fffff,-17.4239,-66.3716,Sipesipe,70,0,0.2137,0,0.0026,-0.4623,0.8239,0.2137,0,554.4,entrenamiento,mapear,
888b2c874bfffff,-17.4173,-66.3769,Sipesipe,544,0,6.5129,0,0.0803,-2.552,0.1331,6.5129,1,475.9,entrenamiento,revisar,
888b2c874dfffff,-17.4225,-66.3631,Sipesipe,429,22,17.9686,0.2711,0.2214,0.951,1.2125,0,1,300.2,entrenamiento,sin_brecha,
888b2c8751fffff,-17.404,-66.3874,Vinto,10,0,0.156,0,0.0019,-0.3949,0.8651,0.156,0,1376.7,entrenamiento,mapear,
888b2c8755fffff,-17.4026,-66.3788,Vinto,344,1,5.3651,0.0123,0.0661,-1.8845,0.3142,4.3651,0,1148.6,entrenamiento,mapear,
888b2c8757fffff,-17.396,-66.3841,Vinto,19,0,0.2963,0,0.0037,-0.5444,0.7714,0.2963,0,2035.1,entrenamiento,mapear,
888b2c8759fffff,-17.4121,-66.3907,Sipesipe,135,1,2.1055,0.0123,0.0259,-0.7619,0.644,1.1055,0,542,entrenamiento,mapear,
888b2c875dfffff,-17.4106,-66.3822,Vinto,743,4,11.5881,0.0493,0.1428,-2.2291,0.3972,7.5881,0,701.9,entrenamiento,mapear,
888b2c8761fffff,-17.405,-66.3478,Vinto,563,4,28.0369,0.0493,0.3455,-4.5396,0.1722,24.0369,1,307.2,entrenamiento,revisar,
888b2c8763fffff,-17.3984,-66.3531,Vinto,310,6,15.4378,0.0739,0.1903,-2.402,0.4258,9.4378,0,1143,entrenamiento,mapear,
888b2c8765fffff,-17.4036,-66.3393,Vinto,567,6,25.6453,0.0739,0.3161,-3.8793,0.2627,19.6453,1,36.4,entrenamiento,revisar,
888b2c8767fffff,-17.3969,-66.3445,Vinto,640,7,29.0077,0.0863,0.3575,-4.0862,0.2666,22.0077,0,647.6,entrenamiento,mapear,
888b2c8769fffff,-17.413,-66.3512,Sipesipe,667,5,28.0764,0.0616,0.346,-4.3551,0.2064,23.0764,1,237.6,entrenamiento,revisar,
888b2c876bfffff,-17.4064,-66.3564,Vinto,639,4,24.8249,0.0493,0.3059,-4.1796,0.1936,20.8249,1,338.9,entrenamiento,revisar,
888b2c876dfffff,-17.4116,-66.3426,Sipesipe,858,13,43.5249,0.1602,0.5364,-4.6268,0.3144,30.5249,1,119.2,entrenamiento,revisar,
888b2c8807fffff,-17.3455,-66.1238,Sacaba,11,1,7.0238,0.0123,0.0866,-2.2729,0.2493,6.0238,0,2077.7,entrenamiento,mapear,
888b2c8809fffff,-17.3615,-66.1304,Cochabamba,1344,624,9407.14,7.6901,115.933,-90.5568,0.0664,8783.14,1,300.7,entrenamiento,revisar,
888b2c880bfffff,-17.3549,-66.1356,Cochabamba,734,27,3413.93,0.3327,42.0731,-57.9668,0.0082,3386.93,0,973.1,entrenamiento,mapear,3
888b2c880dfffff,-17.3601,-66.1218,Sacaba,477,69,3328.71,0.8504,41.0228,-56.4991,0.021,3259.71,1,472.6,entrenamiento,revisar,
888b2c8817fffff,-17.3336,-66.1428,Cochabamba,58,1,22.5063,0.0123,0.2774,-4.5333,0.0851,21.5063,0,2062.2,entrenamiento,mapear,
888b2c8819fffff,-17.3497,-66.1494,Cochabamba,943,130,745.798,1.6021,9.1912,-22.549,0.1754,615.798,0,611,entrenamiento,mapear,7
888b2c881bfffff,-17.3431,-66.1547,Cochabamba,2945,230,1309.28,2.8345,16.1355,-29.8276,0.1763,1079.28,0,666.6,entrenamiento,mapear,4
888b2c881dfffff,-17.3483,-66.1409,Cochabamba,624,26,492.79,0.3204,6.0731,-21.0276,0.0547,466.79,0,1382,entrenamiento,mapear,9
888b2c8823fffff,-17.336,-66.1119,Sacaba,52,0,2.3636,0,0.0291,-1.5374,0.2973,2.3636,0,3314.8,entrenamiento,mapear,
888b2c8835fffff,-17.3294,-66.1171,Cochabamba,31,2,1.1589,0.0246,0.0143,0.7813,1.3896,0,0,3905.9,entrenamiento,sin_brecha,
888b2c8841fffff,-17.3762,-66.1285,Sacaba,2425,7610,16918.4,93.785,208.501,-71.5642,0.4498,9308.42,1,51.2,entrenamiento,revisar,
888b2c8843fffff,-17.3695,-66.1337,Cochabamba,3529,9693,26024.3,119.456,320.721,-101.235,0.3725,16331.3,1,144,entrenamiento,revisar,
888b2c8845fffff,-17.3747,-66.1199,Sacaba,3548,6787,56453.5,83.6425,695.728,-209.035,0.1202,49666.5,1,137.7,entrenamiento,revisar,
888b2c8847fffff,-17.3681,-66.1251,Sacaba,3423,3148,25201.1,38.7957,310.576,-138.918,0.125,22053.1,1,46.1,entrenamiento,revisar,
888b2c8849fffff,-17.3842,-66.1318,Cochabamba,131,427,913.943,5.2623,11.2634,-16.1072,0.4678,486.943,1,429.1,entrenamiento,revisar,
888b2c884bfffff,-17.3776,-66.137,Cochabamba,2367,7359,16513.8,90.6917,203.514,-71.2401,0.4457,9154.77,1,165.6,entrenamiento,revisar,
888b2c884dfffff,-17.3828,-66.1232,Sacaba,1507,3395,8974.02,41.8397,110.595,-58.8931,0.3784,5579.02,1,327.8,entrenamiento,revisar,
888b2c8851fffff,-17.3644,-66.1475,Cochabamba,3972,8771,27801.5,108.093,342.623,-114.134,0.3155,19030.5,1,82.9,entrenamiento,revisar,
888b2c8853fffff,-17.3577,-66.1527,Cochabamba,3992,4173,19041,51.4277,234.66,-107.748,0.2192,14868,1,133,entrenamiento,revisar,
888b2c8855fffff,-17.3629,-66.1389,Cochabamba,2002,1523,14012.7,18.7693,172.692,-105.51,0.1088,12489.7,1,60.2,entrenamiento,revisar,
888b2c8857fffff,-17.3563,-66.1442,Cochabamba,1352,377,6293.47,4.6461,77.5602,-74.5792,0.0601,5916.47,0,514.8,entrenamiento,mapear,1
888b2c8859fffff,-17.3724,-66.1508,Cochabamba,4350,49864,37262.7,614.52,459.223,65.2795,1.3382,0,1,64.8,entrenamiento,sin_brecha,
888b2c885bfffff,-17.3658,-66.1561,Cochabamba,4557,13237,40083.7,163.132,493.988,-134.093,0.3303,26846.7,1,65.6,entrenamiento,revisar,
888b2c885dfffff,-17.371,-66.1423,Cochabamba,4278,44930,31547.7,553.714,388.792,75.3435,1.4242,0,1,3.7,entrenamiento,sin_brecha,
888b2c8861fffff,-17.3653,-66.108,Sacaba,932,179,119.062,2.206,1.4673,5.4931,1.4992,0,0,527.1,entrenamiento,sin_brecha,
888b2c8865fffff,-17.3639,-66.0995,Sacaba,653,8,84.0773,0.0986,1.0362,-8.2969,0.1058,76.0773,1,409.2,entrenamiento,revisar,
888b2c8867fffff,-17.3573,-66.1047,Sacaba,15,6,0.7441,0.0739,0.0092,6.0929,4.0135,0,0,1003,entrenamiento,sin_brecha,
888b2c8869fffff,-17.3733,-66.1113,Sacaba,1782,2396,239.134,29.5281,2.9471,139.477,9.9819,0,1,28.6,entrenamiento,sin_brecha,
888b2c886bfffff,-17.3667,-66.1166,Sacaba,2983,2002,53661.4,24.6725,661.319,-223.007,0.0373,51659.4,1,26.5,entrenamiento,revisar,
888b2c886dfffff,-17.3719,-66.1028,Sacaba,2263,1407,303.682,17.3398,3.7425,63.3128,4.6212,0,1,196.5,entrenamiento,sin_brecha,
888b2c8881fffff,-17.3072,-66.1638,Cochabamba,46,0,13.4617,0,0.1659,-3.669,0.0691,13.4617,0,3279.5,entrenamiento,mapear,
888b2c8889fffff,-17.3152,-66.1671,Cochabamba,19,1,8.8675,0.0123,0.1093,-2.642,0.2027,7.8675,0,2418.9,entrenamiento,mapear,
888b2c889dfffff,-17.302,-66.1776,Cochabamba,16,0,4.7052,0,0.058,-2.1692,0.1753,4.7052,0,3055.3,entrenamiento,mapear,
888b2c88c5fffff,-17.3285,-66.1566,Cochabamba,26,0,4.7482,0,0.0585,-2.179,0.174,4.7482,0,1263.2,entrenamiento,mapear,
888b2c88c9fffff,-17.3379,-66.1685,Cochabamba,2002,322,1410.62,3.9683,17.3844,-28.9849,0.2288,1088.62,1,377.2,entrenamiento,revisar,
888b2c88cbfffff,-17.3313,-66.1737,Cochabamba,312,35,160.725,0.4313,1.9808,-9.917,0.2226,125.725,0,686.5,entrenamiento,mapear,
888b2c88cdfffff,-17.3365,-66.1599,Cochabamba,786,91,495.096,1.1215,6.1015,-18.161,0.1854,404.096,1,309.4,entrenamiento,revisar,
888b2c88d7fffff,-17.31,-66.1809,Cochabamba,13,0,3.823,0,0.0471,-1.9552,0.2073,3.823,0,2107.3,entrenamiento,mapear,
888b2c88d9fffff,-17.3261,-66.1875,Cochabamba,1132,65,332.894,0.8011,4.1026,-14.6829,0.1977,267.894,1,385.2,entrenamiento,revisar,
888b2c88dbfffff,-17.3195,-66.1928,Tiquipaya,52,0,22.6901,0,0.2796,-4.7634,0.0422,22.6901,0,1304.9,entrenamiento,mapear,
888b2c88ddfffff,-17.3247,-66.179,Cochabamba,78,1,20.5897,0.0123,0.2537,-4.3172,0.0926,19.5897,0,781.3,entrenamiento,mapear,
888b2c88e7fffff,-17.311,-66.1414,Cochabamba,19,0,1.4591,0,0.018,-1.2079,0.4066,1.4591,0,3752,entrenamiento,mapear,
888b2c8901fffff,-17.3435,-66.0672,Sacaba,228,0,92.3282,0,1.1378,-9.6088,0.0107,92.3282,0,3165,entrenamiento,mapear,
888b2c8903fffff,-17.3369,-66.0725,Sacaba,26,1,0.611,0.0123,0.0075,0.4977,1.2415,0,0,3860.5,entrenamiento,sin_brecha,
888b2c8905fffff,-17.3421,-66.0587,Sacaba,357,0,7.8404,0,0.0966,-2.8001,0.1131,7.8404,0,3568.4,entrenamiento,mapear,
888b2c890bfffff,-17.345,-66.0758,Sacaba,31,0,12.5534,0,0.1547,-3.5431,0.0738,12.5534,0,3000.6,entrenamiento,mapear,
888b2c890dfffff,-17.3501,-66.062,Sacaba,104,0,42.9355,0,0.5291,-6.5525,0.0228,42.9355,0,2612.3,entrenamiento,mapear,
888b2c8911fffff,-17.3317,-66.0863,Sacaba,31,0,0.7779,0,0.0096,-0.882,0.5625,0.7779,0,4192.1,entrenamiento,mapear,
888b2c8919fffff,-17.3398,-66.0896,Sacaba,11,0,0.2585,0,0.0032,-0.5084,0.7946,0.2585,0,3236.8,entrenamiento,mapear,
888b2c891dfffff,-17.3383,-66.081,Sacaba,21,1,0.4935,0.0123,0.0061,0.7211,1.3392,0,0,3822.7,entrenamiento,sin_brecha,
888b2c8941fffff,-17.3662,-66.0686,Sacaba,40,1,28.3153,0.0123,0.349,-5.1333,0.0682,27.3153,0,703.4,entrenamiento,mapear,
888b2c8949fffff,-17.3742,-66.0719,Sacaba,1487,224,1052.62,2.7606,12.9724,-25.54,0.2135,828.622,1,21.8,entrenamiento,revisar,
888b2c894bfffff,-17.3676,-66.0771,Sacaba,243,14,172.016,0.1725,2.1199,-12.048,0.0867,158.016,0,733.1,entrenamiento,mapear,18
888b2c894dfffff,-17.3728,-66.0633,Sacaba,476,4,336.144,0.0493,4.1426,-18.116,0.0148,332.144,0,593.7,entrenamiento,mapear,13
888b2c8961fffff,-17.3553,-66.0482,Sacaba,26,0,10.7339,0,0.1323,-3.2763,0.0852,10.7339,0,2611.2,entrenamiento,mapear,
888b2c8963fffff,-17.3487,-66.0534,Sacaba,233,0,5.1171,0,0.0631,-2.2621,0.1635,5.1171,0,3211.2,entrenamiento,mapear,
888b2c8967fffff,-17.3473,-66.0449,Sacaba,78,0,1.713,0,0.0211,-1.3088,0.3686,1.713,0,3567,entrenamiento,mapear,
888b2c896bfffff,-17.3568,-66.0567,Sacaba,35,7,14.4495,0.0863,0.1781,-1.9597,0.5178,7.4495,0,2304.2,entrenamiento,mapear,
888b2c89c9fffff,-17.328,-66.1086,Sacaba,46,4,1.0147,0.0493,0.0125,2.9636,2.4818,0,0,4268.3,entrenamiento,sin_brecha,
888b2c8a01fffff,-17.4097,-66.1503,Cochabamba,4804,28521,14499.8,351.491,178.695,116.44,1.9669,0,1,2.8,entrenamiento,sin_brecha,
888b2c8a03fffff,-17.4031,-66.1555,Cochabamba,3914,80049,23673.4,986.518,291.75,366.404,3.3813,0,1,6.8,entrenamiento,sin_brecha,
888b2c8a05fffff,-17.4083,-66.1417,Cochabamba,1157,3562,3077.27,43.8978,37.9241,8.738,1.1575,0,1,151,entrenamiento,sin_brecha,
888b2c8a07fffff,-17.4017,-66.1469,Cochabamba,3082,26047,26404.2,321.001,325.404,-2.1984,0.9865,357.22,1,7.5,entrenamiento,revisar,
888b2c8a09fffff,-17.4177,-66.1536,Cochabamba,4863,10573,1607.21,130.301,19.8072,223.641,6.575,0,1,96.4,entrenamiento,sin_brecha,
888b2c8a0bfffff,-17.4111,-66.1588,Cochabamba,3595,23242,3246.9,286.433,40.0145,350.905,7.1563,0,1,77.9,entrenamiento,sin_brecha,
888b2c8a0dfffff,-17.4163,-66.145,Cochabamba,4843,6763,2472.96,83.3467,30.4766,86.2686,2.7341,0,1,42.4,entrenamiento,sin_brecha,
888b2c8a11fffff,-17.3979,-66.1693,Cochabamba,4031,19547,21080.9,240.896,259.799,-10.5644,0.9272,1533.88,1,25.5,entrenamiento,revisar,
888b2c8a13fffff,-17.3913,-66.1746,Cochabamba,4401,17320,24875.1,213.45,306.559,-47.9025,0.6963,7555.11,1,9,entrenamiento,revisar,
888b2c8a15fffff,-17.3965,-66.1607,Cochabamba,4746,90676,31702.7,1117.48,390.702,331.213,2.8601,0,1,37.8,entrenamiento,sin_brecha,
888b2c8a17fffff,-17.3899,-66.166,Cochabamba,3953,25690,32263.6,316.602,397.614,-36.5972,0.7963,6573.61,1,69.9,entrenamiento,revisar,
888b2c8a19fffff,-17.4059,-66.1726,Cochabamba,4290,11111,9731.97,136.931,119.936,13.9789,1.1417,0,1,43.5,entrenamiento,sin_brecha,
888b2c8a1bfffff,-17.3993,-66.1779,Cochabamba,4499,9041,11721.9,111.421,144.46,-24.7616,0.7713,2680.88,1,121.9,entrenamiento,revisar,
888b2c8a1dfffff,-17.4045,-66.1641,Cochabamba,3316,7667,16100.4,94.4875,198.42,-66.4635,0.4762,8433.37,1,65.3,entrenamiento,revisar,
888b2c8a21fffff,-17.3988,-66.1298,Cochabamba,370,71,1975.57,0.875,24.3467,-42.85,0.0364,1904.57,1,453.9,entrenamiento,revisar,
888b2c8a23fffff,-17.3922,-66.1351,Cochabamba,1327,3305,9216.88,40.7306,113.588,-61.5791,0.3587,5911.88,1,132.9,entrenamiento,revisar,
888b2c8a25fffff,-17.3974,-66.1213,Sacaba,167,44,60.3651,0.5423,0.7439,-2.1063,0.7333,16.3651,0,643.9,entrenamiento,mapear,
888b2c8a27fffff,-17.3908,-66.1265,Cochabamba,37,5,413.32,0.0616,5.0937,-20.0843,0.0145,408.32,0,872.1,entrenamiento,mapear,11
888b2c8a29fffff,-17.4069,-66.1331,Cochabamba,182,290,66.2663,3.5739,0.8167,27.4843,4.3261,0,1,433.7,entrenamiento,sin_brecha,
888b2c8a2bfffff,-17.4003,-66.1384,Cochabamba,1463,6463,16869.2,79.6495,207.895,-80.1207,0.3832,10406.2,1,58.6,entrenamiento,revisar,
888b2c8a2dfffff,-17.4054,-66.1246,Cochabamba,332,458,120.007,5.6444,1.479,30.8535,3.7932,0,1,382.1,entrenamiento,sin_brecha,
888b2c8a31fffff,-17.387,-66.1489,Cochabamba,4160,77452,39192.7,954.512,483.007,193.257,1.9762,0,1,52.7,entrenamiento,sin_brecha,
888b2c8a33fffff,-17.3804,-66.1541,Cochabamba,3719,59673,35037.9,735.405,431.804,131.609,1.7031,0,1,74.7,entrenamiento,sin_brecha,
888b2c8a35fffff,-17.3856,-66.1403,Cochabamba,1339,8514,10584.4,104.926,130.441,-20.1244,0.8044,2070.41,1,77,entrenamiento,revisar,
888b2c8a37fffff,-17.379,-66.1456,Cochabamba,4031,36486,31863.9,449.651,392.688,25.8934,1.1451,0,1,79,entrenamiento,sin_brecha,
888b2c8a39fffff,-17.3951,-66.1522,Cochabamba,4538,152494,45943.7,1879.32,566.207,497.098,3.3191,0,1,58.2,entrenamiento,sin_brecha,
888b2c8a3bfffff,-17.3885,-66.1574,Cochabamba,4239,112578,42916.6,1387.4,528.9,336.264,2.6231,0,1,58,entrenamiento,sin_brecha,
888b2c8a3dfffff,-17.3936,-66.1436,Cochabamba,3491,46310,32889.8,570.721,405.332,73.9994,1.408,0,1,160.8,entrenamiento,sin_brecha,
888b2c8a41fffff,-17.4324,-66.1516,Cochabamba,4759,4982,2527.23,61.3978,31.1454,48.8302,1.9709,0,1,39.7,entrenamiento,sin_brecha,
888b2c8a43fffff,-17.4258,-66.1569,Cochabamba,4830,8039,2243.89,99.072,27.6536,122.338,3.5815,0,1,9.4,entrenamiento,sin_brecha,
888b2c8a45fffff,-17.431,-66.1431,Cochabamba,3576,552,2209.98,6.8028,27.2356,-35.2683,0.2501,1657.98,1,69,entrenamiento,revisar,
888b2c8a47fffff,-17.4243,-66.1483,Cochabamba,4706,1897,2545.41,23.3785,31.3695,-12.8521,0.7454,648.414,1,13.3,entrenamiento,revisar,
888b2c8a49fffff,-17.4404,-66.1549,Cochabamba,4525,2327,2296.21,28.6778,28.2983,0.6426,1.0134,0,1,73.8,entrenamiento,sin_brecha,
888b2c8a4bfffff,-17.4338,-66.1602,Cochabamba,4512,4096,1837.86,50.4788,22.6496,52.6739,2.228,0,1,29.4,entrenamiento,sin_brecha,
888b2c8a4dfffff,-17.439,-66.1464,Cochabamba,4271,2939,2835.91,36.22,34.9495,1.9359,1.0363,0,1,16.5,entrenamiento,sin_brecha,
888b2c8a51fffff,-17.4206,-66.1707,Cochabamba,2581,2073,1557.84,25.5475,19.1987,13.0522,1.3305,0,1,46.4,entrenamiento,sin_brecha,
888b2c8a53fffff,-17.414,-66.1759,Cochabamba,1365,2229,1164.35,27.47,14.3494,31.2007,1.9136,0,1,148.4,entrenamiento,sin_brecha,
888b2c8a55fffff,-17.4192,-66.1621,Cochabamba,4772,5141,2629.14,63.3573,32.4014,48.9877,1.955,0,1,83.8,entrenamiento,sin_brecha,
888b2c8a57fffff,-17.4126,-66.1674,Cochabamba,3920,9943,6212.26,122.537,76.5593,47.3338,1.6004,0,1,230.7,entrenamiento,sin_brecha,
888b2c8a59fffff,-17.4286,-66.174,Cochabamba,1203,322,143.767,3.9683,1.7718,14.8648,2.2312,0,1,51.3,entrenamiento,sin_brecha,
888b2c8a5bfffff,-17.422,-66.1792,Cochabamba,592,640,60.6106,7.8873,0.747,74.4211,10.4041,0,0,533,entrenamiento,sin_brecha,
888b2c8a5dfffff,-17.4272,-66.1654,Cochabamba,2802,1874,915.767,23.095,11.2858,31.6649,2.0452,0,1,5.4,entrenamiento,sin_brecha,
888b2c8a61fffff,-17.4215,-66.1312,Cochabamba,3010,9514,1115.37,117.25,13.7457,251.478,8.5232,0,1,11.9,entrenamiento,sin_brecha,
888b2c8a63fffff,-17.4149,-66.1365,Cochabamba,507,825,187.871,10.1672,2.3153,46.4834,4.3734,0,1,297.7,entrenamiento,sin_brecha,
888b2c8a65fffff,-17.4201,-66.1227,Cochabamba,2893,2495,1219.35,30.7482,15.0272,36.5315,2.0453,0,1,9,entrenamiento,sin_brecha,
888b2c8a67fffff,-17.4135,-66.1279,Cochabamba,644,1239,234.481,15.2693,2.8897,65.6001,5.2658,0,1,172.4,entrenamiento,sin_brecha,
888b2c8a69fffff,-17.4295,-66.1345,Cochabamba,4505,1443,2400.85,17.7834,29.5878,-19.5485,0.6012,957.846,1,84.9,entrenamiento,revisar,
888b2c8a6bfffff,-17.4229,-66.1398,Cochabamba,4746,8174,2600.22,100.736,32.045,109.306,3.1428,0,1,58.9,entrenamiento,sin_brecha,
888b2c8a6dfffff,-17.4281,-66.126,Cochabamba,5058,4312,2225.93,53.1408,27.4322,44.2152,1.9367,0,1,15.1,entrenamiento,sin_brecha,
888b2c8a81fffff,-17.3634,-66.187,Cochabamba,4830,5943,14389.9,73.2411,177.34,-70.4155,0.413,8446.89,1,21.7,entrenamiento,revisar,
888b2c8a83fffff,-17.3568,-66.1922,Cochabamba,3605,3205,5269.68,39.4982,64.9431,-28.442,0.6083,2064.68,1,137.3,entrenamiento,revisar,
888b2c8a85fffff,-17.362,-66.1784,Cochabamba,5097,19271,8566.01,237.494,105.567,115.664,2.2496,0,1,61.6,entrenamiento,sin_brecha,
888b2c8a87fffff,-17.3554,-66.1837,Cochabamba,4024,14797,4393.31,182.357,54.1428,156.961,3.3675,0,1,17.3,entrenamiento,sin_brecha,
888b2c8a89fffff,-17.3715,-66.1903,Cochabamba,4791,9392,14551,115.746,179.325,-42.768,0.6455,5159,1,62.6,entrenamiento,revisar,
888b2c8a8bfffff,-17.3648,-66.1955,Tiquipaya,3360,1715,7752.16,21.1355,95.5371,-68.568,0.2213,6037.16,1,27.5,entrenamiento,revisar,
888b2c8a8dfffff,-17.37,-66.1817,Cochabamba,4759,19927,20732.7,245.579,255.508,-5.5954,0.9611,805.668,1,124.4,entrenamiento,revisar,
888b2c8a91fffff,-17.3516,-66.206,Tiquipaya,2544,805,4002.28,9.9208,49.3238,-50.5391,0.2013,3197.28,1,26.8,entrenamiento,revisar,
888b2c8a93fffff,-17.345,-66.2113,Tiquipaya,1228,2126,145.258,26.2007,1.7902,164.345,14.5428,0,1,57.2,entrenamiento,sin_brecha,
888b2c8a95fffff,-17.3502,-66.1975,Tiquipaya,2872,3659,339.725,45.0932,4.1867,180.086,10.7418,0,1,192.8,entrenamiento,sin_brecha,
888b2c8a97fffff,-17.3436,-66.2027,Tiquipaya,2778,3441,328.606,42.4066,4.0497,171.695,10.4428,0,1,53.7,entrenamiento,sin_brecha,
888b2c8a99fffff,-17.3596,-66.2093,Tiquipaya,2110,470,3353.92,5.7922,41.3335,-49.7974,0.1404,2883.92,1,281.3,entrenamiento,revisar,
888b2c8a9bfffff,-17.353,-66.2146,Tiquipaya,809,218,1666.45,2.6866,20.5371,-35.4819,0.1313,1448.45,1,171.2,entrenamiento,revisar,
888b2c8a9dfffff,-17.3582,-66.2008,Tiquipaya,2332,559,4839.61,6.8891,59.643,-61.532,0.1157,4280.61,1,278.3,entrenamiento,revisar,
888b2c8aa1fffff,-17.3525,-66.1665,Cochabamba,4252,3943,5078.1,48.5932,62.5821,-15.9289,0.7765,1135.1,1,88.2,entrenamiento,revisar,
888b2c8aa3fffff,-17.3459,-66.1718,Cochabamba,3627,4894,406.8,60.3133,5.0134,222.477,12.0034,0,1,124,entrenamiento,sin_brecha,
888b2c8aa5fffff,-17.3511,-66.158,Cochabamba,4148,2681,2386.15,33.0404,29.4068,6.036,1.1235,0,1,15.8,entrenamiento,sin_brecha,
888b2c8aa7fffff,-17.3445,-66.1632,Cochabamba,3420,942,383.579,11.6091,4.7272,28.5124,2.452,0,1,56.6,entrenamiento,sin_brecha,
888b2c8aa9fffff,-17.3606,-66.1699,Cochabamba,4576,11586,21885.1,142.785,269.71,-69.6186,0.5294,10299.1,1,58.3,entrenamiento,revisar,
888b2c8aabfffff,-17.354,-66.1751,Cochabamba,4220,7773,4948.19,95.7938,60.9811,40.1575,1.5708,0,1,11.1,entrenamiento,sin_brecha,
888b2c8aadfffff,-17.3592,-66.1613,Cochabamba,5240,6457,18196.3,79.5756,224.249,-87.0262,0.3549,11739.3,1,8.6,entrenamiento,revisar,
888b2c8ab1fffff,-17.3407,-66.1856,Cochabamba,3335,959,400.314,11.8186,4.9334,27.9234,2.3921,0,1,212.6,entrenamiento,sin_brecha,
888b2c8ab3fffff,-17.3341,-66.1908,Tiquipaya,2453,353,157.403,4.3503,1.9398,15.5903,2.2348,0,1,224.5,entrenamiento,sin_brecha,
888b2c8ab5fffff,-17.3393,-66.177,Cochabamba,3549,1630,423.245,20.088,5.216,58.6574,3.8445,0,1,28,entrenamiento,sin_brecha,
888b2c8ab7fffff,-17.3327,-66.1823,Cochabamba,3422,426,227.084,5.25,2.7986,13.2001,1.8721,0,1,110.1,entrenamiento,sin_brecha,
888b2c8ab9fffff,-17.3488,-66.1889,Tiquipaya,3861,6394,463.452,78.7992,5.7115,275.482,13.7689,0,1,22,entrenamiento,sin_brecha,
888b2c8abbfffff,-17.3422,-66.1942,Tiquipaya,2907,1239,343.865,15.2693,4.2378,48.2719,3.5956,0,1,149.9,entrenamiento,sin_brecha,
888b2c8abdfffff,-17.3474,-66.1803,Cochabamba,4362,3246,447.323,40.0035,5.5128,132.325,7.2425,0,1,20.9,entrenamiento,sin_brecha,
888b2c8ac1fffff,-17.3861,-66.1884,Cochabamba,4447,12316,9479.03,151.781,116.819,29.1388,1.2993,0,1,18.2,entrenamiento,sin_brecha,
888b2c8ac3fffff,-17.3795,-66.1936,Cochabamba,4362,6897,7833.84,84.9981,96.5437,-10.5847,0.8804,936.843,1,69.9,entrenamiento,revisar,
888b2c8ac5fffff,-17.3847,-66.1798,Cochabamba,4154,28745,15057.7,354.251,185.569,111.543,1.9089,0,1,63.1,entrenamiento,sin_brecha,
888b2c8ac7fffff,-17.3781,-66.185,Cochabamba,4707,15345,14038,189.111,173.003,11.0314,1.0931,0,1,56.6,entrenamiento,sin_brecha,
888b2c8ac9fffff,-17.3941,-66.1917,Cochabamba,5084,9217,6973.89,113.59,85.9456,26.8605,1.3216,0,1,40.5,entrenamiento,sin_brecha,
888b2c8acbfffff,-17.3875,-66.1969,Cochabamba,3979,7779,5597.84,95.8678,68.9874,29.1526,1.3896,0,1,55.2,entrenamiento,sin_brecha,
888b2c8acdfffff,-17.3927,-66.1831,Cochabamba,3783,20622,9218.53,254.144,113.608,118.77,2.2369,0,1,58.4,entrenamiento,sin_brecha,
888b2c8ad1fffff,-17.3743,-66.2074,Colcapirhua,1914,775,3532.53,9.551,43.5346,-46.3957,0.2196,2757.53,1,4.1,entrenamiento,revisar,
888b2c8ad3fffff,-17.3677,-66.2127,Tiquipaya,1539,651,2582.63,8.0229,31.8282,-38.0096,0.2524,1931.63,1,5.8,entrenamiento,revisar,
888b2c8ad5fffff,-17.3729,-66.1989,Cochabamba,2591,1524,4761.29,18.7817,58.6777,-46.9158,0.3202,3237.29,1,60.9,entrenamiento,revisar,
888b2c8ad7fffff,-17.3663,-66.2041,Tiquipaya,2115,646,3903.5,7.9613,48.1065,-52.1384,0.1657,3257.5,1,111.8,entrenamiento,revisar,
888b2c8ad9fffff,-17.3823,-66.2107,Colcapirhua,2425,2529,4475.65,31.1672,55.1575,-29.0977,0.5652,1946.65,1,103,entrenamiento,revisar,
888b2c8adbfffff,-17.3757,-66.216,Colcapirhua,1156,339,1939.91,4.1778,23.9073,-36.3476,0.1752,1600.91,1,368.6,entrenamiento,revisar,
888b2c8addfffff,-17.3809,-66.2022,Cochabamba,3550,3739,6523.57,46.0791,80.396,-34.4759,0.5732,2784.57,1,22,entrenamiento,revisar,
888b2c8ae1fffff,-17.3752,-66.1679,Cochabamba,5019,23758,55398.7,292.792,682.729,-134.43,0.4289,31640.7,1,74.7,entrenamiento,revisar,
888b2c8ae3fffff,-17.3686,-66.1732,Cochabamba,4557,30707,40004.9,378.431,493.017,-46.4865,0.7676,9297.87,1,81.5,entrenamiento,revisar,
888b2c8ae5fffff,-17.3738,-66.1594,Cochabamba,4824,92158,46908.1,1135.75,578.092,208.927,1.9646,0,1,115.7,entrenamiento,sin_brecha,
888b2c8ae7fffff,-17.3672,-66.1646,Cochabamba,4603,30397,30340.5,374.61,373.913,0.3246,1.0019,0,1,42.5,entrenamiento,sin_brecha,
888b2c8ae9fffff,-17.3833,-66.1712,Cochabamba,4876,23054,55128.6,284.116,679.4,-136.607,0.4182,32074.6,1,13.8,entrenamiento,revisar,
888b2c8aebfffff,-17.3766,-66.1765,Cochabamba,4934,19475,46101.4,240.008,568.15,-124.01,0.4225,26626.4,1,18.8,entrenamiento,revisar,
888b2c8aedfffff,-17.3818,-66.1627,Cochabamba,3732,47832,62019.6,589.478,764.325,-56.9699,0.7712,14187.6,1,37.8,entrenamiento,revisar,
888b2c8b01fffff,-17.3998,-66.0904,Sacaba,694,30,424.536,0.3697,5.2319,-19.1483,0.0728,394.536,0,774.4,prueba,mapear,12
888b2c8b03fffff,-17.3931,-66.0956,Sacaba,1600,565,1461.35,6.963,18.0095,-23.4477,0.387,896.348,1,46.1,prueba,revisar,
888b2c8b05fffff,-17.3983,-66.0818,Sacaba,891,135,227.13,1.6637,2.7991,-6.1131,0.5962,92.1302,1,75.5,prueba,revisar,
888b2c8b07fffff,-17.3917,-66.0871,Sacaba,1870,1616,770.386,19.9155,9.4942,30.4662,2.0962,0,1,120.1,prueba,sin_brecha,
888b2c8b09fffff,-17.4078,-66.0937,Sacaba,1393,202,207.468,2.4894,2.5568,-0.3796,0.9738,5.4681,1,11.8,prueba,revisar,
888b2c8b0bfffff,-17.4012,-66.0989,Sacaba,1031,115,685.809,1.4173,8.4519,-21.7966,0.1689,570.809,1,61.9,prueba,revisar,
888b2c8b0dfffff,-17.4064,-66.0851,Sacaba,1331,127,120.737,1.5651,1.488,0.5699,1.0514,0,1,63,prueba,sin_brecha,
888b2c8b11fffff,-17.388,-66.1094,Sacaba,2926,4936,4413.53,60.8309,54.392,7.8644,1.1184,0,1,114.4,prueba,sin_brecha,
888b2c8b13fffff,-17.3813,-66.1147,Sacaba,3454,3711,6354.31,45.7341,78.31,-33.1599,0.5841,2643.31,1,147.6,prueba,revisar,
888b2c8b15fffff,-17.3865,-66.1009,Sacaba,2020,2796,2362.35,34.4577,29.1134,8.9222,1.1835,0,1,97.6,prueba,sin_brecha,
888b2c8b17fffff,-17.3799,-66.1061,Sacaba,2994,2626,3542.94,32.3626,43.663,-15.405,0.7413,916.944,1,151.9,prueba,revisar,
888b2c8b19fffff,-17.396,-66.1127,Sacaba,1906,689,3138.23,8.4912,38.6752,-43.7207,0.2198,2449.23,1,22.3,prueba,revisar,
888b2c8b1bfffff,-17.3894,-66.118,Sacaba,3309,1827,6660.55,22.5158,82.0841,-59.2258,0.2744,4833.55,1,185.3,prueba,revisar,
888b2c8b1dfffff,-17.3946,-66.1042,Sacaba,1730,480,2517.89,5.9155,31.0303,-40.6127,0.191,2037.89,1,352.8,prueba,revisar,
888b2c8b21fffff,-17.3889,-66.07,Sacaba,1989,7885,215.195,97.1741,2.652,522.84,36.4764,0,1,320.4,prueba,sin_brecha,
888b2c8b23fffff,-17.3823,-66.0752,Sacaba,2061,661,222.984,8.1461,2.748,29.3327,2.9556,0,1,7.6,prueba,sin_brecha,
888b2c8b25fffff,-17.3875,-66.0614,Sacaba,1782,404,192.799,4.9789,2.376,15.2105,2.0898,0,1,32.8,prueba,sin_brecha,
888b2c8b27fffff,-17.3808,-66.0667,Sacaba,1523,366,164.777,4.5106,2.0307,15.6758,2.2138,0,1,230.1,prueba,sin_brecha,
888b2c8b29fffff,-17.3969,-66.0733,Sacaba,922,228,98.4386,2.8099,1.2131,13.0585,2.3029,0,0,613.9,prueba,sin_brecha,
888b2c8b2bfffff,-17.3903,-66.0785,Sacaba,2278,3034,246.462,37.3908,3.0374,177.56,12.2645,0,1,13.1,prueba,sin_brecha,
888b2c8b2dfffff,-17.3955,-66.0647,Sacaba,1187,1509,122.086,18.5968,1.5046,125.521,12.2678,0,1,268.9,prueba,sin_brecha,
888b2c8b31fffff,-17.3771,-66.089,Sacaba,1792,1475,637.576,18.1778,7.8574,33.165,2.3114,0,1,15.8,prueba,sin_brecha,
888b2c8b33fffff,-17.3705,-66.0942,Sacaba,1009,429,687.176,5.287,8.4687,-9.8488,0.6248,258.176,1,228.6,prueba,revisar,
888b2c8b35fffff,-17.3757,-66.0804,Sacaba,1611,660,174.298,8.1338,2.148,36.7895,3.7707,0,1,17,prueba,sin_brecha,
888b2c8b37fffff,-17.3691,-66.0857,Sacaba,503,27,177.542,0.3327,2.188,-11.2981,0.1568,150.542,1,483,prueba,revisar,
888b2c8b39fffff,-17.3851,-66.0923,Sacaba,2356,1917,1353.42,23.625,16.6794,15.3193,1.4161,0,1,233.2,prueba,sin_brecha,
888b2c8b3bfffff,-17.3785,-66.0975,Sacaba,2030,2115,1438.67,26.0651,17.73,17.8312,1.4698,0,1,39,prueba,sin_brecha,
888b2c8b3dfffff,-17.3837,-66.0838,Sacaba,2409,1346,773.755,16.588,9.5357,20.5722,1.7386,0,1,89,prueba,sin_brecha,
888b2c8b41fffff,-17.4224,-66.0917,Sacaba,1719,76,266.705,0.9366,3.2869,-11.6774,0.2876,190.706,1,115.6,prueba,revisar,
888b2c8b43fffff,-17.4158,-66.097,Sacaba,1797,307,813.582,3.7834,10.0265,-17.7602,0.3781,506.582,1,101.2,prueba,revisar,
888b2c8b45fffff,-17.421,-66.0832,Sacaba,622,46,17.2778,0.5669,0.2129,6.9099,2.5714,0,1,401.8,prueba,sin_brecha,
888b2c8b47fffff,-17.4144,-66.0884,Sacaba,1647,328,150.879,4.0422,1.8594,14.4197,2.1662,0,1,3.5,prueba,sin_brecha,
888b2c8b49fffff,-17.4304,-66.0951,Sacaba,145,10,32.6773,0.1232,0.4027,-3.9671,0.3266,22.6773,0,619.2,prueba,mapear,
888b2c8b4bfffff,-17.4238,-66.1003,Sacaba,192,5,57.8722,0.0616,0.7132,-6.9501,0.1019,52.8722,0,515.5,prueba,mapear,
888b2c8b4dfffff,-17.429,-66.0865,Sacaba,46,0,1.4781,0,0.0182,-1.2158,0.4035,1.4781,0,530.7,prueba,mapear,
888b2c8b51fffff,-17.4106,-66.1108,Sacaba,1002,205,678.4,2.5264,8.3606,-18.1755,0.3032,473.4,1,141.1,prueba,revisar,
888b2c8b53fffff,-17.404,-66.116,Sacaba,1082,217,1076.62,2.6743,13.2682,-26.1984,0.2023,859.619,1,135,prueba,revisar,
888b2c8b55fffff,-17.4092,-66.1022,Sacaba,1181,241,714.465,2.9701,8.805,-17.7132,0.3382,473.465,1,83.1,prueba,revisar,
888b2c8b57fffff,-17.4026,-66.1075,Sacaba,1626,715,1473.44,8.8116,18.1585,-19.7585,0.4856,758.438,1,6.5,prueba,revisar,
888b2c8b59fffff,-17.4187,-66.1141,Cochabamba,1417,389,763.094,4.794,9.4043,-13.5423,0.5104,374.094,1,284.3,prueba,revisar,
888b2c8b5dfffff,-17.4172,-66.1055,Sacaba,218,37,106.362,0.456,1.3108,-6.7255,0.3539,69.3616,1,436.5,prueba,revisar,
888b2c8b61fffff,-17.4115,-66.0713,Sacaba,1030,104,52.799,1.2817,0.6507,7.0464,1.9517,0,1,103.5,prueba,sin_brecha,
888b2c8b63fffff,-17.4049,-66.0766,Sacaba,1544,134,79.1473,1.6514,0.9754,6.1657,1.6844,0,1,181.6,prueba,sin_brecha,
888b2c8b65fffff,-17.4101,-66.0628,Sacaba,720,32,35.0507,0.3944,0.432,-0.5153,0.9154,3.0507,1,352.1,prueba,revisar,
888b2c8b67fffff,-17.4035,-66.068,Sacaba,953,112,48.2962,1.3803,0.5952,9.1666,2.2923,0,1,195.3,prueba,sin_brecha,
888b2c8b69fffff,-17.4196,-66.0746,Sacaba,730,25,31.2028,0.3081,0.3845,-1.1104,0.8074,6.2028,1,109,prueba,revisar,
888b2c8b6bfffff,-17.413,-66.0799,Sacaba,1372,237,58.6441,2.9208,0.7227,23.2903,3.9903,0,1,30.8,prueba,sin_brecha,
888b2c8b6dfffff,-17.4181,-66.0661,Sacaba,585,20,27.9332,0.2465,0.3442,-1.501,0.7258,7.9332,1,49.2,prueba,revisar,
888b2c8c4bfffff,-17.2949,-66.2704,Quillacollo,48,0,0.2069,0,0.0025,-0.4549,0.8286,0.2069,0,2457.2,entrenamiento,mapear,
888b2c8c51fffff,-17.2816,-66.2809,Quillacollo,52,0,4.5022,0,0.0555,-2.1218,0.1817,4.5022,0,1397.5,entrenamiento,mapear,
888b2c8c59fffff,-17.2896,-66.2842,Quillacollo,100,0,8.658,0,0.1067,-2.9424,0.1035,8.658,0,884.4,entrenamiento,mapear,
888b2c8c5bfffff,-17.283,-66.2894,Quillacollo,26,0,2.2511,0,0.0277,-1.5004,0.3076,2.2511,0,608.8,entrenamiento,mapear,
888b2c8c5dfffff,-17.2882,-66.2756,Quillacollo,21,0,0.21,0,0.0026,-0.4583,0.8264,0.21,0,1773.6,entrenamiento,mapear,
888b2c8c69fffff,-17.2906,-66.2447,Quillacollo,73,0,3.025,0,0.0373,-1.7392,0.2484,3.025,0,3440.6,entrenamiento,mapear,
888b2c8c6dfffff,-17.2892,-66.2361,Quillacollo,284,0,11.7683,0,0.145,-3.4305,0.0783,11.7683,0,3238.5,entrenamiento,mapear,
888b2c8e01fffff,-17.327,-66.2837,Quillacollo,1631,37,60.4074,0.456,0.7445,-3.0117,0.6188,23.4074,1,134.6,entrenamiento,revisar,
888b2c8e03fffff,-17.3204,-66.2889,Quillacollo,1099,6,45.0022,0.0739,0.5546,-5.814,0.1522,39.0022,0,644,entrenamiento,mapear,
888b2c8e05fffff,-17.3256,-66.2751,Quillacollo,973,24,45.3113,0.2958,0.5584,-3.166,0.5398,21.3113,0,748.6,entrenamiento,mapear,
888b2c8e07fffff,-17.319,-66.2803,Quillacollo,1453,66,87.2298,0.8134,1.075,-2.2731,0.7594,21.2298,1,150.2,entrenamiento,revisar,
888b2c8e09fffff,-17.335,-66.287,Quillacollo,1586,88,17.3604,1.0845,0.2139,16.9538,4.8474,0,1,323.5,entrenamiento,sin_brecha,
888b2c8e0bfffff,-17.3284,-66.2922,Vinto,1482,7,26.1872,0.0863,0.3227,-3.7494,0.2943,19.1872,0,1017.6,entrenamiento,mapear,
888b2c8e0dfffff,-17.3336,-66.2784,Quillacollo,748,18,15.0942,0.2218,0.186,0.7479,1.1806,0,0,524.5,entrenamiento,sin_brecha,
888b2c8e11fffff,-17.3152,-66.3027,Vinto,58,0,2.9038,0,0.0358,-1.7041,0.2562,2.9038,0,1026.8,entrenamiento,mapear,
888b2c8e15fffff,-17.3138,-66.2942,Quillacollo,881,23,59.9903,0.2835,0.7393,-4.7758,0.3935,36.9903,1,326.4,entrenamiento,revisar,
888b2c8e19fffff,-17.3232,-66.306,Vinto,935,0,5.7835,0,0.0713,-2.4049,0.1474,5.7835,0,1458.6,entrenamiento,mapear,
888b2c8e1dfffff,-17.3218,-66.2975,Quillacollo,494,0,15.9355,0,0.1964,-3.9919,0.059,15.9355,0,1267.4,entrenamiento,mapear,
888b2c8e21fffff,-17.3161,-66.2632,Quillacollo,589,44,0,0.5423,0,44000,45,0,0,1999.4,entrenamiento,sin_brecha,
888b2c8e23fffff,-17.3095,-66.2684,Quillacollo,37,0,0,0,0,-0.001,1,0,0,1742.5,entrenamiento,mapear,
888b2c8e25fffff,-17.3147,-66.2546,Quillacollo,399,13,0,0.1602,0,13000,14,0,0,1767.1,entrenamiento,sin_brecha,
888b2c8e29fffff,-17.3242,-66.2665,Quillacollo,810,18,81.4655,0.2218,1.004,-7.0315,0.2304,63.4655,0,1463.3,entrenamiento,mapear,
888b2c8e2bfffff,-17.3175,-66.2718,Quillacollo,1516,25,192.946,0.3081,2.3778,-12.0907,0.1341,167.946,0,1074.8,entrenamiento,mapear,17
888b2c8e2dfffff,-17.3228,-66.258,Quillacollo,941,26,0,0.3204,0,26000,27,0,0,1263.6,entrenamiento,sin_brecha,
888b2c8e33fffff,-17.2977,-66.2875,Quillacollo,63,1,10.7039,0.0123,0.1319,-2.966,0.1709,9.7039,0,916.1,entrenamiento,mapear,
888b2c8e35fffff,-17.3029,-66.2737,Quillacollo,10,0,0,0,0,-0.001,1,0,0,1771.6,entrenamiento,mapear,
888b2c8e37fffff,-17.2963,-66.2789,Quillacollo,27,0,0,0,0,-0.001,1,0,0,1699,entrenamiento,mapear,
888b2c8e39fffff,-17.3123,-66.2856,Quillacollo,1004,14,79.3228,0.1725,0.9776,-7.3344,0.1867,65.3228,1,187.1,entrenamiento,revisar,
888b2c8e3bfffff,-17.3057,-66.2908,Quillacollo,131,19,12.2594,0.2342,0.1511,1.9252,1.5084,0,1,396.2,entrenamiento,sin_brecha,
888b2c8e3dfffff,-17.3109,-66.277,Quillacollo,95,0,12.0909,0,0.149,-3.4772,0.0764,12.0909,0,935.4,entrenamiento,mapear,
888b2c8e41fffff,-17.3497,-66.285,Quillacollo,1120,70,28.1407,0.8627,0.3468,7.8909,2.4365,0,1,249.4,entrenamiento,sin_brecha,
888b2c8e43fffff,-17.3431,-66.2903,Quillacollo,1552,63,42.0934,0.7764,0.5188,3.2224,1.4851,0,1,218.7,entrenamiento,sin_brecha,
888b2c8e45fffff,-17.3483,-66.2765,Quillacollo,368,9,9.2462,0.1109,0.1139,-0.081,0.976,0.2462,0,1051.8,entrenamiento,mapear,
888b2c8e47fffff,-17.3417,-66.2817,Quillacollo,1294,32,35.0959,0.3944,0.4325,-0.5226,0.9142,3.0959,1,394.4,entrenamiento,revisar,
888b2c8e49fffff,-17.3577,-66.2884,Quillacollo,1905,114,47.8643,1.4049,0.5899,9.5594,2.3535,0,1,230,entrenamiento,sin_brecha,
888b2c8e4bfffff,-17.3511,-66.2936,Quillacollo,689,3,17.3116,0.037,0.2133,-3.4397,0.2184,14.3116,1,107.5,entrenamiento,revisar,
888b2c8e4dfffff,-17.3563,-66.2798,Quillacollo,1410,75,481.698,0.9243,5.9364,-18.5304,0.1574,406.698,1,417.6,entrenamiento,revisar,
888b2c8e51fffff,-17.3379,-66.3041,Vinto,490,4,5.3636,0.0493,0.0661,-0.5888,0.7857,1.3636,1,459.4,entrenamiento,revisar,
888b2c8e53fffff,-17.3312,-66.3094,Vinto,591,0,5.4542,0,0.0672,-2.3354,0.1549,5.4542,0,1047.3,entrenamiento,mapear,
888b2c8e55fffff,-17.3364,-66.2955,Vinto,1220,6,13.3542,0.0739,0.1646,-2.0125,0.4877,7.3542,1,459.5,entrenamiento,revisar,
888b2c8e57fffff,-17.3298,-66.3008,Vinto,809,28,7.4661,0.3451,0.092,7.515,3.4254,0,0,598.6,entrenamiento,sin_brecha,
888b2c8e59fffff,-17.3459,-66.3074,Vinto,146,0,4.2593,0,0.0525,-2.0638,0.1901,4.2593,0,1046.8,entrenamiento,mapear,
888b2c8e5bfffff,-17.3393,-66.3127,Vinto,562,3,6.9078,0.037,0.0851,-1.4868,0.5058,3.9078,0,1377.3,entrenamiento,mapear,
888b2c8e5dfffff,-17.3445,-66.2989,Vinto,814,3,22.0773,0.037,0.2721,-4.0602,0.1733,19.0773,1,157.8,entrenamiento,revisar,
888b2c8e61fffff,-17.3388,-66.2646,Quillacollo,2494,1053,81.0743,12.9771,0.9992,107.942,12.842,0,1,25.2,entrenamiento,sin_brecha,
888b2c8e63fffff,-17.3322,-66.2698,Quillacollo,1605,94,43.8134,1.1584,0.54,7.582,2.1199,0,0,651.5,entrenamiento,sin_brecha,
888b2c8e65fffff,-17.3374,-66.256,Quillacollo,1115,70,1070.25,0.8627,13.1897,-30.575,0.0663,1000.25,1,200,entrenamiento,revisar,
888b2c8e67fffff,-17.3308,-66.2613,Quillacollo,1468,55,81.2975,0.6778,1.0019,-2.9166,0.6805,26.2975,0,623.2,entrenamiento,mapear,
888b2c8e69fffff,-17.3469,-66.2679,Quillacollo,1426,165,750.286,2.0334,9.2465,-21.3676,0.221,585.286,0,818.4,entrenamiento,mapear,8
888b2c8e6bfffff,-17.3402,-66.2732,Quillacollo,931,21,30.4278,0.2588,0.375,-1.7091,0.7,9.4278,0,617.5,entrenamiento,mapear,
888b2c8e6dfffff,-17.3455,-66.2593,Quillacollo,1457,130,879.311,1.6021,10.8366,-25.2692,0.1488,749.311,1,2.8,entrenamiento,revisar,
888b2c8ee1fffff,-17.2925,-66.3013,Quillacollo,168,0,4.4251,0,0.0545,-2.1036,0.1843,4.4251,1,347.2,entrenamiento,revisar,
888b2c8ee3fffff,-17.2858,-66.3066,Quillacollo,116,0,3.0555,0,0.0377,-1.748,0.2466,3.0555,0,964.1,entrenamiento,mapear,
888b2c8ee5fffff,-17.2911,-66.2928,Quillacollo,95,22,8.5973,0.2711,0.106,4.571,2.3965,0,1,287.8,entrenamiento,sin_brecha,
888b2c8ee7fffff,-17.2844,-66.298,Quillacollo,168,1,15.2036,0.0123,0.1874,-3.6427,0.1234,14.2036,1,483.9,entrenamiento,revisar,
888b2c8eedfffff,-17.2991,-66.2961,Quillacollo,11,13,0.2897,0.1602,0.0036,23.6129,10.8549,0,1,39.6,entrenamiento,sin_brecha,
888b2c8f01fffff,-17.3171,-66.2237,Tiquipaya,562,56,547.449,0.6901,6.7467,-21.0042,0.1039,491.45,1,255.8,prueba,revisar,
888b2c8f05fffff,-17.3157,-66.2151,Tiquipaya,112,3,74.5909,0.037,0.9193,-8.2892,0.0529,71.5909,0,543.4,prueba,mapear,
888b2c8f07fffff,-17.3091,-66.2204,Tiquipaya,48,0,0.7723,0,0.0095,-0.8788,0.5642,0.7723,0,1162.4,prueba,mapear,
888b2c8f09fffff,-17.3251,-66.227,Tiquipaya,1064,324,634.044,3.993,7.8139,-12.313,0.5118,310.044,1,368.9,prueba,revisar,
888b2c8f0bfffff,-17.3185,-66.2323,Tiquipaya,581,23,197.845,0.2835,2.4382,-12.4305,0.1207,174.845,1,415.4,prueba,revisar,
888b2c8f0dfffff,-17.3237,-66.2185,Tiquipaya,1237,160,1696.99,1.9718,20.9136,-37.3105,0.0948,1536.99,1,116,prueba,revisar,
888b2c8f17fffff,-17.2972,-66.2394,Quillacollo,84,0,1.4444,0,0.0178,-1.2019,0.4091,1.4444,0,2529,prueba,mapear,
888b2c8f19fffff,-17.3133,-66.2461,Quillacollo,48,33,2.0653,0.4067,0.0255,21.5254,11.0918,0,0,1709.7,prueba,sin_brecha,
888b2c8f1dfffff,-17.3119,-66.2375,Quillacollo,37,1,1.3434,0.0123,0.0166,-0.2963,0.8535,0.3434,0,1142.7,prueba,mapear,
888b2c8f21fffff,-17.3062,-66.2033,Tiquipaya,17,0,0.911,0,0.0112,-0.9544,0.5233,0.911,0,1648.4,prueba,mapear,
888b2c8f23fffff,-17.2996,-66.2085,Tiquipaya,65,0,2.8223,0,0.0348,-1.68,0.2616,2.8223,0,2162.4,prueba,mapear,
888b2c8f29fffff,-17.3143,-66.2066,Tiquipaya,47,10,5.3825,0.1232,0.0663,1.9903,1.7235,0,0,722.9,prueba,sin_brecha,
888b2c8f2bfffff,-17.3076,-66.2118,Tiquipaya,21,0,2.2223,0,0.0274,-1.4907,0.3103,2.2223,0,1253,prueba,mapear,
888b2c8f39fffff,-17.3024,-66.2256,Quillacollo,142,0,2.4418,0,0.0301,-1.5626,0.2905,2.4418,0,1678.6,prueba,mapear,
888b2c8f3dfffff,-17.301,-66.2171,Tiquipaya,52,7,0,0.0863,0,7000,8,0,0,2076.9,prueba,sin_brecha,
888b2c8f41fffff,-17.3398,-66.2251,Tiquipaya,2262,4671,1686.53,57.565,20.7846,72.6727,2.7685,0,1,244.6,prueba,sin_brecha,
888b2c8f43fffff,-17.3332,-66.2303,Tiquipaya,1181,4247,904.484,52.3397,11.1468,111.141,4.6914,0,1,219.5,prueba,sin_brecha,
888b2c8f45fffff,-17.3384,-66.2165,Tiquipaya,2094,8450,1875.18,104.137,23.1096,151.832,4.5044,0,1,20.2,prueba,sin_brecha,
888b2c8f47fffff,-17.3318,-66.2218,Tiquipaya,1522,2092,1362.95,25.7816,16.7969,19.7476,1.5345,0,1,104.2,prueba,sin_brecha,
888b2c8f49fffff,-17.3478,-66.2284,Tiquipaya,1099,160,769.839,1.9718,9.4874,-21.9794,0.2089,609.839,1,407.6,prueba,revisar,
888b2c8f4bfffff,-17.3412,-66.2336,Tiquipaya,982,83,542.028,1.0229,6.6799,-19.7164,0.1547,459.028,1,203.7,prueba,revisar,
888b2c8f4dfffff,-17.3464,-66.2198,Tiquipaya,1016,221,757.52,2.7236,9.3356,-19.4935,0.2927,536.52,1,417.6,prueba,revisar,
888b2c8f51fffff,-17.328,-66.2441,Quillacollo,1432,186,59.8644,2.2922,0.7378,16.3025,3.0724,0,1,115.2,prueba,sin_brecha,
888b2c8f53fffff,-17.3213,-66.2494,Quillacollo,826,47,35.0763,0.5792,0.4323,2.0133,1.3305,0,0,873.3,prueba,sin_brecha,
888b2c8f55fffff,-17.3265,-66.2356,Tiquipaya,653,164,27.2985,2.0211,0.3364,26.164,5.8307,0,1,363.6,prueba,sin_brecha,
888b2c8f57fffff,-17.3199,-66.2408,Quillacollo,852,92,36.1804,1.1338,0.4459,9.28,2.5013,0,0,1051.6,prueba,sin_brecha,
888b2c8f59fffff,-17.336,-66.2475,Quillacollo,284,14,50.6831,0.1725,0.6246,-5.1527,0.2902,36.6831,0,512.9,prueba,mapear,
888b2c8f5bfffff,-17.3294,-66.2527,Quillacollo,684,69,29.3087,0.8504,0.3612,7.3316,2.3096,0,1,373.3,prueba,sin_brecha,
888b2c8f5dfffff,-17.3346,-66.2389,Quillacollo,1045,266,178.768,3.2782,2.2031,6.5243,1.4853,0,1,246.1,prueba,sin_brecha,
888b2c8f61fffff,-17.3289,-66.2046,Tiquipaya,1125,268,770.332,3.3028,9.4935,-18.0989,0.3487,502.332,1,91.6,prueba,revisar,
888b2c8f63fffff,-17.3223,-66.2099,Tiquipaya,1056,126,723.085,1.5528,8.9112,-22.2045,0.1754,597.085,1,87.6,prueba,revisar,
888b2c8f65fffff,-17.3275,-66.1961,Tiquipaya,2115,232,243.077,2.8591,2.9957,-0.7105,0.9546,11.0767,1,471.4,prueba,revisar,
888b2c8f67fffff,-17.3209,-66.2013,Tiquipaya,294,9,33.7894,0.1109,0.4164,-4.2646,0.2874,24.7894,0,811.3,prueba,mapear,
888b2c8f69fffff,-17.337,-66.208,Tiquipaya,991,427,752.641,5.2623,9.2755,-11.8699,0.5679,325.641,1,198.5,prueba,revisar,
888b2c8f6bfffff,-17.3303,-66.2132,Tiquipaya,908,113,644.45,1.3926,7.9422,-20.9347,0.1766,531.45,1,218.6,prueba,revisar,
888b2c8f6dfffff,-17.3355,-66.1994,Tiquipaya,2820,1045,1744.05,12.8785,21.4935,-16.7389,0.5994,699.048,1,37.2,prueba,revisar,
888b2c9023fffff,-17.5708,-66.2647,Villa Santivañez,20,0,0.5817,0,0.0072,-0.7627,0.6322,0.5817,0,1837.7,entrenamiento,mapear,
888b2c9027fffff,-17.5694,-66.2561,Villa Santivañez,68,6,1.4624,0.0739,0.018,3.7523,2.8428,0,0,1048.5,entrenamiento,sin_brecha,
888b2c902bfffff,-17.5789,-66.268,Villa Santivañez,14,1,0.3965,0.0123,0.0049,0.9584,1.4321,0,0,2675.7,entrenamiento,sin_brecha,
888b2c90a3fffff,-17.5246,-66.3014,Sipesipe,33,1,0,0.0123,0,999.999,2,0,0,3322.6,prueba,sin_brecha,
888b2c90a7fffff,-17.5232,-66.2929,Sipesipe,12,0,0,0,0,-0.001,1,0,0,4216.5,prueba,mapear,
888b2c9101fffff,-17.5784,-66.2199,Villa Santivañez,46,1,5.2216,0.0123,0.0644,-1.8475,0.3215,4.2216,0,3065.4,entrenamiento,mapear,
888b2c9105fffff,-17.5769,-66.2113,Villa Santivañez,20,0,1.6216,0,0.02,-1.2734,0.3814,1.6216,0,3079,entrenamiento,mapear,
888b2c9113fffff,-17.56,-66.2442,Villa Santivañez,245,11,12.8947,0.1356,0.1589,-0.5276,0.8636,1.8947,1,17.6,entrenamiento,revisar,
888b2c9117fffff,-17.5585,-66.2356,Villa Santivañez,14,3,0.8305,0.037,0.0102,2.3806,2.1852,0,1,335.7,entrenamiento,sin_brecha,
888b2c9119fffff,-17.5746,-66.2423,Villa Santivañez,12,0,0.8235,0,0.0101,-0.9075,0.5484,0.8235,0,1521.4,entrenamiento,mapear,
888b2c911bfffff,-17.568,-66.2475,Villa Santivañez,42,0,2.8824,0,0.0355,-1.6977,0.2576,2.8824,0,640.7,entrenamiento,mapear,
888b2c911dfffff,-17.5732,-66.2337,Villa Santivañez,44,0,2.4789,0,0.0305,-1.5744,0.2874,2.4789,0,1840.9,entrenamiento,mapear,
888b2c9121fffff,-17.5675,-66.1994,Villa Santivañez,24,0,0.6194,0,0.0076,-0.787,0.6175,0.6194,0,2438.8,entrenamiento,mapear,
888b2c9123fffff,-17.5609,-66.2047,Villa Santivañez,66,1,4.046,0.0123,0.0499,-1.5143,0.3964,3.046,0,1567.5,entrenamiento,mapear,
888b2c9129fffff,-17.5755,-66.2027,Villa Santivañez,20,0,0.5161,0,0.0064,-0.7184,0.6596,0.5161,0,3168.9,entrenamiento,mapear,
888b2c912bfffff,-17.5689,-66.208,Villa Santivañez,73,3,5.9189,0.037,0.0729,-1.1998,0.5781,2.9189,0,2298.2,entrenamiento,mapear,
888b2c912dfffff,-17.5741,-66.1942,Villa Santivañez,23,0,0,0,0,-0.001,1,0,0,3321.4,entrenamiento,mapear,
888b2c9133fffff,-17.5491,-66.2237,Villa Santivañez,80,3,5.1613,0.037,0.0636,-0.9513,0.6492,2.1613,1,188.9,entrenamiento,revisar,
888b2c9135fffff,-17.5543,-66.2099,Villa Santivañez,27,0,3.785,0,0.0466,-1.9455,0.209,3.785,0,695.9,entrenamiento,mapear,
888b2c9137fffff,-17.5477,-66.2152,Villa Santivañez,104,1,13.3333,0.0123,0.1643,-3.3776,0.1395,12.3333,1,175,entrenamiento,revisar,
888b2c913dfffff,-17.5623,-66.2132,Villa Santivañez,13,0,1.8224,0,0.0225,-1.35,0.3543,1.8224,0,1446.6,entrenamiento,mapear,
888b2c9181fffff,-17.5321,-66.2566,Villa Santivañez,19,1,0,0.0123,0,999.999,2,0,0,2204.5,entrenamiento,sin_brecha,
888b2c9185fffff,-17.5307,-66.2481,Villa Santivañez,42,0,0.5455,0,0.0067,-0.7385,0.6471,0.5455,0,2197.1,entrenamiento,mapear,
888b2c9189fffff,-17.5401,-66.26,Villa Santivañez,46,0,2.8163,0,0.0347,-1.6782,0.262,2.8163,0,1655.7,entrenamiento,mapear,
888b2c918bfffff,-17.5335,-66.2652,Villa Santivañez,107,0,0,0,0,-0.001,1,0,0,2569.3,entrenamiento,mapear,
888b2c918dfffff,-17.5387,-66.2514,Villa Santivañez,122,0,6.1884,0,0.0763,-2.4877,0.1391,6.1884,0,1336.4,entrenamiento,mapear,
888b2c9199fffff,-17.5283,-66.279,Villa Santivañez,25,0,0,0,0,-0.001,1,0,0,4048.7,entrenamiento,mapear,
888b2c91a9fffff,-17.5293,-66.2395,Villa Santivañez,41,0,0.3981,0,0.0049,-0.6309,0.7153,0.3981,0,2550,entrenamiento,mapear,
888b2c91c1fffff,-17.5548,-66.258,Villa Santivañez,26,5,1.7843,0.0616,0.022,2.4073,2.1549,0,0,854.3,entrenamiento,sin_brecha,
888b2c91c3fffff,-17.5482,-66.2633,Villa Santivañez,57,0,3.9118,0,0.0482,-1.9778,0.2036,3.9118,0,1563.1,entrenamiento,mapear,
888b2c91c5fffff,-17.5534,-66.2495,Villa Santivañez,316,79,16.6316,0.9736,0.205,15.2932,4.5373,0,1,23.8,entrenamiento,sin_brecha,
888b2c91c7fffff,-17.5468,-66.2547,Villa Santivañez,148,2,7.7895,0.0246,0.096,-2.0744,0.3413,5.7895,0,759.1,entrenamiento,mapear,
888b2c91c9fffff,-17.5628,-66.2613,Villa Santivañez,67,1,4.598,0.0123,0.0567,-1.678,0.3573,3.598,0,1184.3,entrenamiento,mapear,
888b2c91cbfffff,-17.5562,-66.2666,Villa Santivañez,49,0,3.3627,0,0.0414,-1.8338,0.2292,3.3627,0,1756.4,entrenamiento,mapear,
888b2c91cdfffff,-17.5614,-66.2528,Villa Santivañez,263,7,18.049,0.0863,0.2224,-2.6007,0.42,11.049,1,266.2,entrenamiento,revisar,
888b2c91d1fffff,-17.543,-66.2771,Villa Santivañez,43,0,2.5049,0,0.0309,-1.5827,0.2853,2.5049,0,3127.1,entrenamiento,mapear,
888b2c91d3fffff,-17.5364,-66.2824,Villa Santivañez,10,0,0,0,0,-0.001,1,0,0,3900.1,entrenamiento,mapear,
888b2c91d5fffff,-17.5416,-66.2685,Villa Santivañez,38,51,2.2136,0.6285,0.0273,32.7907,16.1813,0,0,2325,entrenamiento,sin_brecha,
888b2c91ddfffff,-17.5496,-66.2719,Villa Santivañez,84,0,5.7647,0,0.071,-2.401,0.1478,5.7647,0,2405,entrenamiento,mapear,
888b2c91e3fffff,-17.5373,-66.2428,Villa Santivañez,38,0,2.2542,0,0.0278,-1.5014,0.3073,2.2542,0,1593.4,entrenamiento,mapear,
888b2c91e5fffff,-17.5425,-66.229,Villa Santivañez,15,0,2.2059,0,0.0272,-1.4852,0.3119,2.2059,0,1018.3,entrenamiento,mapear,
888b2c91e7fffff,-17.5359,-66.2342,Villa Santivañez,15,7,1.4516,0.0863,0.0179,4.6051,3.2632,0,0,1880.8,entrenamiento,sin_brecha,
888b2c91e9fffff,-17.5519,-66.2409,Villa Santivañez,148,4,8.7797,0.0493,0.1082,-1.6131,0.5113,4.7797,0,576.9,entrenamiento,mapear,
888b2c91ebfffff,-17.5453,-66.2461,Villa Santivañez,107,2,6.3475,0.0246,0.0782,-1.7256,0.4083,4.3475,0,637.5,entrenamiento,mapear,
888b2c91edfffff,-17.5505,-66.2323,Villa Santivañez,77,3,4.9677,0.037,0.0612,-0.8829,0.6703,1.9677,1,273.8,entrenamiento,revisar,
888b2c9521fffff,-17.4849,-66.333,Sipesipe,47,0,0.9954,0,0.0123,-0.9977,0.5012,0.9954,1,484.8,entrenamiento,revisar,
888b2c9523fffff,-17.4783,-66.3382,Sipesipe,393,10,8.3232,0.1232,0.1026,0.5812,1.1799,0,1,156.7,entrenamiento,sin_brecha,
888b2c9527fffff,-17.4768,-66.3296,Sipesipe,122,33,2.5417,0.4067,0.0313,19.105,9.6,0,1,457,entrenamiento,sin_brecha,
888b2c9529fffff,-17.4929,-66.3363,Sipesipe,198,2,4.1934,0.0246,0.0517,-1.0711,0.5777,2.1934,1,78.9,entrenamiento,revisar,
888b2c952bfffff,-17.4863,-66.3415,Sipesipe,92,0,1.9813,0,0.0244,-1.4076,0.3354,1.9813,1,359.8,entrenamiento,revisar,
888b2c9531fffff,-17.4731,-66.352,Sipesipe,143,0,1.6025,0,0.0197,-1.2659,0.3842,1.6025,0,1293.7,entrenamiento,mapear,
888b2c9533fffff,-17.4664,-66.3573,Sipesipe,345,0,3.8662,0,0.0476,-1.9663,0.2055,3.8662,0,1332.7,entrenamiento,mapear,
888b2c9535fffff,-17.4716,-66.3435,Sipesipe,566,36,12.1891,0.4437,0.1502,6.8201,2.8053,0,1,389.4,entrenamiento,sin_brecha,
888b2c9537fffff,-17.465,-66.3487,Sipesipe,360,6,3.0667,0.0739,0.0378,1.675,1.7213,0,0,533.6,entrenamiento,sin_brecha,
888b2c9539fffff,-17.4811,-66.3554,Sipesipe,37,0,0.6031,0,0.0074,-0.7766,0.6238,0.6031,0,1687.7,entrenamiento,mapear,
888b2c953dfffff,-17.4797,-66.3468,Sipesipe,132,8,1.7368,0.0986,0.0214,4.7524,3.2885,0,0,764.2,entrenamiento,sin_brecha,
888b2c9561fffff,-17.5076,-66.3343,Sipesipe,29,0,0.4213,0,0.0052,-0.6491,0.7036,0.4213,1,12.4,entrenamiento,revisar,
888b2c9563fffff,-17.501,-66.3396,Sipesipe,18,0,0.3204,0,0.0039,-0.5661,0.7573,0.3204,0,617.7,entrenamiento,mapear,
888b2c9565fffff,-17.5062,-66.3258,Sipesipe,33,0,0.5593,0,0.0069,-0.7479,0.6413,0.5593,0,795.7,entrenamiento,mapear,
888b2c9567fffff,-17.4995,-66.331,Sipesipe,232,3,4.2998,0.037,0.053,-0.6268,0.7548,1.2998,1,280.6,entrenamiento,revisar,
888b2c9585fffff,-17.448,-66.3816,Sipesipe,106,0,20.7943,0,0.2563,-4.5601,0.0459,20.7943,0,745,entrenamiento,mapear,
888b2c9587fffff,-17.4414,-66.3869,Sipesipe,217,2,15.2267,0.0246,0.1877,-3.3896,0.1849,13.2267,0,1096.9,entrenamiento,mapear,
888b2c95a1fffff,-17.4385,-66.3697,Sipesipe,172,2,23.0777,0.0246,0.2844,-4.3876,0.1246,21.0777,0,642.3,entrenamiento,mapear,
888b2c95a3fffff,-17.4319,-66.375,Sipesipe,133,0,3.2963,0,0.0406,-1.8156,0.2328,3.2963,1,391.9,entrenamiento,revisar,
888b2c95a5fffff,-17.4371,-66.3611,Sipesipe,565,1,11.3,0.0123,0.1393,-3.0641,0.1626,10.3,1,61.5,entrenamiento,revisar,
888b2c95a7fffff,-17.4305,-66.3664,Sipesipe,353,2,20.0315,0.0246,0.2469,-4.0288,0.1426,18.0315,1,75.7,entrenamiento,revisar,
888b2c95a9fffff,-17.4466,-66.373,Sipesipe,419,0,35.6038,0,0.4388,-5.9669,0.0273,35.6038,1,28,entrenamiento,revisar,
888b2c95abfffff,-17.44,-66.3783,Sipesipe,293,5,28.5147,0.0616,0.3514,-4.4036,0.2033,23.5147,1,185.6,entrenamiento,revisar,
888b2c95adfffff,-17.4452,-66.3645,Sipesipe,596,1,56.8875,0.0123,0.7011,-7.4098,0.0345,55.8875,1,24.6,entrenamiento,revisar,
888b2c95b1fffff,-17.4267,-66.3888,Sipesipe,348,1,1.1662,0.0123,0.0144,-0.1539,0.9233,0.1662,0,1078.6,entrenamiento,mapear,
888b2c95b3fffff,-17.4201,-66.3941,Sipesipe,173,0,0.6041,0,0.0074,-0.7772,0.6234,0.6041,0,715.2,entrenamiento,mapear,
888b2c95b5fffff,-17.4253,-66.3802,Sipesipe,169,0,1.837,0,0.0226,-1.3553,0.3525,1.837,1,165.4,entrenamiento,revisar,
888b2c95b7fffff,-17.4187,-66.3855,Sipesipe,400,16,1.4065,0.1972,0.0173,12.3054,7.0643,0,1,130.8,entrenamiento,sin_brecha,
888b2c95b9fffff,-17.4348,-66.3921,Sipesipe,70,0,0.2346,0,0.0029,-0.4843,0.81,0.2346,0,1708.9,entrenamiento,mapear,
888b2c95bdfffff,-17.4333,-66.3836,Sipesipe,11,0,0.1816,0,0.0022,-0.4261,0.8463,0.1816,0,950.8,entrenamiento,mapear,
888b2c95e1fffff,-17.4612,-66.3711,Sipesipe,206,0,32.8381,0,0.4047,-5.7304,0.0296,32.8381,0,1468.9,entrenamiento,mapear,
888b2c95e3fffff,-17.4546,-66.3764,Sipesipe,48,0,5.726,0,0.0706,-2.3929,0.1487,5.726,0,794.4,entrenamiento,mapear,
888b2c95e5fffff,-17.4598,-66.3625,Sipesipe,778,17,124.019,0.2095,1.5284,-9.6099,0.144,107.019,0,851.3,entrenamiento,mapear,
888b2c95e7fffff,-17.4532,-66.3678,Sipesipe,474,0,56.5445,0,0.6969,-7.5196,0.0174,56.5445,0,541.9,entrenamiento,mapear,
888b2c95edfffff,-17.4679,-66.3659,Sipesipe,59,0,7.7787,0,0.0959,-2.789,0.1139,7.7787,0,1798.6,entrenamiento,mapear,
888b2c9803fffff,-17.5056,-66.142,Cochabamba,58,0,3.6832,0,0.0454,-1.9192,0.2135,3.6832,0,2478.9,entrenamiento,mapear,
888b2c9811fffff,-17.5004,-66.1558,Cochabamba,253,1,15.5538,0.0123,0.1917,-3.6903,0.1208,14.5538,0,906.7,entrenamiento,mapear,
888b2c9813fffff,-17.4938,-66.161,Cochabamba,1294,22,86.2667,0.2711,1.0631,-6.9193,0.2636,64.2667,0,587.4,entrenamiento,mapear,
888b2c9817fffff,-17.4924,-66.1525,Cochabamba,273,4,24.993,0.0493,0.308,-4.1992,0.1924,20.993,0,776.5,entrenamiento,mapear,
888b2c9819fffff,-17.5084,-66.1591,Cochabamba,85,0,3.6039,0,0.0444,-1.8984,0.2172,3.6039,0,1133.9,entrenamiento,mapear,
888b2c981bfffff,-17.5018,-66.1643,Cochabamba,610,14,26.8602,0.1725,0.331,-2.4814,0.5384,12.8602,1,216.2,entrenamiento,revisar,
888b2c9821fffff,-17.5013,-66.1163,Cochabamba,89,1,5.4594,0.0123,0.0673,-1.9086,0.3096,4.4594,0,1640.4,entrenamiento,mapear,
888b2c9823fffff,-17.4947,-66.1215,Cochabamba,366,23,22.1818,0.2835,0.2734,0.1737,1.0353,0,0,941.4,entrenamiento,sin_brecha,
888b2c9827fffff,-17.4933,-66.113,Cochabamba,691,40,43.245,0.493,0.5329,-0.4935,0.9267,3.245,0,944.5,entrenamiento,mapear,
888b2c9833fffff,-17.4829,-66.1406,Cochabamba,442,3,27.8885,0.037,0.3437,-4.7129,0.1385,24.8885,0,760.3,entrenamiento,mapear,
888b2c9835fffff,-17.4881,-66.1268,Cochabamba,599,6,33.1051,0.0739,0.408,-4.7109,0.2052,27.1051,0,879.2,entrenamiento,mapear,
888b2c9837fffff,-17.4815,-66.132,Cochabamba,1742,26,83.8632,0.3204,1.0335,-6.3185,0.3182,57.8632,0,567.1,entrenamiento,mapear,
888b2c983bfffff,-17.4909,-66.1439,Cochabamba,45,0,3.4852,0,0.043,-1.8669,0.223,3.4852,0,1086.8,entrenamiento,mapear,
888b2c9853fffff,-17.5164,-66.1624,Cochabamba,20,0,1.3596,0,0.0168,-1.166,0.4238,1.3596,0,1457.2,entrenamiento,mapear,
888b2c985bfffff,-17.5245,-66.1657,Villa Santivañez,45,0,7.5503,0,0.093,-2.7478,0.117,7.5503,0,1301.3,entrenamiento,mapear,
888b2c9861fffff,-17.5239,-66.1177,Arbieto,93,1,21.2283,0.0123,0.2616,-4.3904,0.09,20.2283,0,3289,entrenamiento,mapear,
888b2c9865fffff,-17.5225,-66.1091,Arbieto,224,8,47.8228,0.0986,0.5894,-5.7586,0.1843,39.8228,0,2403.3,entrenamiento,mapear,
888b2c9867fffff,-17.5159,-66.1144,Arbieto,72,5,10.1421,0.0616,0.125,-1.6147,0.5385,5.1421,0,2678.4,entrenamiento,mapear,
888b2c9869fffff,-17.532,-66.121,Arbieto,201,2,41.6968,0.0246,0.5139,-6.1476,0.0703,39.6968,0,3852.9,entrenamiento,mapear,
888b2c986bfffff,-17.5254,-66.1262,Arbieto,64,0,6.8085,0,0.0839,-2.6093,0.1281,6.8085,0,4189.2,entrenamiento,mapear,
888b2c986dfffff,-17.5305,-66.1124,Arbieto,199,2,51.2194,0.0246,0.6312,-6.8773,0.0574,49.2194,0,2939.6,entrenamiento,mapear,
888b2c9881fffff,-17.4659,-66.1735,Cochabamba,1567,360,461.839,4.4366,5.6917,-4.7388,0.78,101.839,1,402.5,entrenamiento,revisar,
888b2c9883fffff,-17.4593,-66.1787,Cochabamba,1092,74,105.46,0.912,1.2997,-3.0634,0.7045,31.4596,1,273.5,entrenamiento,revisar,
888b2c9885fffff,-17.4645,-66.1649,Cochabamba,1781,294,495.908,3.6232,6.1115,-9.0668,0.5937,201.908,1,75,entrenamiento,revisar,
888b2c9887fffff,-17.4579,-66.1701,Cochabamba,2211,691,1329.76,8.5158,16.3879,-17.5167,0.52,638.763,1,252.2,entrenamiento,revisar,
888b2c9889fffff,-17.474,-66.1768,Cochabamba,1560,207,38.6286,2.5511,0.4761,27.0903,5.2487,0,1,111,entrenamiento,sin_brecha,
888b2c988bfffff,-17.4674,-66.182,Cochabamba,1001,33,110.47,0.4067,1.3614,-7.3707,0.305,77.4697,0,892.3,entrenamiento,mapear,
888b2c988dfffff,-17.4725,-66.1682,Cochabamba,2165,464,214.769,5.7183,2.6468,17.0066,2.1551,0,1,202.2,entrenamiento,sin_brecha,
888b2c9891fffff,-17.4541,-66.1925,Cochabamba,657,19,63.2072,0.2342,0.779,-5.5605,0.3115,44.2072,1,133.8,entrenamiento,revisar,
888b2c9893fffff,-17.4475,-66.1978,Cochabamba,2360,143,266.353,1.7623,3.2825,-7.5582,0.5386,123.353,1,205.5,entrenamiento,revisar,
888b2c9895fffff,-17.4527,-66.1839,Cochabamba,663,9,104.3,0.1109,1.2854,-9.3315,0.095,95.3005,0,558.4,entrenamiento,mapear,
888b2c9897fffff,-17.4461,-66.1892,Cochabamba,988,29,161.989,0.3574,1.9963,-10.449,0.1841,132.989,0,587.5,entrenamiento,mapear,
888b2c9899fffff,-17.4622,-66.1958,Cochabamba,1086,19,105.695,0.2342,1.3026,-8.4327,0.1874,86.6952,0,624.7,entrenamiento,mapear,
888b2c989bfffff,-17.4556,-66.2011,Cochabamba,2223,262,239.2,3.2289,2.9479,1.4742,1.0949,0,1,99.7,entrenamiento,sin_brecha,
888b2c989dfffff,-17.4607,-66.1873,Cochabamba,1508,130,140.76,1.6021,1.7347,-0.9069,0.9241,10.7603,1,285.7,entrenamiento,revisar,
888b2c98a1fffff,-17.4551,-66.153,Cochabamba,1983,544,1038.39,6.7042,12.797,-15.3423,0.5243,494.391,1,228.9,entrenamiento,revisar,
888b2c98a3fffff,-17.4484,-66.1583,Cochabamba,3400,896,2944.79,11.0422,36.2914,-37.7547,0.3045,2048.79,1,226.7,entrenamiento,revisar,
888b2c98a5fffff,-17.4536,-66.1445,Cochabamba,1547,490,1029.85,6.0387,12.6918,-16.8224,0.4763,539.854,1,215.6,entrenamiento,revisar,
888b2c98a7fffff,-17.447,-66.1497,Cochabamba,2737,1904,2129.54,23.4647,26.2443,-4.8875,0.8941,225.544,1,17.8,entrenamiento,revisar,
888b2c98a9fffff,-17.4631,-66.1563,Cochabamba,3895,326,1436.28,4.0176,17.7006,-29.2963,0.2275,1110.28,1,123.9,entrenamiento,revisar,
888b2c98abfffff,-17.4565,-66.1616,Cochabamba,3783,1033,2518.94,12.7306,31.0433,-29.6069,0.4103,1485.94,1,18.3,entrenamiento,revisar,
888b2c98adfffff,-17.4617,-66.1478,Cochabamba,3439,457,987.204,5.632,12.1662,-16.8748,0.4635,530.204,1,23.5,entrenamiento,revisar,
888b2c98b1fffff,-17.4433,-66.1721,Cochabamba,1593,258,881.507,3.1796,10.8636,-21.0004,0.2935,623.507,1,32.9,entrenamiento,revisar,
888b2c98b3fffff,-17.4366,-66.1773,Cochabamba,956,44,129.177,0.5423,1.592,-7.4943,0.3457,85.1768,1,325.6,entrenamiento,revisar,
888b2c98b5fffff,-17.4418,-66.1635,Cochabamba,3998,2343,3652.77,28.8749,45.0165,-21.6713,0.6415,1309.77,1,29.1,entrenamiento,revisar,
888b2c98b7fffff,-17.4352,-66.1688,Cochabamba,1534,212,1133.25,2.6127,13.9661,-27.3663,0.1878,921.254,1,108.1,entrenamiento,revisar,
888b2c98b9fffff,-17.4513,-66.1754,Cochabamba,1138,130,582.749,1.6021,7.1818,-18.755,0.2244,452.749,1,370,entrenamiento,revisar,
888b2c98bbfffff,-17.4447,-66.1806,Cochabamba,540,33,110.803,0.4067,1.3655,-7.3913,0.3041,77.8035,1,304.1,entrenamiento,revisar,
888b2c98bdfffff,-17.4499,-66.1668,Cochabamba,1833,881,1601.58,10.8574,19.7377,-18.0055,0.5504,720.576,1,128,entrenamiento,revisar,
888b2c98c1fffff,-17.4886,-66.1748,Cochabamba,2015,560,46.3826,6.9014,0.5716,75.4158,11.8398,0,1,135.5,entrenamiento,sin_brecha,
888b2c98c3fffff,-17.482,-66.1801,Cochabamba,1255,98,28.8045,1.2077,0.355,12.8928,3.3216,0,0,628.4,entrenamiento,sin_brecha,
888b2c98c5fffff,-17.4872,-66.1663,Cochabamba,1846,133,35.1,1.6391,0.4326,16.5245,3.7119,0,0,522.3,entrenamiento,sin_brecha,
888b2c98c7fffff,-17.4806,-66.1715,Cochabamba,1879,836,39.8777,10.3028,0.4914,126.071,20.4757,0,1,112.9,entrenamiento,sin_brecha,
888b2c98c9fffff,-17.4966,-66.1781,Cochabamba,1606,89,48.483,1.0968,0.5975,5.8189,1.8188,0,1,121.3,entrenamiento,sin_brecha,
888b2c98cbfffff,-17.49,-66.1834,Cochabamba,1235,132,34.5286,1.6268,0.4255,16.5878,3.7435,0,1,235.5,entrenamiento,sin_brecha,
888b2c98cdfffff,-17.4952,-66.1696,Cochabamba,1118,56,23.6742,0.6901,0.2918,6.6437,2.3101,0,1,239.8,entrenamiento,sin_brecha,
888b2c98d1fffff,-17.4768,-66.1939,Cochabamba,676,8,70.6283,0.0986,0.8704,-7.4521,0.1256,62.6283,0,896.4,entrenamiento,mapear,
888b2c98d3fffff,-17.4702,-66.1991,Cochabamba,1697,23,143.985,0.2835,1.7745,-10.0826,0.1655,120.985,1,492.7,entrenamiento,revisar,
888b2c98d5fffff,-17.4754,-66.1853,Cochabamba,1235,261,126.136,3.2165,1.5545,12.0081,2.0608,0,1,9,entrenamiento,sin_brecha,
888b2c98d7fffff,-17.4688,-66.1906,Cochabamba,501,4,43.423,0.0493,0.5351,-5.9826,0.1126,39.423,0,816.6,entrenamiento,mapear,
888b2c98d9fffff,-17.4848,-66.1972,Cochabamba,410,6,36.349,0.0739,0.448,-5.0338,0.1874,30.349,0,1432.4,entrenamiento,mapear,
888b2c98dbfffff,-17.4782,-66.2025,Cochabamba,721,1,62.0812,0.0123,0.7651,-7.7522,0.0317,61.0812,0,514.8,entrenamiento,mapear,
888b2c98ddfffff,-17.4834,-66.1886,Cochabamba,852,28,31.3235,0.3451,0.386,-0.5938,0.8972,3.3235,0,749,entrenamiento,mapear,
888b2c98e1fffff,-17.4777,-66.1544,Cochabamba,1424,226,107.927,2.7852,1.3301,11.3654,2.084,0,1,236,entrenamiento,sin_brecha,
888b2c98e3fffff,-17.4711,-66.1596,Cochabamba,2113,488,200.998,6.0141,2.4771,20.2437,2.4208,0,1,156.7,entrenamiento,sin_brecha,
888b2c98e5fffff,-17.4763,-66.1458,Cochabamba,2151,196,185.857,2.4155,2.2905,0.744,1.0543,0,1,285.9,entrenamiento,sin_brecha,
888b2c98e7fffff,-17.4697,-66.1511,Cochabamba,3739,334,385.454,4.1162,4.7503,-2.6208,0.8669,51.4543,1,63.9,entrenamiento,revisar,
888b2c98e9fffff,-17.4857,-66.1577,Cochabamba,1761,126,26.5629,1.5528,0.3274,19.2935,4.6076,0,1,142.3,entrenamiento,sin_brecha,
888b2c98ebfffff,-17.4791,-66.163,Cochabamba,1899,233,133.043,2.8715,1.6396,8.666,1.7457,0,1,73.7,entrenamiento,sin_brecha,
888b2c98edfffff,-17.4843,-66.1491,Cochabamba,877,44,8.0776,0.5423,0.0995,12.6393,4.9572,0,1,167.4,entrenamiento,sin_brecha,
888b2c9901fffff,-17.5022,-66.0768,Arbieto,68,1,4.0505,0.0123,0.0499,-1.5157,0.396,3.0505,0,1324,entrenamiento,mapear,
888b2c9903fffff,-17.4956,-66.0821,Arbieto,93,0,7.5864,0,0.0935,-2.7543,0.1165,7.5864,0,1052.5,entrenamiento,mapear,
888b2c9909fffff,-17.5102,-66.0801,Arbieto,63,0,3.6316,0,0.0448,-1.9057,0.2159,3.6316,0,954.5,entrenamiento,mapear,
888b2c990bfffff,-17.5036,-66.0854,Arbieto,102,14,8.6307,0.1725,0.1064,1.8277,1.5575,0,1,405.4,entrenamiento,sin_brecha,
888b2c990dfffff,-17.5088,-66.0716,Arbieto,55,0,3.8372,0,0.0473,-1.9589,0.2067,3.8372,0,1834.5,entrenamiento,mapear,
888b2c9911fffff,-17.4904,-66.0959,Arbieto,320,93,27.7532,1.1461,0.342,12.3852,3.2692,0,1,37.7,entrenamiento,sin_brecha,
888b2c9913fffff,-17.4838,-66.1011,Cochabamba,2259,188,230.913,2.3169,2.8457,-2.824,0.815,42.9126,1,50,entrenamiento,revisar,
888b2c9915fffff,-17.489,-66.0873,Cochabamba,203,5,16.7083,0.0616,0.2059,-2.8644,0.3388,11.7083,0,736.6,entrenamiento,mapear,
888b2c9917fffff,-17.4824,-66.0926,Cochabamba,1026,27,86.0565,0.3327,1.0606,-6.3661,0.3216,59.0565,0,756.6,entrenamiento,mapear,
888b2c9919fffff,-17.4984,-66.0992,Arbieto,76,0,5.3008,0,0.0653,-2.3023,0.1587,5.3008,0,657.8,entrenamiento,mapear,
888b2c991bfffff,-17.4918,-66.1044,Cochabamba,82,26,7.2296,0.3204,0.0891,6.981,3.2808,0,0,818.2,entrenamiento,sin_brecha,
888b2c991dfffff,-17.497,-66.0906,Arbieto,180,29,15.4749,0.3574,0.1907,3.4382,1.8209,0,1,163.5,entrenamiento,sin_brecha,
888b2c9933fffff,-17.4729,-66.0807,Cochabamba,161,0,7.3588,0,0.0907,-2.7127,0.1196,7.3588,0,1782.3,entrenamiento,mapear,
888b2c9939fffff,-17.4876,-66.0788,Cochabamba,12,0,0.6081,0,0.0075,-0.7798,0.6218,0.6081,0,1626.2,entrenamiento,mapear,
888b2c993bfffff,-17.481,-66.084,Cochabamba,140,7,7.1345,0.0863,0.0879,-0.0504,0.9835,0.1345,0,1569.4,entrenamiento,mapear,
888b2c993dfffff,-17.4861,-66.0702,Sacaba,31,0,0.569,0,0.007,-0.7543,0.6374,0.569,0,2519.1,entrenamiento,mapear,
888b2c9943fffff,-17.5182,-66.0834,Arbieto,58,13,2.7163,0.1602,0.0335,6.2397,3.7672,0,1,332.1,entrenamiento,sin_brecha,
888b2c9949fffff,-17.5329,-66.0815,Arbieto,150,14,9.0278,0.1725,0.1113,1.6549,1.4958,0,1,155.1,entrenamiento,sin_brecha,
888b2c994bfffff,-17.5263,-66.0868,Arbieto,229,114,15.8866,1.4049,0.1958,24.6157,6.8101,0,1,187.7,entrenamiento,sin_brecha,
888b2c994dfffff,-17.5314,-66.073,Arbieto,25,1,1.5046,0.0123,0.0185,-0.4114,0.7985,0.5046,0,642.2,entrenamiento,mapear,
888b2c9955fffff,-17.5116,-66.0887,Arbieto,372,75,25.2472,0.9243,0.3111,9.9017,2.8955,0,1,79.4,entrenamiento,sin_brecha,
888b2c9957fffff,-17.505,-66.0939,Arbieto,13,2,0.8683,0.0246,0.0107,1.2144,1.6057,0,1,417.5,entrenamiento,sin_brecha,
888b2c9959fffff,-17.5211,-66.1006,Arbieto,67,4,1.8231,0.0493,0.0225,1.6122,1.7711,0,0,1502.1,entrenamiento,sin_brecha,
888b2c995dfffff,-17.5197,-66.092,Arbieto,178,4,4.8435,0.0493,0.0597,-0.3833,0.8556,0.8435,0,585.5,entrenamiento,mapear,
888b2c9981fffff,-17.456,-66.1135,Cochabamba,3095,871,1061.4,10.7341,13.0806,-5.8442,0.8208,190.4,1,39.9,entrenamiento,revisar,
888b2c9983fffff,-17.4494,-66.1188,Cochabamba,2243,1193,1260.8,14.7024,15.5381,-1.9096,0.9463,67.8042,1,144.1,entrenamiento,revisar,
888b2c9985fffff,-17.4545,-66.105,Cochabamba,1619,183,840.649,2.2553,10.3601,-22.6823,0.2186,657.649,1,233.4,entrenamiento,revisar,
888b2c9987fffff,-17.4479,-66.1102,Cochabamba,2340,1541,2497.77,18.9912,30.7823,-19.1439,0.6171,956.77,1,17,entrenamiento,revisar,
888b2c9989fffff,-17.464,-66.1169,Cochabamba,2633,903,125.926,11.1285,1.5519,69.2476,7.1223,0,1,96.5,entrenamiento,sin_brecha,
888b2c998bfffff,-17.4574,-66.1221,Cochabamba,2834,690,409.852,8.5035,5.051,13.838,1.6819,0,1,253.2,entrenamiento,sin_brecha,
888b2c998dfffff,-17.4626,-66.1083,Cochabamba,1548,251,100.338,3.0933,1.2366,15.0409,2.4867,0,1,61.8,entrenamiento,sin_brecha,
888b2c9991fffff,-17.4442,-66.1326,Cochabamba,3523,2385,1890.28,29.3926,23.2957,11.3788,1.2616,0,1,29.6,entrenamiento,sin_brecha,
888b2c9993fffff,-17.4376,-66.1378,Cochabamba,3875,554,1547.87,6.8275,19.0758,-25.2616,0.3583,993.867,1,185.3,entrenamiento,revisar,
888b2c9995fffff,-17.4427,-66.124,Cochabamba,3868,1903,3805.81,23.4524,46.9025,-30.8441,0.5002,1902.81,1,115.9,entrenamiento,revisar,
888b2c9997fffff,-17.4361,-66.1293,Cochabamba,4655,2222,4882.28,27.3838,60.1689,-38.0729,0.4552,2660.28,1,116.8,entrenamiento,revisar,
888b2c9999fffff,-17.4522,-66.1359,Cochabamba,1612,577,730.515,7.1109,9.0028,-5.6798,0.7901,153.515,0,518.6,entrenamiento,mapear,
888b2c999bfffff,-17.4456,-66.1411,Cochabamba,3108,3996,1937.46,49.2464,23.8771,46.7674,2.0619,0,1,7.3,entrenamiento,sin_brecha,
888b2c999dfffff,-17.4508,-66.1273,Cochabamba,2938,2484,1369.64,30.6126,16.8794,30.1107,1.813,0,1,29.1,entrenamiento,sin_brecha,
888b2c99a3fffff,-17.4385,-66.0984,Cochabamba,26,9,1.3684,0.1109,0.0169,6.5239,4.2222,0,0,679.9,entrenamiento,sin_brecha,
888b2c99a9fffff,-17.4531,-66.0964,Cochabamba,319,1,0,0.0123,0,999.999,2,0,0,838.5,entrenamiento,sin_brecha,
888b2c99abfffff,-17.4465,-66.1017,Cochabamba,1294,118,1018.85,1.4542,12.5562,-28.2226,0.1167,900.846,1,93.1,entrenamiento,revisar,
888b2c99b1fffff,-17.4333,-66.1122,Cochabamba,1846,614,2177.5,7.5669,26.8354,-33.5057,0.2823,1563.5,1,297.9,entrenamiento,revisar,
888b2c99b3fffff,-17.4267,-66.1174,Cochabamba,3686,1167,4347.92,14.382,53.5835,-48.2406,0.2686,3180.92,1,8.5,entrenamiento,revisar,
888b2c99b5fffff,-17.4319,-66.1036,Cochabamba,137,0,113.939,0,1.4042,-10.6742,0.0087,113.939,0,848,entrenamiento,mapear,20
888b2c99b7fffff,-17.4253,-66.1089,Cochabamba,403,98,476.997,1.2077,5.8785,-17.3531,0.2071,378.997,1,493.9,entrenamiento,revisar,
888b2c99b9fffff,-17.4413,-66.1155,Cochabamba,3296,3761,3785.73,46.3503,46.6551,-0.402,0.9935,24.7328,1,105.5,entrenamiento,revisar,
888b2c99bbfffff,-17.4347,-66.1207,Cochabamba,4343,2193,4988.3,27.0264,61.4754,-39.5778,0.4397,2795.3,1,59,entrenamiento,revisar,
888b2c99bdfffff,-17.4399,-66.1069,Cochabamba,1098,281,1265.27,3.463,15.5931,-27.6709,0.2227,984.271,1,18.4,entrenamiento,revisar,
888b2c99c1fffff,-17.4786,-66.1149,Cochabamba,2230,239,120.068,2.9454,1.4797,10.8539,1.9824,0,1,368.8,entrenamiento,sin_brecha,
888b2c99c3fffff,-17.472,-66.1202,Cochabamba,3316,129,202.176,1.5898,2.4916,-5.1464,0.6398,73.1757,1,13.9,entrenamiento,revisar,
888b2c99c5fffff,-17.4772,-66.1064,Cochabamba,3530,419,301.558,5.1637,3.7164,6.763,1.3882,0,1,142.7,entrenamiento,sin_brecha,
888b2c99c7fffff,-17.4706,-66.1116,Cochabamba,1963,498,118.861,6.1373,1.4648,34.776,4.1632,0,1,137,entrenamiento,sin_brecha,
888b2c99c9fffff,-17.4867,-66.1182,Cochabamba,2159,90,89.9583,1.1092,1.1086,0.0044,1.0005,0,1,29.1,entrenamiento,sin_brecha,
888b2c99cbfffff,-17.4801,-66.1235,Cochabamba,2529,42,64.5422,0.5176,0.7954,-2.8059,0.6561,22.5422,1,43.1,entrenamiento,revisar,
888b2c99cdfffff,-17.4852,-66.1097,Cochabamba,1514,119,126.832,1.4665,1.5631,-0.6955,0.9387,7.8325,1,274.8,entrenamiento,revisar,
888b2c99d1fffff,-17.4668,-66.134,Cochabamba,4324,565,498.618,6.963,6.1449,2.9728,1.1329,0,1,102.6,entrenamiento,sin_brecha,
888b2c99d3fffff,-17.4602,-66.1392,Cochabamba,2600,300,567.062,3.6972,6.9884,-11.2149,0.5299,267.062,1,365.8,entrenamiento,revisar,
888b2c99d5fffff,-17.4654,-66.1254,Cochabamba,2542,344,281.39,4.2394,3.4678,3.7324,1.2217,0,1,160.5,entrenamiento,sin_brecha,
888b2c99d7fffff,-17.4588,-66.1307,Cochabamba,2536,327,705.596,4.0299,8.6957,-14.2527,0.4642,378.596,1,167.5,entrenamiento,revisar,
888b2c99d9fffff,-17.4749,-66.1373,Cochabamba,4310,223,223.702,2.7482,2.7569,-0.047,0.9969,0.7024,1,93.7,entrenamiento,revisar,
888b2c99dbfffff,-17.4683,-66.1425,Cochabamba,4310,557,455.994,6.8644,5.6196,4.7301,1.221,0,1,83.4,entrenamiento,sin_brecha,
888b2c99ddfffff,-17.4734,-66.1287,Cochabamba,2633,191,123.272,2.3539,1.5192,6.1001,1.545,0,1,234.2,entrenamiento,sin_brecha,
888b2c99e1fffff,-17.4677,-66.0945,Cochabamba,1034,48,63.4461,0.5915,0.7819,-1.9392,0.7603,15.4461,1,354.1,entrenamiento,revisar,
888b2c99e3fffff,-17.4611,-66.0997,Cochabamba,1196,83,72.2678,1.0229,0.8906,1.2625,1.1465,0,1,197.3,entrenamiento,sin_brecha,
888b2c99e5fffff,-17.4663,-66.0859,Cochabamba,546,4,13.1194,0.0493,0.1617,-2.5177,0.3541,9.1194,0,1246.7,entrenamiento,mapear,
888b2c99e7fffff,-17.4597,-66.0912,Cochabamba,540,3,0,0.037,0,3000,4,0,0,1062.2,entrenamiento,sin_brecha,
888b2c99e9fffff,-17.4758,-66.0978,Cochabamba,1716,153,141.669,1.8856,1.7459,0.952,1.0794,0,1,450.5,entrenamiento,sin_brecha,
888b2c99ebfffff,-17.4692,-66.103,Cochabamba,1079,128,84.7566,1.5775,1.0445,4.6971,1.5043,0,1,214.8,entrenamiento,sin_brecha,
888b2c99edfffff,-17.4743,-66.0893,Cochabamba,1335,31,34.205,0.382,0.4215,-0.548,0.909,3.205,0,982.3,entrenamiento,mapear,
888b2c9a01fffff,-17.5684,-66.1599,Villa Santivañez,22,2,0,0.0246,0,2000,3,0,0,5447.4,entrenamiento,sin_brecha,
888b2c9a03fffff,-17.5618,-66.1652,Villa Santivañez,10,0,0.1594,0,0.002,-0.3992,0.8625,0.1594,0,4557,entrenamiento,mapear,
888b2c9a07fffff,-17.5603,-66.1566,Villa Santivañez,35,1,0,0.0123,0,999.999,2,0,0,4811.4,entrenamiento,sin_brecha,
888b2c9a11fffff,-17.5566,-66.179,Villa Santivañez,27,0,0.2389,0,0.0029,-0.4888,0.8071,0.2389,0,3107.5,entrenamiento,mapear,
888b2c9a13fffff,-17.55,-66.1842,Villa Santivañez,45,0,0.3214,0,0.004,-0.5669,0.7568,0.3214,0,2369.3,entrenamiento,mapear,
888b2c9a15fffff,-17.5552,-66.1704,Villa Santivañez,13,0,0.0823,0,0.001,-0.2868,0.924,0.0823,0,3678.9,entrenamiento,mapear,
888b2c9a17fffff,-17.5486,-66.1757,Villa Santivañez,105,1,0.5122,0.0123,0.0063,0.6816,1.3226,0,0,2825,entrenamiento,sin_brecha,
888b2c9a21fffff,-17.5575,-66.1395,Villa Santivañez,156,20,1.2957,0.2465,0.016,16.4321,9.1476,0,0,5672.4,entrenamiento,sin_brecha,
888b2c9a23fffff,-17.5509,-66.1447,Villa Santivañez,48,0,0.3097,0,0.0038,-0.5565,0.7635,0.3097,0,4765.9,entrenamiento,mapear,
888b2c9a25fffff,-17.5561,-66.1309,Villa Santivañez,49,35,0.4399,0.4313,0.0054,52.1099,25.0025,0,0,5622.6,entrenamiento,sin_brecha,
888b2c9a27fffff,-17.5495,-66.1362,Villa Santivañez,72,0,0.6463,0,0.008,-0.8039,0.6074,0.6463,0,5378,entrenamiento,mapear,
888b2c9a29fffff,-17.5655,-66.1428,Villa Santivañez,22,0,0.176,0,0.0022,-0.4195,0.8503,0.176,0,6099.3,entrenamiento,mapear,
888b2c9a2bfffff,-17.5589,-66.148,Villa Santivañez,51,3,0.329,0.037,0.0041,4.6564,3.0097,0,0,5179.8,entrenamiento,sin_brecha,
888b2c9a31fffff,-17.5457,-66.1585,Villa Santivañez,14,0,0.0592,0,0.0007,-0.2433,0.9441,0.0592,0,3340.8,entrenamiento,mapear,
888b2c9a35fffff,-17.5443,-66.15,Villa Santivañez,41,2,0.2485,0.0246,0.0031,3.5137,2.4029,0,0,3864.7,entrenamiento,sin_brecha,
888b2c9a39fffff,-17.5537,-66.1619,Villa Santivañez,19,0,0.1067,0,0.0013,-0.3267,0.9036,0.1067,0,3904.6,entrenamiento,mapear,
888b2c9a3bfffff,-17.5471,-66.1671,Villa Santivañez,44,0,0.1517,0,0.0019,-0.3895,0.8683,0.1517,0,2999.8,entrenamiento,mapear,
888b2c9a3dfffff,-17.5523,-66.1533,Villa Santivañez,30,4,0.1818,0.0493,0.0022,8.9544,4.2308,0,0,4260.3,entrenamiento,sin_brecha,
888b2c9a5bfffff,-17.5807,-66.1889,Villa Santivañez,10,0,0,0,0,-0.001,1,0,0,4219.9,entrenamiento,mapear,
888b2c9a91fffff,-17.5104,-66.2157,Cochabamba,23,0,0,0,0,-0.001,1,0,0,2797.8,entrenamiento,mapear,
888b2c9a93fffff,-17.5037,-66.221,Cochabamba,30,0,0,0,0,-0.001,1,0,0,3429.8,entrenamiento,mapear,
888b2c9a97fffff,-17.5023,-66.2124,Cochabamba,32,2,0,0.0246,0,2000,3,0,0,3040.1,entrenamiento,sin_brecha,
888b2c9aa1fffff,-17.5113,-66.1762,Cochabamba,26,1,1.1866,0.0123,0.0146,-0.1713,0.9147,0.1866,1,111.5,entrenamiento,revisar,
888b2c9aa3fffff,-17.5047,-66.1815,Cochabamba,312,0,40.3269,0,0.497,-6.3503,0.0242,40.3269,0,845.1,entrenamiento,mapear,
888b2c9aa5fffff,-17.5098,-66.1677,Cochabamba,39,0,0.7636,0,0.0094,-0.8739,0.567,0.7636,0,707.2,entrenamiento,mapear,
888b2c9aa7fffff,-17.5032,-66.1729,Cochabamba,410,13,19.5531,0.1602,0.241,-1.482,0.6812,6.5531,1,91.7,entrenamiento,revisar,
888b2c9aa9fffff,-17.5193,-66.1795,Villa Santivañez,26,24,1.1866,0.2958,0.0146,20.9433,11.4334,0,1,127.2,entrenamiento,sin_brecha,
888b2c9aabfffff,-17.5127,-66.1848,Villa Santivañez,13,0,1.6429,0,0.0202,-1.2817,0.3784,1.6429,0,873.5,entrenamiento,mapear,
888b2c9aadfffff,-17.5179,-66.171,Cochabamba,58,0,1.0684,0,0.0132,-1.0336,0.4835,1.0684,0,702.5,entrenamiento,mapear,
888b2c9ab1fffff,-17.4995,-66.1953,Cochabamba,10,0,0.6215,0,0.0077,-0.7884,0.6167,0.6215,0,1686.1,entrenamiento,mapear,
888b2c9ab5fffff,-17.4981,-66.1867,Cochabamba,338,19,38.5728,0.2342,0.4754,-3.1515,0.5054,19.5728,0,762.7,entrenamiento,mapear,
888b2c9ab7fffff,-17.4914,-66.192,Cochabamba,468,11,31.1125,0.1356,0.3834,-3.6058,0.3737,20.1125,0,996.4,entrenamiento,mapear,
888b2c9abbfffff,-17.5009,-66.2038,Cochabamba,32,0,1.4141,0,0.0174,-1.1892,0.4142,1.4141,0,2609.7,entrenamiento,mapear,
888b2c9ac1fffff,-17.5448,-66.198,Villa Santivañez,15,0,0.1523,0,0.0019,-0.3902,0.8678,0.1523,0,874,entrenamiento,mapear,
888b2c9ac3fffff,-17.5382,-66.2033,Villa Santivañez,40,11,0.6557,0.1356,0.0081,12.7742,7.2475,0,1,395.9,entrenamiento,sin_brecha,
888b2c9ac5fffff,-17.5434,-66.1895,Villa Santivañez,46,1,0.4163,0.0123,0.0051,0.9047,1.4121,0,0,1589.1,entrenamiento,sin_brecha,
888b2c9ac7fffff,-17.5368,-66.1947,Villa Santivañez,26,0,0.264,0,0.0033,-0.5138,0.7912,0.264,0,673.4,entrenamiento,mapear,
888b2c9acbfffff,-17.5462,-66.2066,Villa Santivañez,12,3,0.2069,0.037,0.0025,6.1406,3.3143,0,1,35.5,entrenamiento,sin_brecha,
888b2c9ad9fffff,-17.5411,-66.2204,Villa Santivañez,40,1,0.804,0.0123,0.0099,0.2186,1.1086,0,0,961.9,entrenamiento,sin_brecha,
888b2c9adbfffff,-17.5344,-66.2257,Villa Santivañez,10,0,0.3784,0,0.0047,-0.6151,0.7255,0.3784,0,1687.5,entrenamiento,mapear,
888b2c9aebfffff,-17.5354,-66.1862,Villa Santivañez,16,0,0.1119,0,0.0014,-0.3345,0.8994,0.1119,0,1032.4,entrenamiento,mapear,
888b2c9b01fffff,-17.5584,-66.1,Arbieto,216,0,42.091,0,0.5187,-6.4878,0.0232,42.091,0,3256.5,prueba,mapear,
888b2c9b03fffff,-17.5518,-66.1052,Arbieto,144,0,12.5078,0,0.1541,-3.5366,0.074,12.5078,0,3105.5,prueba,mapear,
888b2c9b05fffff,-17.5569,-66.0914,Arbieto,397,8,58.1838,0.0986,0.7171,-6.579,0.1521,50.1838,0,2647.9,prueba,mapear,
888b2c9b07fffff,-17.5503,-66.0967,Arbieto,419,11,94.2388,0.1356,1.1614,-8.5745,0.126,83.2388,0,2348.7,prueba,mapear,
888b2c9b09fffff,-17.5664,-66.1033,Arbieto,12,0,2.0271,0,0.025,-1.4238,0.3303,2.0271,0,4184.2,prueba,mapear,
888b2c9b0bfffff,-17.5598,-66.1086,Arbieto,85,0,7.1745,0,0.0884,-2.6785,0.1223,7.1745,0,3979.8,prueba,mapear,
888b2c9b0dfffff,-17.565,-66.0947,Arbieto,114,0,16.7354,0,0.2062,-4.0909,0.0564,16.7354,0,3603.3,prueba,mapear,
888b2c9b13fffff,-17.54,-66.1243,Arbieto,27,0,1.5929,0,0.0196,-1.2621,0.3857,1.5929,0,4325.5,prueba,mapear,
888b2c9b15fffff,-17.5452,-66.1105,Arbieto,51,0,2.7368,0,0.0337,-1.6543,0.2676,2.7368,0,3139.8,prueba,mapear,
888b2c9b17fffff,-17.5386,-66.1157,Arbieto,234,10,3.895,0.1232,0.048,3.0934,2.2472,0,0,3404.5,prueba,sin_brecha,
888b2c9b19fffff,-17.5546,-66.1224,Arbieto,49,18,9.7292,0.2218,0.1199,2.6516,1.7709,0,0,4755,prueba,sin_brecha,
888b2c9b1bfffff,-17.548,-66.1276,Arbieto,109,0,11.8118,0,0.1456,-3.4368,0.0781,11.8118,0,4928.5,prueba,mapear,
888b2c9b1dfffff,-17.5532,-66.1138,Arbieto,220,0,19.1728,0,0.2363,-4.3787,0.0496,19.1728,0,3910.7,prueba,mapear,
888b2c9b21fffff,-17.5475,-66.0796,Arbieto,71,0,6.2875,0,0.0775,-2.5075,0.1372,6.2875,0,1261.2,prueba,mapear,
888b2c9b25fffff,-17.5461,-66.071,Tolata,17,0,1.0778,0,0.0133,-1.0382,0.4813,1.0778,0,841.5,prueba,mapear,
888b2c9b27fffff,-17.5395,-66.0763,Arbieto,230,14,30.8455,0.1725,0.3801,-3.0331,0.471,16.8455,1,310.4,prueba,revisar,
888b2c9b29fffff,-17.5555,-66.0829,Arbieto,224,11,18.0421,0.1356,0.2223,-1.6579,0.6302,7.0421,0,2212.5,prueba,mapear,
888b2c9b2bfffff,-17.5489,-66.0881,Arbieto,300,1,55.7632,0.0123,0.6872,-7.3336,0.0352,54.7632,0,1693.5,prueba,mapear,
888b2c9b2dfffff,-17.5541,-66.0743,Arbieto,102,0,8.0696,0,0.0994,-2.8407,0.1103,8.0696,0,1795.3,prueba,mapear,
888b2c9b33fffff,-17.5291,-66.1039,Arbieto,156,6,4.4571,0.0739,0.0549,0.7308,1.2827,0,0,2022.1,prueba,sin_brecha,
888b2c9b35fffff,-17.5343,-66.0901,Arbieto,51,1,10.8204,0.0123,0.1333,-2.9854,0.1692,9.8204,0,659.6,prueba,mapear,
888b2c9b37fffff,-17.5277,-66.0953,Arbieto,131,14,33.7173,0.1725,0.4155,-3.3956,0.4321,19.7173,0,1104.8,prueba,mapear,
888b2c9b39fffff,-17.5438,-66.1019,Arbieto,351,13,39,0.1602,0.4806,-4.1633,0.35,26,0,2276.3,prueba,mapear,
888b2c9b3bfffff,-17.5372,-66.1072,Arbieto,51,6,1.1059,0.0739,0.0136,4.654,3.324,0,0,2485.1,prueba,sin_brecha,
888b2c9b3dfffff,-17.5423,-66.0934,Arbieto,130,0,19.1294,0,0.2357,-4.3737,0.0497,19.1294,0,1469.1,prueba,mapear,
888b2c9b53fffff,-17.5627,-66.1257,Arbieto,21,1,3.8629,0.0123,0.0476,-1.4566,0.4113,2.8629,0,5548.1,prueba,mapear,
888b2c9b61fffff,-17.5701,-66.0809,Arbieto,12,0,0.8475,0,0.0104,-0.9206,0.5413,0.8475,0,3702.8,prueba,mapear,
888b2c9b63fffff,-17.5635,-66.0862,Arbieto,165,0,13.29,0,0.1638,-3.6455,0.07,13.29,0,3163.5,prueba,mapear,
888b2c9b65fffff,-17.5687,-66.0724,Arbieto,351,0,12.35,0,0.1522,-3.5143,0.0749,12.35,0,3252.8,prueba,mapear,
888b2c9b67fffff,-17.5621,-66.0776,Arbieto,267,2,21.1234,0.0246,0.2603,-4.1609,0.1356,19.1234,0,2748.8,prueba,mapear,
888b2cc251fffff,-17.4269,-65.8947,Sacaba,399,0,0,0,0,-0.001,1,0,0,5094.1,prueba,mapear,
888b2cc253fffff,-17.4203,-65.8999,Sacaba,165,0,0,0,0,-0.001,1,0,0,4457.2,prueba,mapear,
888b2cc259fffff,-17.4349,-65.898,Sacaba,41,0,0,0,0,-0.001,1,0,0,4990.9,prueba,mapear,
888b2cc25bfffff,-17.4283,-65.9032,Sacaba,104,0,0,0,0,-0.001,1,0,0,4240,prueba,mapear,
888b2cc25dfffff,-17.4335,-65.8894,Sacaba,52,0,0,0,0,-0.001,1,0,0,5802.9,prueba,mapear,
888b2cc64bfffff,-17.3577,-66.0173,Sacaba,15,1,0.2823,0.0123,0.0035,1.351,1.5597,0,0,3059.5,entrenamiento,sin_brecha,
888b2cd001fffff,-17.5183,-65.8607,Villa José Quintín Mendoza,404,2,42.2189,0.0246,0.5203,-6.1898,0.0694,40.2189,1,391.6,entrenamiento,revisar,
888b2cd003fffff,-17.5117,-65.866,Villa José Quintín Mendoza,217,2,0,0.0246,0,2000,3,0,1,443.5,entrenamiento,sin_brecha,
888b2cd005fffff,-17.5168,-65.8522,Villa José Quintín Mendoza,488,16,36.2044,0.1972,0.4462,-3.3579,0.4569,20.2044,1,351.9,entrenamiento,revisar,
888b2cd007fffff,-17.5102,-65.8574,Villa José Quintín Mendoza,460,21,2.6062,0.2588,0.0321,11.3937,6.1005,0,1,430.1,entrenamiento,sin_brecha,
888b2cd009fffff,-17.5263,-65.864,Villa José Quintín Mendoza,189,0,5.509,0,0.0679,-2.3471,0.1536,5.509,0,1157.6,entrenamiento,mapear,
888b2cd00bfffff,-17.5197,-65.8693,Villa José Quintín Mendoza,294,8,4.5835,0.0986,0.0565,1.5958,1.6119,0,1,347.8,entrenamiento,sin_brecha,
888b2cd00dfffff,-17.5249,-65.8555,Villa José Quintín Mendoza,354,3,46.0861,0.037,0.568,-6.3468,0.085,43.0861,1,243.6,entrenamiento,revisar,
888b2cd011fffff,-17.5065,-65.8797,Villa José Quintín Mendoza,78,0,0,0,0,-0.001,1,0,0,1321.5,entrenamiento,mapear,
888b2cd015fffff,-17.5051,-65.8712,Villa José Quintín Mendoza,35,0,0.1136,0,0.0014,-0.3371,0.898,0.1136,0,1276.3,entrenamiento,mapear,
888b2cd017fffff,-17.4985,-65.8764,Villa José Quintín Mendoza,10,0,0,0,0,-0.001,1,0,0,2111.2,entrenamiento,mapear,
888b2cd019fffff,-17.5146,-65.883,Villa José Quintín Mendoza,186,0,0.6436,0,0.0079,-0.8022,0.6084,0.6436,0,531.4,entrenamiento,mapear,
888b2cd01bfffff,-17.508,-65.8883,Villa José Quintín Mendoza,142,0,0,0,0,-0.001,1,0,0,1364.4,entrenamiento,mapear,
888b2cd01dfffff,-17.5131,-65.8745,Villa José Quintín Mendoza,292,8,1.0355,0.0986,0.0128,6.8442,4.4216,0,1,486.6,entrenamiento,sin_brecha,
888b2cd021fffff,-17.5074,-65.8404,Villa José Quintín Mendoza,144,0,0.6636,0,0.0082,-0.8146,0.6011,0.6636,0,1869,entrenamiento,mapear,
888b2cd023fffff,-17.5008,-65.8456,Villa José Quintín Mendoza,45,0,0.1934,0,0.0024,-0.4398,0.8379,0.1934,0,1874.8,entrenamiento,mapear,
888b2cd025fffff,-17.5059,-65.8318,Villa José Quintín Mendoza,89,0,0.3947,0,0.0049,-0.6282,0.717,0.3947,0,2770.2,entrenamiento,mapear,
888b2cd027fffff,-17.4994,-65.8371,Villa José Quintín Mendoza,29,0,0.1286,0,0.0016,-0.3586,0.8861,0.1286,0,2633.1,entrenamiento,mapear,
888b2cd029fffff,-17.5154,-65.8437,Villa José Quintín Mendoza,394,1,1.4784,0.0123,0.0182,-0.3935,0.807,0.4784,0,1265.6,entrenamiento,mapear,
888b2cd02bfffff,-17.5088,-65.8489,Villa José Quintín Mendoza,243,0,0.8733,0,0.0108,-0.9345,0.5338,0.8733,0,998,entrenamiento,mapear,
888b2cd02dfffff,-17.514,-65.8351,Villa José Quintín Mendoza,329,11,1.5161,0.1356,0.0187,7.7022,4.7692,0,0,2179.3,entrenamiento,sin_brecha,
888b2cd031fffff,-17.4956,-65.8594,Villa José Quintín Mendoza,30,0,0,0,0,-0.001,1,0,0,2059.5,entrenamiento,mapear,
888b2cd037fffff,-17.4876,-65.8561,Villa José Quintín Mendoza,13,0,0.0434,0,0.0005,-0.2083,0.9584,0.0434,0,2933.6,entrenamiento,mapear,
888b2cd039fffff,-17.5037,-65.8627,Villa José Quintín Mendoza,359,3,1.0301,0.037,0.0127,1.9408,1.9703,0,0,1232.6,entrenamiento,sin_brecha,
888b2cd03dfffff,-17.5022,-65.8541,Villa José Quintín Mendoza,66,1,0.3739,0.0123,0.0046,1.0238,1.4557,0,0,1338.7,entrenamiento,sin_brecha,
888b2cd041fffff,-17.5409,-65.8621,Villa Punata,426,0,12.2663,0,0.1512,-3.5023,0.0754,12.2663,0,1431.9,entrenamiento,mapear,
888b2cd043fffff,-17.5343,-65.8673,Villa Punata,175,0,3.9514,0,0.0487,-1.9878,0.202,3.9514,0,1751.3,entrenamiento,mapear,
888b2cd045fffff,-17.5395,-65.8535,Villa Punata,705,21,62.31,0.2588,0.7679,-5.2333,0.3475,41.31,0,517.6,entrenamiento,mapear,
888b2cd047fffff,-17.5329,-65.8588,Villa Punata,572,5,45.4926,0.0616,0.5606,-6.0035,0.1291,40.4926,0,837.3,entrenamiento,mapear,
888b2cd049fffff,-17.5489,-65.8654,Villa Punata,95,0,2.888,0,0.0356,-1.6994,0.2572,2.888,0,2090.4,entrenamiento,mapear,
888b2cd04bfffff,-17.5423,-65.8706,Villa Punata,145,0,2.5203,0,0.0311,-1.5875,0.2841,2.5203,0,2346.3,entrenamiento,mapear,
888b2cd04dfffff,-17.5475,-65.8568,Villa Punata,323,4,9.301,0.0493,0.1146,-1.7382,0.4854,5.301,0,1258.1,entrenamiento,mapear,
888b2cd051fffff,-17.5292,-65.8811,Villa José Quintín Mendoza,26,0,0.0487,0,0.0006,-0.2208,0.9535,0.0487,0,1093.1,entrenamiento,mapear,
888b2cd053fffff,-17.5226,-65.8863,Villa José Quintín Mendoza,450,6,1.7408,0.0739,0.0215,3.2281,2.554,0,1,261.6,entrenamiento,sin_brecha,
888b2cd055fffff,-17.5277,-65.8726,Villa José Quintín Mendoza,76,0,0.1425,0,0.0018,-0.3774,0.8753,0.1425,0,1137.9,entrenamiento,mapear,
888b2cd057fffff,-17.5211,-65.8778,Villa José Quintín Mendoza,410,11,1.5861,0.1356,0.0195,7.475,4.6402,0,1,304,entrenamiento,sin_brecha,
888b2cd05bfffff,-17.5306,-65.8896,Villa José Quintín Mendoza,245,3,0.4592,0.037,0.0057,3.7493,2.7412,0,0,1103.4,entrenamiento,sin_brecha,
888b2cd05dfffff,-17.5357,-65.8759,Villa José Quintín Mendoza,32,0,0.06,0,0.0007,-0.2449,0.9434,0.06,0,1927.4,entrenamiento,mapear,
888b2cd061fffff,-17.53,-65.8417,Villa Punata,446,10,35.7505,0.1232,0.4406,-4.3067,0.2993,25.7505,0,990.5,entrenamiento,mapear,
888b2cd063fffff,-17.5234,-65.847,Villa José Quintín Mendoza,177,0,13.3146,0,0.1641,-3.6489,0.0699,13.3146,0,670.3,entrenamiento,mapear,
888b2cd065fffff,-17.5286,-65.8332,Villa Punata,428,0,1.1353,0,0.014,-1.0655,0.4683,1.1353,0,1892.9,entrenamiento,mapear,
888b2cd067fffff,-17.522,-65.8384,Villa José Quintín Mendoza,134,1,0.5291,0.0123,0.0065,0.6473,1.3079,0,0,1583.7,entrenamiento,sin_brecha,
888b2cd069fffff,-17.538,-65.845,Villa Punata,585,15,38.5447,0.1849,0.475,-3.7924,0.4046,23.5447,1,342.6,entrenamiento,revisar,
888b2cd06bfffff,-17.5314,-65.8502,Villa Punata,530,8,31.695,0.0986,0.3906,-4.2088,0.2753,23.695,1,76.7,entrenamiento,revisar,
888b2cd06dfffff,-17.5366,-65.8365,Villa Punata,852,17,83.0038,0.2095,1.0229,-7.2447,0.2143,66.0038,0,963.6,entrenamiento,mapear,
888b2cd087fffff,-17.4641,-65.8941,Sacaba,16,0,0.072,0,0.0009,-0.2683,0.9329,0.072,0,6239.6,entrenamiento,mapear,
888b2cd089fffff,-17.4802,-65.9007,Villa José Quintín Mendoza,12,0,0,0,0,-0.001,1,0,0,4584.8,entrenamiento,mapear,
888b2cd097fffff,-17.4524,-65.9131,Sacaba,52,0,0,0,0,-0.001,1,0,0,4776.8,entrenamiento,mapear,
888b2cd0a9fffff,-17.4693,-65.8803,Villa José Quintín Mendoza,26,0,0,0,0,-0.001,1,0,0,5360,entrenamiento,mapear,
888b2cd0abfffff,-17.4627,-65.8856,Sacaba,57,0,0,0,0,-0.001,1,0,0,6195,entrenamiento,mapear,
888b2cd0b3fffff,-17.4429,-65.9013,Sacaba,238,0,0,0,0,-0.001,1,0,0,5064,entrenamiento,mapear,
888b2cd0b7fffff,-17.4415,-65.8927,Sacaba,47,0,0,0,0,-0.001,1,0,0,5790.2,entrenamiento,mapear,
888b2cd0bbfffff,-17.4509,-65.9046,Sacaba,10,0,0.0415,0,0.0005,-0.2037,0.9602,0.0415,0,5305.3,entrenamiento,mapear,
888b2cd0bdfffff,-17.4561,-65.8908,Sacaba,12,0,0,0,0,-0.001,1,0,0,6804.6,entrenamiento,mapear,
888b2cd0c3fffff,-17.4882,-65.904,Villa José Quintín Mendoza,14,0,0,0,0,-0.001,1,0,0,3781.4,entrenamiento,mapear,
888b2cd0cdfffff,-17.5014,-65.8935,Villa José Quintín Mendoza,163,0,0,0,0,-0.001,1,0,0,2158.1,entrenamiento,mapear,
888b2cd0e5fffff,-17.4825,-65.8698,Villa José Quintín Mendoza,47,0,0,0,0,-0.001,1,0,0,3691.6,entrenamiento,mapear,
888b2cd141fffff,-17.5308,-65.8024,Villa Punata,211,0,3.9797,0,0.049,-1.9949,0.2008,3.9797,0,4395.3,entrenamiento,mapear,
888b2cd143fffff,-17.5243,-65.8076,Villa Punata,474,0,8.115,0,0.1,-2.8487,0.1097,8.115,0,4201.1,entrenamiento,mapear,
888b2cd149fffff,-17.5389,-65.8057,Villa Punata,277,6,5.2246,0.0739,0.0644,0.3392,1.1246,0,0,3841.3,entrenamiento,sin_brecha,
888b2cd14bfffff,-17.5323,-65.8109,Villa Punata,454,0,8.563,0,0.1055,-2.9263,0.1046,8.563,0,3490,entrenamiento,mapear,
888b2cd14dfffff,-17.5374,-65.7971,Villa Punata,18,0,0.3395,0,0.0042,-0.5827,0.7465,0.3395,0,4761.4,entrenamiento,mapear,
888b2cd151fffff,-17.5191,-65.8214,Villa José Quintín Mendoza,92,0,1.1265,0,0.0139,-1.0614,0.4702,1.1265,0,3411.7,entrenamiento,mapear,
888b2cd153fffff,-17.5125,-65.8266,Villa José Quintín Mendoza,167,2,1.4034,0.0246,0.0173,0.5036,1.2483,0,0,3092.7,entrenamiento,sin_brecha,
888b2cd155fffff,-17.5177,-65.8128,Villa José Quintín Mendoza,70,0,0.8571,0,0.0106,-0.9258,0.5385,0.8571,0,4202.7,entrenamiento,mapear,
888b2cd157fffff,-17.5111,-65.8181,Villa José Quintín Mendoza,53,0,0.4454,0,0.0055,-0.6674,0.6919,0.4454,0,4006.2,entrenamiento,mapear,
888b2cd159fffff,-17.5271,-65.8247,Villa Punata,200,1,3.5633,0.0123,0.0439,-1.3579,0.4383,2.5633,0,2572.7,entrenamiento,mapear,
888b2cd15bfffff,-17.5205,-65.8299,Villa José Quintín Mendoza,139,0,1.8721,0,0.0231,-1.3682,0.3482,1.8721,0,2497.8,entrenamiento,mapear,
888b2cd15dfffff,-17.5257,-65.8161,Villa Punata,318,0,5.4442,0,0.0671,-2.3333,0.1552,5.4442,0,3359.6,entrenamiento,mapear,
888b2cd201fffff,-17.5744,-65.8838,Villa Punata,115,0,0.4551,0,0.0056,-0.6746,0.6872,0.4551,0,5391.3,entrenamiento,mapear,
888b2cd203fffff,-17.5678,-65.889,Villa Punata,295,1,0.8021,0.0123,0.0099,0.221,1.1098,0,0,5117.6,entrenamiento,sin_brecha,
888b2cd205fffff,-17.573,-65.8753,Villa Punata,164,0,0.3736,0,0.0046,-0.6112,0.728,0.3736,0,4665.6,entrenamiento,mapear,
888b2cd207fffff,-17.5664,-65.8805,Villa Punata,141,0,0.4415,0,0.0054,-0.6644,0.6937,0.4415,0,4530.5,entrenamiento,mapear,
888b2cd20bfffff,-17.5759,-65.8923,Villa Punata,17,0,0.1119,0,0.0014,-0.3345,0.8994,0.1119,0,5854.4,entrenamiento,mapear,
888b2cd20dfffff,-17.581,-65.8786,Villa Punata,159,0,0.153,0,0.0019,-0.3912,0.8673,0.153,0,5585.4,entrenamiento,mapear,
888b2cd211fffff,-17.5627,-65.9028,Cliza,195,0,0.5594,0,0.0069,-0.7479,0.6413,0.5594,0,4155.4,entrenamiento,mapear,
888b2cd213fffff,-17.5561,-65.9081,Villa José Quintín Mendoza,130,0,0.4676,0,0.0058,-0.6838,0.6814,0.4676,0,3313.6,entrenamiento,mapear,
888b2cd219fffff,-17.5707,-65.9061,Cliza,279,0,0.8902,0,0.011,-0.9435,0.529,0.8902,0,4932.4,entrenamiento,mapear,
888b2cd21bfffff,-17.5641,-65.9114,Villa José Quintín Mendoza,336,0,0.9639,0,0.0119,-0.9818,0.5092,0.9639,0,4090.5,entrenamiento,mapear,
888b2cd21dfffff,-17.5693,-65.8976,Villa Punata,137,0,0.4371,0,0.0054,-0.6612,0.6958,0.4371,0,4998.2,entrenamiento,mapear,
888b2cd221fffff,-17.5635,-65.8634,Villa Punata,251,0,1.4333,0,0.0177,-1.1972,0.411,1.4333,0,3079.2,entrenamiento,mapear,
888b2cd223fffff,-17.5569,-65.8687,Villa Punata,195,15,1.042,0.1849,0.0128,13.6739,7.8355,0,0,2893.9,entrenamiento,sin_brecha,
888b2cd225fffff,-17.5621,-65.8549,Villa Punata,226,0,1.0331,0,0.0127,-1.0164,0.4918,1.0331,0,2471.9,entrenamiento,mapear,
888b2cd227fffff,-17.5555,-65.8601,Villa Punata,259,4,2.4533,0.0493,0.0302,0.9875,1.4479,0,0,2149.6,entrenamiento,sin_brecha,
888b2cd229fffff,-17.5715,-65.8667,Villa Punata,272,0,1.4423,0,0.0178,-1.201,0.4094,1.4423,0,4020.8,entrenamiento,mapear,
888b2cd22bfffff,-17.565,-65.872,Villa Punata,136,0,0.5517,0,0.0068,-0.7428,0.6444,0.5517,0,3763.5,entrenamiento,mapear,
888b2cd22dfffff,-17.5701,-65.8582,Villa Punata,48,0,0.2081,0,0.0026,-0.4562,0.8277,0.2081,0,3409,entrenamiento,mapear,
888b2cd231fffff,-17.5518,-65.8824,Villa José Quintín Mendoza,542,0,0,0,0,-0.001,1,0,0,3521.8,entrenamiento,mapear,
888b2cd233fffff,-17.5452,-65.8877,Villa José Quintín Mendoza,199,2,1.3326,0.0246,0.0164,0.5782,1.2861,0,0,2733.9,entrenamiento,sin_brecha,
888b2cd235fffff,-17.5504,-65.8739,Villa Punata,171,0,0.5719,0,0.007,-0.7562,0.6362,0.5719,0,2971,entrenamiento,mapear,
888b2cd237fffff,-17.5438,-65.8791,Villa José Quintín Mendoza,155,0,0.3811,0,0.0047,-0.6174,0.724,0.3811,0,2717.9,entrenamiento,mapear,
888b2cd239fffff,-17.5598,-65.8857,Villa Punata,180,0,0,0,0,-0.001,1,0,0,4364.4,entrenamiento,mapear,
888b2cd23dfffff,-17.5584,-65.8772,Villa Punata,205,9,0.9459,0.1109,0.0117,8.281,5.1389,0,0,3713,entrenamiento,sin_brecha,
888b2cd251fffff,-17.5853,-65.9042,Cliza,372,4,3.6242,0.0493,0.0447,0.1974,1.0813,0,0,6552.9,entrenamiento,sin_brecha,
888b2cd253fffff,-17.5787,-65.9094,Cliza,845,9,5.5615,0.1109,0.0685,1.4581,1.524,0,0,5711.1,entrenamiento,sin_brecha,
888b2cd255fffff,-17.5839,-65.8956,Cliza,56,0,0.5456,0,0.0067,-0.7386,0.647,0.5456,0,6617.3,entrenamiento,mapear,
888b2cd257fffff,-17.5773,-65.9009,Cliza,296,0,1.9482,0,0.024,-1.3958,0.3392,1.9482,0,5776,entrenamiento,mapear,
888b2cd25bfffff,-17.5868,-65.9127,Cliza,280,0,1.3882,0,0.0171,-1.1782,0.4187,1.3882,0,6488.2,entrenamiento,mapear,
888b2cd261fffff,-17.5861,-65.8648,Villa Punata,113,0,0.0962,0,0.0012,-0.3101,0.9123,0.0962,0,5300.5,entrenamiento,mapear,
888b2cd263fffff,-17.5796,-65.87,Villa Punata,21,1,0.0222,0.0123,0.0003,6.5555,1.9565,0,0,4967.6,entrenamiento,sin_brecha,
888b2cd265fffff,-17.5847,-65.8563,Villa Punata,143,0,0.1217,0,0.0015,-0.3489,0.8915,0.1217,0,4790.2,entrenamiento,mapear,
888b2cd267fffff,-17.5781,-65.8615,Villa Punata,141,0,0.1494,0,0.0018,-0.3865,0.87,0.1494,0,4352.7,entrenamiento,mapear,
888b2cd281fffff,-17.5283,-65.9205,Villa José Quintín Mendoza,457,9,8.5764,0.1109,0.1057,0.1446,1.0442,0,1,19.2,prueba,sin_brecha,
888b2cd283fffff,-17.5217,-65.9257,Villa José Quintín Mendoza,62,0,1.9528,0,0.0241,-1.3974,0.3387,1.9528,0,836.2,prueba,mapear,
888b2cd285fffff,-17.5269,-65.9119,Villa José Quintín Mendoza,351,3,3.958,0.037,0.0488,-0.4815,0.8068,0.958,1,73.3,prueba,revisar,
888b2cd287fffff,-17.5203,-65.9172,Villa José Quintín Mendoza,167,0,1.177,0,0.0145,-1.0849,0.4594,1.177,0,770.1,prueba,mapear,
888b2cd289fffff,-17.5363,-65.9238,Villa José Quintín Mendoza,194,0,2.2785,0,0.0281,-1.5095,0.305,2.2785,0,784.7,prueba,mapear,
888b2cd28bfffff,-17.5297,-65.929,Villa José Quintín Mendoza,177,8,6.4849,0.0986,0.0799,0.595,1.2024,0,1,58.5,prueba,sin_brecha,
888b2cd297fffff,-17.5085,-65.9362,Villa José Quintín Mendoza,33,0,0,0,0,-0.001,1,0,0,2522.4,prueba,mapear,
888b2cd299fffff,-17.5246,-65.9428,Villa José Quintín Mendoza,14,0,0.5645,0,0.007,-0.7513,0.6392,0.5645,0,881.9,prueba,mapear,
888b2cd29bfffff,-17.518,-65.948,Tolata,63,0,2.4767,0,0.0305,-1.5737,0.2876,2.4767,0,1693.3,prueba,mapear,
888b2cd29dfffff,-17.5232,-65.9343,Villa José Quintín Mendoza,36,0,1.4516,0,0.0179,-1.2048,0.4079,1.4516,0,901.5,prueba,mapear,
888b2cd2a1fffff,-17.5174,-65.9001,Villa José Quintín Mendoza,143,0,1.0852,0,0.0134,-1.0417,0.4796,1.0852,0,554.4,prueba,mapear,
888b2cd2a3fffff,-17.5108,-65.9053,Villa José Quintín Mendoza,38,0,0.2676,0,0.0033,-0.5173,0.7889,0.2676,0,1420.6,prueba,mapear,
888b2cd2a5fffff,-17.516,-65.8916,Villa José Quintín Mendoza,378,2,2.9152,0.0246,0.0359,-0.536,0.7663,0.9152,0,527.3,prueba,mapear,
888b2cd2a7fffff,-17.5094,-65.8968,Villa José Quintín Mendoza,261,5,1.5368,0.0616,0.0189,2.7936,2.3652,0,0,1323.9,prueba,sin_brecha,
888b2cd2a9fffff,-17.5254,-65.9034,Villa José Quintín Mendoza,272,3,3.2861,0.037,0.0405,-0.1578,0.9332,0.2861,1,180.3,prueba,revisar,
888b2cd2abfffff,-17.5189,-65.9086,Villa José Quintín Mendoza,61,0,0.4629,0,0.0057,-0.6804,0.6836,0.4629,0,688.3,prueba,mapear,
888b2cd2adfffff,-17.524,-65.8949,Villa José Quintín Mendoza,781,33,10.706,0.4067,0.1319,6.8136,2.9045,0,1,303.5,prueba,sin_brecha,
888b2cd2b1fffff,-17.5057,-65.9191,Villa José Quintín Mendoza,23,0,0,0,0,-0.001,1,0,0,2391.4,prueba,mapear,
888b2cd2b9fffff,-17.5137,-65.9224,Villa José Quintín Mendoza,24,0,0,0,0,-0.001,1,0,0,1614.3,prueba,mapear,
888b2cd2bdfffff,-17.5123,-65.9139,Villa José Quintín Mendoza,26,0,0,0,0,-0.001,1,0,0,1549.7,prueba,mapear,
888b2cd2c1fffff,-17.5509,-65.9218,Cliza,10,0,0.0484,0,0.0006,-0.2199,0.9539,0.0484,0,2405.1,prueba,mapear,
888b2cd2c3fffff,-17.5444,-65.9271,Villa José Quintín Mendoza,23,0,0.1933,0,0.0024,-0.4396,0.838,0.1933,0,1562.2,prueba,mapear,
888b2cd2c5fffff,-17.5495,-65.9133,Villa José Quintín Mendoza,105,0,0,0,0,-0.001,1,0,0,2469.8,prueba,mapear,
888b2cd2c9fffff,-17.559,-65.9251,Cliza,223,5,0.6212,0.0616,0.0077,5.5559,3.701,0,0,3182.6,prueba,sin_brecha,
888b2cd2cbfffff,-17.5524,-65.9304,Cliza,50,0,0.5571,0,0.0069,-0.7464,0.6422,0.5571,0,2342.6,prueba,mapear,
888b2cd2cdfffff,-17.5575,-65.9166,Villa José Quintín Mendoza,470,1,0,0.0123,0,999.999,2,0,0,3247.7,prueba,sin_brecha,
888b2cd2d3fffff,-17.5326,-65.9461,Villa José Quintín Mendoza,154,4,10.7196,0.0493,0.1321,-2.0524,0.4266,6.7196,1,62.5,prueba,revisar,
888b2cd2d5fffff,-17.5378,-65.9323,Villa José Quintín Mendoza,66,0,1.635,0,0.0201,-1.2787,0.3795,1.635,0,719.3,prueba,mapear,
888b2cd2d7fffff,-17.5312,-65.9376,Villa José Quintín Mendoza,74,1,4.1896,0.0123,0.0516,-1.5583,0.3854,3.1896,1,96.2,prueba,revisar,
888b2cd2d9fffff,-17.5472,-65.9442,Cliza,58,0,1.2794,0,0.0158,-1.1311,0.4387,1.2794,0,1568.8,prueba,mapear,
888b2cd2ddfffff,-17.5458,-65.9356,Cliza,31,0,0.5812,0,0.0072,-0.7624,0.6324,0.5812,0,1536.4,prueba,mapear,
888b2cd2e3fffff,-17.5335,-65.9067,Villa José Quintín Mendoza,177,0,1.8543,0,0.0229,-1.3617,0.3504,1.8543,0,916.8,prueba,mapear,
888b2cd2e5fffff,-17.5386,-65.8929,Villa José Quintín Mendoza,12,0,0.08,0,0.001,-0.2829,0.9259,0.08,0,1914.9,prueba,mapear,
888b2cd2e7fffff,-17.532,-65.8982,Villa José Quintín Mendoza,205,0,2.4511,0,0.0302,-1.5656,0.2898,2.4511,0,1048.9,prueba,mapear,
888b2cd2ebfffff,-17.5415,-65.91,Villa José Quintín Mendoza,17,0,0.0589,0,0.0007,-0.2426,0.9444,0.0589,0,1692.8,prueba,mapear,
888b2cd301fffff,-17.5644,-65.8241,Villa Punata,241,0,4.5073,0,0.0555,-2.123,0.1816,4.5073,0,2923,entrenamiento,mapear,
888b2cd303fffff,-17.5578,-65.8293,Villa Punata,279,1,5.3686,0.0123,0.0662,-1.8854,0.314,4.3686,0,2006.3,entrenamiento,mapear,
888b2cd305fffff,-17.5629,-65.8155,Arani,223,0,3.6232,0,0.0447,-1.9035,0.2163,3.6232,0,3465.7,entrenamiento,mapear,
888b2cd307fffff,-17.5563,-65.8208,Villa Punata,329,1,5.4466,0.0123,0.0671,-1.9053,0.3102,4.4466,0,2591.6,entrenamiento,mapear,
888b2cd309fffff,-17.5724,-65.8274,Villa Punata,177,2,0,0.0246,0,2000,3,0,0,3492.1,entrenamiento,sin_brecha,
888b2cd30bfffff,-17.5658,-65.8326,Villa Punata,436,1,6.9898,0.0123,0.0861,-2.2656,0.2503,5.9898,0,2602,entrenamiento,mapear,
888b2cd30dfffff,-17.5709,-65.8188,Villa Punata,254,0,4.0742,0,0.0502,-2.0185,0.1971,4.0742,0,3839.9,entrenamiento,mapear,
888b2cd311fffff,-17.5526,-65.8431,Villa Punata,618,6,12.779,0.0739,0.1575,-1.8963,0.508,6.779,0,984.7,entrenamiento,mapear,
888b2cd313fffff,-17.546,-65.8483,Villa Punata,566,26,14.036,0.3204,0.173,3.1934,1.7957,0,0,599.9,entrenamiento,sin_brecha,
888b2cd315fffff,-17.5512,-65.8345,Villa Punata,911,41,16.5294,0.5053,0.2037,6.0189,2.396,0,0,1090.6,entrenamiento,sin_brecha,
888b2cd317fffff,-17.5446,-65.8398,Villa Punata,1223,225,23.7077,2.7729,0.2922,41.3412,9.147,0,1,191.8,entrenamiento,sin_brecha,
888b2cd319fffff,-17.5606,-65.8464,Villa Punata,318,0,2.2981,0,0.0283,-1.5159,0.3032,2.2981,0,1930.5,entrenamiento,mapear,
888b2cd31bfffff,-17.5541,-65.8516,Villa Punata,321,3,3.1782,0.037,0.0392,-0.1,0.9573,0.1782,0,1540.4,entrenamiento,mapear,
888b2cd31dfffff,-17.5592,-65.8378,Villa Punata,431,3,8.092,0.037,0.0997,-1.79,0.4399,5.092,0,1740.3,entrenamiento,mapear,
888b2cd321fffff,-17.5535,-65.8037,Arani,134,0,2.412,0,0.0297,-1.5531,0.2931,2.412,0,4145.1,entrenamiento,mapear,
888b2cd323fffff,-17.5469,-65.8089,Villa Punata,284,0,5.5285,0,0.0681,-2.3513,0.1532,5.5285,0,3466.6,entrenamiento,mapear,
888b2cd327fffff,-17.5454,-65.8004,Villa Punata,125,1,2.3577,0.0123,0.0291,-0.8842,0.5957,1.3577,0,4360.5,entrenamiento,mapear,
888b2cd329fffff,-17.5615,-65.807,Arani,249,2,3.9378,0.0246,0.0485,-0.9765,0.6076,1.9378,0,4144,entrenamiento,mapear,
888b2cd32bfffff,-17.5549,-65.8122,Arani,290,0,4.6687,0,0.0575,-2.1607,0.1764,4.6687,0,3332,entrenamiento,mapear,
888b2cd331fffff,-17.5417,-65.8227,Villa Punata,390,1,6.8589,0.0123,0.0845,-2.2371,0.2545,5.8589,0,2001.9,entrenamiento,mapear,
888b2cd333fffff,-17.5351,-65.8279,Villa Punata,415,1,7.2986,0.0123,0.0899,-2.3314,0.241,6.2986,0,1727.6,entrenamiento,mapear,
888b2cd335fffff,-17.5403,-65.8142,Villa Punata,477,10,9.2855,0.1232,0.1144,0.2345,1.0695,0,0,2921.4,entrenamiento,sin_brecha,
888b2cd337fffff,-17.5337,-65.8194,Villa Punata,367,0,7.1442,0,0.088,-2.6729,0.1228,7.1442,0,2595.2,entrenamiento,mapear,
888b2cd339fffff,-17.5498,-65.826,Villa Punata,605,10,10.9952,0.1232,0.1355,-0.3001,0.917,0.9952,0,1761.9,entrenamiento,mapear,
888b2cd33bfffff,-17.5432,-65.8312,Villa Punata,1000,31,18.174,0.382,0.224,3.0086,1.6689,0,0,1083.9,entrenamiento,sin_brecha,
888b2cd33dfffff,-17.5483,-65.8175,Villa Punata,441,0,7.7558,0,0.0956,-2.7849,0.1142,7.7558,0,2591.1,entrenamiento,mapear,
888b2cd341fffff,-17.587,-65.8254,Villa Punata,39,0,0,0,0,-0.001,1,0,0,5067.8,entrenamiento,mapear,
888b2cd343fffff,-17.5804,-65.8307,Villa Punata,128,0,0,0,0,-0.001,1,0,0,4203.6,entrenamiento,mapear,
888b2cd347fffff,-17.579,-65.8221,Villa Punata,523,3,0,0.037,0,3000,4,0,0,4393.3,entrenamiento,sin_brecha,
888b2cd34bfffff,-17.5884,-65.8339,Villa Punata,67,0,0,0,0,-0.001,1,0,0,4996.9,entrenamiento,mapear,
888b2cd351fffff,-17.5753,-65.8444,Villa Punata,362,0,0,0,0,-0.001,1,0,0,3490,entrenamiento,mapear,
888b2cd353fffff,-17.5687,-65.8497,Villa Punata,236,1,0.7045,0.0123,0.0087,0.3521,1.1734,0,0,2882.5,entrenamiento,sin_brecha,
888b2cd355fffff,-17.5738,-65.8359,Villa Punata,261,0,0,0,0,-0.001,1,0,0,3367.5,entrenamiento,mapear,
888b2cd357fffff,-17.5672,-65.8411,Villa Punata,262,4,1.2604,0.0493,0.0155,2.4403,2.212,0,0,2586.9,entrenamiento,sin_brecha,
888b2cd359fffff,-17.5833,-65.8477,Villa Punata,238,0,0,0,0,-0.001,1,0,0,4415,entrenamiento,mapear,
888b2cd35bfffff,-17.5767,-65.853,Villa Punata,108,0,0,0,0,-0.001,1,0,0,3836,entrenamiento,mapear,
888b2cd35dfffff,-17.5818,-65.8392,Villa Punata,231,0,0,0,0,-0.001,1,0,0,4211.1,entrenamiento,mapear,
888b2cd363fffff,-17.5695,-65.8103,Arani,119,0,1.7421,0,0.0215,-1.3199,0.3647,1.7421,0,4357.6,entrenamiento,mapear,
888b2cd36bfffff,-17.5775,-65.8136,Villa Punata,144,0,2.186,0,0.0269,-1.4785,0.3139,2.186,0,4756.8,entrenamiento,mapear,
888b2cd401fffff,-17.436,-65.9938,Sacaba,228,3,3.1557,0.037,0.0389,-0.0877,0.9625,0.1557,1,410.9,entrenamiento,revisar,
888b2cd403fffff,-17.4294,-65.9991,Sacaba,337,5,1.7341,0.0616,0.0214,2.48,2.1945,0,1,70.6,entrenamiento,sin_brecha,
888b2cd405fffff,-17.4346,-65.9853,Sacaba,347,0,4.8028,0,0.0592,-2.1915,0.1723,4.8028,1,175.4,entrenamiento,revisar,
888b2cd407fffff,-17.428,-65.9905,Sacaba,191,21,0.9712,0.2588,0.012,20.3238,11.1608,0,1,261.5,entrenamiento,sin_brecha,
888b2cd40bfffff,-17.4374,-66.0024,Sacaba,191,11,3.0552,0.1356,0.0377,4.5453,2.9592,0,0,525.4,entrenamiento,sin_brecha,
888b2cd40dfffff,-17.4426,-65.9886,Sacaba,36,0,1.3926,0,0.0172,-1.1801,0.4179,1.3926,0,721.4,entrenamiento,mapear,
888b2cd411fffff,-17.4242,-66.0129,Sacaba,404,6,6.3722,0.0739,0.0785,-0.1475,0.9495,0.3722,1,437.6,entrenamiento,revisar,
888b2cd413fffff,-17.4176,-66.0181,Sacaba,1104,65,23.6227,0.8011,0.2911,8.5133,2.6805,0,1,89.2,entrenamiento,sin_brecha,
888b2cd415fffff,-17.4228,-66.0043,Sacaba,745,14,11.7508,0.1725,0.1448,0.6561,1.1764,0,1,302.2,entrenamiento,sin_brecha,
888b2cd417fffff,-17.4162,-66.0096,Sacaba,979,46,20.948,0.5669,0.2582,5.4736,2.1414,0,1,20.5,entrenamiento,sin_brecha,
888b2cd419fffff,-17.4322,-66.0162,Sacaba,42,0,0.2161,0,0.0027,-0.4649,0.8223,0.2161,1,456,entrenamiento,revisar,
888b2cd41bfffff,-17.4256,-66.0214,Sacaba,321,1,5.0631,0.0123,0.0624,-1.8057,0.3299,4.0631,1,311.3,entrenamiento,revisar,
888b2cd41dfffff,-17.4308,-66.0076,Sacaba,466,4,2.3979,0.0493,0.0296,1.0346,1.4715,0,1,161.5,entrenamiento,sin_brecha,
888b2cd421fffff,-17.4251,-65.9735,Sacaba,207,0,1.0376,0,0.0128,-1.0186,0.4908,1.0376,0,592,entrenamiento,mapear,
888b2cd423fffff,-17.4185,-65.9787,Sacaba,119,1,0.7426,0.0123,0.0092,0.2987,1.1477,0,1,496.1,entrenamiento,sin_brecha,
888b2cd425fffff,-17.4237,-65.9649,Sacaba,166,1,3.883,0.0123,0.0479,-1.4631,0.4096,2.883,0,601.1,entrenamiento,mapear,
888b2cd427fffff,-17.4171,-65.9702,Sacaba,388,0,2.4212,0,0.0298,-1.556,0.2923,2.4212,1,221.4,entrenamiento,revisar,
888b2cd429fffff,-17.4331,-65.9768,Sacaba,78,0,1.0196,0,0.0126,-1.0098,0.4951,1.0196,0,707.9,entrenamiento,mapear,
888b2cd42bfffff,-17.4265,-65.982,Sacaba,793,4,4.0322,0.0493,0.0497,-0.016,0.9936,0.0322,1,120.8,entrenamiento,revisar,
888b2cd42dfffff,-17.4317,-65.9682,Sacaba,196,0,2.5621,0,0.0316,-1.6007,0.2807,2.5621,0,1354.7,entrenamiento,mapear,
888b2cd431fffff,-17.4133,-65.9925,Sacaba,1378,31,29.4856,0.382,0.3634,0.2789,1.0497,0,1,153.2,entrenamiento,sin_brecha,
888b2cd433fffff,-17.4067,-65.9977,Sacaba,932,110,37.6328,1.3556,0.4638,11.7966,2.8732,0,1,68.2,entrenamiento,sin_brecha,
888b2cd435fffff,-17.4119,-65.9839,Sacaba,710,32,15.0998,0.3944,0.1861,4.3492,2.0497,0,1,76.3,entrenamiento,sin_brecha,
888b2cd437fffff,-17.4053,-65.9892,Sacaba,911,103,36.8976,1.2694,0.4547,10.8822,2.7442,0,1,277,entrenamiento,sin_brecha,
888b2cd439fffff,-17.4214,-65.9958,Sacaba,912,7,14.3849,0.0863,0.1773,-1.9471,0.52,7.3849,1,22.6,entrenamiento,revisar,
888b2cd43bfffff,-17.4148,-66.001,Sacaba,797,28,17.0537,0.3451,0.2102,2.6507,1.6063,0,1,190.4,entrenamiento,sin_brecha,
888b2cd43dfffff,-17.4199,-65.9872,Sacaba,710,4,11.1007,0.0493,0.1368,-2.1312,0.4132,7.1007,1,46.5,entrenamiento,revisar,
888b2cd451fffff,-17.4469,-66.0142,Sacaba,233,2,9.2644,0.0246,0.1142,-2.3867,0.2923,7.2644,0,1725.8,entrenamiento,mapear,
888b2cd453fffff,-17.4403,-66.0195,Sacaba,829,30,13.2606,0.3697,0.1634,4.5968,2.1738,0,0,1390,entrenamiento,sin_brecha,
888b2cd457fffff,-17.4388,-66.0109,Sacaba,46,0,0.7358,0,0.0091,-0.8578,0.5761,0.7358,0,781,entrenamiento,mapear,
888b2cd459fffff,-17.4549,-66.0175,Sacaba,31,0,0.9118,0,0.0112,-0.9549,0.5231,0.9118,0,2235.4,entrenamiento,mapear,
888b2cd45bfffff,-17.4483,-66.0228,Sacaba,63,6,1.4735,0.0739,0.0182,3.7289,2.83,0,0,1590.6,entrenamiento,sin_brecha,
888b2cd45dfffff,-17.4535,-66.009,Sacaba,10,1,0.2925,0.0123,0.0036,1.3083,1.5474,0,0,2222.2,entrenamiento,sin_brecha,
888b2cd461fffff,-17.4478,-65.9748,Sacaba,72,0,2.8235,0,0.0348,-1.6803,0.2615,2.8235,0,1430.5,entrenamiento,mapear,
888b2cd463fffff,-17.4412,-65.9801,Sacaba,83,0,3.296,0,0.0406,-1.8155,0.2328,3.296,0,517.9,entrenamiento,mapear,
888b2cd467fffff,-17.4397,-65.9715,Sacaba,151,0,5.9964,0,0.0739,-2.4488,0.1429,5.9964,0,1309.4,entrenamiento,mapear,
888b2cd46dfffff,-17.4544,-65.9696,Sacaba,25,0,0.9804,0,0.0121,-0.9901,0.505,0.9804,0,2348.1,entrenamiento,mapear,
888b2cd481fffff,-17.3898,-66.0305,Sacaba,1378,14,80.4426,0.1725,0.9914,-7.408,0.1842,66.4426,1,67.4,prueba,revisar,
888b2cd483fffff,-17.3832,-66.0358,Sacaba,1253,17,79.625,0.2095,0.9813,-7.0182,0.2233,62.625,1,324,prueba,revisar,
888b2cd485fffff,-17.3884,-66.022,Sacaba,296,0,19.3363,0,0.2383,-4.3973,0.0492,19.3363,0,765.8,prueba,mapear,
888b2cd487fffff,-17.3818,-66.0272,Sacaba,471,4,27.3872,0.0493,0.3375,-4.4689,0.1761,23.3872,1,201.6,prueba,revisar,
888b2cd489fffff,-17.3978,-66.0338,Sacaba,1828,1243,114.207,15.3186,1.4075,105.625,10.7979,0,1,73.3,prueba,sin_brecha,
888b2cd48bfffff,-17.3912,-66.0391,Sacaba,1709,79,90.7736,0.9736,1.1187,-1.2357,0.8717,11.7736,1,221.6,prueba,revisar,
888b2cd48dfffff,-17.3964,-66.0253,Sacaba,694,44,34.9991,0.5423,0.4313,1.5214,1.25,0,1,476.8,prueba,sin_brecha,
888b2cd491fffff,-17.378,-66.0496,Sacaba,1021,49,116.742,0.6039,1.4387,-6.2697,0.4247,67.7422,1,495.6,prueba,revisar,
888b2cd493fffff,-17.3714,-66.0548,Sacaba,310,0,35.4457,0,0.4368,-5.9536,0.0274,35.4457,0,704.1,prueba,mapear,
888b2cd495fffff,-17.3766,-66.041,Sacaba,477,6,9.7709,0.0739,0.1204,-1.2064,0.6499,3.7709,0,1169,prueba,mapear,
888b2cd497fffff,-17.37,-66.0463,Sacaba,88,0,1.8026,0,0.0222,-1.3426,0.3568,1.8026,0,1294.9,prueba,mapear,
888b2cd499fffff,-17.386,-66.0529,Sacaba,1668,110,190.7,1.3556,2.3502,-5.8438,0.579,80.7,1,38.4,prueba,revisar,
888b2cd49bfffff,-17.3794,-66.0581,Sacaba,1491,195,170.464,2.4032,2.1008,1.8793,1.1431,0,1,178.4,prueba,sin_brecha,
888b2cd49dfffff,-17.3846,-66.0443,Sacaba,1176,41,120.239,0.5053,1.4818,-7.2263,0.3464,79.2387,1,329.8,prueba,revisar,
888b2cd4a3fffff,-17.3723,-66.0154,Sacaba,10,0,1.0907,0,0.0134,-1.0444,0.4783,1.0907,0,1837.8,prueba,mapear,
888b2cd4a7fffff,-17.3709,-66.0068,Sacaba,31,0,3.5705,0,0.044,-1.8896,0.2188,3.5705,0,2669.5,prueba,mapear,
888b2cd4a9fffff,-17.3869,-66.0134,Sacaba,68,0,4.2695,0,0.0526,-2.0663,0.1898,4.2695,0,891.2,prueba,mapear,
888b2cd4abfffff,-17.3803,-66.0187,Sacaba,56,0,3.4572,0,0.0426,-1.8594,0.2244,3.4572,0,1073.3,prueba,mapear,
888b2cd4b9fffff,-17.3751,-66.0325,Sacaba,217,0,3.0174,0,0.0372,-1.7371,0.2489,3.0174,0,843.6,prueba,mapear,
888b2cd4c1fffff,-17.4124,-66.0319,Sacaba,1637,219,78.5894,2.6989,0.9685,15.8386,2.7642,0,1,32.3,prueba,sin_brecha,
888b2cd4c3fffff,-17.4058,-66.0371,Sacaba,2553,5127,112.199,63.1847,1.3827,473.434,45.3007,0,1,110.2,prueba,sin_brecha,
888b2cd4c5fffff,-17.411,-66.0234,Sacaba,1533,108,54.8995,1.331,0.6766,7.1666,1.9499,0,1,201.1,prueba,sin_brecha,
888b2cd4c7fffff,-17.4044,-66.0286,Sacaba,2321,914,105.122,11.2641,1.2955,78.8927,8.6222,0,1,133.6,prueba,sin_brecha,
888b2cd4c9fffff,-17.4205,-66.0352,Sacaba,626,23,16.7089,0.2835,0.2059,1.5391,1.3553,0,1,188.3,prueba,sin_brecha,
888b2cd4cbfffff,-17.4139,-66.0404,Sacaba,2227,273,96.463,3.3644,1.1888,17.9744,2.8113,0,1,62.1,prueba,sin_brecha,
888b2cd4cdfffff,-17.419,-66.0267,Sacaba,964,160,33.2762,1.9718,0.4101,21.9681,4.6971,0,1,58,prueba,sin_brecha,
888b2cd4d1fffff,-17.4007,-66.0509,Sacaba,2299,1736,119.552,21.3943,1.4734,147.837,14.4087,0,1,100.2,prueba,sin_brecha,
888b2cd4d3fffff,-17.3941,-66.0562,Sacaba,1544,1214,158.804,14.9612,1.9571,83.7339,7.603,0,1,238,prueba,sin_brecha,
888b2cd4d5fffff,-17.3992,-66.0424,Sacaba,2346,3034,134.82,37.3908,1.6615,249.689,22.3458,0,1,48.8,prueba,sin_brecha,
888b2cd4d7fffff,-17.3926,-66.0476,Sacaba,994,93,71.9734,1.1461,0.887,2.4785,1.2881,0,0,620.4,prueba,sin_brecha,
888b2cd4d9fffff,-17.4087,-66.0542,Sacaba,637,45,33.1252,0.5546,0.4082,2.0632,1.348,0,0,563,prueba,sin_brecha,
888b2cd4dbfffff,-17.4021,-66.0595,Sacaba,1264,149,58.7275,1.8363,0.7238,11.7797,2.5114,0,1,85.5,prueba,sin_brecha,
888b2cd4ddfffff,-17.4073,-66.0457,Sacaba,2067,1118,118.786,13.7781,1.4639,91.6802,9.3416,0,1,71.5,prueba,sin_brecha,
888b2cd4e1fffff,-17.4016,-66.0115,Sacaba,818,80,53.4318,0.9859,0.6585,3.6346,1.4881,0,1,228.9,prueba,sin_brecha,
888b2cd4e3fffff,-17.395,-66.0167,Sacaba,1041,27,67.9982,0.3327,0.838,-4.9718,0.4058,40.9982,1,36.8,prueba,revisar,
888b2cd4e5fffff,-17.4001,-66.003,Sacaba,611,11,38.8829,0.1356,0.4792,-4.4716,0.3009,27.8829,1,79.9,prueba,revisar,
888b2cd4e7fffff,-17.3935,-66.0082,Sacaba,161,0,10.107,0,0.1246,-3.1792,0.09,10.107,0,660.9,prueba,mapear,
888b2cd4e9fffff,-17.4096,-66.0148,Sacaba,1957,298,100.036,3.6725,1.2328,19.7928,2.9593,0,1,60.9,prueba,sin_brecha,
888b2cd4ebfffff,-17.403,-66.02,Sacaba,1425,313,66.6927,3.8574,0.8219,30.1605,4.6386,0,1,157.2,prueba,sin_brecha,
888b2cd4edfffff,-17.4082,-66.0063,Sacaba,1631,107,110.821,1.3187,1.3658,-0.363,0.9658,3.8213,1,254.7,prueba,revisar,
888b2cd503fffff,-17.4194,-65.9393,Sacaba,451,2,0.4713,0.0246,0.0058,2.2269,2.0391,0,1,278.9,prueba,sin_brecha,
888b2cd505fffff,-17.4246,-65.9255,Sacaba,134,0,0,0,0,-0.001,1,0,0,1846.6,prueba,mapear,
888b2cd507fffff,-17.418,-65.9308,Sacaba,52,1,0.0414,0.0123,0.0005,4.7132,1.9206,0,0,1173.7,prueba,sin_brecha,
888b2cd511fffff,-17.4142,-65.9531,Sacaba,429,10,0.7974,0.1232,0.0098,10.3056,6.12,0,0,558.6,prueba,sin_brecha,
888b2cd513fffff,-17.4076,-65.9583,Sacaba,223,0,4.2452,0,0.0523,-2.0604,0.1906,4.2452,0,733.5,prueba,mapear,
888b2cd515fffff,-17.4128,-65.9445,Sacaba,52,1,0.0967,0.0123,0.0012,2.9057,1.8237,0,0,654.5,prueba,sin_brecha,
888b2cd517fffff,-17.4062,-65.9498,Sacaba,62,0,1.1803,0,0.0145,-1.0864,0.4587,1.1803,0,1493.2,prueba,mapear,
888b2cd519fffff,-17.4223,-65.9564,Sacaba,477,4,0.4984,0.0493,0.0061,4.9597,3.3368,0,1,394.1,prueba,sin_brecha,
888b2cd51bfffff,-17.4157,-65.9616,Sacaba,507,19,0.9424,0.2342,0.0116,18.6015,10.2967,0,1,106.1,prueba,sin_brecha,
888b2cd51dfffff,-17.4208,-65.9478,Sacaba,989,21,1.0334,0.2588,0.0127,19.6409,10.8191,0,1,88.4,prueba,sin_brecha,
888b2cd521fffff,-17.4151,-65.9137,Sacaba,363,0,0,0,0,-0.001,1,0,0,3007.5,prueba,mapear,
888b2cd523fffff,-17.4085,-65.9189,Sacaba,207,1,0.2297,0.0123,0.0028,1.607,1.6264,0,0,2653.7,prueba,sin_brecha,
888b2cd525fffff,-17.4137,-65.9052,Sacaba,11,0,0,0,0,-0.001,1,0,0,3927.5,prueba,mapear,
888b2cd527fffff,-17.4071,-65.9104,Sacaba,145,0,0,0,0,-0.001,1,0,0,3555.7,prueba,mapear,
888b2cd529fffff,-17.4231,-65.917,Sacaba,678,11,0,0.1356,0,11000,12,0,0,2686.3,prueba,sin_brecha,
888b2cd52bfffff,-17.4165,-65.9222,Sacaba,849,6,1.655,0.0739,0.0204,3.3775,2.6366,0,0,2088.6,prueba,sin_brecha,
888b2cd52dfffff,-17.4217,-65.9084,Sacaba,26,0,0,0,0,-0.001,1,0,0,3562.7,prueba,mapear,
888b2cd531fffff,-17.4033,-65.9327,Sacaba,88,0,1.4783,0,0.0182,-1.2158,0.4035,1.4783,0,1898.5,prueba,mapear,
888b2cd535fffff,-17.4019,-65.9242,Sacaba,83,0,0.0989,0,0.0012,-0.3145,0.91,0.0989,0,2593.7,prueba,mapear,
888b2cd539fffff,-17.4114,-65.936,Sacaba,279,0,0.5186,0,0.0064,-0.7201,0.6585,0.5186,0,966.6,prueba,mapear,
888b2cd53bfffff,-17.4048,-65.9412,Sacaba,234,0,4.4546,0,0.0549,-2.1106,0.1833,4.4546,0,1476.4,prueba,mapear,
888b2cd53dfffff,-17.4099,-65.9275,Sacaba,160,0,0.202,0,0.0025,-0.4495,0.8319,0.202,0,1771.7,prueba,mapear,
888b2cd551fffff,-17.4369,-65.9544,Sacaba,21,0,0.0409,0,0.0005,-0.2023,0.9607,0.0409,0,1904.6,prueba,mapear,
888b2cd55bfffff,-17.4383,-65.963,Sacaba,57,0,0.0583,0,0.0007,-0.2414,0.9449,0.0583,0,2204.7,prueba,mapear,
888b2cd561fffff,-17.4378,-65.915,Sacaba,249,0,0,0,0,-0.001,1,0,0,3523.8,prueba,mapear,
888b2cd563fffff,-17.4312,-65.9203,Sacaba,52,0,0,0,0,-0.001,1,0,0,2661.5,prueba,mapear,
888b2cd565fffff,-17.4363,-65.9065,Sacaba,300,0,0,0,0,-0.001,1,0,0,4223.8,prueba,mapear,
888b2cd567fffff,-17.4297,-65.9117,Sacaba,285,1,0,0.0123,0,999.999,2,0,0,3418.7,prueba,sin_brecha,
888b2cd569fffff,-17.4458,-65.9183,Sacaba,10,0,0,0,0,-0.001,1,0,0,3860.3,prueba,mapear,
888b2cd56dfffff,-17.4443,-65.9098,Sacaba,68,0,0,0,0,-0.001,1,0,0,4408.9,prueba,mapear,
888b2cd581fffff,-17.3798,-65.9707,Sacaba,83,0,4.5305,0,0.0558,-2.1285,0.1808,4.5305,0,2207.2,prueba,mapear,
888b2cd589fffff,-17.3878,-65.974,Sacaba,362,1,19.7595,0.0123,0.2435,-4.2202,0.0963,18.7595,0,1315.3,prueba,mapear,
888b2cd58bfffff,-17.3812,-65.9793,Sacaba,176,0,12.3572,0,0.1523,-3.5153,0.0749,12.3572,0,1650.1,prueba,mapear,
888b2cd58dfffff,-17.3864,-65.9655,Sacaba,37,0,2.3647,0,0.0291,-1.5377,0.2972,2.3647,0,1905.2,prueba,mapear,
888b2cd599fffff,-17.3761,-65.993,Sacaba,25,0,2.8794,0,0.0355,-1.6969,0.2578,2.8794,0,2235.6,prueba,mapear,
888b2cd59bfffff,-17.3694,-65.9983,Sacaba,63,0,7.2562,0,0.0894,-2.6937,0.1211,7.2562,0,3025.6,prueba,mapear,
888b2cd5c1fffff,-17.4025,-65.9721,Sacaba,751,18,47.9962,0.2218,0.5915,-4.3298,0.3878,29.9962,1,23.8,prueba,revisar,
888b2cd5c3fffff,-17.3959,-65.9773,Sacaba,160,0,8.7335,0,0.1076,-2.9552,0.1027,8.7335,0,594,prueba,mapear,
888b2cd5c5fffff,-17.401,-65.9636,Sacaba,213,0,11.6677,0,0.1438,-3.4158,0.0789,11.6677,0,833.5,prueba,mapear,
888b2cd5c7fffff,-17.3944,-65.9688,Sacaba,67,0,4.282,0,0.0528,-2.0693,0.1893,4.282,0,951.9,prueba,mapear,
888b2cd5c9fffff,-17.4105,-65.9754,Sacaba,316,0,8.5686,0,0.1056,-2.9272,0.1045,8.5686,1,455,prueba,revisar,
888b2cd5cbfffff,-17.4039,-65.9806,Sacaba,1015,60,55.4031,0.7394,0.6828,0.6176,1.0815,0,1,102.9,prueba,sin_brecha,
888b2cd5cdfffff,-17.4091,-65.9669,Sacaba,223,6,4.7686,0.0739,0.0588,0.5639,1.2135,0,1,105.2,prueba,sin_brecha,
888b2cd5d1fffff,-17.3907,-65.9911,Sacaba,129,0,8.2944,0,0.1022,-2.88,0.1076,8.2944,0,602.1,prueba,mapear,
888b2cd5d3fffff,-17.3841,-65.9964,Sacaba,16,0,0.9815,0,0.0121,-0.9907,0.5047,0.9815,0,1392.6,prueba,mapear,
888b2cd5d5fffff,-17.3893,-65.9826,Sacaba,243,2,17.0613,0.0246,0.2103,-3.6463,0.1661,15.0613,0,707,prueba,mapear,
888b2cd5d7fffff,-17.3827,-65.9878,Sacaba,78,0,5.0152,0,0.0618,-2.2395,0.1662,5.0152,0,1507.9,prueba,mapear,
888b2cd5d9fffff,-17.3987,-65.9944,Sacaba,844,29,54.2673,0.3574,0.6688,-3.43,0.5428,25.2673,1,220.2,prueba,revisar,
888b2cd5dbfffff,-17.3921,-65.9997,Sacaba,280,3,17.1719,0.037,0.2116,-3.4199,0.2201,14.1719,0,606.6,prueba,mapear,
888b2cd5ddfffff,-17.3973,-65.9859,Sacaba,549,14,38.5459,0.1725,0.475,-3.9536,0.3793,24.5459,1,98.2,prueba,revisar,
888b2cd5e1fffff,-17.3916,-65.9517,Sacaba,20,0,1.0159,0,0.0125,-1.0079,0.496,1.0159,0,2411,prueba,mapear,
888b2cd5e9fffff,-17.3996,-65.955,Sacaba,47,0,2.3875,0,0.0294,-1.5451,0.2952,2.3875,0,1658.6,prueba,mapear,
888b2cd5ebfffff,-17.393,-65.9603,Sacaba,26,0,1.4242,0,0.0176,-1.1934,0.4125,1.4242,0,1584.2,prueba,mapear,
888b2cd5edfffff,-17.3982,-65.9465,Sacaba,177,0,8.9911,0,0.1108,-2.9985,0.1001,8.9911,0,2261.5,prueba,mapear,
888b2cd629fffff,-17.4893,-65.9999,Sacaba,20,2,0.1786,0.0246,0.0022,4.3103,2.5455,0,0,5370.1,entrenamiento,sin_brecha,
888b2cd651fffff,-17.5031,-66.0374,Sacaba,48,9,0.1708,0.1109,0.0021,21.3625,8.541,0,0,4220,entrenamiento,sin_brecha,
888b2cd681fffff,-17.446,-66.0537,Sacaba,135,0,2.0066,0,0.0247,-1.4166,0.3326,2.0066,0,688.4,entrenamiento,mapear,
888b2cd683fffff,-17.4394,-66.0589,Sacaba,906,31,37.6315,0.382,0.4638,-1.081,0.8283,6.6315,1,24.3,entrenamiento,revisar,
888b2cd685fffff,-17.4446,-66.0451,Sacaba,197,0,4.9093,0,0.0605,-2.2157,0.1692,4.9093,1,204.4,entrenamiento,revisar,
888b2cd687fffff,-17.438,-66.0504,Sacaba,248,6,7.3116,0.0739,0.0901,-0.485,0.8422,1.3116,1,385.3,entrenamiento,revisar,
888b2cd689fffff,-17.454,-66.057,Sacaba,218,6,2.1133,0.0739,0.026,2.6736,2.2484,0,0,991.9,entrenamiento,sin_brecha,
888b2cd68dfffff,-17.4526,-66.0484,Sacaba,181,36,5.9498,0.4437,0.0733,12.3195,5.3239,0,1,71.4,entrenamiento,sin_brecha,
888b2cd691fffff,-17.4342,-66.0727,Sacaba,52,0,5.4626,0,0.0673,-2.3372,0.1547,5.4626,0,604.3,entrenamiento,mapear,
888b2cd693fffff,-17.4276,-66.078,Sacaba,259,21,51.4067,0.2588,0.6335,-4.2409,0.4198,30.4067,1,119.8,entrenamiento,revisar,
888b2cd695fffff,-17.4328,-66.0642,Sacaba,508,3,47.6893,0.037,0.5877,-6.4713,0.0822,44.6893,0,595.6,entrenamiento,mapear,
888b2cd697fffff,-17.4262,-66.0694,Sacaba,553,3,100.465,0.037,1.2381,-9.7239,0.0394,97.4645,1,217.6,entrenamiento,revisar,
888b2cd69dfffff,-17.4408,-66.0675,Sacaba,161,0,7.5312,0,0.0928,-2.7443,0.1172,7.5312,0,520.7,entrenamiento,mapear,
888b2cd6a1fffff,-17.4351,-66.0333,Sacaba,404,2,11.9108,0.0246,0.1468,-2.8717,0.2324,9.9108,0,668.8,entrenamiento,mapear,
888b2cd6a3fffff,-17.4285,-66.0385,Sacaba,419,19,16.3779,0.2342,0.2018,0.6479,1.1509,0,1,79.4,entrenamiento,sin_brecha,
888b2cd6a5fffff,-17.4337,-66.0247,Sacaba,140,4,3.6409,0.0493,0.0449,0.1882,1.0774,0,0,620.8,entrenamiento,sin_brecha,
888b2cd6a7fffff,-17.4271,-66.03,Sacaba,487,0,18.3978,0,0.2267,-4.2893,0.0516,18.3978,0,568.3,entrenamiento,mapear,
888b2cd6a9fffff,-17.4431,-66.0366,Sacaba,544,9,13.5565,0.1109,0.1671,-1.2375,0.687,4.5565,1,357,entrenamiento,revisar,
888b2cd6abfffff,-17.4365,-66.0418,Sacaba,181,1,5.3363,0.0123,0.0658,-1.8771,0.3156,4.3363,1,149.6,entrenamiento,revisar,
888b2cd6adfffff,-17.4417,-66.028,Sacaba,135,0,3.3642,0,0.0415,-1.8342,0.2291,3.3642,0,1266.4,entrenamiento,mapear,
888b2cd6b1fffff,-17.4233,-66.0523,Sacaba,865,8,35.5986,0.0986,0.4387,-4.6256,0.2459,27.5986,1,396.6,entrenamiento,revisar,
888b2cd6b3fffff,-17.4167,-66.0575,Sacaba,978,86,59.2521,1.0599,0.7302,3.4749,1.4439,0,1,80.9,entrenamiento,sin_brecha,
888b2cd6b5fffff,-17.4219,-66.0438,Sacaba,705,24,29.0139,0.2958,0.3576,-0.9308,0.8329,5.0139,1,154.8,entrenamiento,revisar,
888b2cd6b7fffff,-17.4153,-66.049,Sacaba,880,79,36.2159,0.9736,0.4463,7.1094,2.1496,0,1,47.7,entrenamiento,sin_brecha,
888b2cd6b9fffff,-17.4314,-66.0556,Sacaba,674,23,28.2747,0.2835,0.3485,-0.992,0.8198,5.2747,1,273,entrenamiento,revisar,
888b2cd6bbfffff,-17.4247,-66.0608,Sacaba,668,16,31.5491,0.1972,0.3888,-2.7683,0.5223,15.5491,1,388.1,entrenamiento,revisar,
888b2cd6bdfffff,-17.4299,-66.0471,Sacaba,999,15,39.0489,0.1849,0.4812,-3.8485,0.3995,24.0489,1,84.1,entrenamiento,revisar,
888b2cd6c7fffff,-17.4606,-66.0517,Sacaba,129,0,1.5505,0,0.0191,-1.2452,0.3921,1.5505,0,652.5,entrenamiento,mapear,
888b2cd6cbfffff,-17.4701,-66.0636,Sacaba,26,0,0.4908,0,0.006,-0.7006,0.6708,0.4908,0,2219.1,entrenamiento,mapear,
888b2cd6d3fffff,-17.4503,-66.0793,Cochabamba,56,0,0.3189,0,0.0039,-0.5647,0.7582,0.3189,0,1921.4,entrenamiento,mapear,
888b2cd6dbfffff,-17.4583,-66.0826,Cochabamba,32,0,1.0602,0,0.0131,-1.0297,0.4854,1.0602,0,1972.2,entrenamiento,mapear,
888b2cd6e1fffff,-17.4578,-66.0346,Sacaba,177,1,5.9202,0.0123,0.073,-2.0222,0.289,4.9202,0,1001.7,entrenamiento,mapear,
888b2cd6e3fffff,-17.4512,-66.0399,Sacaba,771,25,25.3443,0.3081,0.3123,-0.0684,0.9869,0.3443,1,315.4,entrenamiento,revisar,
888b2cd6e7fffff,-17.4497,-66.0313,Sacaba,228,16,7.4948,0.1972,0.0924,3.1067,2.0012,0,0,681.1,entrenamiento,sin_brecha,
888b2cd6ebfffff,-17.4592,-66.0432,Sacaba,130,0,4.3482,0,0.0536,-2.0852,0.187,4.3482,1,267.6,entrenamiento,revisar,
888b2cd6edfffff,-17.4644,-66.0294,Sacaba,38,0,1.271,0,0.0157,-1.1274,0.4403,1.271,0,1787.2,entrenamiento,mapear,
888b2cd707fffff,-17.4741,-65.9539,Sacaba,17,0,0,0,0,-0.001,1,0,0,5103.2,entrenamiento,mapear,
888b2cd717fffff,-17.4624,-65.9729,Sacaba,14,0,0,0,0,-0.001,1,0,0,2929.3,entrenamiento,mapear,
888b2cd749fffff,-17.5128,-65.9618,Tolata,10,0,0.3501,0,0.0043,-0.5917,0.7407,0.3501,0,2169.3,entrenamiento,mapear,
888b2cd74dfffff,-17.5114,-65.9533,Tolata,21,0,0.3333,0,0.0041,-0.5774,0.75,0.3333,0,2447.6,entrenamiento,mapear,
88b32d900dfffff,-17.5879,-66.0087,Arbieto,398,6,0.2699,0.0739,0.0033,11.0291,5.5121,0,0,4779.2,entrenamiento,sin_brecha,
88b32d9041fffff,-17.5719,-66.002,Arbieto,26,0,0.1006,0,0.0012,-0.3171,0.9086,0.1006,0,3078.5,entrenamiento,mapear,
88b32d9043fffff,-17.5785,-65.9968,Arbieto,46,0,0.102,0,0.0013,-0.3194,0.9074,0.102,0,3898.2,entrenamiento,mapear,
88b32d9045fffff,-17.5733,-66.0106,Arbieto,97,0,0.1318,0,0.0016,-0.363,0.8836,0.1318,0,3149.8,entrenamiento,mapear,
88b32d9047fffff,-17.5799,-66.0053,Arbieto,931,6,1.199,0.0739,0.0148,4.3846,3.1833,0,0,3921.9,entrenamiento,sin_brecha,
88b32d904bfffff,-17.5704,-65.9935,Arbieto,139,2,0,0.0246,0,2000,3,0,0,3118,entrenamiento,sin_brecha,
88b32d904dfffff,-17.5653,-66.0073,Arbieto,432,2,0.5814,0.0246,0.0072,1.8604,1.897,0,0,2291.9,entrenamiento,sin_brecha,
88b32d9055fffff,-17.5851,-65.9916,Arbieto,51,0,0,0,0,-0.001,1,0,0,4739.2,entrenamiento,mapear,
88b32d9059fffff,-17.5756,-65.9797,Arbieto,211,1,0,0.0123,0,999.999,2,0,0,4102.1,entrenamiento,sin_brecha,
88b32d905dfffff,-17.577,-65.9882,Arbieto,199,0,0,0,0,-0.001,1,0,0,3963.3,entrenamiento,mapear,
88b32d9061fffff,-17.5828,-66.0224,Arbieto,98,3,0.0445,0.037,0.0005,14.0162,3.8297,0,0,4274.7,entrenamiento,sin_brecha,
88b32d9065fffff,-17.5842,-66.031,Arbieto,63,0,0.0493,0,0.0006,-0.2221,0.953,0.0493,0,4470,entrenamiento,mapear,
88b32d9069fffff,-17.5747,-66.0191,Arbieto,22,0,0.0153,0,0.0002,-0.1239,0.9849,0.0153,0,3367.4,entrenamiento,mapear,
88b32d906bfffff,-17.5813,-66.0139,Arbieto,1454,18,1.0139,0.2218,0.0125,16.8688,9.4342,0,0,4035,entrenamiento,sin_brecha,
88b32d906dfffff,-17.5762,-66.0277,Arbieto,165,0,0,0,0,-0.001,1,0,0,3554.6,entrenamiento,mapear,
88b32d9141fffff,-17.5819,-66.0619,Arbieto,194,0,0.3233,0,0.004,-0.5686,0.7557,0.3233,0,4447.8,prueba,mapear,
88b32d9149fffff,-17.5739,-66.0586,Arbieto,199,4,0.5328,0.0493,0.0066,4.75,3.262,0,0,3509.9,prueba,sin_brecha,
88b32d914bfffff,-17.5805,-66.0533,Arbieto,478,2,0.8164,0.0246,0.0101,1.31,1.6516,0,0,4167.6,prueba,sin_brecha,
88b32d914dfffff,-17.5753,-66.0671,Arbieto,355,0,0.8659,0,0.0107,-0.9305,0.5359,0.8659,0,3852,prueba,mapear,
88b32d9201fffff,-17.5383,-65.9803,Tolata,33,14,0.3704,0.1725,0.0046,22.3946,10.9456,0,1,408.6,entrenamiento,sin_brecha,
88b32d9205fffff,-17.5398,-65.9888,Tolata,108,9,1.9307,0.1109,0.0238,5.0876,3.4121,0,1,93.8,entrenamiento,sin_brecha,
88b32d9209fffff,-17.5303,-65.977,Tolata,71,13,0.4702,0.1602,0.0058,18.2727,9.5225,0,1,273.9,entrenamiento,sin_brecha,
88b32d920bfffff,-17.5369,-65.9717,Tolata,135,3,1.4882,0.037,0.0183,1.2393,1.6076,0,0,520.9,entrenamiento,sin_brecha,
88b32d920dfffff,-17.5318,-65.9855,Tolata,19,4,0.2905,0.0493,0.0036,6.8822,3.8744,0,0,502.6,entrenamiento,sin_brecha,
88b32d9211fffff,-17.5501,-65.9612,Cliza,44,0,0.5099,0,0.0063,-0.7141,0.6623,0.5099,0,1912.9,entrenamiento,mapear,
88b32d9213fffff,-17.5567,-65.956,Cliza,57,0,0.9194,0,0.0113,-0.9588,0.521,0.9194,0,2569,entrenamiento,mapear,
88b32d9215fffff,-17.5515,-65.9698,Cliza,44,0,0.364,0,0.0045,-0.6033,0.7331,0.364,0,2150.7,entrenamiento,mapear,
88b32d9217fffff,-17.5581,-65.9645,Cliza,280,4,2.5926,0.0493,0.032,0.8741,1.3918,0,0,2841,entrenamiento,sin_brecha,
88b32d9219fffff,-17.5421,-65.9579,Tolata,50,0,0.7407,0,0.0091,-0.8607,0.5745,0.7407,0,985.4,entrenamiento,mapear,
88b32d921bfffff,-17.5487,-65.9527,Cliza,119,0,2.0923,0,0.0258,-1.4465,0.3234,2.0923,0,1660.6,entrenamiento,mapear,
88b32d9229fffff,-17.5412,-65.9974,Tolata,81,4,1.6701,0.0493,0.0206,1.8029,1.8726,0,1,122.4,entrenamiento,sin_brecha,
88b32d922dfffff,-17.5426,-66.0059,Tolata,235,23,6.4321,0.2835,0.0793,6.5327,3.2293,0,1,185.5,entrenamiento,sin_brecha,
88b32d9231fffff,-17.561,-65.9816,Cliza,126,0,0.4859,0,0.006,-0.697,0.673,0.4859,0,2538.1,entrenamiento,mapear,
88b32d9233fffff,-17.5676,-65.9764,Arbieto,200,0,0.4545,0,0.0056,-0.6742,0.6875,0.4545,0,3433.1,entrenamiento,mapear,
88b32d9235fffff,-17.5624,-65.9902,Arbieto,14,0,0.0665,0,0.0008,-0.2578,0.9377,0.0665,0,2347.9,entrenamiento,mapear,
88b32d9237fffff,-17.569,-65.9849,Arbieto,67,0,0.3661,0,0.0045,-0.6051,0.732,0.3661,0,3217.4,entrenamiento,mapear,
88b32d923bfffff,-17.5596,-65.9731,Cliza,348,1,0.5622,0.0123,0.0069,0.5839,1.2802,0,0,2824.8,entrenamiento,sin_brecha,
88b32d9243fffff,-17.5223,-65.9737,Tolata,19,0,0.546,0,0.0067,-0.7389,0.6468,0.546,0,1110,entrenamiento,mapear,
88b32d9251fffff,-17.5275,-65.9599,Tolata,150,3,3.9474,0.037,0.0486,-0.4768,0.8085,0.9474,0,592,entrenamiento,mapear,
88b32d9253fffff,-17.534,-65.9546,Tolata,124,12,3.2632,0.1479,0.0402,4.8365,3.0494,0,1,59.3,entrenamiento,sin_brecha,
88b32d9255fffff,-17.5289,-65.9684,Tolata,186,12,6.7461,0.1479,0.0831,2.0228,1.6783,0,1,354.7,entrenamiento,sin_brecha,
88b32d9257fffff,-17.5355,-65.9632,Tolata,500,56,18.1347,0.6901,0.2235,8.8917,2.9789,0,1,336.9,entrenamiento,sin_brecha,
88b32d925bfffff,-17.526,-65.9513,Tolata,77,0,2.0263,0,0.025,-1.4235,0.3304,2.0263,0,847.8,entrenamiento,mapear,
88b32d925dfffff,-17.5209,-65.9651,Tolata,25,1,0.6579,0.0123,0.0081,0.4218,1.2063,0,0,1254.6,entrenamiento,sin_brecha,
88b32d9267fffff,-17.5346,-66.0026,Tolata,69,1,1.0714,0.0123,0.0132,-0.069,0.9655,0.0714,0,967.3,entrenamiento,mapear,
88b32d9281fffff,-17.5845,-65.9436,Cliza,107,0,0.9514,0,0.0117,-0.9754,0.5124,0.9514,0,5668.4,entrenamiento,mapear,
88b32d9285fffff,-17.5859,-65.9521,Cliza,286,0,1.5657,0,0.0193,-1.2513,0.3898,1.5657,0,5786.1,entrenamiento,mapear,
88b32d9289fffff,-17.5765,-65.9403,Cliza,167,1,0.9692,0.0123,0.0119,0.0313,1.0156,0,0,4830.7,entrenamiento,sin_brecha,
88b32d928bfffff,-17.583,-65.935,Cliza,602,10,3.1748,0.1232,0.0391,3.8305,2.6348,0,0,5641.2,entrenamiento,sin_brecha,
88b32d928dfffff,-17.5779,-65.9488,Cliza,43,0,0.198,0,0.0024,-0.445,0.8347,0.198,0,4903.1,entrenamiento,mapear,
88b32d9299fffff,-17.5882,-65.9213,Cliza,505,9,4.3854,0.1109,0.054,2.2036,1.8569,0,0,6425.6,entrenamiento,sin_brecha,
88b32d929dfffff,-17.5896,-65.9298,Cliza,1337,1,11.6106,0.0123,0.1431,-3.1139,0.1586,10.6106,0,6430.3,entrenamiento,mapear,
88b32d92a9fffff,-17.5873,-65.9607,Cliza,153,1,0.5965,0.0123,0.0074,0.5225,1.2527,0,0,5997,entrenamiento,sin_brecha,
88b32d92c1fffff,-17.5618,-65.9422,Cliza,213,4,1.5491,0.0493,0.0191,1.9692,1.9615,0,0,3200,entrenamiento,sin_brecha,
88b32d92c3fffff,-17.5684,-65.937,Cliza,439,2,0,0.0246,0,2000,3,0,0,4010.7,entrenamiento,sin_brecha,
88b32d92c5fffff,-17.5633,-65.9508,Cliza,126,0,1.008,0,0.0124,-1.004,0.498,1.008,0,3279.3,entrenamiento,mapear,
88b32d92c7fffff,-17.5699,-65.9455,Cliza,246,0,1.968,0,0.0243,-1.4029,0.3369,1.968,0,4038.3,entrenamiento,mapear,
88b32d92c9fffff,-17.5538,-65.9389,Cliza,263,5,6.2433,0.0616,0.0769,-0.4976,0.8283,1.2433,0,2380.1,entrenamiento,mapear,
88b32d92cbfffff,-17.5604,-65.9337,Cliza,203,2,0,0.0246,0,2000,3,0,0,3167.6,entrenamiento,sin_brecha,
88b32d92cdfffff,-17.5553,-65.9475,Cliza,162,7,1.1782,0.0863,0.0145,5.3636,3.6728,0,0,2408.4,entrenamiento,sin_brecha,
88b32d92d1fffff,-17.5736,-65.9232,Cliza,296,0,1.531,0,0.0189,-1.2373,0.3951,1.531,0,4803.1,entrenamiento,mapear,
88b32d92d3fffff,-17.5802,-65.918,Cliza,556,5,3.0017,0.0616,0.037,1.1534,1.4994,0,0,5645.7,entrenamiento,sin_brecha,
88b32d92d5fffff,-17.575,-65.9317,Cliza,462,4,2.3897,0.0493,0.0294,1.0417,1.4751,0,0,4798.9,entrenamiento,sin_brecha,
88b32d92d7fffff,-17.5816,-65.9265,Cliza,359,2,1.9381,0.0246,0.0239,0.0444,1.0211,0,0,5599.3,entrenamiento,sin_brecha,
88b32d92d9fffff,-17.5656,-65.9199,Cliza,339,0,1.7092,0,0.0211,-1.3074,0.3691,1.7092,0,4025.4,entrenamiento,mapear,
88b32d92dbfffff,-17.5721,-65.9147,Cliza,376,0,2.3178,0,0.0286,-1.5224,0.3014,2.3178,0,4868.1,entrenamiento,mapear,
88b32d92ddfffff,-17.567,-65.9284,Cliza,176,0,0.7671,0,0.0095,-0.8758,0.5659,0.7671,0,3969.7,entrenamiento,mapear,
88b32d92e1fffff,-17.5727,-65.9626,Cliza,33,0,0.1807,0,0.0022,-0.425,0.847,0.1807,0,4417.8,entrenamiento,mapear,
88b32d92e3fffff,-17.5793,-65.9574,Cliza,30,0,0.1642,0,0.002,-0.4053,0.8589,0.1642,0,5080.3,entrenamiento,mapear,
88b32d92e5fffff,-17.5742,-65.9712,Arbieto,59,0,0.2474,0,0.003,-0.4974,0.8017,0.2474,0,4335.2,entrenamiento,mapear,
88b32d92e7fffff,-17.5808,-65.9659,Cliza,36,0,0.1404,0,0.0017,-0.3746,0.8769,0.1404,0,5241.6,entrenamiento,mapear,
88b32d92e9fffff,-17.5647,-65.9593,Cliza,146,0,0.6685,0,0.0082,-0.8176,0.5993,0.6685,0,3490.6,entrenamiento,mapear,
88b32d92ebfffff,-17.5713,-65.9541,Cliza,60,0,0.2763,0,0.0034,-0.5256,0.7835,0.2763,0,4171.2,entrenamiento,mapear,
88b32d92edfffff,-17.5661,-65.9679,Cliza,170,0,1.0266,0,0.0127,-1.0132,0.4934,1.0266,0,3735.8,entrenamiento,mapear,
88b32d9305fffff,-17.5498,-66.0487,Tolata,45,8,2.434,0.0986,0.03,3.5676,2.6208,0,0,738.6,entrenamiento,sin_brecha,
88b32d9309fffff,-17.5403,-66.0368,Tolata,180,8,4.9556,0.0986,0.0611,1.3676,1.5112,0,1,92.9,entrenamiento,sin_brecha,
88b32d930bfffff,-17.5469,-66.0316,Tolata,168,1,4.5777,0.0123,0.0564,-1.6722,0.3586,3.5777,1,457.1,entrenamiento,revisar,
88b32d930dfffff,-17.5418,-66.0454,Tolata,179,16,9.6824,0.1972,0.1193,2.0303,1.5914,0,1,179,entrenamiento,sin_brecha,
88b32d9311fffff,-17.5601,-66.0211,Arbieto,114,0,0.3184,0,0.0039,-0.5643,0.7585,0.3184,0,1765.6,entrenamiento,mapear,
88b32d9313fffff,-17.5667,-66.0158,Arbieto,292,1,1.0599,0.0123,0.0131,-0.0582,0.9709,0.0599,0,2435.1,entrenamiento,mapear,
88b32d9315fffff,-17.5616,-66.0296,Arbieto,406,0,4.006,0,0.0494,-2.0015,0.1998,4.006,0,1966.9,entrenamiento,mapear,
88b32d9317fffff,-17.5682,-66.0244,Arbieto,922,0,9.0974,0,0.1121,-3.0162,0.099,9.0974,0,2657,entrenamiento,mapear,
88b32d931bfffff,-17.5587,-66.0125,Arbieto,144,1,4.4335,0.0123,0.0546,-1.6307,0.3681,3.4335,0,1524.1,entrenamiento,mapear,
88b32d9325fffff,-17.5607,-66.0691,Arbieto,29,0,9.2599,0,0.1141,-3.043,0.0975,9.2599,0,2302,entrenamiento,mapear,
88b32d9329fffff,-17.5512,-66.0572,Tolata,73,0,15.0232,0,0.1851,-3.876,0.0624,15.0232,0,1021.1,entrenamiento,mapear,
88b32d9331fffff,-17.571,-66.0415,Arbieto,448,2,3.8621,0.0246,0.0476,-0.9475,0.617,1.8621,0,3034.6,entrenamiento,mapear,
88b32d9333fffff,-17.5776,-66.0362,Arbieto,453,0,3.9052,0,0.0481,-1.9762,0.2039,3.9052,0,3816.2,entrenamiento,mapear,
88b32d9335fffff,-17.5724,-66.05,Arbieto,76,0,0.6552,0,0.0081,-0.8094,0.6042,0.6552,0,3250,entrenamiento,mapear,
88b32d9337fffff,-17.579,-66.0448,Arbieto,194,0,1.6724,0,0.0206,-1.2932,0.3742,1.6724,0,3929.7,entrenamiento,mapear,
88b32d9339fffff,-17.563,-66.0382,Arbieto,263,0,2.2672,0,0.0279,-1.5057,0.3061,2.2672,0,2185,entrenamiento,mapear,
88b32d933bfffff,-17.5696,-66.0329,Arbieto,537,0,4.6293,0,0.0571,-2.1516,0.1776,4.6293,0,2908.8,entrenamiento,mapear,
88b32d9351fffff,-17.5375,-66.0197,Tolata,114,1,8.2909,0.0123,0.1022,-2.5321,0.2153,7.2909,0,742.1,entrenamiento,mapear,
88b32d9353fffff,-17.5441,-66.0145,Tolata,395,8,28.7273,0.0986,0.354,-3.8672,0.3028,20.7273,1,67.6,entrenamiento,revisar,
88b32d9355fffff,-17.5389,-66.0283,Tolata,218,1,8.0049,0.0123,0.0987,-2.4758,0.2221,7.0049,1,496.1,entrenamiento,revisar,
88b32d9357fffff,-17.5455,-66.023,Tolata,235,17,8.6291,0.2095,0.1063,2.8496,1.8693,0,1,149.1,entrenamiento,sin_brecha,
88b32d9359fffff,-17.5295,-66.0164,Tolata,15,0,1.0909,0,0.0134,-1.0445,0.4783,1.0909,0,1634.7,entrenamiento,mapear,
88b32d935bfffff,-17.536,-66.0112,Tolata,120,1,8.7273,0.0123,0.1076,-2.6157,0.2056,7.7273,0,969.6,entrenamiento,mapear,
88b32d9361fffff,-17.5366,-66.0592,Tolata,322,2,78.8345,0.0246,0.9716,-8.6536,0.0376,76.8345,0,516.1,entrenamiento,mapear,
88b32d9363fffff,-17.5432,-66.0539,Tolata,464,34,88.4403,0.419,1.0899,-5.7889,0.3913,54.4403,1,81.1,entrenamiento,revisar,
88b32d9365fffff,-17.538,-66.0677,Tolata,168,31,51.6364,0.382,0.6364,-2.8718,0.6079,20.6364,1,113.9,entrenamiento,revisar,
88b32d9367fffff,-17.5446,-66.0625,Tolata,362,19,111.264,0.2342,1.3712,-8.7469,0.1782,92.2641,1,418,entrenamiento,revisar,
88b32d9369fffff,-17.5286,-66.0558,Tolata,12,0,0.7826,0,0.0096,-0.8847,0.561,0.7826,0,1456,entrenamiento,mapear,
88b32d936bfffff,-17.5352,-66.0506,Tolata,52,0,3.3913,0,0.0418,-1.8415,0.2277,3.3913,0,853.7,entrenamiento,mapear,
