h3_cell,pliegue,tecnica,observado,esperado
888b2c8001fffff,1,B0,35,449.355
888b2c8003fffff,1,B0,3,17.7611
888b2c8005fffff,1,B0,0,355.222
888b2c8007fffff,1,B0,4,122.551
888b2c8009fffff,1,B0,1,243.327
888b2c800dfffff,1,B0,1,522.176
888b2c8011fffff,1,B0,103,1673.09
888b2c8013fffff,1,B0,26,1532.78
888b2c8015fffff,1,B0,169,2522.07
888b2c8017fffff,1,B0,293,3971.38
888b2c8019fffff,1,B0,42,1111.84
888b2c801bfffff,1,B0,118,1953.72
888b2c801dfffff,1,B0,89,822.338
888b2c8021fffff,1,B0,10,872.069
888b2c8023fffff,1,B0,11,115.447
888b2c8025fffff,1,B0,11,463.564
888b2c8027fffff,1,B0,13,745.965
888b2c802bfffff,1,B0,13,337.461
888b2c802dfffff,1,B0,2,241.551
888b2c8031fffff,1,B0,113,1804.53
888b2c8033fffff,1,B0,1530,3381.71
888b2c8035fffff,1,B0,87,1300.11
888b2c8037fffff,1,B0,651,3372.83
888b2c8039fffff,1,B0,136,1484.83
888b2c803bfffff,1,B0,689,4644.52
888b2c803dfffff,1,B0,23,1410.23
888b2c8043fffff,1,B0,0,140.313
888b2c8045fffff,1,B0,0,46.1788
888b2c8047fffff,1,B0,0,214.909
888b2c8051fffff,1,B0,0,206.029
888b2c8053fffff,1,B0,8,241.551
888b2c8055fffff,1,B0,1,37.2983
888b2c8057fffff,1,B0,0,17.7611
888b2c8065fffff,1,B0,0,346.341
888b2c8069fffff,1,B0,2,191.82
888b2c806bfffff,1,B0,1,149.193
888b2c806dfffff,1,B0,4,312.595
888b2c8101fffff,4,B0,28,3390.73
888b2c8103fffff,4,B0,132,2869.41
888b2c8105fffff,4,B0,137,4610.71
888b2c8107fffff,4,B0,56,4082.98
888b2c8109fffff,4,B0,10,166.652
888b2c810bfffff,4,B0,29,1630.2
888b2c810dfffff,4,B0,29,3625.76
888b2c8111fffff,4,B0,115,1995.56
888b2c8113fffff,4,B0,363,3683.44
888b2c8115fffff,4,B0,302,2392.96
888b2c8117fffff,4,B0,1243,5416.2
888b2c8119fffff,4,B0,8,837.535
888b2c811bfffff,4,B0,6,756.345
888b2c811dfffff,4,B0,43,1529.78
888b2c8121fffff,4,B0,343,3679.17
888b2c8123fffff,4,B0,1686,8655.24
888b2c8125fffff,4,B0,4967,8403.12
888b2c8127fffff,4,B0,7065,10291.9
888b2c8129fffff,4,B0,99,3820.18
888b2c812bfffff,4,B0,168,4027.43
888b2c812dfffff,4,B0,35,653.79
888b2c8131fffff,4,B0,3978,10366.6
888b2c8133fffff,4,B0,5499,6396.89
888b2c8135fffff,4,B0,9718,9819.67
888b2c8137fffff,4,B0,8849,6022.99
888b2c8139fffff,4,B0,255,4117.17
888b2c813bfffff,4,B0,5133,5800.78
888b2c813dfffff,4,B0,727,5431.16
888b2c8141fffff,4,B0,28,846.081
888b2c8143fffff,4,B0,23,903.768
888b2c8145fffff,4,B0,187,3764.63
888b2c8147fffff,4,B0,29,916.588
888b2c8149fffff,4,B0,104,3290.32
888b2c814bfffff,4,B0,10,848.218
888b2c814dfffff,4,B0,181,3264.68
888b2c8151fffff,4,B0,0,346.124
888b2c8153fffff,4,B0,1,277.754
888b2c8155fffff,4,B0,4,749.936
888b2c8157fffff,4,B0,7,514.913
888b2c8159fffff,4,B0,0,2070.33
888b2c815dfffff,4,B0,13,1596.02
888b2c8161fffff,4,B0,689,2138.71
888b2c8163fffff,4,B0,71,2764.72
888b2c8165fffff,4,B0,190,2653.62
888b2c8167fffff,4,B0,50,2431.42
888b2c8169fffff,4,B0,241,4499.61
888b2c816bfffff,4,B0,13,222.203
888b2c816dfffff,4,B0,52,3694.13
888b2c8213fffff,0,B0,6,527.287
888b2c8217fffff,0,B0,0,41.0873
888b2c8231fffff,0,B0,0,41.0873
888b2c8235fffff,0,B0,0,235.111
888b2c8237fffff,0,B0,0,134.675
888b2c8245fffff,0,B0,0,66.1962
888b2c824dfffff,0,B0,0,34.2394
888b2c8263fffff,0,B0,0,114.131
888b2c8269fffff,0,B0,0,47.9352
888b2c826bfffff,0,B0,0,139.24
888b2c826dfffff,0,B0,0,61.6309
888b2c8281fffff,3,B0,8,1070.53
888b2c8283fffff,3,B0,26,1061.49
888b2c8285fffff,3,B0,8,580.434
888b2c8287fffff,3,B0,16,1384.46
888b2c8289fffff,3,B0,22,1312.19
888b2c828bfffff,3,B0,42,2272.05
888b2c828dfffff,3,B0,9,505.904
888b2c8291fffff,3,B0,0,573.659
888b2c8293fffff,3,B0,23,1126.99
888b2c8295fffff,3,B0,5,1294.12
888b2c8297fffff,3,B0,7,905.658
888b2c8299fffff,3,B0,0,869.522
888b2c829bfffff,3,B0,23,663.999
888b2c829dfffff,3,B0,7,1269.28
888b2c82a1fffff,3,B0,0,83.5644
888b2c82a3fffff,3,B0,1,679.808
888b2c82a5fffff,3,B0,0,47.4285
888b2c82a7fffff,3,B0,9,1262.5
888b2c82a9fffff,3,B0,0,447.183
888b2c82abfffff,3,B0,1,846.937
888b2c82adfffff,3,B0,0,33.8775
888b2c82b1fffff,3,B0,65,2414.33
888b2c82b3fffff,3,B0,74,2073.3
888b2c82b5fffff,3,B0,10,2132.02
888b2c82b7fffff,3,B0,17,2226.88
888b2c82b9fffff,3,B0,53,2174.93
888b2c82bbfffff,3,B0,20,1517.71
888b2c82bdfffff,3,B0,2,1682.58
888b2c82c1fffff,3,B0,0,490.094
888b2c82c3fffff,3,B0,55,1924.24
888b2c82c7fffff,3,B0,12,1235.4
888b2c82c9fffff,3,B0,67,1777.44
888b2c82cbfffff,3,B0,20,2113.95
888b2c82cdfffff,3,B0,0,49.687
888b2c82d1fffff,3,B0,38,1169.9
888b2c82d3fffff,3,B0,3,1402.53
888b2c82d5fffff,3,B0,52,1682.58
888b2c82d7fffff,3,B0,12,2050.72
888b2c82d9fffff,3,B0,52,2346.58
888b2c82dbfffff,3,B0,325,2215.59
888b2c82ddfffff,3,B0,37,1452.21
888b2c82e1fffff,3,B0,0,388.462
888b2c82e3fffff,3,B0,0,83.5644
888b2c82e5fffff,3,B0,0,198.748
888b2c82e7fffff,3,B0,0,663.999
888b2c82e9fffff,3,B0,47,505.904
888b2c82ebfffff,3,B0,0,108.408
888b2c82edfffff,3,B0,0,173.904
888b2c8301fffff,4,B0,0,861.037
888b2c8303fffff,4,B0,12,903.768
888b2c8305fffff,4,B0,0,123.921
888b2c8307fffff,4,B0,10,1444.32
888b2c8309fffff,4,B0,3,98.2822
888b2c830bfffff,4,B0,6,1123.84
888b2c8311fffff,4,B0,0,153.833
888b2c8313fffff,4,B0,3,55.5508
888b2c8315fffff,4,B0,0,96.1456
888b2c8317fffff,4,B0,7,626.015
888b2c831dfffff,4,B0,3,916.588
888b2c8321fffff,4,B0,78,3873.6
888b2c8323fffff,4,B0,20,2848.05
888b2c8325fffff,4,B0,316,5279.46
888b2c8327fffff,4,B0,55,2416.46
888b2c8329fffff,4,B0,24,1873.77
888b2c832bfffff,4,B0,16,1042.65
888b2c832dfffff,4,B0,407,7930.94
888b2c8331fffff,4,B0,10,1555.42
888b2c8333fffff,4,B0,9,1181.52
888b2c8335fffff,4,B0,3,222.203
888b2c8337fffff,4,B0,67,2514.74
888b2c8339fffff,4,B0,2,373.899
888b2c833bfffff,4,B0,13,1125.97
888b2c833dfffff,4,B0,30,1081.1
888b2c8343fffff,4,B0,0,70.5068
888b2c8345fffff,4,B0,0,151.696
888b2c834bfffff,4,B0,0,55.5508
888b2c834dfffff,4,B0,0,49.1411
888b2c8351fffff,4,B0,0,361.08
888b2c8353fffff,4,B0,0,155.97
888b2c8355fffff,4,B0,0,55.5508
888b2c8357fffff,4,B0,2,897.359
888b2c8367fffff,4,B0,3,861.037
888b2c8369fffff,4,B0,0,96.1456
888b2c8505fffff,3,B0,8,304.897
888b2c850dfffff,3,B0,2,284.571
888b2c8521fffff,3,B0,0,252.952
888b2c8525fffff,3,B0,0,316.19
888b2c8529fffff,3,B0,0,284.571
888b2c852dfffff,3,B0,3,526.23
888b2c8541fffff,3,B0,6,1815.83
888b2c8543fffff,3,B0,17,97.1154
888b2c8545fffff,3,B0,0,1565.14
888b2c8547fffff,3,B0,0,810.801
888b2c8549fffff,3,B0,6,1269.28
888b2c854bfffff,3,B0,0,216.816
888b2c854dfffff,3,B0,20,2287.86
888b2c855dfffff,3,B0,1,219.074
888b2c8561fffff,3,B0,39,1400.27
888b2c8563fffff,3,B0,54,481.06
888b2c8565fffff,3,B0,8,1160.87
888b2c8567fffff,3,B0,3,885.331
888b2c8569fffff,3,B0,16,1795.51
888b2c856bfffff,3,B0,10,1650.96
888b2c856dfffff,3,B0,1,207.782
888b2c8701fffff,1,B0,0,747.741
888b2c8703fffff,1,B0,0,550.593
888b2c8705fffff,1,B0,0,895.158
888b2c8707fffff,1,B0,1,740.637
888b2c8709fffff,1,B0,0,1188.22
888b2c870bfffff,1,B0,0,67.4921
888b2c870dfffff,1,B0,0,973.307
888b2c8715fffff,1,B0,0,138.536
888b2c871dfffff,1,B0,0,120.775
888b2c8721fffff,1,B0,11,1427.99
888b2c8723fffff,1,B0,1,378.311
888b2c8725fffff,1,B0,37,1248.6
888b2c8727fffff,1,B0,7,1101.19
888b2c8729fffff,1,B0,0,971.531
888b2c872bfffff,1,B0,1,422.714
888b2c872dfffff,1,B0,12,1703.29
888b2c8731fffff,1,B0,0,1248.6
888b2c8733fffff,1,B0,0,24.8655
888b2c8735fffff,1,B0,3,783.264
888b2c8737fffff,1,B0,0,404.953
888b2c8739fffff,1,B0,92,360.55
888b2c873dfffff,1,B0,0,172.282
888b2c8741fffff,1,B0,1,921.8
888b2c8743fffff,1,B0,7,1385.36
888b2c8745fffff,1,B0,4,1083.43
888b2c8747fffff,1,B0,11,1516.8
888b2c8749fffff,1,B0,0,124.328
888b2c874bfffff,1,B0,0,966.203
888b2c874dfffff,1,B0,22,761.95
888b2c8751fffff,1,B0,0,17.7611
888b2c8755fffff,1,B0,1,610.981
888b2c8757fffff,1,B0,0,33.7461
888b2c8759fffff,1,B0,1,239.775
888b2c875dfffff,1,B0,4,1319.65
888b2c8761fffff,1,B0,4,999.949
888b2c8763fffff,1,B0,6,550.593
888b2c8765fffff,1,B0,6,1007.05
888b2c8767fffff,1,B0,7,1136.71
888b2c8769fffff,1,B0,5,1184.66
888b2c876bfffff,1,B0,4,1134.93
888b2c876dfffff,1,B0,13,1523.9
888b2c8807fffff,2,B0,1,10.6134
888b2c8809fffff,2,B0,624,1296.77
888b2c880bfffff,2,B0,27,708.204
888b2c880dfffff,2,B0,69,460.236
888b2c8817fffff,2,B0,1,55.9617
888b2c8819fffff,2,B0,130,909.859
888b2c881bfffff,2,B0,230,2841.5
888b2c881dfffff,2,B0,26,602.07
888b2c8823fffff,2,B0,0,50.1725
888b2c8835fffff,2,B0,2,29.9105
888b2c8841fffff,2,B0,7610,2339.78
888b2c8843fffff,2,B0,9693,3404.98
888b2c8845fffff,2,B0,6787,3423.31
888b2c8847fffff,2,B0,3148,3302.7
888b2c8849fffff,2,B0,427,126.396
888b2c884bfffff,2,B0,7359,2283.81
888b2c884dfffff,2,B0,3395,1454.04
888b2c8851fffff,2,B0,8771,3832.41
888b2c8853fffff,2,B0,4173,3851.71
888b2c8855fffff,2,B0,1523,1931.64
888b2c8857fffff,2,B0,377,1304.49
888b2c8859fffff,2,B0,49864,4197.12
888b2c885bfffff,2,B0,13237,4396.85
888b2c885dfffff,2,B0,44930,4127.65
888b2c8861fffff,2,B0,179,899.246
888b2c8865fffff,2,B0,8,630.051
888b2c8867fffff,2,B0,6,14.4728
888b2c8869fffff,2,B0,2396,1719.37
888b2c886bfffff,2,B0,2002,2878.17
888b2c886dfffff,2,B0,1407,2183.47
888b2c8881fffff,4,B0,0,98.2822
888b2c8889fffff,4,B0,1,40.5948
888b2c889dfffff,4,B0,0,34.1851
888b2c88c5fffff,4,B0,0,55.5508
888b2c88c9fffff,4,B0,322,4277.41
888b2c88cbfffff,4,B0,35,666.609
888b2c88cdfffff,4,B0,91,1679.34
888b2c88d7fffff,4,B0,0,27.7754
888b2c88d9fffff,4,B0,65,2418.6
888b2c88dbfffff,4,B0,0,111.102
888b2c88ddfffff,4,B0,1,166.652
888b2c88e7fffff,4,B0,0,40.5948
888b2c8901fffff,0,B0,0,520.439
888b2c8903fffff,0,B0,1,59.3483
888b2c8905fffff,0,B0,0,814.898
888b2c890bfffff,0,B0,0,70.7615
888b2c890dfffff,0,B0,0,237.393
888b2c8911fffff,0,B0,0,70.7615
888b2c8919fffff,0,B0,0,25.1089
888b2c891dfffff,0,B0,1,47.9352
888b2c8941fffff,0,B0,1,91.3051
888b2c8949fffff,0,B0,224,3394.27
888b2c894bfffff,0,B0,14,554.679
888b2c894dfffff,0,B0,4,1086.53
888b2c8961fffff,0,B0,0,59.3483
888b2c8963fffff,0,B0,0,531.852
888b2c8967fffff,0,B0,0,178.045
888b2c896bfffff,0,B0,7,79.892
888b2c89c9fffff,4,B0,4,98.2822
888b2c8a01fffff,2,B0,28521,4635.17
888b2c8a03fffff,2,B0,80049,3776.45
888b2c8a05fffff,2,B0,3562,1116.34
888b2c8a07fffff,2,B0,26047,2973.69
888b2c8a09fffff,2,B0,10573,4692.1
888b2c8a0bfffff,2,B0,23242,3468.66
888b2c8a0dfffff,2,B0,6763,4672.8
888b2c8a11fffff,2,B0,19547,3889.34
888b2c8a13fffff,2,B0,17320,4246.33
888b2c8a15fffff,2,B0,90676,4579.21
888b2c8a17fffff,2,B0,25690,3814.08
888b2c8a19fffff,2,B0,11111,4139.23
888b2c8a1bfffff,2,B0,9041,4340.89
888b2c8a1dfffff,2,B0,7667,3199.46
888b2c8a21fffff,2,B0,71,356.997
888b2c8a23fffff,2,B0,3305,1280.36
888b2c8a25fffff,2,B0,44,161.131
888b2c8a27fffff,2,B0,5,35.6997
888b2c8a29fffff,2,B0,290,175.604
888b2c8a2bfffff,2,B0,6463,1411.58
888b2c8a2dfffff,2,B0,458,320.332
888b2c8a31fffff,2,B0,77452,4013.8
888b2c8a33fffff,2,B0,59673,3588.3
888b2c8a35fffff,2,B0,8514,1291.94
888b2c8a37fffff,2,B0,36486,3889.34
888b2c8a39fffff,2,B0,152494,4378.52
888b2c8a3bfffff,2,B0,112578,4090.03
888b2c8a3dfffff,2,B0,46310,3368.31
888b2c8a41fffff,2,B0,4982,4591.75
888b2c8a43fffff,2,B0,8039,4660.26
888b2c8a45fffff,2,B0,552,3450.33
888b2c8a47fffff,2,B0,1897,4540.61
888b2c8a49fffff,2,B0,2327,4365.97
888b2c8a4bfffff,2,B0,4096,4353.43
888b2c8a4dfffff,2,B0,2939,4120.9
888b2c8a51fffff,2,B0,2073,2490.29
888b2c8a53fffff,2,B0,2229,1317.03
888b2c8a55fffff,2,B0,5141,4604.29
888b2c8a57fffff,2,B0,9943,3782.24
888b2c8a59fffff,2,B0,322,1160.72
888b2c8a5bfffff,2,B0,640,571.195
888b2c8a5dfffff,2,B0,1874,2703.53
888b2c8a61fffff,2,B0,9514,2904.22
888b2c8a63fffff,2,B0,825,489.182
888b2c8a65fffff,2,B0,2495,2791.33
888b2c8a67fffff,2,B0,1239,621.367
888b2c8a69fffff,2,B0,1443,4346.68
888b2c8a6bfffff,2,B0,8174,4579.21
888b2c8a6dfffff,2,B0,4312,4880.24
888b2c8a81fffff,1,B0,5943,8578.6
888b2c8a83fffff,1,B0,3205,6402.87
888b2c8a85fffff,1,B0,19271,9052.82
888b2c8a87fffff,1,B0,14797,7147.06
888b2c8a89fffff,1,B0,9392,8509.33
888b2c8a8bfffff,1,B0,1715,5967.72
888b2c8a8dfffff,1,B0,19927,8452.5
888b2c8a91fffff,1,B0,805,4518.42
888b2c8a93fffff,1,B0,2126,2181.06
888b2c8a95fffff,1,B0,3659,5100.98
888b2c8a97fffff,1,B0,3441,4934.03
888b2c8a99fffff,1,B0,470,3747.59
888b2c8a9bfffff,1,B0,218,1436.87
888b2c8a9dfffff,1,B0,559,4141.88
888b2c8aa1fffff,1,B0,3943,7552.01
888b2c8aa3fffff,1,B0,4894,6441.94
888b2c8aa5fffff,1,B0,2681,7367.3
888b2c8aa7fffff,1,B0,942,6074.29
888b2c8aa9fffff,1,B0,11586,8127.47
888b2c8aabfffff,1,B0,7773,7495.18
888b2c8aadfffff,1,B0,6457,9306.81
888b2c8ab1fffff,1,B0,959,5923.32
888b2c8ab3fffff,1,B0,353,4356.79
888b2c8ab5fffff,1,B0,1630,6303.41
888b2c8ab7fffff,1,B0,426,6077.84
888b2c8ab9fffff,1,B0,6394,6857.55
888b2c8abbfffff,1,B0,1239,5163.15
888b2c8abdfffff,1,B0,3246,7747.38
888b2c8ac1fffff,1,B0,12316,7898.35
888b2c8ac3fffff,1,B0,6897,7747.38
888b2c8ac5fffff,1,B0,28745,7377.95
888b2c8ac7fffff,1,B0,15345,8360.14
888b2c8ac9fffff,1,B0,9217,9029.73
888b2c8acbfffff,1,B0,7779,7067.13
888b2c8acdfffff,1,B0,20622,6719.02
888b2c8ad1fffff,1,B0,775,3399.47
888b2c8ad3fffff,1,B0,651,2733.43
888b2c8ad5fffff,1,B0,1524,4601.9
888b2c8ad7fffff,1,B0,646,3756.47
888b2c8ad9fffff,1,B0,2529,4307.06
888b2c8adbfffff,1,B0,339,2053.18
888b2c8addfffff,1,B0,3739,6305.18
888b2c8ae1fffff,1,B0,23758,8914.29
888b2c8ae3fffff,1,B0,30707,8093.72
888b2c8ae5fffff,1,B0,92158,8567.95
888b2c8ae7fffff,1,B0,30397,8175.43
888b2c8ae9fffff,1,B0,23054,8660.3
888b2c8aebfffff,1,B0,19475,8763.32
888b2c8aedfffff,1,B0,47832,6628.44
888b2c8c4bfffff,1,B0,0,85.2532
888b2c8c51fffff,1,B0,0,92.3576
888b2c8c59fffff,1,B0,0,177.611
888b2c8c5bfffff,1,B0,0,46.1788
888b2c8c5dfffff,1,B0,0,37.2983
888b2c8c69fffff,1,B0,0,129.656
888b2c8c6dfffff,1,B0,0,504.415
888b2c8e01fffff,0,B0,37,3722.97
888b2c8e03fffff,0,B0,6,2508.61
888b2c8e05fffff,0,B0,24,2221
888b2c8e07fffff,0,B0,66,3316.66
888b2c8e09fffff,0,B0,88,3620.25
888b2c8e0bfffff,0,B0,7,3382.85
888b2c8e0dfffff,0,B0,18,1707.41
888b2c8e11fffff,0,B0,0,132.392
888b2c8e15fffff,0,B0,23,2011
888b2c8e19fffff,0,B0,0,2134.26
888b2c8e1dfffff,0,B0,0,1127.62
888b2c8e21fffff,0,B0,44,1344.47
888b2c8e23fffff,0,B0,0,84.4572
888b2c8e25fffff,0,B0,13,910.768
888b2c8e29fffff,0,B0,18,1848.93
888b2c8e2bfffff,0,B0,25,3460.46
888b2c8e2dfffff,0,B0,26,2147.95
888b2c8e33fffff,0,B0,1,143.806
888b2c8e35fffff,0,B0,0,22.8263
888b2c8e37fffff,0,B0,0,61.6309
888b2c8e39fffff,0,B0,14,2291.76
888b2c8e3bfffff,0,B0,19,299.024
888b2c8e3dfffff,0,B0,0,216.85
888b2c8e41fffff,0,B0,70,2556.54
888b2c8e43fffff,0,B0,63,3542.64
888b2c8e45fffff,0,B0,9,840.007
888b2c8e47fffff,0,B0,32,2953.72
888b2c8e49fffff,0,B0,114,4348.41
888b2c8e4bfffff,0,B0,3,1572.73
888b2c8e4dfffff,0,B0,75,3218.51
888b2c8e51fffff,0,B0,4,1118.49
888b2c8e53fffff,0,B0,0,1349.03
888b2c8e55fffff,0,B0,6,2784.81
888b2c8e57fffff,0,B0,28,1846.65
888b2c8e59fffff,0,B0,0,333.264
888b2c8e5bfffff,0,B0,3,1282.84
888b2c8e5dfffff,0,B0,3,1858.06
888b2c8e61fffff,0,B0,1053,5692.87
888b2c8e63fffff,0,B0,94,3663.62
888b2c8e65fffff,0,B0,70,2545.13
888b2c8e67fffff,0,B0,55,3350.9
888b2c8e69fffff,0,B0,165,3255.03
888b2c8e6bfffff,0,B0,21,2125.13
888b2c8e6dfffff,0,B0,130,3325.79
888b2c8ee1fffff,1,B0,0,298.386
888b2c8ee3fffff,1,B0,0,206.029
888b2c8ee5fffff,1,B0,22,168.73
888b2c8ee7fffff,1,B0,1,298.386
888b2c8eedfffff,1,B0,13,19.5372
888b2c9023fffff,2,B0,0,19.2971
888b2c9027fffff,2,B0,6,65.6102
888b2c902bfffff,2,B0,1,13.508
888b2c9101fffff,4,B0,1,98.2822
888b2c9105fffff,4,B0,0,42.7314
888b2c9113fffff,4,B0,11,523.459
888b2c9117fffff,4,B0,3,29.912
888b2c9119fffff,4,B0,0,25.6388
888b2c911bfffff,4,B0,0,89.7359
888b2c911dfffff,4,B0,0,94.009
888b2c9121fffff,4,B0,0,51.2776
888b2c9123fffff,4,B0,1,141.014
888b2c9129fffff,4,B0,0,42.7314
888b2c912bfffff,4,B0,3,155.97
888b2c912dfffff,4,B0,0,49.1411
888b2c9133fffff,4,B0,3,170.925
888b2c9135fffff,4,B0,0,57.6874
888b2c9137fffff,4,B0,1,222.203
888b2c913dfffff,4,B0,0,27.7754
888b2c9181fffff,4,B0,1,40.5948
888b2c9185fffff,4,B0,0,89.7359
888b2c9189fffff,4,B0,0,98.2822
888b2c918bfffff,4,B0,0,228.613
888b2c918dfffff,4,B0,0,260.661
888b2c9199fffff,4,B0,0,53.4142
888b2c91a9fffff,4,B0,0,87.5993
888b2c91c1fffff,4,B0,5,55.5508
888b2c91c3fffff,4,B0,0,121.784
888b2c91c5fffff,4,B0,79,675.156
888b2c91c7fffff,4,B0,2,316.212
888b2c91c9fffff,4,B0,1,143.15
888b2c91cbfffff,4,B0,0,104.692
888b2c91cdfffff,4,B0,7,561.918
888b2c91d1fffff,4,B0,0,91.8724
888b2c91d3fffff,4,B0,0,21.3657
888b2c91d5fffff,4,B0,51,81.1896
888b2c91ddfffff,4,B0,0,179.472
888b2c91e3fffff,4,B0,0,81.1896
888b2c91e5fffff,4,B0,0,32.0485
888b2c91e7fffff,4,B0,7,32.0485
888b2c91e9fffff,4,B0,4,316.212
888b2c91ebfffff,4,B0,2,228.613
888b2c91edfffff,4,B0,3,164.516
888b2c9521fffff,3,B0,0,106.149
888b2c9523fffff,3,B0,10,887.59
888b2c9527fffff,3,B0,33,275.537
888b2c9529fffff,3,B0,2,447.183
888b2c952bfffff,3,B0,0,207.782
888b2c9531fffff,3,B0,0,322.965
888b2c9533fffff,3,B0,0,779.182
888b2c9535fffff,3,B0,36,1278.31
888b2c9537fffff,3,B0,6,813.059
888b2c9539fffff,3,B0,0,83.5644
888b2c953dfffff,3,B0,8,298.122
888b2c9561fffff,3,B0,0,65.4965
888b2c9563fffff,3,B0,0,40.653
888b2c9565fffff,3,B0,0,74.5305
888b2c9567fffff,3,B0,3,523.972
888b2c9585fffff,0,B0,0,241.959
888b2c9587fffff,0,B0,2,495.33
888b2c95a1fffff,0,B0,2,392.612
888b2c95a3fffff,0,B0,0,303.589
888b2c95a5fffff,0,B0,1,1289.68
888b2c95a7fffff,0,B0,2,805.768
888b2c95a9fffff,0,B0,0,956.421
888b2c95abfffff,0,B0,5,668.81
888b2c95adfffff,0,B0,1,1360.45
888b2c95b1fffff,0,B0,1,794.354
888b2c95b3fffff,0,B0,0,394.895
888b2c95b5fffff,0,B0,0,385.764
888b2c95b7fffff,0,B0,16,913.051
888b2c95b9fffff,0,B0,0,159.784
888b2c95bdfffff,0,B0,0,25.1089
888b2c95e1fffff,0,B0,0,470.221
888b2c95e3fffff,0,B0,0,109.566
888b2c95e5fffff,0,B0,17,1775.88
888b2c95e7fffff,0,B0,0,1081.97
888b2c95edfffff,0,B0,0,134.675
888b2c9803fffff,2,B0,0,55.9617
888b2c9811fffff,2,B0,1,244.109
888b2c9813fffff,2,B0,22,1248.52
888b2c9817fffff,2,B0,4,263.406
888b2c9819fffff,2,B0,0,82.0128
888b2c981bfffff,2,B0,14,588.562
888b2c9821fffff,2,B0,1,85.8722
888b2c9823fffff,2,B0,23,353.137
888b2c9827fffff,2,B0,40,666.716
888b2c9833fffff,2,B0,3,426.466
888b2c9835fffff,2,B0,6,577.949
888b2c9837fffff,2,B0,26,1680.78
888b2c983bfffff,2,B0,0,43.4185
888b2c9853fffff,2,B0,0,19.2971
888b2c985bfffff,2,B0,0,43.4185
888b2c9861fffff,2,B0,1,89.7316
888b2c9865fffff,2,B0,8,216.128
888b2c9867fffff,2,B0,5,69.4696
888b2c9869fffff,2,B0,2,193.936
888b2c986bfffff,2,B0,0,61.7508
888b2c986dfffff,2,B0,2,192.006
888b2c9881fffff,0,B0,360,3576.88
888b2c9883fffff,0,B0,74,2492.63
888b2c9885fffff,0,B0,294,4065.36
888b2c9887fffff,0,B0,691,5046.89
888b2c9889fffff,0,B0,207,3560.9
888b2c988bfffff,0,B0,33,2284.91
888b2c988dfffff,0,B0,464,4941.89
888b2c9891fffff,0,B0,19,1499.69
888b2c9893fffff,0,B0,143,5387
888b2c9895fffff,0,B0,9,1513.38
888b2c9897fffff,0,B0,29,2255.24
888b2c9899fffff,0,B0,19,2478.93
888b2c989bfffff,0,B0,262,5074.28
888b2c989dfffff,0,B0,130,3442.2
888b2c98a1fffff,0,B0,544,4526.45
888b2c98a3fffff,0,B0,896,7760.93
888b2c98a5fffff,0,B0,490,3531.23
888b2c98a7fffff,0,B0,1904,6247.55
888b2c98a9fffff,0,B0,326,8890.84
888b2c98abfffff,0,B0,1033,8635.18
888b2c98adfffff,0,B0,457,7849.96
888b2c98b1fffff,0,B0,258,3636.23
888b2c98b3fffff,0,B0,44,2182.19
888b2c98b5fffff,0,B0,2343,9125.95
888b2c98b7fffff,0,B0,212,3501.55
888b2c98b9fffff,0,B0,130,2597.63
888b2c98bbfffff,0,B0,33,1232.62
888b2c98bdfffff,0,B0,881,4184.06
888b2c98c1fffff,0,B0,560,4599.49
888b2c98c3fffff,0,B0,98,2864.7
888b2c98c5fffff,0,B0,133,4213.73
888b2c98c7fffff,0,B0,836,4289.06
888b2c98c9fffff,0,B0,89,3665.9
888b2c98cbfffff,0,B0,132,2819.05
888b2c98cdfffff,0,B0,56,2551.98
888b2c98d1fffff,0,B0,8,1543.06
888b2c98d3fffff,0,B0,23,3873.62
888b2c98d5fffff,0,B0,261,2819.05
888b2c98d7fffff,0,B0,4,1143.6
888b2c98d9fffff,0,B0,6,935.877
888b2c98dbfffff,0,B0,1,1645.77
888b2c98ddfffff,0,B0,28,1944.8
888b2c98e1fffff,0,B0,226,3250.46
888b2c98e3fffff,0,B0,488,4823.19
888b2c98e5fffff,0,B0,196,4909.93
888b2c98e7fffff,0,B0,334,8534.75
888b2c98e9fffff,0,B0,126,4019.71
888b2c98ebfffff,0,B0,233,4334.71
888b2c98edfffff,0,B0,44,2001.86
888b2c9901fffff,4,B0,1,145.287
888b2c9903fffff,4,B0,0,198.701
888b2c9909fffff,4,B0,0,134.604
888b2c990bfffff,4,B0,14,217.93
888b2c990dfffff,4,B0,0,117.511
888b2c9911fffff,4,B0,93,683.702
888b2c9913fffff,4,B0,188,4826.51
888b2c9915fffff,4,B0,5,433.723
888b2c9917fffff,4,B0,27,2192.12
888b2c9919fffff,4,B0,0,162.379
888b2c991bfffff,4,B0,26,175.199
888b2c991dfffff,4,B0,29,384.582
888b2c9933fffff,4,B0,0,343.988
888b2c9939fffff,4,B0,0,25.6388
888b2c993bfffff,4,B0,7,299.12
888b2c993dfffff,4,B0,0,66.2336
888b2c9943fffff,4,B0,13,123.921
888b2c9949fffff,4,B0,14,320.485
888b2c994bfffff,4,B0,114,489.274
888b2c994dfffff,4,B0,1,53.4142
888b2c9955fffff,4,B0,75,794.804
888b2c9957fffff,4,B0,2,27.7754
888b2c9959fffff,4,B0,4,143.15
888b2c995dfffff,4,B0,4,380.309
888b2c9981fffff,3,B0,871,6990.05
888b2c9983fffff,3,B0,1193,5065.81
888b2c9985fffff,3,B0,183,3656.51
888b2c9987fffff,3,B0,1541,5284.89
888b2c9989fffff,3,B0,903,5946.63
888b2c998bfffff,3,B0,690,6400.58
888b2c998dfffff,3,B0,251,3496.16
888b2c9991fffff,3,B0,2385,7956.69
888b2c9993fffff,3,B0,554,8751.68
888b2c9995fffff,3,B0,1903,8735.87
888b2c9997fffff,3,B0,2222,10513.3
888b2c9999fffff,3,B0,577,3640.7
888b2c999bfffff,3,B0,3996,7019.41
888b2c999dfffff,3,B0,2484,6635.47
888b2c99a3fffff,3,B0,9,58.721
888b2c99a9fffff,3,B0,1,720.461
888b2c99abfffff,3,B0,118,2922.5
888b2c99b1fffff,3,B0,614,4169.19
888b2c99b3fffff,3,B0,1167,8324.83
888b2c99b5fffff,3,B0,0,309.414
888b2c99b7fffff,3,B0,98,910.175
888b2c99b9fffff,3,B0,3761,7444.01
888b2c99bbfffff,3,B0,2193,9808.66
888b2c99bdfffff,3,B0,281,2479.83
888b2c99c1fffff,3,B0,239,5036.45
888b2c99c3fffff,3,B0,129,7489.18
888b2c99c5fffff,3,B0,419,7972.5
888b2c99c7fffff,3,B0,498,4433.43
888b2c99c9fffff,3,B0,90,4876.1
888b2c99cbfffff,3,B0,42,5711.74
888b2c99cdfffff,3,B0,119,3419.37
888b2c99d1fffff,3,B0,565,9765.75
888b2c99d3fffff,3,B0,300,5872.1
888b2c99d5fffff,3,B0,344,5741.1
888b2c99d7fffff,3,B0,327,5727.55
888b2c99d9fffff,3,B0,223,9734.13
888b2c99dbfffff,3,B0,557,9734.13
888b2c99ddfffff,3,B0,191,5946.63
888b2c99e1fffff,3,B0,48,2335.29
888b2c99e3fffff,3,B0,83,2701.16
888b2c99e5fffff,3,B0,4,1233.14
888b2c99e7fffff,3,B0,3,1219.59
888b2c99e9fffff,3,B0,153,3875.58
888b2c99ebfffff,3,B0,128,2436.92
888b2c99edfffff,3,B0,31,3015.1
888b2c9a01fffff,1,B0,2,39.0744
888b2c9a03fffff,1,B0,0,17.7611
888b2c9a07fffff,1,B0,1,62.1638
888b2c9a11fffff,1,B0,0,47.9549
888b2c9a13fffff,1,B0,0,79.9249
888b2c9a15fffff,1,B0,0,23.0894
888b2c9a17fffff,1,B0,1,186.491
888b2c9a21fffff,1,B0,20,277.073
888b2c9a23fffff,1,B0,0,85.2532
888b2c9a25fffff,1,B0,35,87.0293
888b2c9a27fffff,1,B0,0,127.88
888b2c9a29fffff,1,B0,0,39.0744
888b2c9a2bfffff,1,B0,3,90.5815
888b2c9a31fffff,1,B0,0,24.8655
888b2c9a35fffff,1,B0,2,72.8204
888b2c9a39fffff,1,B0,0,33.7461
888b2c9a3bfffff,1,B0,0,78.1488
888b2c9a3dfffff,1,B0,4,53.2832
888b2c9a5bfffff,1,B0,0,17.7611
888b2c9a91fffff,1,B0,0,40.8505
888b2c9a93fffff,1,B0,0,53.2832
888b2c9a97fffff,1,B0,2,56.8355
888b2c9aa1fffff,1,B0,1,46.1788
888b2c9aa3fffff,1,B0,0,554.146
888b2c9aa5fffff,1,B0,0,69.2682
888b2c9aa7fffff,1,B0,13,728.204
888b2c9aa9fffff,1,B0,24,46.1788
888b2c9aabfffff,1,B0,0,23.0894
888b2c9aadfffff,1,B0,0,103.014
888b2c9ab1fffff,1,B0,0,17.7611
888b2c9ab5fffff,1,B0,19,600.325
888b2c9ab7fffff,1,B0,11,831.219
888b2c9abbfffff,1,B0,0,56.8355
888b2c9ac1fffff,1,B0,0,26.6416
888b2c9ac3fffff,1,B0,11,71.0443
888b2c9ac5fffff,1,B0,1,81.701
888b2c9ac7fffff,1,B0,0,46.1788
888b2c9acbfffff,1,B0,3,21.3133
888b2c9ad9fffff,1,B0,1,71.0443
888b2c9adbfffff,1,B0,0,17.7611
888b2c9aebfffff,1,B0,0,28.4177
888b2cc64bfffff,4,B0,1,32.0485
888b2cd001fffff,4,B0,2,863.174
888b2cd003fffff,4,B0,2,463.635
888b2cd005fffff,4,B0,16,1042.65
888b2cd007fffff,4,B0,21,982.822
888b2cd009fffff,4,B0,0,403.811
888b2cd00bfffff,4,B0,8,628.151
888b2cd00dfffff,4,B0,3,756.345
888b2cd011fffff,4,B0,0,166.652
888b2cd015fffff,4,B0,0,74.7799
888b2cd017fffff,4,B0,0,21.3657
888b2cd019fffff,4,B0,0,397.402
888b2cd01bfffff,4,B0,0,303.393
888b2cd01dfffff,4,B0,8,623.878
888b2cd021fffff,4,B0,0,307.666
888b2cd023fffff,4,B0,0,96.1456
888b2cd025fffff,4,B0,0,190.155
888b2cd027fffff,4,B0,0,61.9605
888b2cd029fffff,4,B0,1,841.808
888b2cd02bfffff,4,B0,0,519.186
888b2cd02dfffff,4,B0,11,702.931
888b2cd031fffff,4,B0,0,64.0971
888b2cd037fffff,4,B0,0,27.7754
888b2cd039fffff,4,B0,3,767.028
888b2cd03dfffff,4,B0,1,141.014
888b2cd041fffff,4,B0,0,910.178
888b2cd043fffff,4,B0,0,373.899
888b2cd045fffff,4,B0,21,1506.28
888b2cd047fffff,4,B0,5,1222.12
888b2cd049fffff,4,B0,0,202.974
888b2cd04bfffff,4,B0,0,309.802
888b2cd04dfffff,4,B0,4,690.112
888b2cd051fffff,4,B0,0,55.5508
888b2cd053fffff,4,B0,6,961.456
888b2cd055fffff,4,B0,0,162.379
888b2cd057fffff,4,B0,11,875.993
888b2cd05bfffff,4,B0,3,523.459
888b2cd05dfffff,4,B0,0,68.3702
888b2cd061fffff,4,B0,10,952.91
888b2cd063fffff,4,B0,0,378.173
888b2cd065fffff,4,B0,0,914.451
888b2cd067fffff,4,B0,1,286.3
888b2cd069fffff,4,B0,15,1249.89
888b2cd06bfffff,4,B0,8,1132.38
888b2cd06dfffff,4,B0,17,1820.36
888b2cd087fffff,3,B0,0,36.136
888b2cd089fffff,3,B0,0,27.102
888b2cd097fffff,3,B0,0,117.442
888b2cd0a9fffff,3,B0,0,58.721
888b2cd0abfffff,3,B0,0,128.734
888b2cd0b3fffff,3,B0,0,537.523
888b2cd0b7fffff,3,B0,0,106.149
888b2cd0bbfffff,3,B0,0,22.585
888b2cd0bdfffff,3,B0,0,27.102
888b2cd0c3fffff,3,B0,0,31.619
888b2cd0cdfffff,3,B0,0,368.135
888b2cd0e5fffff,3,B0,0,106.149
888b2cd141fffff,2,B0,0,203.585
888b2cd143fffff,2,B0,0,457.342
888b2cd149fffff,2,B0,6,267.265
888b2cd14bfffff,2,B0,0,438.045
888b2cd14dfffff,2,B0,0,17.3674
888b2cd151fffff,2,B0,0,88.7668
888b2cd153fffff,2,B0,2,161.131
888b2cd155fffff,2,B0,0,67.5399
888b2cd157fffff,2,B0,0,51.1374
888b2cd159fffff,2,B0,1,192.971
888b2cd15bfffff,2,B0,0,134.115
888b2cd15dfffff,2,B0,0,306.824
888b2cd201fffff,3,B0,0,259.727
888b2cd203fffff,3,B0,1,666.257
888b2cd205fffff,3,B0,0,370.394
888b2cd207fffff,3,B0,0,318.448
888b2cd20bfffff,3,B0,0,38.3945
888b2cd20dfffff,3,B0,0,359.101
888b2cd211fffff,3,B0,0,440.407
888b2cd213fffff,3,B0,0,293.605
888b2cd219fffff,3,B0,0,630.121
888b2cd21bfffff,3,B0,0,758.856
888b2cd21dfffff,3,B0,0,309.414
888b2cd221fffff,3,B0,0,566.883
888b2cd223fffff,3,B0,15,440.407
888b2cd225fffff,3,B0,0,510.421
888b2cd227fffff,3,B0,4,584.951
888b2cd229fffff,3,B0,0,614.312
888b2cd22bfffff,3,B0,0,307.156
888b2cd22dfffff,3,B0,0,108.408
888b2cd231fffff,3,B0,0,1224.11
888b2cd233fffff,3,B0,2,449.441
888b2cd235fffff,3,B0,0,386.203
888b2cd237fffff,3,B0,0,350.067
888b2cd239fffff,3,B0,0,406.53
888b2cd23dfffff,3,B0,9,462.992
888b2cd251fffff,3,B0,4,840.161
888b2cd253fffff,3,B0,9,1908.43
888b2cd255fffff,3,B0,0,126.476
888b2cd257fffff,3,B0,0,668.516
888b2cd25bfffff,3,B0,0,632.38
888b2cd261fffff,3,B0,0,255.21
888b2cd263fffff,3,B0,1,47.4285
888b2cd265fffff,3,B0,0,322.965
888b2cd267fffff,3,B0,0,318.448
888b2cd301fffff,2,B0,0,232.53
888b2cd303fffff,2,B0,1,269.195
888b2cd305fffff,2,B0,0,215.163
888b2cd307fffff,2,B0,1,317.438
888b2cd309fffff,2,B0,2,170.78
888b2cd30bfffff,2,B0,1,420.677
888b2cd30dfffff,2,B0,0,245.073
888b2cd311fffff,2,B0,6,596.281
888b2cd313fffff,2,B0,26,546.109
888b2cd315fffff,2,B0,41,878.984
888b2cd317fffff,2,B0,225,1180.02
888b2cd319fffff,2,B0,0,306.824
888b2cd31bfffff,2,B0,3,309.719
888b2cd31dfffff,2,B0,3,415.853
888b2cd321fffff,2,B0,0,129.291
888b2cd323fffff,2,B0,0,274.019
888b2cd327fffff,2,B0,1,120.607
888b2cd329fffff,2,B0,2,240.249
888b2cd32bfffff,2,B0,0,279.808
888b2cd331fffff,2,B0,1,376.294
888b2cd333fffff,2,B0,1,400.415
888b2cd335fffff,2,B0,10,460.236
888b2cd337fffff,2,B0,0,354.102
888b2cd339fffff,2,B0,10,583.738
888b2cd33bfffff,2,B0,31,964.856
888b2cd33dfffff,2,B0,0,425.502
888b2cd341fffff,2,B0,0,37.6294
888b2cd343fffff,2,B0,0,123.502
888b2cd347fffff,2,B0,3,504.62
888b2cd34bfffff,2,B0,0,64.6454
888b2cd351fffff,2,B0,0,349.278
888b2cd353fffff,2,B0,1,227.706
888b2cd355fffff,2,B0,0,251.827
888b2cd357fffff,2,B0,4,252.792
888b2cd359fffff,2,B0,0,229.636
888b2cd35bfffff,2,B0,0,104.204
888b2cd35dfffff,2,B0,0,222.882
888b2cd363fffff,2,B0,0,114.818
888b2cd36bfffff,2,B0,0,138.939
888b2cd401fffff,2,B0,3,219.987
888b2cd403fffff,2,B0,5,325.157
888b2cd405fffff,2,B0,0,334.805
888b2cd407fffff,2,B0,21,184.288
888b2cd40bfffff,2,B0,11,184.288
888b2cd40dfffff,2,B0,0,34.7348
888b2cd411fffff,2,B0,6,389.802
888b2cd413fffff,2,B0,65,1065.2
888b2cd415fffff,2,B0,14,718.818
888b2cd417fffff,2,B0,46,944.594
888b2cd419fffff,2,B0,0,40.524
888b2cd41bfffff,2,B0,1,309.719
888b2cd41dfffff,2,B0,4,449.623
888b2cd421fffff,2,B0,0,199.725
888b2cd423fffff,2,B0,1,114.818
888b2cd425fffff,2,B0,1,160.166
888b2cd427fffff,2,B0,0,374.364
888b2cd429fffff,2,B0,0,75.2588
888b2cd42bfffff,2,B0,4,765.131
888b2cd42dfffff,2,B0,0,189.112
888b2cd431fffff,2,B0,31,1329.57
888b2cd433fffff,2,B0,110,899.246
888b2cd435fffff,2,B0,32,685.048
888b2cd437fffff,2,B0,103,878.984
888b2cd439fffff,2,B0,7,879.949
888b2cd43bfffff,2,B0,28,768.99
888b2cd43dfffff,2,B0,4,685.048
888b2cd451fffff,2,B0,2,224.811
888b2cd453fffff,2,B0,30,799.866
888b2cd457fffff,2,B0,0,44.3834
888b2cd459fffff,2,B0,0,29.9105
888b2cd45bfffff,2,B0,6,60.7859
888b2cd45dfffff,2,B0,1,9.64856
888b2cd461fffff,2,B0,0,69.4696
888b2cd463fffff,2,B0,0,80.0831
888b2cd467fffff,2,B0,0,145.693
888b2cd46dfffff,2,B0,0,24.1214
888b2cd629fffff,3,B0,2,45.17
888b2cd651fffff,3,B0,9,108.408
888b2cd681fffff,0,B0,0,308.155
888b2cd683fffff,0,B0,31,2068.06
888b2cd685fffff,0,B0,0,449.678
888b2cd687fffff,0,B0,6,566.092
888b2cd689fffff,0,B0,6,497.613
888b2cd68dfffff,0,B0,36,413.156
888b2cd691fffff,0,B0,0,118.697
888b2cd693fffff,0,B0,21,591.201
888b2cd695fffff,0,B0,3,1159.57
888b2cd697fffff,0,B0,3,1262.29
888b2cd69dfffff,0,B0,0,367.503
888b2cd6a1fffff,0,B0,2,922.182
888b2cd6a3fffff,0,B0,19,956.421
888b2cd6a5fffff,0,B0,4,319.568
888b2cd6a7fffff,0,B0,0,1111.64
888b2cd6a9fffff,0,B0,9,1241.75
888b2cd6abfffff,0,B0,1,413.156
888b2cd6adfffff,0,B0,0,308.155
888b2cd6b1fffff,0,B0,8,1974.47
888b2cd6b3fffff,0,B0,86,2232.41
888b2cd6b5fffff,0,B0,24,1609.25
888b2cd6b7fffff,0,B0,79,2008.71
888b2cd6b9fffff,0,B0,23,1538.49
888b2cd6bbfffff,0,B0,16,1524.8
888b2cd6bdfffff,0,B0,15,2280.35
888b2cd6c7fffff,0,B0,0,294.459
888b2cd6cbfffff,0,B0,0,59.3483
888b2cd6d3fffff,0,B0,0,127.827
888b2cd6dbfffff,0,B0,0,73.0441
888b2cd6e1fffff,0,B0,1,404.025
888b2cd6e3fffff,0,B0,25,1759.91
888b2cd6e7fffff,0,B0,16,520.439
888b2cd6ebfffff,0,B0,0,296.742
888b2cd6edfffff,0,B0,0,86.7399
888b2cd707fffff,0,B0,0,38.8047
888b2cd717fffff,0,B0,0,31.9568
888b2cd749fffff,0,B0,0,22.8263
888b2cd74dfffff,0,B0,0,47.9352
88b32d900dfffff,2,B0,6,384.013
88b32d9041fffff,2,B0,0,25.0863
88b32d9043fffff,2,B0,0,44.3834
88b32d9045fffff,2,B0,0,93.5911
88b32d9047fffff,2,B0,6,898.281
88b32d904bfffff,2,B0,2,134.115
88b32d904dfffff,2,B0,2,416.818
88b32d9055fffff,2,B0,0,49.2077
88b32d9059fffff,2,B0,1,203.585
88b32d905dfffff,2,B0,0,192.006
88b32d9061fffff,2,B0,3,94.5559
88b32d9065fffff,2,B0,0,60.7859
88b32d9069fffff,2,B0,0,21.2268
88b32d906bfffff,2,B0,18,1402.9
88b32d906dfffff,2,B0,0,159.201
88b32d9201fffff,1,B0,14,58.6116
88b32d9205fffff,1,B0,9,191.82
88b32d9209fffff,1,B0,13,126.104
88b32d920bfffff,1,B0,3,239.775
88b32d920dfffff,1,B0,4,33.7461
88b32d9211fffff,1,B0,0,78.1488
88b32d9213fffff,1,B0,0,101.238
88b32d9215fffff,1,B0,0,78.1488
88b32d9217fffff,1,B0,4,497.31
88b32d9219fffff,1,B0,0,88.8054
88b32d921bfffff,1,B0,0,211.357
88b32d9229fffff,1,B0,4,143.865
88b32d922dfffff,1,B0,23,417.385
88b32d9231fffff,1,B0,0,223.79
88b32d9233fffff,1,B0,0,355.222
88b32d9235fffff,1,B0,0,24.8655
88b32d9237fffff,1,B0,0,118.999
88b32d923bfffff,1,B0,1,618.086
88b32d9243fffff,1,B0,0,33.7461
88b32d9251fffff,1,B0,3,266.416
88b32d9253fffff,1,B0,12,220.237
88b32d9255fffff,1,B0,12,330.356
88b32d9257fffff,1,B0,56,888.054
88b32d925bfffff,1,B0,0,136.76
88b32d925dfffff,1,B0,1,44.4027
88b32d9267fffff,1,B0,1,122.551
88b32d9281fffff,0,B0,0,244.241
88b32d9285fffff,0,B0,0,652.832
88b32d9289fffff,0,B0,1,381.199
88b32d928bfffff,0,B0,10,1374.14
88b32d928dfffff,0,B0,0,98.153
88b32d9299fffff,0,B0,9,1152.73
88b32d929dfffff,0,B0,1,3051.87
88b32d92a9fffff,0,B0,1,349.242
88b32d92c1fffff,0,B0,4,486.2
88b32d92c3fffff,0,B0,2,1002.07
88b32d92c5fffff,0,B0,0,287.611
88b32d92c7fffff,0,B0,0,561.526
88b32d92c9fffff,0,B0,5,600.331
88b32d92cbfffff,0,B0,2,463.373
88b32d92cdfffff,0,B0,7,369.786
88b32d92d1fffff,0,B0,0,675.658
88b32d92d3fffff,0,B0,5,1269.14
88b32d92d5fffff,0,B0,4,1054.57
88b32d92d7fffff,0,B0,2,819.463
88b32d92d9fffff,0,B0,0,773.811
88b32d92dbfffff,0,B0,0,858.268
88b32d92ddfffff,0,B0,0,401.742
88b32d92e1fffff,0,B0,0,75.3267
88b32d92e3fffff,0,B0,0,68.4788
88b32d92e5fffff,0,B0,0,134.675
88b32d92e7fffff,0,B0,0,82.1746
88b32d92e9fffff,0,B0,0,333.264
88b32d92ebfffff,0,B0,0,136.958
88b32d92edfffff,0,B0,0,388.047
88b32d9305fffff,3,B0,8,101.632
88b32d9309fffff,3,B0,8,406.53
88b32d930bfffff,3,B0,1,379.428
88b32d930dfffff,3,B0,16,404.271
88b32d9311fffff,3,B0,0,257.469
88b32d9313fffff,3,B0,1,659.482
88b32d9315fffff,3,B0,0,916.95
88b32d9317fffff,3,B0,0,2082.34
88b32d931bfffff,3,B0,1,325.224
88b32d9325fffff,3,B0,0,65.4965
88b32d9329fffff,3,B0,0,164.87
88b32d9331fffff,3,B0,2,1011.81
88b32d9333fffff,3,B0,0,1023.1
88b32d9335fffff,3,B0,0,171.646
88b32d9337fffff,3,B0,0,438.149
88b32d9339fffff,3,B0,0,593.985
88b32d933bfffff,3,B0,0,1212.81
88b32d9351fffff,3,B0,1,257.469
88b32d9353fffff,3,B0,8,892.107
88b32d9355fffff,3,B0,1,492.353
88b32d9357fffff,3,B0,17,530.747
88b32d9359fffff,3,B0,0,33.8775
88b32d935bfffff,3,B0,1,271.02
88b32d9361fffff,3,B0,2,727.237
88b32d9363fffff,3,B0,34,1047.94
88b32d9365fffff,3,B0,31,379.428
88b32d9367fffff,3,B0,19,817.576
88b32d9369fffff,3,B0,0,27.102
88b32d936bfffff,3,B0,0,117.442
888b2c8001fffff,1,B1,35,17.887
888b2c8003fffff,1,B1,3,0.706996
888b2c8005fffff,1,B1,0,14.1399
888b2c8007fffff,1,B1,4,4.87827
888b2c8009fffff,1,B1,1,9.68584
888b2c800dfffff,1,B1,1,20.7857
888b2c8011fffff,1,B1,103,66.599
888b2c8013fffff,1,B1,26,61.0137
888b2c8015fffff,1,B1,169,100.393
888b2c8017fffff,1,B1,293,158.084
888b2c8019fffff,1,B1,42,44.2579
888b2c801bfffff,1,B1,118,77.7695
888b2c801dfffff,1,B1,89,32.7339
888b2c8021fffff,1,B1,10,476.449
888b2c8023fffff,1,B1,11,63.0736
888b2c8025fffff,1,B1,11,253.265
888b2c8027fffff,1,B1,13,407.553
888b2c802bfffff,1,B1,13,13.4329
888b2c802dfffff,1,B1,2,131.969
888b2c8031fffff,1,B1,113,71.8307
888b2c8033fffff,1,B1,1530,134.612
888b2c8035fffff,1,B1,87,51.7521
888b2c8037fffff,1,B1,651,134.258
888b2c8039fffff,1,B1,136,59.1048
888b2c803bfffff,1,B1,689,184.879
888b2c803dfffff,1,B1,23,56.1354
888b2c8043fffff,1,B1,0,5.58526
888b2c8045fffff,1,B1,0,63.7124
888b2c8047fffff,1,B1,0,8.55465
888b2c8051fffff,1,B1,0,8.20115
888b2c8053fffff,1,B1,8,9.61514
888b2c8055fffff,1,B1,1,1.48469
888b2c8057fffff,1,B1,0,0.706996
888b2c8065fffff,1,B1,0,477.843
888b2c8069fffff,1,B1,2,264.651
888b2c806bfffff,1,B1,1,5.93876
888b2c806dfffff,1,B1,4,431.284
888b2c8101fffff,4,B1,28,4853.71
888b2c8103fffff,4,B1,132,4107.45
888b2c8105fffff,4,B1,137,6600.07
888b2c8107fffff,4,B1,56,5844.64
888b2c8109fffff,4,B1,10,238.557
888b2c810bfffff,4,B1,29,2333.57
888b2c810dfffff,4,B1,29,5190.13
888b2c8111fffff,4,B1,115,501.814
888b2c8113fffff,4,B1,363,926.261
888b2c8115fffff,4,B1,302,601.747
888b2c8117fffff,4,B1,1243,1361.99
888b2c8119fffff,4,B1,8,1198.9
888b2c811bfffff,4,B1,6,190.195
888b2c811dfffff,4,B1,43,384.688
888b2c8121fffff,4,B1,343,5266.6
888b2c8123fffff,4,B1,1686,12389.7
888b2c8125fffff,4,B1,4967,12028.8
888b2c8127fffff,4,B1,7065,14732.4
888b2c8129fffff,4,B1,99,5468.45
888b2c812bfffff,4,B1,168,5765.12
888b2c812dfffff,4,B1,35,935.876
888b2c8131fffff,4,B1,3978,14839.4
888b2c8133fffff,4,B1,5499,1608.6
888b2c8135fffff,4,B1,9718,14056.5
888b2c8137fffff,4,B1,8849,8621.68
888b2c8139fffff,4,B1,255,5893.57
888b2c813bfffff,4,B1,5133,1458.7
888b2c813dfffff,4,B1,727,7774.5
888b2c8141fffff,4,B1,28,1211.13
888b2c8143fffff,4,B1,23,1293.71
888b2c8145fffff,4,B1,187,5388.93
888b2c8147fffff,4,B1,29,1312.06
888b2c8149fffff,4,B1,104,4709.96
888b2c814bfffff,4,B1,10,1214.19
888b2c814dfffff,4,B1,181,4673.26
888b2c8151fffff,4,B1,0,495.464
888b2c8153fffff,4,B1,1,397.594
888b2c8155fffff,4,B1,4,1073.5
888b2c8157fffff,4,B1,7,737.079
888b2c8159fffff,4,B1,0,2963.61
888b2c815dfffff,4,B1,13,2284.64
888b2c8161fffff,4,B1,689,3061.48
888b2c8163fffff,4,B1,71,3957.59
888b2c8165fffff,4,B1,190,3798.55
888b2c8167fffff,4,B1,50,3480.48
888b2c8169fffff,4,B1,241,6441.03
888b2c816bfffff,4,B1,13,318.075
888b2c816dfffff,4,B1,52,5288
888b2c8213fffff,0,B1,6,10.0171
888b2c8217fffff,0,B1,0,0.780551
888b2c8231fffff,0,B1,0,0.780551
888b2c8235fffff,0,B1,0,21.011
888b2c8237fffff,0,B1,0,12.0354
888b2c8245fffff,0,B1,0,2.19697
888b2c824dfffff,0,B1,0,1.13636
888b2c8263fffff,0,B1,0,3.78788
888b2c8269fffff,0,B1,0,1.59091
888b2c826bfffff,0,B1,0,4.62121
888b2c826dfffff,0,B1,0,2.04545
888b2c8281fffff,3,B1,8,4.84322
888b2c8283fffff,3,B1,26,4.80235
888b2c8285fffff,3,B1,8,2.62597
888b2c8287fffff,3,B1,16,6.26349
888b2c8289fffff,3,B1,22,5.93653
888b2c828bfffff,3,B1,42,10.2791
888b2c828dfffff,3,B1,9,2.28878
888b2c8291fffff,3,B1,0,2.59531
888b2c8293fffff,3,B1,23,5.09867
888b2c8295fffff,3,B1,5,5.85478
888b2c8297fffff,3,B1,7,4.09733
888b2c8299fffff,3,B1,0,3.93384
888b2c829bfffff,3,B1,23,3.00403
888b2c829dfffff,3,B1,7,5.74239
888b2c82a1fffff,3,B1,0,0.378058
888b2c82a3fffff,3,B1,1,3.07555
888b2c82a5fffff,3,B1,0,2.55539
888b2c82a7fffff,3,B1,9,6.94864
888b2c82a9fffff,3,B1,0,2.02312
888b2c82abfffff,3,B1,1,3.83166
888b2c82adfffff,3,B1,0,1.82528
888b2c82b1fffff,3,B1,65,10.9228
888b2c82b3fffff,3,B1,74,9.37992
888b2c82b5fffff,3,B1,10,9.64558
888b2c82b7fffff,3,B1,17,10.0747
888b2c82b9fffff,3,B1,53,9.83972
888b2c82bbfffff,3,B1,20,6.86634
888b2c82bdfffff,3,B1,2,7.61224
888b2c82c1fffff,3,B1,0,2.21726
888b2c82c3fffff,3,B1,55,8.70554
888b2c82c7fffff,3,B1,12,5.58912
888b2c82c9fffff,3,B1,67,8.04139
888b2c82cbfffff,3,B1,20,9.56384
888b2c82cdfffff,3,B1,0,0.224791
888b2c82d1fffff,3,B1,38,5.29281
888b2c82d3fffff,3,B1,3,6.34524
888b2c82d5fffff,3,B1,52,7.61224
888b2c82d7fffff,3,B1,12,9.27774
888b2c82d9fffff,3,B1,52,10.6163
888b2c82dbfffff,3,B1,325,10.0236
888b2c82ddfffff,3,B1,37,6.57003
888b2c82e1fffff,3,B1,0,1.75746
888b2c82e3fffff,3,B1,0,0.378058
888b2c82e5fffff,3,B1,0,10.7083
888b2c82e7fffff,3,B1,0,3.00403
888b2c82e9fffff,3,B1,47,2.28878
888b2c82ebfffff,3,B1,0,0.490453
888b2c82edfffff,3,B1,0,0.786769
888b2c8301fffff,4,B1,0,1232.54
888b2c8303fffff,4,B1,12,1293.71
888b2c8305fffff,4,B1,0,177.388
888b2c8307fffff,4,B1,10,2067.49
888b2c8309fffff,4,B1,3,140.687
888b2c830bfffff,4,B1,6,1608.73
888b2c8311fffff,4,B1,0,220.206
888b2c8313fffff,4,B1,3,79.5189
888b2c8315fffff,4,B1,0,137.629
888b2c8317fffff,4,B1,7,896.116
888b2c831dfffff,4,B1,3,1312.06
888b2c8321fffff,4,B1,78,5544.91
888b2c8323fffff,4,B1,20,4076.87
888b2c8325fffff,4,B1,316,7557.35
888b2c8327fffff,4,B1,55,3459.07
888b2c8329fffff,4,B1,24,2682.23
888b2c832bfffff,4,B1,16,1492.51
888b2c832dfffff,4,B1,407,11352.8
888b2c8331fffff,4,B1,10,2226.53
888b2c8333fffff,4,B1,9,1691.3
888b2c8335fffff,4,B1,3,318.075
888b2c8337fffff,4,B1,67,3599.76
888b2c8339fffff,4,B1,2,535.223
888b2c833bfffff,4,B1,13,1611.79
888b2c833dfffff,4,B1,30,1547.56
888b2c8343fffff,4,B1,0,100.928
888b2c8345fffff,4,B1,0,217.148
888b2c834bfffff,4,B1,0,79.5189
888b2c834dfffff,4,B1,0,70.3436
888b2c8351fffff,4,B1,0,516.873
888b2c8353fffff,4,B1,0,223.264
888b2c8355fffff,4,B1,0,79.5189
888b2c8357fffff,4,B1,2,1284.54
888b2c8367fffff,4,B1,3,1232.54
888b2c8369fffff,4,B1,0,137.629
888b2c8505fffff,3,B1,8,1.67812
888b2c850dfffff,3,B1,2,1.56624
888b2c8521fffff,3,B1,0,1.39221
888b2c8525fffff,3,B1,0,1.74027
888b2c8529fffff,3,B1,0,1.56624
888b2c852dfffff,3,B1,3,2.8963
888b2c8541fffff,3,B1,6,9.99411
888b2c8543fffff,3,B1,17,0.534511
888b2c8545fffff,3,B1,0,8.61433
888b2c8547fffff,3,B1,0,4.46254
888b2c8549fffff,3,B1,6,6.98593
888b2c854bfffff,3,B1,0,1.19333
888b2c854dfffff,3,B1,20,12.5921
888b2c855dfffff,3,B1,1,1.20576
888b2c8561fffff,3,B1,39,7.7069
888b2c8563fffff,3,B1,54,2.64769
888b2c8565fffff,3,B1,8,6.38927
888b2c8567fffff,3,B1,3,4.87275
888b2c8569fffff,3,B1,16,9.88224
888b2c856bfffff,3,B1,10,9.08669
888b2c856dfffff,3,B1,1,1.1436
888b2c8701fffff,1,B1,0,6.87148
888b2c8703fffff,1,B1,0,5.05976
888b2c8705fffff,1,B1,0,8.22619
888b2c8707fffff,1,B1,1,6.80619
888b2c8709fffff,1,B1,0,10.9193
888b2c870bfffff,1,B1,0,0.620229
888b2c870dfffff,1,B1,0,8.94435
888b2c8715fffff,1,B1,0,1.2731
888b2c871dfffff,1,B1,0,1.10988
888b2c8721fffff,1,B1,11,13.1227
888b2c8723fffff,1,B1,1,3.47655
888b2c8725fffff,1,B1,37,11.4742
888b2c8727fffff,1,B1,7,10.1195
888b2c8729fffff,1,B1,0,8.92803
888b2c872bfffff,1,B1,1,3.88459
888b2c872dfffff,1,B1,12,15.6526
888b2c8731fffff,1,B1,0,11.4742
888b2c8733fffff,1,B1,0,0.228505
888b2c8735fffff,1,B1,3,7.19792
888b2c8737fffff,1,B1,0,3.72137
888b2c8739fffff,1,B1,92,3.31333
888b2c873dfffff,1,B1,0,1.58322
888b2c8741fffff,1,B1,1,21.1982
888b2c8743fffff,1,B1,7,12.731
888b2c8745fffff,1,B1,4,24.915
888b2c8747fffff,1,B1,11,13.9388
888b2c8749fffff,1,B1,0,2.8591
888b2c874bfffff,1,B1,0,22.2193
888b2c874dfffff,1,B1,22,17.5222
888b2c8751fffff,1,B1,0,0.163218
888b2c8755fffff,1,B1,1,5.6147
888b2c8757fffff,1,B1,0,0.310114
888b2c8759fffff,1,B1,1,5.51398
888b2c875dfffff,1,B1,4,12.1271
888b2c8761fffff,1,B1,4,9.18918
888b2c8763fffff,1,B1,6,5.05976
888b2c8765fffff,1,B1,6,9.25447
888b2c8767fffff,1,B1,7,10.446
888b2c8769fffff,1,B1,5,27.2432
888b2c876bfffff,1,B1,4,10.4296
888b2c876dfffff,1,B1,13,35.0444
888b2c8807fffff,2,B1,1,0.45301
888b2c8809fffff,2,B1,624,1849.86
888b2c880bfffff,2,B1,27,1010.27
888b2c880dfffff,2,B1,69,19.6441
888b2c8817fffff,2,B1,1,79.8303
888b2c8819fffff,2,B1,130,1297.93
888b2c881bfffff,2,B1,230,4053.45
888b2c881dfffff,2,B1,26,858.863
888b2c8823fffff,2,B1,0,2.1415
888b2c8835fffff,2,B1,2,42.6679
888b2c8841fffff,2,B1,7610,99.868
888b2c8843fffff,2,B1,9693,4857.26
888b2c8845fffff,2,B1,6787,146.116
888b2c8847fffff,2,B1,3148,140.968
888b2c8849fffff,2,B1,427,180.306
888b2c884bfffff,2,B1,7359,3257.9
888b2c884dfffff,2,B1,3395,62.0623
888b2c8851fffff,2,B1,8771,5467
888b2c8853fffff,2,B1,4173,5494.52
888b2c8855fffff,2,B1,1523,2755.52
888b2c8857fffff,2,B1,377,1860.87
888b2c8859fffff,2,B1,49864,5987.27
888b2c885bfffff,2,B1,13237,6272.18
888b2c885dfffff,2,B1,44930,5888.17
888b2c8861fffff,2,B1,179,38.3823
888b2c8865fffff,2,B1,8,26.8923
888b2c8867fffff,2,B1,6,0.61774
888b2c8869fffff,2,B1,2396,73.3875
888b2c886bfffff,2,B1,2002,122.848
888b2c886dfffff,2,B1,1407,93.1964
888b2c8881fffff,4,B1,0,140.687
888b2c8889fffff,4,B1,1,58.1099
888b2c889dfffff,4,B1,0,48.9347
888b2c88c5fffff,4,B1,0,79.5189
888b2c88c9fffff,4,B1,322,6122.95
888b2c88cbfffff,4,B1,35,954.226
888b2c88cdfffff,4,B1,91,2403.92
888b2c88d7fffff,4,B1,0,39.7594
888b2c88d9fffff,4,B1,65,3462.13
888b2c88dbfffff,4,B1,0,37.4774
888b2c88ddfffff,4,B1,1,238.557
888b2c88e7fffff,4,B1,0,58.1099
888b2c8901fffff,0,B1,0,174.53
888b2c8903fffff,0,B1,1,19.9025
888b2c8905fffff,0,B1,0,273.277
888b2c890bfffff,0,B1,0,23.7299
888b2c890dfffff,0,B1,0,79.61
888b2c8911fffff,0,B1,0,23.7299
888b2c8919fffff,0,B1,0,8.42029
888b2c891dfffff,0,B1,1,16.0751
888b2c8941fffff,0,B1,1,30.6192
888b2c8949fffff,0,B1,224,1138.27
888b2c894bfffff,0,B1,14,186.012
888b2c894dfffff,0,B1,4,364.369
888b2c8961fffff,0,B1,0,19.9025
888b2c8963fffff,0,B1,0,178.357
888b2c8967fffff,0,B1,0,59.7075
888b2c896bfffff,0,B1,7,26.7918
888b2c89c9fffff,4,B1,4,24.8194
888b2c8a01fffff,2,B1,28521,6612.15
888b2c8a03fffff,2,B1,80049,5387.17
888b2c8a05fffff,2,B1,3562,1592.48
888b2c8a07fffff,2,B1,26047,4242.01
888b2c8a09fffff,2,B1,10573,6693.35
888b2c8a0bfffff,2,B1,23242,4948.1
888b2c8a0dfffff,2,B1,6763,6665.83
888b2c8a11fffff,2,B1,19547,5548.2
888b2c8a13fffff,2,B1,17320,6057.46
888b2c8a15fffff,2,B1,90676,6532.32
888b2c8a17fffff,2,B1,25690,5440.84
888b2c8a19fffff,2,B1,11111,5904.69
888b2c8a1bfffff,2,B1,9041,6192.35
888b2c8a1dfffff,2,B1,7667,4564.09
888b2c8a21fffff,2,B1,71,509.262
888b2c8a23fffff,2,B1,3305,1826.46
888b2c8a25fffff,2,B1,44,6.87751
888b2c8a27fffff,2,B1,5,50.9262
888b2c8a29fffff,2,B1,290,250.502
888b2c8a2bfffff,2,B1,6463,2013.65
888b2c8a2dfffff,2,B1,458,456.959
888b2c8a31fffff,2,B1,77452,5725.76
888b2c8a33fffff,2,B1,59673,5118.77
888b2c8a35fffff,2,B1,8514,1842.98
888b2c8a37fffff,2,B1,36486,5548.2
888b2c8a39fffff,2,B1,152494,6246.03
888b2c8a3bfffff,2,B1,112578,5834.49
888b2c8a3dfffff,2,B1,46310,4804.96
888b2c8a41fffff,2,B1,4982,6550.21
888b2c8a43fffff,2,B1,8039,6647.93
888b2c8a45fffff,2,B1,552,4921.95
888b2c8a47fffff,2,B1,1897,6477.26
888b2c8a49fffff,2,B1,2327,6228.14
888b2c8a4bfffff,2,B1,4096,6210.24
888b2c8a4dfffff,2,B1,2939,5878.53
888b2c8a51fffff,2,B1,2073,3552.45
888b2c8a53fffff,2,B1,2229,1878.76
888b2c8a55fffff,2,B1,5141,6568.1
888b2c8a57fffff,2,B1,9943,5395.42
888b2c8a59fffff,2,B1,322,1655.79
888b2c8a5bfffff,2,B1,640,814.819
888b2c8a5dfffff,2,B1,1874,3856.63
888b2c8a61fffff,2,B1,9514,4142.91
888b2c8a63fffff,2,B1,825,697.827
888b2c8a65fffff,2,B1,2495,3981.88
888b2c8a67fffff,2,B1,1239,886.391
888b2c8a69fffff,2,B1,1443,6200.61
888b2c8a6bfffff,2,B1,8174,6532.32
888b2c8a6dfffff,2,B1,4312,6961.75
888b2c8a81fffff,1,B1,5943,11835.8
888b2c8a83fffff,1,B1,3205,8833.97
888b2c8a85fffff,1,B1,19271,12490.1
888b2c8a87fffff,1,B1,14797,9860.72
888b2c8a89fffff,1,B1,9392,11740.2
888b2c8a8bfffff,1,B1,1715,1e-06
888b2c8a8dfffff,1,B1,19927,11661.8
888b2c8a91fffff,1,B1,805,1e-06
888b2c8a93fffff,1,B1,2126,1e-06
888b2c8a95fffff,1,B1,3659,1e-06
888b2c8a97fffff,1,B1,3441,1e-06
888b2c8a99fffff,1,B1,470,1e-06
888b2c8a9bfffff,1,B1,218,1e-06
888b2c8a9dfffff,1,B1,559,1e-06
888b2c8aa1fffff,1,B1,3943,10419.4
888b2c8aa3fffff,1,B1,4894,8887.88
888b2c8aa5fffff,1,B1,2681,10164.6
888b2c8aa7fffff,1,B1,942,8380.63
888b2c8aa9fffff,1,B1,11586,11213.4
888b2c8aabfffff,1,B1,7773,10341
888b2c8aadfffff,1,B1,6457,12840.5
888b2c8ab1fffff,1,B1,959,8172.34
888b2c8ab3fffff,1,B1,353,1e-06
888b2c8ab5fffff,1,B1,1630,8696.74
888b2c8ab7fffff,1,B1,426,8385.53
888b2c8ab9fffff,1,B1,6394,1e-06
888b2c8abbfffff,1,B1,1239,1e-06
888b2c8abdfffff,1,B1,3246,10689
888b2c8ac1fffff,1,B1,12316,10897.3
888b2c8ac3fffff,1,B1,6897,10689
888b2c8ac5fffff,1,B1,28745,10179.3
888b2c8ac7fffff,1,B1,15345,11534.4
888b2c8ac9fffff,1,B1,9217,12458.2
888b2c8acbfffff,1,B1,7779,9750.44
888b2c8acdfffff,1,B1,20622,9270.15
888b2c8ad1fffff,1,B1,775,1857.28
888b2c8ad3fffff,1,B1,651,1e-06
888b2c8ad5fffff,1,B1,1524,6349.18
888b2c8ad7fffff,1,B1,646,1e-06
888b2c8ad9fffff,1,B1,2529,2353.13
888b2c8adbfffff,1,B1,339,1121.74
888b2c8addfffff,1,B1,3739,8699.19
888b2c8ae1fffff,1,B1,23758,12298.9
888b2c8ae3fffff,1,B1,30707,11166.8
888b2c8ae5fffff,1,B1,92158,11821.1
888b2c8ae7fffff,1,B1,30397,11279.5
888b2c8ae9fffff,1,B1,23054,11948.5
888b2c8aebfffff,1,B1,19475,12090.6
888b2c8aedfffff,1,B1,47832,9145.18
888b2c8c4bfffff,1,B1,0,3.39358
888b2c8c51fffff,1,B1,0,3.67638
888b2c8c59fffff,1,B1,0,7.06996
888b2c8c5bfffff,1,B1,0,1.83819
888b2c8c5dfffff,1,B1,0,1.48469
888b2c8c69fffff,1,B1,0,5.16107
888b2c8c6dfffff,1,B1,0,20.0787
888b2c8e01fffff,0,B1,37,332.707
888b2c8e03fffff,0,B1,6,224.185
888b2c8e05fffff,0,B1,24,198.482
888b2c8e07fffff,0,B1,66,296.397
888b2c8e09fffff,0,B1,88,323.528
888b2c8e0bfffff,0,B1,7,27.2333
888b2c8e0dfffff,0,B1,18,152.584
888b2c8e11fffff,0,B1,0,1.06581
888b2c8e15fffff,0,B1,23,179.715
888b2c8e19fffff,0,B1,0,17.1816
888b2c8e1dfffff,0,B1,0,100.771
888b2c8e21fffff,0,B1,44,120.15
888b2c8e23fffff,0,B1,0,7.54762
888b2c8e25fffff,0,B1,13,81.3919
888b2c8e29fffff,0,B1,18,165.232
888b2c8e2bfffff,0,B1,25,309.249
888b2c8e2dfffff,0,B1,26,191.954
888b2c8e33fffff,0,B1,1,12.8514
888b2c8e35fffff,0,B1,0,2.0399
888b2c8e37fffff,0,B1,0,5.50773
888b2c8e39fffff,0,B1,14,204.806
888b2c8e3bfffff,0,B1,19,26.7227
888b2c8e3dfffff,0,B1,0,19.379
888b2c8e41fffff,0,B1,70,228.469
888b2c8e43fffff,0,B1,63,316.592
888b2c8e45fffff,0,B1,9,75.0683
888b2c8e47fffff,0,B1,32,263.963
888b2c8e49fffff,0,B1,114,388.601
888b2c8e4bfffff,0,B1,3,140.549
888b2c8e4dfffff,0,B1,75,287.626
888b2c8e51fffff,0,B1,4,9.00426
888b2c8e53fffff,0,B1,0,10.8602
888b2c8e55fffff,0,B1,6,22.4188
888b2c8e57fffff,0,B1,28,14.8662
888b2c8e59fffff,0,B1,0,2.6829
888b2c8e5bfffff,0,B1,3,10.3273
888b2c8e5dfffff,0,B1,3,14.9581
888b2c8e61fffff,0,B1,1053,508.751
888b2c8e63fffff,0,B1,94,327.404
888b2c8e65fffff,0,B1,70,227.449
888b2c8e67fffff,0,B1,55,299.457
888b2c8e69fffff,0,B1,165,290.889
888b2c8e6bfffff,0,B1,21,189.915
888b2c8e6dfffff,0,B1,130,297.213
888b2c8ee1fffff,1,B1,0,11.8775
888b2c8ee3fffff,1,B1,0,8.20115
888b2c8ee5fffff,1,B1,22,6.71646
888b2c8ee7fffff,1,B1,1,11.8775
888b2c8eedfffff,1,B1,13,0.777695
888b2c9023fffff,2,B1,0,1.45916
888b2c9027fffff,2,B1,6,4.96116
888b2c902bfffff,2,B1,1,1.02141
888b2c9101fffff,4,B1,1,3.75977
888b2c9105fffff,4,B1,0,1.63468
888b2c9113fffff,4,B1,11,20.0249
888b2c9117fffff,4,B1,3,1.14428
888b2c9119fffff,4,B1,0,0.98081
888b2c911bfffff,4,B1,0,3.43284
888b2c911dfffff,4,B1,0,3.5963
888b2c9121fffff,4,B1,0,1.96162
888b2c9123fffff,4,B1,1,5.39446
888b2c9129fffff,4,B1,0,1.63468
888b2c912bfffff,4,B1,3,5.9666
888b2c912dfffff,4,B1,0,1.87989
888b2c9133fffff,4,B1,3,6.53873
888b2c9135fffff,4,B1,0,2.20682
888b2c9137fffff,4,B1,1,8.50036
888b2c913dfffff,4,B1,0,1.06254
888b2c9181fffff,4,B1,1,1.55295
888b2c9185fffff,4,B1,0,3.43284
888b2c9189fffff,4,B1,0,3.75977
888b2c918bfffff,4,B1,0,8.74556
888b2c918dfffff,4,B1,0,9.97157
888b2c9199fffff,4,B1,0,2.04335
888b2c91a9fffff,4,B1,0,3.3511
888b2c91c1fffff,4,B1,5,2.12509
888b2c91c3fffff,4,B1,0,4.65885
888b2c91c5fffff,4,B1,79,25.828
888b2c91c7fffff,4,B1,2,12.0967
888b2c91c9fffff,4,B1,1,5.47619
888b2c91cbfffff,4,B1,0,4.00498
888b2c91cdfffff,4,B1,7,21.4961
888b2c91d1fffff,4,B1,0,3.51457
888b2c91d3fffff,4,B1,0,0.817342
888b2c91d5fffff,4,B1,51,3.1059
888b2c91ddfffff,4,B1,0,6.86567
888b2c91e3fffff,4,B1,0,3.1059
888b2c91e5fffff,4,B1,0,1.22601
888b2c91e7fffff,4,B1,7,1.22601
888b2c91e9fffff,4,B1,4,12.0967
888b2c91ebfffff,4,B1,2,8.74556
888b2c91edfffff,4,B1,3,6.29353
888b2c9521fffff,3,B1,0,0.480235
888b2c9523fffff,3,B1,10,4.01558
888b2c9527fffff,3,B1,33,1.24657
888b2c9529fffff,3,B1,2,2.02312
888b2c952bfffff,3,B1,0,0.940035
888b2c9531fffff,3,B1,0,1.46114
888b2c9533fffff,3,B1,0,3.52513
888b2c9535fffff,3,B1,36,5.78326
888b2c9537fffff,3,B1,6,3.6784
888b2c9539fffff,3,B1,0,0.378058
888b2c953dfffff,3,B1,8,1.34875
888b2c9561fffff,3,B1,0,0.296315
888b2c9563fffff,3,B1,0,0.18392
888b2c9565fffff,3,B1,0,0.337187
888b2c9567fffff,3,B1,3,2.37052
888b2c9585fffff,0,B1,0,4.59658
888b2c9587fffff,0,B1,2,9.40998
888b2c95a1fffff,0,B1,2,7.4586
888b2c95a3fffff,0,B1,0,5.76741
888b2c95a5fffff,0,B1,1,24.5006
888b2c95a7fffff,0,B1,2,15.3075
888b2c95a9fffff,0,B1,0,18.1695
888b2c95abfffff,0,B1,5,12.7056
888b2c95adfffff,0,B1,1,25.8449
888b2c95b1fffff,0,B1,1,15.0907
888b2c95b3fffff,0,B1,0,7.50196
888b2c95b5fffff,0,B1,0,7.32851
888b2c95b7fffff,0,B1,16,17.3456
888b2c95b9fffff,0,B1,0,3.03548
888b2c95bdfffff,0,B1,0,0.477003
888b2c95e1fffff,0,B1,0,8.93297
888b2c95e3fffff,0,B1,0,2.08147
888b2c95e5fffff,0,B1,17,33.7372
888b2c95e7fffff,0,B1,0,20.5545
888b2c95edfffff,0,B1,0,2.55847
888b2c9803fffff,2,B1,0,79.8303
888b2c9811fffff,2,B1,1,348.225
888b2c9813fffff,2,B1,22,1781.04
888b2c9817fffff,2,B1,4,375.753
888b2c9819fffff,2,B1,0,116.993
888b2c981bfffff,2,B1,14,839.594
888b2c9821fffff,2,B1,1,122.498
888b2c9823fffff,2,B1,23,503.756
888b2c9827fffff,2,B1,40,951.081
888b2c9833fffff,2,B1,3,608.362
888b2c9835fffff,2,B1,6,824.454
888b2c9837fffff,2,B1,26,2397.66
888b2c983bfffff,2,B1,0,61.9373
888b2c9853fffff,2,B1,0,27.5277
888b2c985bfffff,2,B1,0,3.28312
888b2c9861fffff,2,B1,1,5.46099
888b2c9865fffff,2,B1,8,13.1533
888b2c9867fffff,2,B1,5,4.22786
888b2c9869fffff,2,B1,2,11.8028
888b2c986bfffff,2,B1,0,3.7581
888b2c986dfffff,2,B1,2,11.6853
888b2c9881fffff,0,B1,360,4808.08
888b2c9883fffff,0,B1,74,3350.62
888b2c9885fffff,0,B1,294,5464.71
888b2c9887fffff,0,B1,691,6784.09
888b2c9889fffff,0,B1,207,4786.6
888b2c988bfffff,0,B1,33,3071.4
888b2c988dfffff,0,B1,464,6642.95
888b2c9891fffff,0,B1,19,2015.9
888b2c9893fffff,0,B1,143,7241.27
888b2c9895fffff,0,B1,9,2034.31
888b2c9897fffff,0,B1,29,3031.52
888b2c9899fffff,0,B1,19,3332.21
888b2c989bfffff,0,B1,262,6820.91
888b2c989dfffff,0,B1,130,4627.05
888b2c98a1fffff,0,B1,544,6084.51
888b2c98a3fffff,0,B1,896,10432.3
888b2c98a5fffff,0,B1,490,4746.72
888b2c98a7fffff,0,B1,1904,8398.03
888b2c98a9fffff,0,B1,326,11951.2
888b2c98abfffff,0,B1,1033,11607.5
888b2c98adfffff,0,B1,457,10552
888b2c98b1fffff,0,B1,258,4887.86
888b2c98b3fffff,0,B1,44,2933.33
888b2c98b5fffff,0,B1,2343,12267.2
888b2c98b7fffff,0,B1,212,4706.83
888b2c98b9fffff,0,B1,130,3491.77
888b2c98bbfffff,0,B1,33,1656.9
888b2c98bdfffff,0,B1,881,5624.26
888b2c98c1fffff,0,B1,560,6182.7
888b2c98c3fffff,0,B1,98,3850.76
888b2c98c5fffff,0,B1,133,5664.15
888b2c98c7fffff,0,B1,836,5765.4
888b2c98c9fffff,0,B1,89,4927.75
888b2c98cbfffff,0,B1,132,3789.39
888b2c98cdfffff,0,B1,56,3430.4
888b2c98d1fffff,0,B1,8,2074.19
888b2c98d3fffff,0,B1,23,5206.97
888b2c98d5fffff,0,B1,261,3789.39
888b2c98d7fffff,0,B1,4,1537.24
888b2c98d9fffff,0,B1,6,1258.02
888b2c98dbfffff,0,B1,1,2212.27
888b2c98ddfffff,0,B1,28,2614.22
888b2c98e1fffff,0,B1,226,4369.31
888b2c98e3fffff,0,B1,488,6483.39
888b2c98e5fffff,0,B1,196,6599.99
888b2c98e7fffff,0,B1,334,11472.5
888b2c98e9fffff,0,B1,126,5403.34
888b2c98ebfffff,0,B1,233,5826.77
888b2c98edfffff,0,B1,44,2690.93
888b2c9901fffff,4,B1,1,0.433904
888b2c9903fffff,4,B1,0,0.593428
888b2c9909fffff,4,B1,0,0.401999
888b2c990bfffff,4,B1,14,0.650856
888b2c990dfffff,4,B1,0,0.350952
888b2c9911fffff,4,B1,93,2.0419
888b2c9913fffff,4,B1,188,6908.97
888b2c9915fffff,4,B1,5,620.859
888b2c9917fffff,4,B1,27,3137.94
888b2c9919fffff,4,B1,0,0.484952
888b2c991bfffff,4,B1,26,250.79
888b2c991dfffff,4,B1,29,1.14857
888b2c9933fffff,4,B1,0,492.405
888b2c9939fffff,4,B1,0,36.701
888b2c993bfffff,4,B1,7,428.178
888b2c993dfffff,4,B1,0,16.7262
888b2c9943fffff,4,B1,13,0.370095
888b2c9949fffff,4,B1,14,0.957141
888b2c994bfffff,4,B1,114,1.46124
888b2c994dfffff,4,B1,1,0.159524
888b2c9955fffff,4,B1,75,2.37371
888b2c9957fffff,4,B1,2,0.0829522
888b2c9959fffff,4,B1,4,0.427523
888b2c995dfffff,4,B1,4,1.13581
888b2c9981fffff,3,B1,871,9765.45
888b2c9983fffff,3,B1,1193,7077.19
888b2c9985fffff,3,B1,183,5108.33
888b2c9987fffff,3,B1,1541,7383.25
888b2c9989fffff,3,B1,903,8307.73
888b2c998bfffff,3,B1,690,8941.94
888b2c998dfffff,3,B1,251,4884.3
888b2c9991fffff,3,B1,2385,11115.9
888b2c9993fffff,3,B1,554,12226.5
888b2c9995fffff,3,B1,1903,12204.5
888b2c9997fffff,3,B1,2222,14687.6
888b2c9999fffff,3,B1,577,5086.24
888b2c999bfffff,3,B1,3996,9806.47
888b2c999dfffff,3,B1,2484,9270.08
888b2c99a3fffff,3,B1,9,82.0361
888b2c99a9fffff,3,B1,1,1006.52
888b2c99abfffff,3,B1,118,4082.87
888b2c99b1fffff,3,B1,614,5824.56
888b2c99b3fffff,3,B1,1167,11630.2
888b2c99b5fffff,3,B1,0,432.267
888b2c99b7fffff,3,B1,98,1271.56
888b2c99b9fffff,3,B1,3761,10399.7
888b2c99bbfffff,3,B1,2193,13703.2
888b2c99bdfffff,3,B1,281,3464.45
888b2c99c1fffff,3,B1,239,7036.18
888b2c99c3fffff,3,B1,129,10462.8
888b2c99c5fffff,3,B1,419,11138
888b2c99c7fffff,3,B1,498,6193.73
888b2c99c9fffff,3,B1,90,6812.15
888b2c99cbfffff,3,B1,42,7979.59
888b2c99cdfffff,3,B1,119,4777.03
888b2c99d1fffff,3,B1,565,13643.2
888b2c99d3fffff,3,B1,300,8203.61
888b2c99d5fffff,3,B1,344,8020.61
888b2c99d7fffff,3,B1,327,8001.68
888b2c99d9fffff,3,B1,223,13599.1
888b2c99dbfffff,3,B1,557,13599.1
888b2c99ddfffff,3,B1,191,8307.73
888b2c99e1fffff,3,B1,48,3262.51
888b2c99e3fffff,3,B1,83,3773.66
888b2c99e5fffff,3,B1,4,1722.76
888b2c99e7fffff,3,B1,3,1703.83
888b2c99e9fffff,3,B1,153,5414.38
888b2c99ebfffff,3,B1,128,3404.5
888b2c99edfffff,3,B1,31,4212.24
888b2c9a01fffff,1,B1,2,1.35995
888b2c9a03fffff,1,B1,0,0.618158
888b2c9a07fffff,1,B1,1,2.16355
888b2c9a11fffff,1,B1,0,1.66903
888b2c9a13fffff,1,B1,0,2.78171
888b2c9a15fffff,1,B1,0,0.803606
888b2c9a17fffff,1,B1,1,6.49066
888b2c9a21fffff,1,B1,20,9.64327
888b2c9a23fffff,1,B1,0,2.96716
888b2c9a25fffff,1,B1,35,3.02898
888b2c9a27fffff,1,B1,0,4.45074
888b2c9a29fffff,1,B1,0,1.35995
888b2c9a2bfffff,1,B1,3,3.15261
888b2c9a31fffff,1,B1,0,0.865422
888b2c9a35fffff,1,B1,2,2.53445
888b2c9a39fffff,1,B1,0,1.1745
888b2c9a3bfffff,1,B1,0,2.7199
888b2c9a3dfffff,1,B1,4,1.85448
888b2c9a5bfffff,1,B1,0,0.618158
888b2c9a91fffff,1,B1,0,56.3609
888b2c9a93fffff,1,B1,0,73.5143
888b2c9a97fffff,1,B1,2,78.4152
888b2c9aa1fffff,1,B1,1,63.7124
888b2c9aa3fffff,1,B1,0,764.549
888b2c9aa5fffff,1,B1,0,95.5686
888b2c9aa7fffff,1,B1,13,1004.7
888b2c9aa9fffff,1,B1,24,1.60721
888b2c9aabfffff,1,B1,0,0.803606
888b2c9aadfffff,1,B1,0,142.128
888b2c9ab1fffff,1,B1,0,24.5048
888b2c9ab5fffff,1,B1,19,828.261
888b2c9ab7fffff,1,B1,11,1146.82
888b2c9abbfffff,1,B1,0,78.4152
888b2c9ac1fffff,1,B1,0,0.927238
888b2c9ac3fffff,1,B1,11,2.47263
888b2c9ac5fffff,1,B1,1,2.84353
888b2c9ac7fffff,1,B1,0,1.60721
888b2c9acbfffff,1,B1,3,0.74179
888b2c9ad9fffff,1,B1,1,2.47263
888b2c9adbfffff,1,B1,0,0.618158
888b2c9aebfffff,1,B1,0,0.989053
888b2cc64bfffff,4,B1,1,8.0933
888b2cd001fffff,4,B1,2,0.75338
888b2cd003fffff,4,B1,2,0.404662
888b2cd005fffff,4,B1,16,0.910023
888b2cd007fffff,4,B1,21,0.857809
888b2cd009fffff,4,B1,0,0.352448
888b2cd00bfffff,4,B1,8,0.548252
888b2cd00dfffff,4,B1,3,0.66014
888b2cd011fffff,4,B1,0,0.145455
888b2cd015fffff,4,B1,0,0.0652681
888b2cd017fffff,4,B1,0,0.018648
888b2cd019fffff,4,B1,0,0.346853
888b2cd01bfffff,4,B1,0,0.264802
888b2cd01dfffff,4,B1,8,0.544522
888b2cd021fffff,4,B1,0,0.268531
888b2cd023fffff,4,B1,0,0.0839161
888b2cd025fffff,4,B1,0,0.165967
888b2cd027fffff,4,B1,0,0.0540793
888b2cd029fffff,4,B1,1,0.734732
888b2cd02bfffff,4,B1,0,0.453147
888b2cd02dfffff,4,B1,11,0.61352
888b2cd031fffff,4,B1,0,0.0559441
888b2cd037fffff,4,B1,0,0.0242424
888b2cd039fffff,4,B1,3,0.669464
888b2cd03dfffff,4,B1,1,0.123077
888b2cd041fffff,4,B1,0,9.57725
888b2cd043fffff,4,B1,0,3.93432
888b2cd045fffff,4,B1,21,15.8497
888b2cd047fffff,4,B1,5,12.8596
888b2cd049fffff,4,B1,0,2.13577
888b2cd04bfffff,4,B1,0,3.25986
888b2cd04dfffff,4,B1,4,7.26163
888b2cd051fffff,4,B1,0,0.0484848
888b2cd053fffff,4,B1,6,0.839161
888b2cd055fffff,4,B1,0,0.141725
888b2cd057fffff,4,B1,11,0.764569
888b2cd05bfffff,4,B1,3,0.456876
888b2cd05dfffff,4,B1,0,0.0596737
888b2cd061fffff,4,B1,10,10.0269
888b2cd063fffff,4,B1,0,0.33007
888b2cd065fffff,4,B1,0,9.62222
888b2cd067fffff,4,B1,1,0.249883
888b2cd069fffff,4,B1,15,13.1519
888b2cd06bfffff,4,B1,8,11.9154
888b2cd06dfffff,4,B1,17,19.1545
888b2cd087fffff,3,B1,0,8.69872
888b2cd089fffff,3,B1,0,0.170665
888b2cd097fffff,3,B1,0,28.2708
888b2cd0a9fffff,3,B1,0,0.369774
888b2cd0abfffff,3,B1,0,30.9892
888b2cd0b3fffff,3,B1,0,129.393
888b2cd0b7fffff,3,B1,0,25.5525
888b2cd0bbfffff,3,B1,0,5.4367
888b2cd0bdfffff,3,B1,0,6.52404
888b2cd0c3fffff,3,B1,0,0.199109
888b2cd0cdfffff,3,B1,0,2.3182
888b2cd0e5fffff,3,B1,0,0.668438
888b2cd141fffff,2,B1,0,2.67674
888b2cd143fffff,2,B1,0,6.01315
888b2cd149fffff,2,B1,6,3.51401
888b2cd14bfffff,2,B1,0,5.75943
888b2cd14dfffff,2,B1,0,0.228347
888b2cd151fffff,2,B1,0,1.12946
888b2cd153fffff,2,B1,2,2.05022
888b2cd155fffff,2,B1,0,0.859375
888b2cd157fffff,2,B1,0,0.65067
888b2cd159fffff,2,B1,1,2.53719
888b2cd15bfffff,2,B1,0,1.70647
888b2cd15dfffff,2,B1,0,4.03414
888b2cd201fffff,3,B1,0,2.62811
888b2cd203fffff,3,B1,1,6.74168
888b2cd205fffff,3,B1,0,3.74792
888b2cd207fffff,3,B1,0,3.22229
888b2cd20bfffff,3,B1,0,0.388504
888b2cd20dfffff,3,B1,0,3.63365
888b2cd211fffff,3,B1,0,1.2695
888b2cd213fffff,3,B1,0,1.84887
888b2cd219fffff,3,B1,0,1.81637
888b2cd21bfffff,3,B1,0,4.77862
888b2cd21dfffff,3,B1,0,3.13088
888b2cd221fffff,3,B1,0,5.73614
888b2cd223fffff,3,B1,15,4.45636
888b2cd225fffff,3,B1,0,5.16481
888b2cd227fffff,3,B1,4,5.91897
888b2cd229fffff,3,B1,0,6.21606
888b2cd22bfffff,3,B1,0,3.10803
888b2cd22dfffff,3,B1,0,1.09695
888b2cd231fffff,3,B1,0,7.70838
888b2cd233fffff,3,B1,2,2.8302
888b2cd235fffff,3,B1,0,3.90789
888b2cd237fffff,3,B1,0,2.20442
888b2cd239fffff,3,B1,0,4.11357
888b2cd23dfffff,3,B1,9,4.6849
888b2cd251fffff,3,B1,4,2.42182
888b2cd253fffff,3,B1,9,5.50118
888b2cd255fffff,3,B1,0,0.364575
888b2cd257fffff,3,B1,0,1.92704
888b2cd25bfffff,3,B1,0,1.82288
888b2cd261fffff,3,B1,0,2.58241
888b2cd263fffff,3,B1,1,0.479916
888b2cd265fffff,3,B1,0,3.268
888b2cd267fffff,3,B1,0,3.22229
888b2cd301fffff,2,B1,0,3.05732
888b2cd303fffff,2,B1,1,3.53938
888b2cd305fffff,2,B1,0,215.163
888b2cd307fffff,2,B1,1,4.17368
888b2cd309fffff,2,B1,2,2.24542
888b2cd30bfffff,2,B1,1,5.53108
888b2cd30dfffff,2,B1,0,3.22224
888b2cd311fffff,2,B1,6,7.83993
888b2cd313fffff,2,B1,26,7.18026
888b2cd315fffff,2,B1,41,11.5569
888b2cd317fffff,2,B1,225,15.5149
888b2cd319fffff,2,B1,0,4.03414
888b2cd31bfffff,2,B1,3,4.07219
888b2cd31dfffff,2,B1,3,5.46765
888b2cd321fffff,2,B1,0,129.291
888b2cd323fffff,2,B1,0,3.60281
888b2cd327fffff,2,B1,1,1.58575
888b2cd329fffff,2,B1,2,240.249
888b2cd32bfffff,2,B1,0,279.808
888b2cd331fffff,2,B1,1,4.94753
888b2cd333fffff,2,B1,1,5.26468
888b2cd335fffff,2,B1,10,6.05121
888b2cd337fffff,2,B1,0,4.65575
888b2cd339fffff,2,B1,10,7.67501
888b2cd33bfffff,2,B1,31,12.686
888b2cd33dfffff,2,B1,0,5.59451
888b2cd341fffff,2,B1,0,0.494753
888b2cd343fffff,2,B1,0,1.6238
888b2cd347fffff,2,B1,3,6.63476
888b2cd34bfffff,2,B1,0,0.84996
888b2cd351fffff,2,B1,0,4.59232
888b2cd353fffff,2,B1,1,2.99389
888b2cd355fffff,2,B1,0,3.31104
888b2cd357fffff,2,B1,4,3.32372
888b2cd359fffff,2,B1,0,3.01926
888b2cd35bfffff,2,B1,0,1.37008
888b2cd35dfffff,2,B1,0,2.93046
888b2cd363fffff,2,B1,0,114.818
888b2cd36bfffff,2,B1,0,1.82678
888b2cd401fffff,2,B1,3,9.38965
888b2cd403fffff,2,B1,5,13.8786
888b2cd405fffff,2,B1,0,14.2904
888b2cd407fffff,2,B1,21,7.86589
888b2cd40bfffff,2,B1,11,7.86589
888b2cd40dfffff,2,B1,0,1.48258
888b2cd411fffff,2,B1,6,16.6378
888b2cd413fffff,2,B1,65,45.4657
888b2cd415fffff,2,B1,14,30.6811
888b2cd417fffff,2,B1,46,40.3178
888b2cd419fffff,2,B1,0,1.72967
888b2cd41bfffff,2,B1,1,13.2196
888b2cd41dfffff,2,B1,4,19.1911
888b2cd421fffff,2,B1,0,8.52482
888b2cd423fffff,2,B1,1,4.90074
888b2cd425fffff,2,B1,1,6.83633
888b2cd427fffff,2,B1,0,15.9789
888b2cd429fffff,2,B1,0,3.21225
888b2cd42bfffff,2,B1,4,32.6579
888b2cd42dfffff,2,B1,0,8.07181
888b2cd431fffff,2,B1,31,56.7497
888b2cd433fffff,2,B1,110,38.3823
888b2cd435fffff,2,B1,32,29.2397
888b2cd437fffff,2,B1,103,37.5174
888b2cd439fffff,2,B1,7,37.5586
888b2cd43bfffff,2,B1,28,32.8226
888b2cd43dfffff,2,B1,4,29.2397
888b2cd451fffff,2,B1,2,9.59556
888b2cd453fffff,2,B1,30,34.1404
888b2cd457fffff,2,B1,0,1.8944
888b2cd459fffff,2,B1,0,1.27666
888b2cd45bfffff,2,B1,6,2.59451
888b2cd45dfffff,2,B1,1,0.411827
888b2cd461fffff,2,B1,0,2.96515
888b2cd463fffff,2,B1,0,3.41816
888b2cd467fffff,2,B1,0,6.21859
888b2cd46dfffff,2,B1,0,1.02957
888b2cd629fffff,3,B1,2,10.8734
888b2cd651fffff,3,B1,9,26.0962
888b2cd681fffff,0,B1,0,103.34
888b2cd683fffff,0,B1,31,693.526
888b2cd685fffff,0,B1,0,150.8
888b2cd687fffff,0,B1,6,189.839
888b2cd689fffff,0,B1,6,166.875
888b2cd68dfffff,0,B1,36,138.552
888b2cd691fffff,0,B1,0,39.805
888b2cd693fffff,0,B1,21,198.26
888b2cd695fffff,0,B1,3,388.864
888b2cd697fffff,0,B1,3,423.311
888b2cd69dfffff,0,B1,0,123.242
888b2cd6a1fffff,0,B1,2,309.254
888b2cd6a3fffff,0,B1,19,320.736
888b2cd6a5fffff,0,B1,4,107.167
888b2cd6a7fffff,0,B1,0,372.789
888b2cd6a9fffff,0,B1,9,416.422
888b2cd6abfffff,0,B1,1,138.552
888b2cd6adfffff,0,B1,0,103.34
888b2cd6b1fffff,0,B1,8,662.141
888b2cd6b3fffff,0,B1,86,748.64
888b2cd6b5fffff,0,B1,24,539.664
888b2cd6b7fffff,0,B1,79,673.623
888b2cd6b9fffff,0,B1,23,515.934
888b2cd6bbfffff,0,B1,16,511.341
888b2cd6bdfffff,0,B1,15,764.715
888b2cd6c7fffff,0,B1,0,98.747
888b2cd6cbfffff,0,B1,0,19.9025
888b2cd6d3fffff,0,B1,0,171.827
888b2cd6dbfffff,0,B1,0,98.1867
888b2cd6e1fffff,0,B1,1,135.49
888b2cd6e3fffff,0,B1,25,590.186
888b2cd6e7fffff,0,B1,16,174.53
888b2cd6ebfffff,0,B1,0,99.5125
888b2cd6edfffff,0,B1,0,29.0883
888b2cd707fffff,0,B1,0,13.0132
888b2cd717fffff,0,B1,0,10.7167
888b2cd749fffff,0,B1,0,0.603517
888b2cd74dfffff,0,B1,0,1.26739
88b32d900dfffff,2,B1,6,23.3707
88b32d9041fffff,2,B1,0,1.52673
88b32d9043fffff,2,B1,0,2.70113
88b32d9045fffff,2,B1,0,5.69587
88b32d9047fffff,2,B1,6,54.6686
88b32d904bfffff,2,B1,2,8.16212
88b32d904dfffff,2,B1,2,25.3672
88b32d9055fffff,2,B1,0,2.99473
88b32d9059fffff,2,B1,1,12.39
88b32d905dfffff,2,B1,0,11.6853
88b32d9061fffff,2,B1,3,5.75459
88b32d9065fffff,2,B1,0,3.69938
88b32d9069fffff,2,B1,0,1.29185
88b32d906bfffff,2,B1,18,85.3793
88b32d906dfffff,2,B1,0,9.68885
88b32d9201fffff,1,B1,14,1.53853
88b32d9205fffff,1,B1,9,5.0352
88b32d9209fffff,1,B1,13,3.31018
88b32d920bfffff,1,B1,3,6.29401
88b32d920dfffff,1,B1,4,0.885823
88b32d9211fffff,1,B1,0,0.284316
88b32d9213fffff,1,B1,0,0.368318
88b32d9215fffff,1,B1,0,0.284316
88b32d9217fffff,1,B1,4,1.80928
88b32d9219fffff,1,B1,0,2.33111
88b32d921bfffff,1,B1,0,0.768945
88b32d9229fffff,1,B1,4,3.7764
88b32d922dfffff,1,B1,23,10.9562
88b32d9231fffff,1,B1,0,0.814177
88b32d9233fffff,1,B1,0,7.59108
88b32d9235fffff,1,B1,0,0.531376
88b32d9237fffff,1,B1,0,2.54301
88b32d923bfffff,1,B1,1,2.24868
88b32d9243fffff,1,B1,0,0.885823
88b32d9251fffff,1,B1,3,6.99334
88b32d9253fffff,1,B1,12,5.78116
88b32d9255fffff,1,B1,12,8.67174
88b32d9257fffff,1,B1,56,23.3111
88b32d925bfffff,1,B1,0,3.58991
88b32d925dfffff,1,B1,1,1.16556
88b32d9267fffff,1,B1,1,3.21694
88b32d9281fffff,0,B1,0,0.576474
88b32d9285fffff,0,B1,0,1.54086
88b32d9289fffff,0,B1,1,0.899731
88b32d928bfffff,0,B1,10,3.24334
88b32d928dfffff,0,B1,0,0.231667
88b32d9299fffff,0,B1,9,2.72074
88b32d929dfffff,0,B1,1,7.20323
88b32d92a9fffff,0,B1,1,0.824304
88b32d92c1fffff,0,B1,4,1.14756
88b32d92c3fffff,0,B1,2,2.36516
88b32d92c5fffff,0,B1,0,0.678839
88b32d92c7fffff,0,B1,0,1.32535
88b32d92c9fffff,0,B1,5,1.41694
88b32d92cbfffff,0,B1,2,1.09368
88b32d92cdfffff,0,B1,7,0.872793
88b32d92d1fffff,0,B1,0,1.59473
88b32d92d3fffff,0,B1,5,2.99551
88b32d92d5fffff,0,B1,4,2.48908
88b32d92d7fffff,0,B1,2,1.93415
88b32d92d9fffff,0,B1,0,1.8264
88b32d92dbfffff,0,B1,0,2.02574
88b32d92ddfffff,0,B1,0,0.948219
88b32d92e1fffff,0,B1,0,0.177791
88b32d92e3fffff,0,B1,0,0.161628
88b32d92e5fffff,0,B1,0,2.19573
88b32d92e7fffff,0,B1,0,0.193954
88b32d92e9fffff,0,B1,0,0.786591
88b32d92ebfffff,0,B1,0,0.323257
88b32d92edfffff,0,B1,0,0.915893
88b32d9305fffff,3,B1,8,3.64611
88b32d9309fffff,3,B1,8,14.5844
88b32d930bfffff,3,B1,1,13.6121
88b32d930dfffff,3,B1,16,14.5034
88b32d9311fffff,3,B1,0,6.32163
88b32d9313fffff,3,B1,1,16.1922
88b32d9315fffff,3,B1,0,22.5139
88b32d9317fffff,3,B1,0,51.1275
88b32d931bfffff,3,B1,1,7.98521
88b32d9325fffff,3,B1,0,1.60813
88b32d9329fffff,3,B1,0,5.91479
88b32d9331fffff,3,B1,2,24.8429
88b32d9333fffff,3,B1,0,25.1201
88b32d9335fffff,3,B1,0,4.21442
88b32d9337fffff,3,B1,0,10.7579
88b32d9339fffff,3,B1,0,14.5841
88b32d933bfffff,3,B1,0,29.7782
88b32d9351fffff,3,B1,1,9.2368
88b32d9353fffff,3,B1,8,32.0047
88b32d9355fffff,3,B1,1,17.6634
88b32d9357fffff,3,B1,17,19.0408
88b32d9359fffff,3,B1,0,1.21537
88b32d935bfffff,3,B1,1,9.72295
88b32d9361fffff,3,B1,2,26.0899
88b32d9363fffff,3,B1,34,37.5954
88b32d9365fffff,3,B1,31,13.6121
88b32d9367fffff,3,B1,19,29.3309
88b32d9369fffff,3,B1,0,0.972295
88b32d936bfffff,3,B1,0,4.21328
888b2c8001fffff,1,B2,35,13.5871
888b2c8003fffff,1,B2,3,0.537041
888b2c8005fffff,1,B2,0,10.7408
888b2c8007fffff,1,B2,4,3.70558
888b2c8009fffff,1,B2,1,7.35746
888b2c800dfffff,1,B2,1,15.789
888b2c8011fffff,1,B2,103,50.5892
888b2c8013fffff,1,B2,26,46.3466
888b2c8015fffff,1,B2,169,76.2598
888b2c8017fffff,1,B2,293,120.082
888b2c8019fffff,1,B2,42,33.6188
888b2c801bfffff,1,B2,118,59.0745
888b2c801dfffff,1,B2,89,24.865
888b2c8021fffff,1,B2,10,26.3687
888b2c8023fffff,1,B2,11,3.49076
888b2c8025fffff,1,B2,11,14.0168
888b2c8027fffff,1,B2,13,22.5557
888b2c802bfffff,1,B2,13,10.2038
888b2c802dfffff,1,B2,2,7.30375
888b2c8031fffff,1,B2,113,54.5633
888b2c8033fffff,1,B2,1530,102.253
888b2c8035fffff,1,B2,87,39.3114
888b2c8037fffff,1,B2,651,101.984
888b2c8039fffff,1,B2,136,44.8966
888b2c803bfffff,1,B2,689,140.436
888b2c803dfffff,1,B2,23,42.641
888b2c8043fffff,1,B2,0,4.24262
888b2c8045fffff,1,B2,0,1.39631
888b2c8047fffff,1,B2,0,6.49819
888b2c8051fffff,1,B2,0,6.22967
888b2c8053fffff,1,B2,8,7.30375
888b2c8055fffff,1,B2,1,1.12779
888b2c8057fffff,1,B2,0,0.537041
888b2c8065fffff,1,B2,0,10.4723
888b2c8069fffff,1,B2,2,5.80004
888b2c806bfffff,1,B2,1,4.51114
888b2c806dfffff,1,B2,4,9.45192
888b2c8101fffff,4,B2,28,4471.75
888b2c8103fffff,4,B2,132,3784.22
888b2c8105fffff,4,B2,137,6080.67
888b2c8107fffff,4,B2,56,5384.69
888b2c8109fffff,4,B2,10,219.783
888b2c810bfffff,4,B2,29,2149.93
888b2c810dfffff,4,B2,29,4781.7
888b2c8111fffff,4,B2,115,2631.77
888b2c8113fffff,4,B2,363,4857.78
888b2c8115fffff,4,B2,302,3155.86
888b2c8117fffff,4,B2,1243,7142.96
888b2c8119fffff,4,B2,8,1104.55
888b2c811bfffff,4,B2,6,997.479
888b2c811dfffff,4,B2,43,2017.5
888b2c8121fffff,4,B2,343,4852.14
888b2c8123fffff,4,B2,1686,11414.6
888b2c8125fffff,4,B2,4967,11082.2
888b2c8127fffff,4,B2,7065,13573
888b2c8129fffff,4,B2,99,5038.11
888b2c812bfffff,4,B2,168,5311.43
888b2c812dfffff,4,B2,35,862.227
888b2c8131fffff,4,B2,3978,13671.7
888b2c8133fffff,4,B2,5499,8436.3
888b2c8135fffff,4,B2,9718,12950.3
888b2c8137fffff,4,B2,8849,7943.2
888b2c8139fffff,4,B2,255,5429.78
888b2c813bfffff,4,B2,5133,7650.15
888b2c813dfffff,4,B2,727,7162.69
888b2c8141fffff,4,B2,28,1115.82
888b2c8143fffff,4,B2,23,1191.9
888b2c8145fffff,4,B2,187,4964.85
888b2c8147fffff,4,B2,29,1208.81
888b2c8149fffff,4,B2,104,4339.31
888b2c814bfffff,4,B2,10,1118.64
888b2c814dfffff,4,B2,181,4305.5
888b2c8151fffff,4,B2,0,456.473
888b2c8153fffff,4,B2,1,366.306
888b2c8155fffff,4,B2,4,989.025
888b2c8157fffff,4,B2,7,679.074
888b2c8159fffff,4,B2,0,2730.39
888b2c815dfffff,4,B2,13,2104.85
888b2c8161fffff,4,B2,689,2820.55
888b2c8163fffff,4,B2,71,3646.15
888b2c8165fffff,4,B2,190,3499.63
888b2c8167fffff,4,B2,50,3206.58
888b2c8169fffff,4,B2,241,5934.15
888b2c816bfffff,4,B2,13,293.045
888b2c816dfffff,4,B2,52,4871.87
888b2c8213fffff,0,B2,6,24.5745
888b2c8217fffff,0,B2,0,1.91489
888b2c8231fffff,0,B2,0,1.91489
888b2c8235fffff,0,B2,0,10.9574
888b2c8237fffff,0,B2,0,6.2766
888b2c8245fffff,0,B2,0,3.08511
888b2c824dfffff,0,B2,0,1.59574
888b2c8263fffff,0,B2,0,5.31915
888b2c8269fffff,0,B2,0,2.23404
888b2c826bfffff,0,B2,0,6.48936
888b2c826dfffff,0,B2,0,2.87234
888b2c8281fffff,3,B2,8,10.7607
888b2c8283fffff,3,B2,26,10.6699
888b2c8285fffff,3,B2,8,5.8344
888b2c8287fffff,3,B2,16,13.9163
888b2c8289fffff,3,B2,22,13.1898
888b2c828bfffff,3,B2,42,22.8382
888b2c828dfffff,3,B2,9,5.08524
888b2c8291fffff,3,B2,0,5.7663
888b2c8293fffff,3,B2,23,11.3283
888b2c8295fffff,3,B2,5,13.0082
888b2c8297fffff,3,B2,7,9.10348
888b2c8299fffff,3,B2,0,8.74025
888b2c829bfffff,3,B2,23,6.67437
888b2c829dfffff,3,B2,7,12.7585
888b2c82a1fffff,3,B2,0,0.839972
888b2c82a3fffff,3,B2,1,6.83329
888b2c82a5fffff,3,B2,0,0.476741
888b2c82a7fffff,3,B2,9,12.6904
888b2c82a9fffff,3,B2,0,4.49499
888b2c82abfffff,3,B2,1,8.51323
888b2c82adfffff,3,B2,0,0.340529
888b2c82b1fffff,3,B2,65,24.2684
888b2c82b3fffff,3,B2,74,20.8404
888b2c82b5fffff,3,B2,10,21.4306
888b2c82b7fffff,3,B2,17,22.3841
888b2c82b9fffff,3,B2,53,21.862
888b2c82bbfffff,3,B2,20,15.2557
888b2c82bdfffff,3,B2,2,16.913
888b2c82c1fffff,3,B2,0,4.92632
888b2c82c3fffff,3,B2,55,19.3421
888b2c82c7fffff,3,B2,12,12.418
888b2c82c9fffff,3,B2,67,17.8664
888b2c82cbfffff,3,B2,20,21.249
888b2c82cdfffff,3,B2,0,0.499443
888b2c82d1fffff,3,B2,38,11.7596
888b2c82d3fffff,3,B2,3,14.0979
888b2c82d5fffff,3,B2,52,16.913
888b2c82d7fffff,3,B2,12,20.6134
888b2c82d9fffff,3,B2,52,23.5873
888b2c82dbfffff,3,B2,325,22.2706
888b2c82ddfffff,3,B2,37,14.5974
888b2c82e1fffff,3,B2,0,3.90474
888b2c82e3fffff,3,B2,0,0.839972
888b2c82e5fffff,3,B2,0,1.99777
888b2c82e7fffff,3,B2,0,6.67437
888b2c82e9fffff,3,B2,47,5.08524
888b2c82ebfffff,3,B2,0,1.08969
888b2c82edfffff,3,B2,0,1.74805
888b2c8301fffff,4,B2,0,1135.55
888b2c8303fffff,4,B2,12,1191.9
888b2c8305fffff,4,B2,0,163.429
888b2c8307fffff,4,B2,10,1904.79
888b2c8309fffff,4,B2,3,129.616
888b2c830bfffff,4,B2,6,1482.13
888b2c8311fffff,4,B2,0,202.877
888b2c8313fffff,4,B2,3,73.2611
888b2c8315fffff,4,B2,0,126.798
888b2c8317fffff,4,B2,7,825.597
888b2c831dfffff,4,B2,3,1208.81
888b2c8321fffff,4,B2,78,5108.56
888b2c8323fffff,4,B2,20,3756.04
888b2c8325fffff,4,B2,316,6962.63
888b2c8327fffff,4,B2,55,3186.86
888b2c8329fffff,4,B2,24,2471.15
888b2c832bfffff,4,B2,16,1375.06
888b2c832dfffff,4,B2,407,10459.4
888b2c8331fffff,4,B2,10,2051.31
888b2c8333fffff,4,B2,9,1558.21
888b2c8335fffff,4,B2,3,293.045
888b2c8337fffff,4,B2,67,3316.48
888b2c8339fffff,4,B2,2,493.104
888b2c833bfffff,4,B2,13,1484.95
888b2c833dfffff,4,B2,30,1425.77
888b2c8343fffff,4,B2,0,92.9853
888b2c8345fffff,4,B2,0,200.059
888b2c834bfffff,4,B2,0,73.2611
888b2c834dfffff,4,B2,0,64.8079
888b2c8351fffff,4,B2,0,476.197
888b2c8353fffff,4,B2,0,205.695
888b2c8355fffff,4,B2,0,73.2611
888b2c8357fffff,4,B2,2,1183.45
888b2c8367fffff,4,B2,3,1135.55
888b2c8369fffff,4,B2,0,126.798
888b2c8505fffff,3,B2,8,3.06476
888b2c850dfffff,3,B2,2,2.86045
888b2c8521fffff,3,B2,0,2.54262
888b2c8525fffff,3,B2,0,3.17827
888b2c8529fffff,3,B2,0,2.86045
888b2c852dfffff,3,B2,3,5.28955
888b2c8541fffff,3,B2,6,18.2524
888b2c8543fffff,3,B2,17,0.976184
888b2c8545fffff,3,B2,0,15.7325
888b2c8547fffff,3,B2,0,8.15
888b2c8549fffff,3,B2,6,12.7585
888b2c854bfffff,3,B2,0,2.17939
888b2c854dfffff,3,B2,20,22.9971
888b2c855dfffff,3,B2,1,2.20209
888b2c8561fffff,3,B2,39,14.0752
888b2c8563fffff,3,B2,54,4.83552
888b2c8565fffff,3,B2,8,11.6688
888b2c8567fffff,3,B2,3,8.89916
888b2c8569fffff,3,B2,16,18.0481
888b2c856bfffff,3,B2,10,16.5951
888b2c856dfffff,3,B2,1,2.08858
888b2c8701fffff,1,B2,0,17.0769
888b2c8703fffff,1,B2,0,12.5744
888b2c8705fffff,1,B2,0,20.4436
888b2c8707fffff,1,B2,1,16.9146
888b2c8709fffff,1,B2,0,27.1364
888b2c870bfffff,1,B2,0,1.54138
888b2c870dfffff,1,B2,0,22.2283
888b2c8715fffff,1,B2,0,3.16388
888b2c871dfffff,1,B2,0,2.75826
888b2c8721fffff,1,B2,11,32.6123
888b2c8723fffff,1,B2,1,8.63983
888b2c8725fffff,1,B2,37,28.5155
888b2c8727fffff,1,B2,7,25.1488
888b2c8729fffff,1,B2,0,22.1877
888b2c872bfffff,1,B2,1,9.6539
888b2c872dfffff,1,B2,12,38.8995
888b2c8731fffff,1,B2,0,28.5155
888b2c8733fffff,1,B2,0,0.567876
888b2c8735fffff,1,B2,3,17.8881
888b2c8737fffff,1,B2,0,9.24827
888b2c8739fffff,1,B2,92,8.23421
888b2c873dfffff,1,B2,0,3.93457
888b2c8741fffff,1,B2,1,21.052
888b2c8743fffff,1,B2,7,31.6388
888b2c8745fffff,1,B2,4,24.7432
888b2c8747fffff,1,B2,11,34.6405
888b2c8749fffff,1,B2,0,2.83938
888b2c874bfffff,1,B2,0,22.0661
888b2c874dfffff,1,B2,22,17.4014
888b2c8751fffff,1,B2,0,0.405626
888b2c8755fffff,1,B2,1,13.9535
888b2c8757fffff,1,B2,0,0.770689
888b2c8759fffff,1,B2,1,5.47595
888b2c875dfffff,1,B2,4,30.138
888b2c8761fffff,1,B2,4,22.8367
888b2c8763fffff,1,B2,6,12.5744
888b2c8765fffff,1,B2,6,22.999
888b2c8767fffff,1,B2,7,25.9601
888b2c8769fffff,1,B2,5,27.0553
888b2c876bfffff,1,B2,4,25.9195
888b2c876dfffff,1,B2,13,34.8027
888b2c8807fffff,2,B2,1,14.1511
888b2c8809fffff,2,B2,624,1729
888b2c880bfffff,2,B2,27,944.261
888b2c880dfffff,2,B2,69,613.641
888b2c8817fffff,2,B2,1,74.6146
888b2c8819fffff,2,B2,130,1213.13
888b2c881bfffff,2,B2,230,3788.62
888b2c881dfffff,2,B2,26,802.751
888b2c8823fffff,2,B2,0,66.8959
888b2c8835fffff,2,B2,2,39.8802
888b2c8841fffff,2,B2,7610,3119.66
888b2c8843fffff,2,B2,9693,4539.91
888b2c8845fffff,2,B2,6787,4564.36
888b2c8847fffff,2,B2,3148,4403.55
888b2c8849fffff,2,B2,427,168.526
888b2c884bfffff,2,B2,7359,3045.05
888b2c884dfffff,2,B2,3395,1938.69
888b2c8851fffff,2,B2,8771,5109.82
888b2c8853fffff,2,B2,4173,5135.55
888b2c8855fffff,2,B2,1523,2575.49
888b2c8857fffff,2,B2,377,1739.29
888b2c8859fffff,2,B2,49864,5596.1
888b2c885bfffff,2,B2,13237,5862.39
888b2c885dfffff,2,B2,44930,5503.47
888b2c8861fffff,2,B2,179,1198.98
888b2c8865fffff,2,B2,8,840.058
888b2c8867fffff,2,B2,6,19.2969
888b2c8869fffff,2,B2,2396,2292.47
888b2c886bfffff,2,B2,2002,3837.51
888b2c886dfffff,2,B2,1407,2911.26
888b2c8881fffff,4,B2,0,129.616
888b2c8889fffff,4,B2,1,53.537
888b2c889dfffff,4,B2,0,45.0838
888b2c88c5fffff,4,B2,0,73.2611
888b2c88c9fffff,4,B2,322,5641.11
888b2c88cbfffff,4,B2,35,879.134
888b2c88cdfffff,4,B2,91,2214.74
888b2c88d7fffff,4,B2,0,36.6306
888b2c88d9fffff,4,B2,65,3189.68
888b2c88dbfffff,4,B2,0,146.522
888b2c88ddfffff,4,B2,1,219.783
888b2c88e7fffff,4,B2,0,53.537
888b2c8901fffff,0,B2,0,657.335
888b2c8903fffff,0,B2,1,74.9592
888b2c8905fffff,0,B2,0,1029.25
888b2c890bfffff,0,B2,0,89.3745
888b2c890dfffff,0,B2,0,299.837
888b2c8911fffff,0,B2,0,89.3745
888b2c8919fffff,0,B2,0,31.7135
888b2c891dfffff,0,B2,1,60.544
888b2c8941fffff,0,B2,1,115.322
888b2c8949fffff,0,B2,224,4287.09
888b2c894bfffff,0,B2,14,700.581
888b2c894dfffff,0,B2,4,1372.33
888b2c8961fffff,0,B2,0,74.9592
888b2c8963fffff,0,B2,0,671.75
888b2c8967fffff,0,B2,0,224.878
888b2c896bfffff,0,B2,7,100.907
888b2c89c9fffff,4,B2,4,129.616
888b2c8a01fffff,2,B2,28521,6180.15
888b2c8a03fffff,2,B2,80049,5035.2
888b2c8a05fffff,2,B2,3562,1488.43
888b2c8a07fffff,2,B2,26047,3964.87
888b2c8a09fffff,2,B2,10573,6256.05
888b2c8a0bfffff,2,B2,23242,4624.82
888b2c8a0dfffff,2,B2,6763,6230.32
888b2c8a11fffff,2,B2,19547,5185.72
888b2c8a13fffff,2,B2,17320,5661.71
888b2c8a15fffff,2,B2,90676,6105.54
888b2c8a17fffff,2,B2,25690,5085.37
888b2c8a19fffff,2,B2,11111,5518.91
888b2c8a1bfffff,2,B2,9041,5787.78
888b2c8a1dfffff,2,B2,7667,4265.9
888b2c8a21fffff,2,B2,71,475.99
888b2c8a23fffff,2,B2,3305,1707.13
888b2c8a25fffff,2,B2,44,214.839
888b2c8a27fffff,2,B2,5,47.599
888b2c8a29fffff,2,B2,290,234.136
888b2c8a2bfffff,2,B2,6463,1882.09
888b2c8a2dfffff,2,B2,458,427.104
888b2c8a31fffff,2,B2,77452,5351.67
888b2c8a33fffff,2,B2,59673,4784.34
888b2c8a35fffff,2,B2,8514,1722.57
888b2c8a37fffff,2,B2,36486,5185.72
888b2c8a39fffff,2,B2,152494,5837.95
888b2c8a3bfffff,2,B2,112578,5453.3
888b2c8a3dfffff,2,B2,46310,4491.03
888b2c8a41fffff,2,B2,4982,6122.26
888b2c8a43fffff,2,B2,8039,6213.6
888b2c8a45fffff,2,B2,552,4600.38
888b2c8a47fffff,2,B2,1897,6054.08
888b2c8a49fffff,2,B2,2327,5821.23
888b2c8a4bfffff,2,B2,4096,5804.5
888b2c8a4dfffff,2,B2,2939,5494.47
888b2c8a51fffff,2,B2,2073,3320.35
888b2c8a53fffff,2,B2,2229,1756.02
888b2c8a55fffff,2,B2,5141,6138.98
888b2c8a57fffff,2,B2,9943,5042.92
888b2c8a59fffff,2,B2,322,1547.61
888b2c8a5bfffff,2,B2,640,761.584
888b2c8a5dfffff,2,B2,1874,3604.66
888b2c8a61fffff,2,B2,9514,3872.24
888b2c8a63fffff,2,B2,825,652.235
888b2c8a65fffff,2,B2,2495,3721.73
888b2c8a67fffff,2,B2,1239,828.48
888b2c8a69fffff,2,B2,1443,5795.5
888b2c8a6bfffff,2,B2,8174,6105.54
888b2c8a6dfffff,2,B2,4312,6506.91
888b2c8a81fffff,1,B2,5943,11308.3
888b2c8a83fffff,1,B2,3205,8440.28
888b2c8a85fffff,1,B2,19271,11933.5
888b2c8a87fffff,1,B2,14797,9421.28
888b2c8a89fffff,1,B2,9392,11217
888b2c8a8bfffff,1,B2,1715,7866.67
888b2c8a8dfffff,1,B2,19927,11142.1
888b2c8a91fffff,1,B2,805,5956.2
888b2c8a93fffff,1,B2,2126,2875.08
888b2c8a95fffff,1,B2,3659,6724.13
888b2c8a97fffff,1,B2,3441,6504.05
888b2c8a99fffff,1,B2,470,4940.08
888b2c8a9bfffff,1,B2,218,1894.09
888b2c8a9dfffff,1,B2,559,5459.85
888b2c8aa1fffff,1,B2,3943,9955.09
888b2c8aa3fffff,1,B2,4894,8491.79
888b2c8aa5fffff,1,B2,2681,9711.59
888b2c8aa7fffff,1,B2,942,8007.15
888b2c8aa9fffff,1,B2,11586,10713.7
888b2c8aabfffff,1,B2,7773,9880.17
888b2c8aadfffff,1,B2,6457,12268.3
888b2c8ab1fffff,1,B2,959,7808.14
888b2c8ab3fffff,1,B2,353,5743.14
888b2c8ab5fffff,1,B2,1630,8309.17
888b2c8ab7fffff,1,B2,426,8011.83
888b2c8ab9fffff,1,B2,6394,9039.65
888b2c8abbfffff,1,B2,1239,6806.08
888b2c8abdfffff,1,B2,3246,10212.6
888b2c8ac1fffff,1,B2,12316,10411.6
888b2c8ac3fffff,1,B2,6897,10212.6
888b2c8ac5fffff,1,B2,28745,9725.64
888b2c8ac7fffff,1,B2,15345,11020.4
888b2c8ac9fffff,1,B2,9217,11903
888b2c8acbfffff,1,B2,7779,9315.92
888b2c8acdfffff,1,B2,20622,8857.03
888b2c8ad1fffff,1,B2,775,4481.19
888b2c8ad3fffff,1,B2,651,3603.22
888b2c8ad5fffff,1,B2,1524,6066.23
888b2c8ad7fffff,1,B2,646,4951.79
888b2c8ad9fffff,1,B2,2529,5677.58
888b2c8adbfffff,1,B2,339,2706.51
888b2c8addfffff,1,B2,3739,8311.51
888b2c8ae1fffff,1,B2,23758,11750.8
888b2c8ae3fffff,1,B2,30707,10669.2
888b2c8ae5fffff,1,B2,92158,11294.3
888b2c8ae7fffff,1,B2,30397,10776.9
888b2c8ae9fffff,1,B2,23054,11416
888b2c8aebfffff,1,B2,19475,11551.8
888b2c8aedfffff,1,B2,47832,8737.63
888b2c8c4bfffff,1,B2,0,2.5778
888b2c8c51fffff,1,B2,0,2.79261
888b2c8c59fffff,1,B2,0,5.37041
888b2c8c5bfffff,1,B2,0,1.39631
888b2c8c5dfffff,1,B2,0,1.12779
888b2c8c69fffff,1,B2,0,3.9204
888b2c8c6dfffff,1,B2,0,15.252
888b2c8e01fffff,0,B2,37,173.511
888b2c8e03fffff,0,B2,6,116.915
888b2c8e05fffff,0,B2,24,103.511
888b2c8e07fffff,0,B2,66,154.574
888b2c8e09fffff,0,B2,88,168.723
888b2c8e0bfffff,0,B2,7,157.66
888b2c8e0dfffff,0,B2,18,79.5745
888b2c8e11fffff,0,B2,0,6.17021
888b2c8e15fffff,0,B2,23,93.7234
888b2c8e19fffff,0,B2,0,99.4681
888b2c8e1dfffff,0,B2,0,52.5532
888b2c8e21fffff,0,B2,44,62.6596
888b2c8e23fffff,0,B2,0,3.93617
888b2c8e25fffff,0,B2,13,42.4468
888b2c8e29fffff,0,B2,18,86.1702
888b2c8e2bfffff,0,B2,25,161.277
888b2c8e2dfffff,0,B2,26,100.106
888b2c8e33fffff,0,B2,1,6.70213
888b2c8e35fffff,0,B2,0,1.06383
888b2c8e37fffff,0,B2,0,2.87234
888b2c8e39fffff,0,B2,14,106.809
888b2c8e3bfffff,0,B2,19,13.9362
888b2c8e3dfffff,0,B2,0,10.1064
888b2c8e41fffff,0,B2,70,119.149
888b2c8e43fffff,0,B2,63,165.106
888b2c8e45fffff,0,B2,9,39.1489
888b2c8e47fffff,0,B2,32,137.66
888b2c8e49fffff,0,B2,114,202.66
888b2c8e4bfffff,0,B2,3,73.2979
888b2c8e4dfffff,0,B2,75,150
888b2c8e51fffff,0,B2,4,52.1277
888b2c8e53fffff,0,B2,0,62.8723
888b2c8e55fffff,0,B2,6,129.787
888b2c8e57fffff,0,B2,28,86.0638
888b2c8e59fffff,0,B2,0,15.5319
888b2c8e5bfffff,0,B2,3,59.7872
888b2c8e5dfffff,0,B2,3,86.5957
888b2c8e61fffff,0,B2,1053,265.319
888b2c8e63fffff,0,B2,94,170.745
888b2c8e65fffff,0,B2,70,118.617
888b2c8e67fffff,0,B2,55,156.17
888b2c8e69fffff,0,B2,165,151.702
888b2c8e6bfffff,0,B2,21,99.0426
888b2c8e6dfffff,0,B2,130,155
888b2c8ee1fffff,1,B2,0,6.81452
888b2c8ee3fffff,1,B2,0,4.70526
888b2c8ee5fffff,1,B2,22,3.85345
888b2c8ee7fffff,1,B2,1,6.81452
888b2c8eedfffff,1,B2,13,0.446189
888b2c9023fffff,2,B2,0,0.66476
888b2c9027fffff,2,B2,6,2.26019
888b2c902bfffff,2,B2,1,0.465332
888b2c9101fffff,4,B2,1,1.46085
888b2c9105fffff,4,B2,0,0.635151
888b2c9113fffff,4,B2,11,7.7806
888b2c9117fffff,4,B2,3,0.444606
888b2c9119fffff,4,B2,0,0.381091
888b2c911bfffff,4,B2,0,1.33382
888b2c911dfffff,4,B2,0,1.39733
888b2c9121fffff,4,B2,0,0.762181
888b2c9123fffff,4,B2,1,2.096
888b2c9129fffff,4,B2,0,0.635151
888b2c912bfffff,4,B2,3,2.3183
888b2c912dfffff,4,B2,0,0.730424
888b2c9133fffff,4,B2,3,2.5406
888b2c9135fffff,4,B2,0,0.857454
888b2c9137fffff,4,B2,1,3.30278
888b2c913dfffff,4,B2,0,0.412848
888b2c9181fffff,4,B2,1,0.603393
888b2c9185fffff,4,B2,0,1.33382
888b2c9189fffff,4,B2,0,1.46085
888b2c918bfffff,4,B2,0,3.39806
888b2c918dfffff,4,B2,0,3.87442
888b2c9199fffff,4,B2,0,0.793939
888b2c91a9fffff,4,B2,0,1.30206
888b2c91c1fffff,4,B2,5,0.825696
888b2c91c3fffff,4,B2,0,1.81018
888b2c91c5fffff,4,B2,79,10.0354
888b2c91c7fffff,4,B2,2,4.70012
888b2c91c9fffff,4,B2,1,2.12776
888b2c91cbfffff,4,B2,0,1.55612
888b2c91cdfffff,4,B2,7,8.35224
888b2c91d1fffff,4,B2,0,1.36557
888b2c91d3fffff,4,B2,0,0.317575
888b2c91d5fffff,4,B2,51,1.20679
888b2c91ddfffff,4,B2,0,2.66763
888b2c91e3fffff,4,B2,0,1.20679
888b2c91e5fffff,4,B2,0,0.476363
888b2c91e7fffff,4,B2,7,0.476363
888b2c91e9fffff,4,B2,4,4.70012
888b2c91ebfffff,4,B2,2,3.39806
888b2c91edfffff,4,B2,3,2.44533
888b2c9521fffff,3,B2,0,1.06699
888b2c9523fffff,3,B2,10,8.92187
888b2c9527fffff,3,B2,33,2.76964
888b2c9529fffff,3,B2,2,4.49499
888b2c952bfffff,3,B2,0,2.08858
888b2c9531fffff,3,B2,0,3.24638
888b2c9533fffff,3,B2,0,7.83217
888b2c9535fffff,3,B2,36,12.8493
888b2c9537fffff,3,B2,6,8.1727
888b2c9539fffff,3,B2,0,0.839972
888b2c953dfffff,3,B2,8,2.99666
888b2c9561fffff,3,B2,0,0.658357
888b2c9563fffff,3,B2,0,0.408635
888b2c9565fffff,3,B2,0,0.749164
888b2c9567fffff,3,B2,3,5.26685
888b2c9585fffff,0,B2,0,1.96342
888b2c9587fffff,0,B2,2,4.01945
888b2c95a1fffff,0,B2,2,3.18592
888b2c95a3fffff,0,B2,0,2.46353
888b2c95a5fffff,0,B2,1,10.4654
888b2c95a7fffff,0,B2,2,6.53855
888b2c95a9fffff,0,B2,0,7.76105
888b2c95abfffff,0,B2,5,5.42718
888b2c95adfffff,0,B2,1,11.0396
888b2c95b1fffff,0,B2,1,6.44593
888b2c95b3fffff,0,B2,0,3.20444
888b2c95b5fffff,0,B2,0,3.13035
888b2c95b7fffff,0,B2,16,7.40912
888b2c95b9fffff,0,B2,0,1.2966
888b2c95bdfffff,0,B2,0,0.203751
888b2c95e1fffff,0,B2,0,3.8157
888b2c95e3fffff,0,B2,0,0.889094
888b2c95e5fffff,0,B2,17,14.4107
888b2c95e7fffff,0,B2,0,8.77981
888b2c95edfffff,0,B2,0,1.09284
888b2c9803fffff,2,B2,0,5.99617
888b2c9811fffff,2,B2,1,26.1557
888b2c9813fffff,2,B2,22,133.777
888b2c9817fffff,2,B2,4,28.2233
888b2c9819fffff,2,B2,0,8.78749
888b2c981bfffff,2,B2,14,63.0632
888b2c9821fffff,2,B2,1,9.20102
888b2c9823fffff,2,B2,23,37.8379
888b2c9827fffff,2,B2,40,71.4371
888b2c9833fffff,2,B2,3,45.6949
888b2c9835fffff,2,B2,6,61.926
888b2c9837fffff,2,B2,26,180.092
888b2c983bfffff,2,B2,0,4.6522
888b2c9853fffff,2,B2,0,2.06764
888b2c985bfffff,2,B2,0,4.6522
888b2c9861fffff,2,B2,1,9.61455
888b2c9865fffff,2,B2,8,23.1576
888b2c9867fffff,2,B2,5,7.44352
888b2c9869fffff,2,B2,2,20.7798
888b2c986bfffff,2,B2,0,6.61646
888b2c986dfffff,2,B2,2,20.5731
888b2c9881fffff,0,B2,360,4517.74
888b2c9883fffff,0,B2,74,3148.29
888b2c9885fffff,0,B2,294,5134.71
888b2c9887fffff,0,B2,691,6374.42
888b2c9889fffff,0,B2,207,4497.55
888b2c988bfffff,0,B2,33,2885.93
888b2c988dfffff,0,B2,464,6241.8
888b2c9891fffff,0,B2,19,1894.16
888b2c9893fffff,0,B2,143,6803.99
888b2c9895fffff,0,B2,9,1911.46
888b2c9897fffff,0,B2,29,2848.45
888b2c9899fffff,0,B2,19,3130.99
888b2c989bfffff,0,B2,262,6409.02
888b2c989dfffff,0,B2,130,4347.64
888b2c98a1fffff,0,B2,544,5717.08
888b2c98a3fffff,0,B2,896,9802.36
888b2c98a5fffff,0,B2,490,4460.08
888b2c98a7fffff,0,B2,1904,7890.9
888b2c98a9fffff,0,B2,326,11229.5
888b2c98abfffff,0,B2,1033,10906.6
888b2c98adfffff,0,B2,457,9914.8
888b2c98b1fffff,0,B2,258,4592.7
888b2c98b3fffff,0,B2,44,2756.19
888b2c98b5fffff,0,B2,2343,11526.4
888b2c98b7fffff,0,B2,212,4422.6
888b2c98b9fffff,0,B2,130,3280.91
888b2c98bbfffff,0,B2,33,1556.85
888b2c98bdfffff,0,B2,881,5284.63
888b2c98c1fffff,0,B2,560,5809.34
888b2c98c3fffff,0,B2,98,3618.23
888b2c98c5fffff,0,B2,133,5322.11
888b2c98c7fffff,0,B2,836,5417.25
888b2c98c9fffff,0,B2,89,4630.17
888b2c98cbfffff,0,B2,132,3560.56
888b2c98cdfffff,0,B2,56,3223.25
888b2c98d1fffff,0,B2,8,1948.94
888b2c98d3fffff,0,B2,23,4892.53
888b2c98d5fffff,0,B2,261,3560.56
888b2c98d7fffff,0,B2,4,1444.41
888b2c98d9fffff,0,B2,6,1182.05
888b2c98dbfffff,0,B2,1,2078.68
888b2c98ddfffff,0,B2,28,2456.36
888b2c98e1fffff,0,B2,226,4105.46
888b2c98e3fffff,0,B2,488,6091.88
888b2c98e5fffff,0,B2,196,6201.44
888b2c98e7fffff,0,B2,334,10779.7
888b2c98e9fffff,0,B2,126,5077.05
888b2c98ebfffff,0,B2,233,5474.91
888b2c98edfffff,0,B2,44,2528.43
888b2c9901fffff,4,B2,1,5.75664
888b2c9903fffff,4,B2,0,7.87305
888b2c9909fffff,4,B2,0,5.33336
888b2c990bfffff,4,B2,14,8.63496
888b2c990dfffff,4,B2,0,4.6561
888b2c9911fffff,4,B2,93,27.0901
888b2c9913fffff,4,B2,188,191.239
888b2c9915fffff,4,B2,5,17.1853
888b2c9917fffff,4,B2,27,86.8575
888b2c9919fffff,4,B2,0,6.43389
888b2c991bfffff,4,B2,26,6.94183
888b2c991dfffff,4,B2,29,15.2382
888b2c9933fffff,4,B2,0,13.6297
888b2c9939fffff,4,B2,0,1.01588
888b2c993bfffff,4,B2,7,11.8519
888b2c993dfffff,4,B2,0,2.62435
888b2c9943fffff,4,B2,13,4.91007
888b2c9949fffff,4,B2,14,12.6985
888b2c994bfffff,4,B2,114,19.3863
888b2c994dfffff,4,B2,1,2.11641
888b2c9955fffff,4,B2,75,31.4922
888b2c9957fffff,4,B2,2,1.10053
888b2c9959fffff,4,B2,4,5.67198
888b2c995dfffff,4,B2,4,15.0688
888b2c9981fffff,3,B2,871,8894.28
888b2c9983fffff,3,B2,1193,6445.84
888b2c9985fffff,3,B2,183,4652.61
888b2c9987fffff,3,B2,1541,6724.59
888b2c9989fffff,3,B2,903,7566.6
888b2c998bfffff,3,B2,690,8144.23
888b2c998dfffff,3,B2,251,4448.58
888b2c9991fffff,3,B2,2385,10124.2
888b2c9993fffff,3,B2,554,11135.8
888b2c9995fffff,3,B2,1903,11115.7
888b2c9997fffff,3,B2,2222,13377.3
888b2c9999fffff,3,B2,577,4632.5
888b2c999bfffff,3,B2,3996,8931.64
888b2c999dfffff,3,B2,2484,8443.1
888b2c99a3fffff,3,B2,9,74.7177
888b2c99a9fffff,3,B2,1,916.729
888b2c99abfffff,3,B2,118,3718.64
888b2c99b1fffff,3,B2,614,5304.96
888b2c99b3fffff,3,B2,1167,10592.7
888b2c99b5fffff,3,B2,0,393.705
888b2c99b7fffff,3,B2,98,1158.12
888b2c99b9fffff,3,B2,3761,9471.9
888b2c99bbfffff,3,B2,2193,12480.7
888b2c99bdfffff,3,B2,281,3155.39
888b2c99c1fffff,3,B2,239,6408.48
888b2c99c3fffff,3,B2,129,9529.38
888b2c99c5fffff,3,B2,419,10144.4
888b2c99c7fffff,3,B2,498,5641.19
888b2c99c9fffff,3,B2,90,6204.44
888b2c99cbfffff,3,B2,42,7267.73
888b2c99cdfffff,3,B2,119,4350.87
888b2c99d1fffff,3,B2,565,12426.1
888b2c99d3fffff,3,B2,300,7471.77
888b2c99d5fffff,3,B2,344,7305.09
888b2c99d7fffff,3,B2,327,7287.85
888b2c99d9fffff,3,B2,223,12385.9
888b2c99dbfffff,3,B2,557,12385.9
888b2c99ddfffff,3,B2,191,7566.6
888b2c99e1fffff,3,B2,48,2971.47
888b2c99e3fffff,3,B2,83,3437.01
888b2c99e5fffff,3,B2,4,1569.07
888b2c99e7fffff,3,B2,3,1551.83
888b2c99e9fffff,3,B2,153,4931.37
888b2c99ebfffff,3,B2,128,3100.78
888b2c99edfffff,3,B2,31,3836.47
888b2c9a01fffff,1,B2,2,1.18149
888b2c9a03fffff,1,B2,0,0.537041
888b2c9a07fffff,1,B2,1,1.87964
888b2c9a11fffff,1,B2,0,1.45001
888b2c9a13fffff,1,B2,0,2.41668
888b2c9a15fffff,1,B2,0,0.698153
888b2c9a17fffff,1,B2,1,5.63893
888b2c9a21fffff,1,B2,20,8.37784
888b2c9a23fffff,1,B2,0,2.5778
888b2c9a25fffff,1,B2,35,2.6315
888b2c9a27fffff,1,B2,0,3.86669
888b2c9a29fffff,1,B2,0,1.18149
888b2c9a2bfffff,1,B2,3,2.73891
888b2c9a31fffff,1,B2,0,0.751857
888b2c9a35fffff,1,B2,2,2.20187
888b2c9a39fffff,1,B2,0,1.02038
888b2c9a3bfffff,1,B2,0,2.36298
888b2c9a3dfffff,1,B2,4,1.61112
888b2c9a5bfffff,1,B2,0,0.537041
888b2c9a91fffff,1,B2,0,1.23519
888b2c9a93fffff,1,B2,0,1.61112
888b2c9a97fffff,1,B2,2,1.71853
888b2c9aa1fffff,1,B2,1,1.39631
888b2c9aa3fffff,1,B2,0,16.7557
888b2c9aa5fffff,1,B2,0,2.09446
888b2c9aa7fffff,1,B2,13,22.0187
888b2c9aa9fffff,1,B2,24,1.39631
888b2c9aabfffff,1,B2,0,0.698153
888b2c9aadfffff,1,B2,0,3.11484
888b2c9ab1fffff,1,B2,0,0.537041
888b2c9ab5fffff,1,B2,19,18.152
888b2c9ab7fffff,1,B2,11,25.1335
888b2c9abbfffff,1,B2,0,1.71853
888b2c9ac1fffff,1,B2,0,0.805561
888b2c9ac3fffff,1,B2,11,2.14816
888b2c9ac5fffff,1,B2,1,2.47039
888b2c9ac7fffff,1,B2,0,1.39631
888b2c9acbfffff,1,B2,3,0.644449
888b2c9ad9fffff,1,B2,1,2.14816
888b2c9adbfffff,1,B2,0,0.537041
888b2c9aebfffff,1,B2,0,0.859265
888b2cc64bfffff,4,B2,1,1.26985
888b2cd001fffff,4,B2,2,6.48324
888b2cd003fffff,4,B2,2,3.48234
888b2cd005fffff,4,B2,16,7.83125
888b2cd007fffff,4,B2,21,7.38191
888b2cd009fffff,4,B2,0,3.033
888b2cd00bfffff,4,B2,8,4.718
888b2cd00dfffff,4,B2,3,5.68086
888b2cd011fffff,4,B2,0,1.25172
888b2cd015fffff,4,B2,0,0.561667
888b2cd017fffff,4,B2,0,0.160476
888b2cd019fffff,4,B2,0,2.98486
888b2cd01bfffff,4,B2,0,2.27876
888b2cd01dfffff,4,B2,8,4.68591
888b2cd021fffff,4,B2,0,2.31086
888b2cd023fffff,4,B2,0,0.722144
888b2cd025fffff,4,B2,0,1.42824
888b2cd027fffff,4,B2,0,0.465381
888b2cd029fffff,4,B2,1,6.32277
888b2cd02bfffff,4,B2,0,3.89958
888b2cd02dfffff,4,B2,11,5.27967
888b2cd031fffff,4,B2,0,0.481429
888b2cd037fffff,4,B2,0,0.208619
888b2cd039fffff,4,B2,3,5.7611
888b2cd03dfffff,4,B2,1,1.05914
888b2cd041fffff,4,B2,0,6.83629
888b2cd043fffff,4,B2,0,2.80834
888b2cd045fffff,4,B2,21,11.3136
888b2cd047fffff,4,B2,5,9.17925
888b2cd049fffff,4,B2,0,1.52453
888b2cd04bfffff,4,B2,0,2.32691
888b2cd04dfffff,4,B2,4,5.18339
888b2cd051fffff,4,B2,0,0.417238
888b2cd053fffff,4,B2,6,7.22144
888b2cd055fffff,4,B2,0,1.21962
888b2cd057fffff,4,B2,11,6.57953
888b2cd05bfffff,4,B2,3,3.93167
888b2cd05dfffff,4,B2,0,0.513524
888b2cd061fffff,4,B2,10,7.15724
888b2cd063fffff,4,B2,0,2.84043
888b2cd065fffff,4,B2,0,6.86839
888b2cd067fffff,4,B2,1,2.15038
888b2cd069fffff,4,B2,15,9.38787
888b2cd06bfffff,4,B2,8,8.50525
888b2cd06dfffff,4,B2,17,13.6726
888b2cd087fffff,3,B2,0,0.279085
888b2cd089fffff,3,B2,0,0.209314
888b2cd097fffff,3,B2,0,0.907026
888b2cd0a9fffff,3,B2,0,0.453513
888b2cd0abfffff,3,B2,0,0.99424
888b2cd0b3fffff,3,B2,0,4.15139
888b2cd0b7fffff,3,B2,0,0.819812
888b2cd0bbfffff,3,B2,0,0.174428
888b2cd0bdfffff,3,B2,0,0.209314
888b2cd0c3fffff,3,B2,0,0.244199
888b2cd0cdfffff,3,B2,0,2.84318
888b2cd0e5fffff,3,B2,0,0.819812
888b2cd141fffff,2,B2,0,2.80379
888b2cd143fffff,2,B2,0,6.29857
888b2cd149fffff,2,B2,6,3.68081
888b2cd14bfffff,2,B2,0,6.03281
888b2cd14dfffff,2,B2,0,0.239186
888b2cd151fffff,2,B2,0,1.22251
888b2cd153fffff,2,B2,2,2.21912
888b2cd155fffff,2,B2,0,0.930168
888b2cd157fffff,2,B2,0,0.70427
888b2cd159fffff,2,B2,1,2.65762
888b2cd15bfffff,2,B2,0,1.84705
888b2cd15dfffff,2,B2,0,4.22562
888b2cd201fffff,3,B2,0,2.00592
888b2cd203fffff,3,B2,1,5.14563
888b2cd205fffff,3,B2,0,2.86062
888b2cd207fffff,3,B2,0,2.45944
888b2cd20bfffff,3,B2,0,0.296528
888b2cd20dfffff,3,B2,0,2.77341
888b2cd211fffff,3,B2,0,3.40135
888b2cd213fffff,3,B2,0,2.26756
888b2cd219fffff,3,B2,0,4.86654
888b2cd21bfffff,3,B2,0,5.86078
888b2cd21dfffff,3,B2,0,2.38966
888b2cd221fffff,3,B2,0,4.37814
888b2cd223fffff,3,B2,15,3.40135
888b2cd225fffff,3,B2,0,3.94207
888b2cd227fffff,3,B2,4,4.51769
888b2cd229fffff,3,B2,0,4.74444
888b2cd22bfffff,3,B2,0,2.37222
888b2cd22dfffff,3,B2,0,0.837255
888b2cd231fffff,3,B2,0,9.454
888b2cd233fffff,3,B2,2,3.47112
888b2cd235fffff,3,B2,0,2.98272
888b2cd237fffff,3,B2,0,2.70364
888b2cd239fffff,3,B2,0,3.13971
888b2cd23dfffff,3,B2,9,3.57578
888b2cd251fffff,3,B2,4,6.48872
888b2cd253fffff,3,B2,9,14.7392
888b2cd255fffff,3,B2,0,0.976797
888b2cd257fffff,3,B2,0,5.16307
888b2cd25bfffff,3,B2,0,4.88399
888b2cd261fffff,3,B2,0,1.97104
888b2cd263fffff,3,B2,1,0.366299
888b2cd265fffff,3,B2,0,2.49432
888b2cd267fffff,3,B2,0,2.45944
888b2cd301fffff,2,B2,0,3.20244
888b2cd303fffff,2,B2,1,3.70739
888b2cd305fffff,2,B2,0,2.96325
888b2cd307fffff,2,B2,1,4.37179
888b2cd309fffff,2,B2,2,2.352
888b2cd30bfffff,2,B2,1,5.79362
888b2cd30dfffff,2,B2,0,3.37518
888b2cd311fffff,2,B2,6,8.21206
888b2cd313fffff,2,B2,26,7.52108
888b2cd315fffff,2,B2,41,12.1055
888b2cd317fffff,2,B2,225,16.2514
888b2cd319fffff,2,B2,0,4.22562
888b2cd31bfffff,2,B2,3,4.26549
888b2cd31dfffff,2,B2,3,5.72718
888b2cd321fffff,2,B2,0,1.78061
888b2cd323fffff,2,B2,0,3.77383
888b2cd327fffff,2,B2,1,1.66102
888b2cd329fffff,2,B2,2,3.30874
888b2cd32bfffff,2,B2,0,3.85355
888b2cd331fffff,2,B2,1,5.18237
888b2cd333fffff,2,B2,1,5.51457
888b2cd335fffff,2,B2,10,6.33843
888b2cd337fffff,2,B2,0,4.87674
888b2cd339fffff,2,B2,10,8.03931
888b2cd33bfffff,2,B2,31,13.2881
888b2cd33dfffff,2,B2,0,5.86006
888b2cd341fffff,2,B2,0,0.518237
888b2cd343fffff,2,B2,0,1.70088
888b2cd347fffff,2,B2,3,6.94969
888b2cd34bfffff,2,B2,0,0.890304
888b2cd351fffff,2,B2,0,4.8103
888b2cd353fffff,2,B2,1,3.136
888b2cd355fffff,2,B2,0,3.4682
888b2cd357fffff,2,B2,4,3.48149
888b2cd359fffff,2,B2,0,3.16257
888b2cd35bfffff,2,B2,0,1.43512
888b2cd35dfffff,2,B2,0,3.06956
888b2cd363fffff,2,B2,0,1.58129
888b2cd36bfffff,2,B2,0,1.91349
888b2cd401fffff,2,B2,3,23.5711
888b2cd403fffff,2,B2,5,34.8398
888b2cd405fffff,2,B2,0,35.8736
888b2cd407fffff,2,B2,21,19.746
888b2cd40bfffff,2,B2,11,19.746
888b2cd40dfffff,2,B2,0,3.72176
888b2cd411fffff,2,B2,6,41.7664
888b2cd413fffff,2,B2,65,114.134
888b2cd415fffff,2,B2,14,77.0198
888b2cd417fffff,2,B2,46,101.211
888b2cd419fffff,2,B2,0,4.34205
888b2cd41bfffff,2,B2,1,33.1857
888b2cd41dfffff,2,B2,4,48.1761
888b2cd421fffff,2,B2,0,21.4001
888b2cd423fffff,2,B2,1,12.3025
888b2cd425fffff,2,B2,1,17.1614
888b2cd427fffff,2,B2,0,40.1123
888b2cd429fffff,2,B2,0,8.06381
888b2cd42bfffff,2,B2,4,81.9821
888b2cd42dfffff,2,B2,0,20.2629
888b2cd431fffff,2,B2,31,142.461
888b2cd433fffff,2,B2,110,96.3522
888b2cd435fffff,2,B2,32,73.4014
888b2cd437fffff,2,B2,103,94.1812
888b2cd439fffff,2,B2,7,94.2846
888b2cd43bfffff,2,B2,28,82.3956
888b2cd43dfffff,2,B2,4,73.4014
888b2cd451fffff,2,B2,2,24.0881
888b2cd453fffff,2,B2,30,85.7039
888b2cd457fffff,2,B2,0,4.75558
888b2cd459fffff,2,B2,0,3.20485
888b2cd45bfffff,2,B2,6,6.51308
888b2cd45dfffff,2,B2,1,1.03382
888b2cd461fffff,2,B2,0,7.44352
888b2cd463fffff,2,B2,0,8.58072
888b2cd467fffff,2,B2,0,15.6107
888b2cd46dfffff,2,B2,0,2.58456
888b2cd629fffff,3,B2,2,0.454039
888b2cd651fffff,3,B2,9,1.08969
888b2cd681fffff,0,B2,0,389.211
888b2cd683fffff,0,B2,31,2612.04
888b2cd685fffff,0,B2,0,567.96
888b2cd687fffff,0,B2,6,714.996
888b2cd689fffff,0,B2,6,628.504
888b2cd68dfffff,0,B2,36,521.832
888b2cd691fffff,0,B2,0,149.918
888b2cd693fffff,0,B2,21,746.709
888b2cd695fffff,0,B2,3,1464.59
888b2cd697fffff,0,B2,3,1594.33
888b2cd69dfffff,0,B2,0,464.171
888b2cd6a1fffff,0,B2,2,1164.75
888b2cd6a3fffff,0,B2,19,1208
888b2cd6a5fffff,0,B2,4,403.627
888b2cd6a7fffff,0,B2,0,1404.04
888b2cd6a9fffff,0,B2,9,1568.38
888b2cd6abfffff,0,B2,1,521.832
888b2cd6adfffff,0,B2,0,389.211
888b2cd6b1fffff,0,B2,8,2493.84
888b2cd6b3fffff,0,B2,86,2819.62
888b2cd6b5fffff,0,B2,24,2032.55
888b2cd6b7fffff,0,B2,79,2537.08
888b2cd6b9fffff,0,B2,23,1943.17
888b2cd6bbfffff,0,B2,16,1925.88
888b2cd6bdfffff,0,B2,15,2880.16
888b2cd6c7fffff,0,B2,0,371.913
888b2cd6cbfffff,0,B2,0,74.9592
888b2cd6d3fffff,0,B2,0,161.451
888b2cd6dbfffff,0,B2,0,92.2575
888b2cd6e1fffff,0,B2,1,510.299
888b2cd6e3fffff,0,B2,25,2222.83
888b2cd6e7fffff,0,B2,16,657.335
888b2cd6ebfffff,0,B2,0,374.796
888b2cd6edfffff,0,B2,0,109.556
888b2cd707fffff,0,B2,0,0.314888
888b2cd717fffff,0,B2,0,0.259319
888b2cd749fffff,0,B2,0,0.185228
888b2cd74dfffff,0,B2,0,0.388979
88b32d900dfffff,2,B2,6,5.28867
88b32d9041fffff,2,B2,0,0.345491
88b32d9043fffff,2,B2,0,0.611254
88b32d9045fffff,2,B2,0,1.28895
88b32d9047fffff,2,B2,6,12.3712
88b32d904bfffff,2,B2,2,1.84705
88b32d904dfffff,2,B2,2,5.74047
88b32d9055fffff,2,B2,0,0.677694
88b32d9059fffff,2,B2,1,2.80379
88b32d905dfffff,2,B2,0,2.64434
88b32d9061fffff,2,B2,3,1.30224
88b32d9065fffff,2,B2,0,0.837152
88b32d9069fffff,2,B2,0,0.292339
88b32d906bfffff,2,B2,18,19.3209
88b32d906dfffff,2,B2,0,2.19254
88b32d9201fffff,1,B2,14,0.455816
88b32d9205fffff,1,B2,9,1.49176
88b32d9209fffff,1,B2,13,0.980696
88b32d920bfffff,1,B2,3,1.8647
88b32d920dfffff,1,B2,4,0.26244
88b32d9211fffff,1,B2,0,0.607755
88b32d9213fffff,1,B2,0,0.787319
88b32d9215fffff,1,B2,0,0.607755
88b32d9217fffff,1,B2,4,3.86753
88b32d9219fffff,1,B2,0,0.690631
88b32d921bfffff,1,B2,0,1.6437
88b32d9229fffff,1,B2,4,1.11882
88b32d922dfffff,1,B2,23,3.24597
88b32d9231fffff,1,B2,0,1.74039
88b32d9233fffff,1,B2,0,2.76252
88b32d9235fffff,1,B2,0,0.193377
88b32d9237fffff,1,B2,0,0.925445
88b32d923bfffff,1,B2,1,4.80679
88b32d9243fffff,1,B2,0,0.26244
88b32d9251fffff,1,B2,3,2.07189
88b32d9253fffff,1,B2,12,1.71276
88b32d9255fffff,1,B2,12,2.56915
88b32d9257fffff,1,B2,56,6.90631
88b32d925bfffff,1,B2,0,1.06357
88b32d925dfffff,1,B2,1,0.345315
88b32d9267fffff,1,B2,1,0.953071
88b32d9281fffff,0,B2,0,1.98194
88b32d9285fffff,0,B2,0,5.29752
88b32d9289fffff,0,B2,1,3.09331
88b32d928bfffff,0,B2,10,11.1507
88b32d928dfffff,0,B2,0,0.79648
88b32d9299fffff,0,B2,9,9.35401
88b32d929dfffff,0,B2,1,24.765
88b32d92a9fffff,0,B2,1,2.83399
88b32d92c1fffff,0,B2,4,3.94536
88b32d92c3fffff,0,B2,2,8.13151
88b32d92c5fffff,0,B2,0,2.33387
88b32d92c7fffff,0,B2,0,4.55661
88b32d92c9fffff,0,B2,5,4.8715
88b32d92cbfffff,0,B2,2,3.76013
88b32d92cdfffff,0,B2,7,3.00069
88b32d92d1fffff,0,B2,0,5.48275
88b32d92d3fffff,0,B2,5,10.2987
88b32d92d5fffff,0,B2,4,8.55753
88b32d92d7fffff,0,B2,2,6.64968
88b32d92d9fffff,0,B2,0,6.27923
88b32d92dbfffff,0,B2,0,6.96457
88b32d92ddfffff,0,B2,0,3.26001
88b32d92e1fffff,0,B2,0,0.611252
88b32d92e3fffff,0,B2,0,0.555684
88b32d92e5fffff,0,B2,0,1.09284
88b32d92e7fffff,0,B2,0,0.666821
88b32d92e9fffff,0,B2,0,2.70433
88b32d92ebfffff,0,B2,0,1.11137
88b32d92edfffff,0,B2,0,3.14888
88b32d9305fffff,3,B2,8,1.02159
88b32d9309fffff,3,B2,8,4.08635
88b32d930bfffff,3,B2,1,3.81393
88b32d930dfffff,3,B2,16,4.06365
88b32d9311fffff,3,B2,0,2.58802
88b32d9313fffff,3,B2,1,6.62897
88b32d9315fffff,3,B2,0,9.21699
88b32d9317fffff,3,B2,0,20.9312
88b32d931bfffff,3,B2,1,3.26908
88b32d9325fffff,3,B2,0,0.658357
88b32d9329fffff,3,B2,0,1.65724
88b32d9331fffff,3,B2,2,10.1705
88b32d9333fffff,3,B2,0,10.284
88b32d9335fffff,3,B2,0,1.72535
88b32d9337fffff,3,B2,0,4.40418
88b32d9339fffff,3,B2,0,5.97061
88b32d933bfffff,3,B2,0,12.1909
88b32d9351fffff,3,B2,1,2.58802
88b32d9353fffff,3,B2,8,8.96727
88b32d9355fffff,3,B2,1,4.94903
88b32d9357fffff,3,B2,17,5.33496
88b32d9359fffff,3,B2,0,0.340529
88b32d935bfffff,3,B2,1,2.72423
88b32d9361fffff,3,B2,2,7.31003
88b32d9363fffff,3,B2,34,10.5337
88b32d9365fffff,3,B2,31,3.81393
88b32d9367fffff,3,B2,19,8.21811
88b32d9369fffff,3,B2,0,0.272423
88b32d936bfffff,3,B2,0,1.1805
888b2c8001fffff,1,B3,35,4.30139
888b2c8003fffff,1,B3,3,0.130246
888b2c8005fffff,1,B3,0,2.96134
888b2c8007fffff,1,B3,4,1.15385
888b2c8009fffff,1,B3,1,2.18617
888b2c800dfffff,1,B3,1,3.30112
888b2c8011fffff,1,B3,103,10.0965
888b2c8013fffff,1,B3,26,9.19552
888b2c8015fffff,1,B3,169,15.2197
888b2c8017fffff,1,B3,293,23.8253
888b2c8019fffff,1,B3,42,8.91456
888b2c801bfffff,1,B3,118,11.7899
888b2c801dfffff,1,B3,89,6.59335
888b2c8021fffff,1,B3,10,8.40753
888b2c8023fffff,1,B3,11,9.06763
888b2c8025fffff,1,B3,11,4.46918
888b2c8027fffff,1,B3,13,58.5908
888b2c802bfffff,1,B3,13,3.25342
888b2c802dfffff,1,B3,2,1.33096
888b2c8031fffff,1,B3,113,266.645
888b2c8033fffff,1,B3,1530,270.772
888b2c8035fffff,1,B3,87,209.384
888b2c8037fffff,1,B3,651,543.197
888b2c8039fffff,1,B3,136,13.4261
888b2c803bfffff,1,B3,689,257.202
888b2c803dfffff,1,B3,23,110.765
888b2c8043fffff,1,B3,0,0.806122
888b2c8045fffff,1,B3,0,0.664962
888b2c8047fffff,1,B3,0,2.18807
888b2c8051fffff,1,B3,0,1e-06
888b2c8053fffff,1,B3,8,1.0099
888b2c8055fffff,1,B3,1,1e-06
888b2c8057fffff,1,B3,0,0.0708104
888b2c8065fffff,1,B3,0,4.42679
888b2c8069fffff,1,B3,2,2.27968
888b2c806bfffff,1,B3,1,1.08169
888b2c806dfffff,1,B3,4,3.71741
888b2c8101fffff,4,B3,28,2155.05
888b2c8103fffff,4,B3,132,1914.35
888b2c8105fffff,4,B3,137,3704.24
888b2c8107fffff,4,B3,56,4260.07
888b2c8109fffff,4,B3,10,11.639
888b2c810bfffff,4,B3,29,35.3552
888b2c810dfffff,4,B3,29,349.737
888b2c8111fffff,4,B3,115,31.9723
888b2c8113fffff,4,B3,363,109.746
888b2c8115fffff,4,B3,302,920.592
888b2c8117fffff,4,B3,1243,1720.14
888b2c8119fffff,4,B3,8,10.789
888b2c811bfffff,4,B3,6,12.118
888b2c811dfffff,4,B3,43,19.7064
888b2c8121fffff,4,B3,343,4641.05
888b2c8123fffff,4,B3,1686,10963.1
888b2c8125fffff,4,B3,4967,8668.95
888b2c8127fffff,4,B3,7065,14012
888b2c8129fffff,4,B3,99,4125.94
888b2c812bfffff,4,B3,168,4904.6
888b2c812dfffff,4,B3,35,586.442
888b2c8131fffff,4,B3,3978,7506.11
888b2c8133fffff,4,B3,5499,3485.26
888b2c8135fffff,4,B3,9718,10495.9
888b2c8137fffff,4,B3,8849,3978.15
888b2c8139fffff,4,B3,255,2981.1
888b2c813bfffff,4,B3,5133,3655.08
888b2c813dfffff,4,B3,727,5707.61
888b2c8141fffff,4,B3,28,25.5554
888b2c8143fffff,4,B3,23,35.855
888b2c8145fffff,4,B3,187,128.161
888b2c8147fffff,4,B3,29,31.2038
888b2c8149fffff,4,B3,104,84.5966
888b2c814bfffff,4,B3,10,32.7761
888b2c814dfffff,4,B3,181,98.6076
888b2c8151fffff,4,B3,0,3.55743
888b2c8153fffff,4,B3,1,3.11377
888b2c8155fffff,4,B3,4,7.70777
888b2c8157fffff,4,B3,7,5.77246
888b2c8159fffff,4,B3,0,11.4675
888b2c815dfffff,4,B3,13,16.5352
888b2c8161fffff,4,B3,689,182.589
888b2c8163fffff,4,B3,71,673.956
888b2c8165fffff,4,B3,190,454.181
888b2c8167fffff,4,B3,50,901.972
888b2c8169fffff,4,B3,241,135.344
888b2c816bfffff,4,B3,13,15.3314
888b2c816dfffff,4,B3,52,73.7818
888b2c8213fffff,0,B3,6,16.5745
888b2c8217fffff,0,B3,0,1.34073
888b2c8231fffff,0,B3,0,0.806723
888b2c8235fffff,0,B3,0,0.745297
888b2c8237fffff,0,B3,0,0.154856
888b2c8245fffff,0,B3,0,1e-06
888b2c824dfffff,0,B3,0,3.43049
888b2c8263fffff,0,B3,0,0.145349
888b2c8269fffff,0,B3,0,0.048951
888b2c826bfffff,0,B3,0,1e-06
888b2c826dfffff,0,B3,0,1e-06
888b2c8281fffff,3,B3,8,5.2478
888b2c8283fffff,3,B3,26,4.27273
888b2c8285fffff,3,B3,8,15.5279
888b2c8287fffff,3,B3,16,23.7625
888b2c8289fffff,3,B3,22,5.45642
888b2c828bfffff,3,B3,42,11.9373
888b2c828dfffff,3,B3,9,6.25948
888b2c8291fffff,3,B3,0,3.42849
888b2c8293fffff,3,B3,23,9.06741
888b2c8295fffff,3,B3,5,6.65645
888b2c8297fffff,3,B3,7,5.36764
888b2c8299fffff,3,B3,0,5.09693
888b2c829bfffff,3,B3,23,5.45657
888b2c829dfffff,3,B3,7,6.61176
888b2c82a1fffff,3,B3,0,3.33835
888b2c82a3fffff,3,B3,1,24.3788
888b2c82a5fffff,3,B3,0,1.89474
888b2c82a7fffff,3,B3,9,45.2749
888b2c82a9fffff,3,B3,0,16.7324
888b2c82abfffff,3,B3,1,33.8346
888b2c82adfffff,3,B3,0,1.26761
888b2c82b1fffff,3,B3,65,11.3551
888b2c82b3fffff,3,B3,74,9.75114
888b2c82b5fffff,3,B3,10,45.4168
888b2c82b7fffff,3,B3,17,10.8937
888b2c82b9fffff,3,B3,53,10.1559
888b2c82bbfffff,3,B3,20,7.08701
888b2c82bdfffff,3,B3,2,40.4218
888b2c82c1fffff,3,B3,0,4.59576
888b2c82c3fffff,3,B3,55,7.27708
888b2c82c7fffff,3,B3,12,12.2502
888b2c82c9fffff,3,B3,67,16.6676
888b2c82cbfffff,3,B3,20,20.1573
888b2c82cdfffff,3,B3,0,0.494382
888b2c82d1fffff,3,B3,38,4.07874
888b2c82d3fffff,3,B3,3,4.25469
888b2c82d5fffff,3,B3,52,5.86614
888b2c82d7fffff,3,B3,12,10.7924
888b2c82d9fffff,3,B3,52,8.85092
888b2c82dbfffff,3,B3,325,9.55519
888b2c82ddfffff,3,B3,37,4.56199
888b2c82e1fffff,3,B3,0,4.16609
888b2c82e3fffff,3,B3,0,1.03393
888b2c82e5fffff,3,B3,0,2.02882
888b2c82e7fffff,3,B3,0,22.0343
888b2c82e9fffff,3,B3,47,4.1227
888b2c82ebfffff,3,B3,0,1.16263
888b2c82edfffff,3,B3,0,1.41718
888b2c8301fffff,4,B3,0,4.6657
888b2c8303fffff,4,B3,12,5.02716
888b2c8305fffff,4,B3,0,2.51609
888b2c8307fffff,4,B3,10,33.8762
888b2c8309fffff,4,B3,3,0.171216
888b2c830bfffff,4,B3,6,9.28235
888b2c8311fffff,4,B3,0,1.39355
888b2c8313fffff,4,B3,3,0.353398
888b2c8315fffff,4,B3,0,0.534805
888b2c8317fffff,4,B3,7,3.48217
888b2c831dfffff,4,B3,3,8.30323
888b2c8321fffff,4,B3,78,96.554
888b2c8323fffff,4,B3,20,71.1929
888b2c8325fffff,4,B3,316,150.057
888b2c8327fffff,4,B3,55,65.6919
888b2c8329fffff,4,B3,24,38.73
888b2c832bfffff,4,B3,16,25.9892
888b2c832dfffff,4,B3,407,163.929
888b2c8331fffff,4,B3,10,9.119
888b2c8333fffff,4,B3,9,6.92693
888b2c8335fffff,4,B3,3,8.58619
888b2c8337fffff,4,B3,67,15.3106
888b2c8339fffff,4,B3,2,2.19207
888b2c833bfffff,4,B3,13,6.60125
888b2c833dfffff,4,B3,30,51.8874
888b2c8343fffff,4,B3,0,0.589286
888b2c8345fffff,4,B3,0,1.67059
888b2c834bfffff,4,B3,0,0.390977
888b2c834dfffff,4,B3,0,0.541176
888b2c8351fffff,4,B3,0,1e-06
888b2c8353fffff,4,B3,0,0.765734
888b2c8355fffff,4,B3,0,1e-06
888b2c8357fffff,4,B3,2,6.51163
888b2c8367fffff,4,B3,3,4.37043
888b2c8369fffff,4,B3,0,0.769231
888b2c8505fffff,3,B3,8,1.33739
888b2c850dfffff,3,B3,2,0.689152
888b2c8521fffff,3,B3,0,0.16092
888b2c8525fffff,3,B3,0,1.24397
888b2c8529fffff,3,B3,0,1.24823
888b2c852dfffff,3,B3,3,2.30824
888b2c8541fffff,3,B3,6,5.88815
888b2c8543fffff,3,B3,17,0.204231
888b2c8545fffff,3,B3,0,13.5882
888b2c8547fffff,3,B3,0,2.62916
888b2c8549fffff,3,B3,6,4.85243
888b2c854bfffff,3,B3,0,0.455959
888b2c854dfffff,3,B3,20,21.4912
888b2c855dfffff,3,B3,1,0.209957
888b2c8561fffff,3,B3,39,2.38187
888b2c8563fffff,3,B3,54,0.833426
888b2c8565fffff,3,B3,8,1.97464
888b2c8567fffff,3,B3,3,1.53382
888b2c8569fffff,3,B3,16,18.3973
888b2c856bfffff,3,B3,10,5.50452
888b2c856dfffff,3,B3,1,0.363305
888b2c8701fffff,1,B3,0,10.2924
888b2c8703fffff,1,B3,0,6.17316
888b2c8705fffff,1,B3,0,15.8356
888b2c8707fffff,1,B3,1,7.97323
888b2c8709fffff,1,B3,0,24.4298
888b2c870bfffff,1,B3,0,0.956576
888b2c870dfffff,1,B3,0,18.4484
888b2c8715fffff,1,B3,0,0.723179
888b2c871dfffff,1,B3,0,1.36348
888b2c8721fffff,1,B3,11,8.12121
888b2c8723fffff,1,B3,1,2.75394
888b2c8725fffff,1,B3,37,8.51476
888b2c8727fffff,1,B3,7,6.26263
888b2c8729fffff,1,B3,0,21.9414
888b2c872bfffff,1,B3,1,3.07717
888b2c872dfffff,1,B3,12,32.2515
888b2c8731fffff,1,B3,0,6.51788
888b2c8733fffff,1,B3,0,0.262172
888b2c8735fffff,1,B3,3,8.43212
888b2c8737fffff,1,B3,0,4.26966
888b2c8739fffff,1,B3,92,1.88212
888b2c873dfffff,1,B3,0,1.85468
888b2c8741fffff,1,B3,1,17.974
888b2c8743fffff,1,B3,7,21.3025
888b2c8745fffff,1,B3,4,18.6285
888b2c8747fffff,1,B3,11,24.2245
888b2c8749fffff,1,B3,0,0.21374
888b2c874bfffff,1,B3,0,6.51292
888b2c874dfffff,1,B3,22,17.9686
888b2c8751fffff,1,B3,0,0.155963
888b2c8755fffff,1,B3,1,5.36514
888b2c8757fffff,1,B3,0,0.29633
888b2c8759fffff,1,B3,1,2.1055
888b2c875dfffff,1,B3,4,11.5881
888b2c8761fffff,1,B3,4,28.0369
888b2c8763fffff,1,B3,6,15.4378
888b2c8765fffff,1,B3,6,25.6453
888b2c8767fffff,1,B3,7,29.0077
888b2c8769fffff,1,B3,5,28.0764
888b2c876bfffff,1,B3,4,24.8249
888b2c876dfffff,1,B3,13,43.5249
888b2c8807fffff,2,B3,1,7.02378
888b2c8809fffff,2,B3,624,9407.14
888b2c880bfffff,2,B3,27,3413.93
888b2c880dfffff,2,B3,69,3328.71
888b2c8817fffff,2,B3,1,22.5063
888b2c8819fffff,2,B3,130,745.797
888b2c881bfffff,2,B3,230,1309.28
888b2c881dfffff,2,B3,26,492.79
888b2c8823fffff,2,B3,0,2.36364
888b2c8835fffff,2,B3,2,1.15888
888b2c8841fffff,2,B3,7610,16918.4
888b2c8843fffff,2,B3,9693,26024.3
888b2c8845fffff,2,B3,6787,56453.5
888b2c8847fffff,2,B3,3148,25201.1
888b2c8849fffff,2,B3,427,913.943
888b2c884bfffff,2,B3,7359,16513.8
888b2c884dfffff,2,B3,3395,8974.02
888b2c8851fffff,2,B3,8771,27801.5
888b2c8853fffff,2,B3,4173,19041
888b2c8855fffff,2,B3,1523,14012.7
888b2c8857fffff,2,B3,377,6293.47
888b2c8859fffff,2,B3,49864,37262.7
888b2c885bfffff,2,B3,13237,40083.7
888b2c885dfffff,2,B3,44930,31547.7
888b2c8861fffff,2,B3,179,119.062
888b2c8865fffff,2,B3,8,84.0773
888b2c8867fffff,2,B3,6,0.744125
888b2c8869fffff,2,B3,2396,239.134
888b2c886bfffff,2,B3,2002,53661.4
888b2c886dfffff,2,B3,1407,303.682
888b2c8881fffff,4,B3,0,13.4617
888b2c8889fffff,4,B3,1,8.86751
888b2c889dfffff,4,B3,0,4.70522
888b2c88c5fffff,4,B3,0,4.74825
888b2c88c9fffff,4,B3,322,1410.62
888b2c88cbfffff,4,B3,35,160.725
888b2c88cdfffff,4,B3,91,495.096
888b2c88d7fffff,4,B3,0,3.82299
888b2c88d9fffff,4,B3,65,332.894
888b2c88dbfffff,4,B3,0,22.6901
888b2c88ddfffff,4,B3,1,20.5897
888b2c88e7fffff,4,B3,0,1.45913
888b2c8901fffff,0,B3,0,92.3282
888b2c8903fffff,0,B3,1,0.610966
888b2c8905fffff,0,B3,0,7.84041
888b2c890bfffff,0,B3,0,12.5534
888b2c890dfffff,0,B3,0,42.9355
888b2c8911fffff,0,B3,0,0.777917
888b2c8919fffff,0,B3,0,0.258486
888b2c891dfffff,0,B3,1,0.493473
888b2c8941fffff,0,B3,1,28.3153
888b2c8949fffff,0,B3,224,1052.62
888b2c894bfffff,0,B3,14,172.016
888b2c894dfffff,0,B3,4,336.143
888b2c8961fffff,0,B3,0,10.7339
888b2c8963fffff,0,B3,0,5.11713
888b2c8967fffff,0,B3,0,1.71303
888b2c896bfffff,0,B3,7,14.4495
888b2c89c9fffff,4,B3,4,1.01471
888b2c8a01fffff,2,B3,28521,14499.8
888b2c8a03fffff,2,B3,80049,23673.4
888b2c8a05fffff,2,B3,3562,3077.27
888b2c8a07fffff,2,B3,26047,26404.2
888b2c8a09fffff,2,B3,10573,1607.21
888b2c8a0bfffff,2,B3,23242,3246.9
888b2c8a0dfffff,2,B3,6763,2472.96
888b2c8a11fffff,2,B3,19547,21080.9
888b2c8a13fffff,2,B3,17320,24875.1
888b2c8a15fffff,2,B3,90676,31702.7
888b2c8a17fffff,2,B3,25690,32263.6
888b2c8a19fffff,2,B3,11111,9731.97
888b2c8a1bfffff,2,B3,9041,11721.9
888b2c8a1dfffff,2,B3,7667,16100.4
888b2c8a21fffff,2,B3,71,1975.57
888b2c8a23fffff,2,B3,3305,9216.88
888b2c8a25fffff,2,B3,44,60.3651
888b2c8a27fffff,2,B3,5,413.32
888b2c8a29fffff,2,B3,290,66.2663
888b2c8a2bfffff,2,B3,6463,16869.2
888b2c8a2dfffff,2,B3,458,120.007
888b2c8a31fffff,2,B3,77452,39192.7
888b2c8a33fffff,2,B3,59673,35037.9
888b2c8a35fffff,2,B3,8514,10584.4
888b2c8a37fffff,2,B3,36486,31863.9
888b2c8a39fffff,2,B3,152494,45943.7
888b2c8a3bfffff,2,B3,112578,42916.6
888b2c8a3dfffff,2,B3,46310,32889.8
888b2c8a41fffff,2,B3,4982,2527.23
888b2c8a43fffff,2,B3,8039,2243.89
888b2c8a45fffff,2,B3,552,2209.98
888b2c8a47fffff,2,B3,1897,2545.41
888b2c8a49fffff,2,B3,2327,2296.21
888b2c8a4bfffff,2,B3,4096,1837.86
888b2c8a4dfffff,2,B3,2939,2835.91
888b2c8a51fffff,2,B3,2073,1557.84
888b2c8a53fffff,2,B3,2229,1164.35
888b2c8a55fffff,2,B3,5141,2629.14
888b2c8a57fffff,2,B3,9943,6212.26
888b2c8a59fffff,2,B3,322,143.767
888b2c8a5bfffff,2,B3,640,60.6106
888b2c8a5dfffff,2,B3,1874,915.767
888b2c8a61fffff,2,B3,9514,1115.37
888b2c8a63fffff,2,B3,825,187.871
888b2c8a65fffff,2,B3,2495,1219.35
888b2c8a67fffff,2,B3,1239,234.481
888b2c8a69fffff,2,B3,1443,2400.85
888b2c8a6bfffff,2,B3,8174,2600.23
888b2c8a6dfffff,2,B3,4312,2225.93
888b2c8a81fffff,1,B3,5943,14389.9
888b2c8a83fffff,1,B3,3205,5269.68
888b2c8a85fffff,1,B3,19271,8566.01
888b2c8a87fffff,1,B3,14797,4393.31
888b2c8a89fffff,1,B3,9392,14551
888b2c8a8bfffff,1,B3,1715,7752.16
888b2c8a8dfffff,1,B3,19927,20732.7
888b2c8a91fffff,1,B3,805,4002.28
888b2c8a93fffff,1,B3,2126,145.258
888b2c8a95fffff,1,B3,3659,339.725
888b2c8a97fffff,1,B3,3441,328.606
888b2c8a99fffff,1,B3,470,3353.92
888b2c8a9bfffff,1,B3,218,1666.45
888b2c8a9dfffff,1,B3,559,4839.61
888b2c8aa1fffff,1,B3,3943,5078.1
888b2c8aa3fffff,1,B3,4894,406.8
888b2c8aa5fffff,1,B3,2681,2386.15
888b2c8aa7fffff,1,B3,942,383.579
888b2c8aa9fffff,1,B3,11586,21885.1
888b2c8aabfffff,1,B3,7773,4948.19
888b2c8aadfffff,1,B3,6457,18196.3
888b2c8ab1fffff,1,B3,959,400.314
888b2c8ab3fffff,1,B3,353,157.403
888b2c8ab5fffff,1,B3,1630,423.245
888b2c8ab7fffff,1,B3,426,227.084
888b2c8ab9fffff,1,B3,6394,463.451
888b2c8abbfffff,1,B3,1239,343.865
888b2c8abdfffff,1,B3,3246,447.323
888b2c8ac1fffff,1,B3,12316,9479.03
888b2c8ac3fffff,1,B3,6897,7833.84
888b2c8ac5fffff,1,B3,28745,15057.7
888b2c8ac7fffff,1,B3,15345,14038
888b2c8ac9fffff,1,B3,9217,6973.89
888b2c8acbfffff,1,B3,7779,5597.84
888b2c8acdfffff,1,B3,20622,9218.53
888b2c8ad1fffff,1,B3,775,3532.53
888b2c8ad3fffff,1,B3,651,2582.63
888b2c8ad5fffff,1,B3,1524,4761.29
888b2c8ad7fffff,1,B3,646,3903.5
888b2c8ad9fffff,1,B3,2529,4475.65
888b2c8adbfffff,1,B3,339,1939.91
888b2c8addfffff,1,B3,3739,6523.57
888b2c8ae1fffff,1,B3,23758,55398.7
888b2c8ae3fffff,1,B3,30707,40004.9
888b2c8ae5fffff,1,B3,92158,46908.1
888b2c8ae7fffff,1,B3,30397,30340.5
888b2c8ae9fffff,1,B3,23054,55128.6
888b2c8aebfffff,1,B3,19475,46101.4
888b2c8aedfffff,1,B3,47832,62019.6
888b2c8c4bfffff,1,B3,0,0.206897
888b2c8c51fffff,1,B3,0,4.50216
888b2c8c59fffff,1,B3,0,8.65801
888b2c8c5bfffff,1,B3,0,2.25108
888b2c8c5dfffff,1,B3,0,0.21
888b2c8c69fffff,1,B3,0,3.02496
888b2c8c6dfffff,1,B3,0,11.7683
888b2c8e01fffff,0,B3,37,60.4074
888b2c8e03fffff,0,B3,6,45.0022
888b2c8e05fffff,0,B3,24,45.3113
888b2c8e07fffff,0,B3,66,87.2298
888b2c8e09fffff,0,B3,88,17.3604
888b2c8e0bfffff,0,B3,7,26.1872
888b2c8e0dfffff,0,B3,18,15.0942
888b2c8e11fffff,0,B3,0,2.90382
888b2c8e15fffff,0,B3,23,59.9903
888b2c8e19fffff,0,B3,0,5.78351
888b2c8e1dfffff,0,B3,0,15.9355
888b2c8e21fffff,0,B3,44,1e-06
888b2c8e23fffff,0,B3,0,1e-06
888b2c8e25fffff,0,B3,13,1e-06
888b2c8e29fffff,0,B3,18,81.4655
888b2c8e2bfffff,0,B3,25,192.945
888b2c8e2dfffff,0,B3,26,1e-06
888b2c8e33fffff,0,B3,1,10.7039
888b2c8e35fffff,0,B3,0,1e-06
888b2c8e37fffff,0,B3,0,1e-06
888b2c8e39fffff,0,B3,14,79.3228
888b2c8e3bfffff,0,B3,19,12.2594
888b2c8e3dfffff,0,B3,0,12.0909
888b2c8e41fffff,0,B3,70,28.1407
888b2c8e43fffff,0,B3,63,42.0934
888b2c8e45fffff,0,B3,9,9.24623
888b2c8e47fffff,0,B3,32,35.0959
888b2c8e49fffff,0,B3,114,47.8643
888b2c8e4bfffff,0,B3,3,17.3116
888b2c8e4dfffff,0,B3,75,481.698
888b2c8e51fffff,0,B3,4,5.36357
888b2c8e53fffff,0,B3,0,5.45419
888b2c8e55fffff,0,B3,6,13.3542
888b2c8e57fffff,0,B3,28,7.46605
888b2c8e59fffff,0,B3,0,4.25932
888b2c8e5bfffff,0,B3,3,6.90781
888b2c8e5dfffff,0,B3,3,22.0773
888b2c8e61fffff,0,B3,1053,81.0743
888b2c8e63fffff,0,B3,94,43.8134
888b2c8e65fffff,0,B3,70,1070.25
888b2c8e67fffff,0,B3,55,81.2975
888b2c8e69fffff,0,B3,165,750.286
888b2c8e6bfffff,0,B3,21,30.4278
888b2c8e6dfffff,0,B3,130,879.311
888b2c8ee1fffff,1,B3,0,4.42514
888b2c8ee3fffff,1,B3,0,3.05545
888b2c8ee5fffff,1,B3,22,8.59729
888b2c8ee7fffff,1,B3,1,15.2036
888b2c8eedfffff,1,B3,13,0.289741
888b2c9023fffff,2,B3,0,0.581655
888b2c9027fffff,2,B3,6,1.46237
888b2c902bfffff,2,B3,1,0.396514
888b2c9101fffff,4,B3,1,5.22162
888b2c9105fffff,4,B3,0,1.62162
888b2c9113fffff,4,B3,11,12.8947
888b2c9117fffff,4,B3,3,0.830508
888b2c9119fffff,4,B3,0,0.823529
888b2c911bfffff,4,B3,0,2.88235
888b2c911dfffff,4,B3,0,2.47887
888b2c9121fffff,4,B3,0,0.619355
888b2c9123fffff,4,B3,1,4.04598
888b2c9129fffff,4,B3,0,0.516129
888b2c912bfffff,4,B3,3,5.91892
888b2c912dfffff,4,B3,0,1e-06
888b2c9133fffff,4,B3,3,5.16129
888b2c9135fffff,4,B3,0,3.78505
888b2c9137fffff,4,B3,1,13.3333
888b2c913dfffff,4,B3,0,1.82243
888b2c9181fffff,4,B3,1,1e-06
888b2c9185fffff,4,B3,0,0.545455
888b2c9189fffff,4,B3,0,2.81633
888b2c918bfffff,4,B3,0,1e-06
888b2c918dfffff,4,B3,0,6.18841
888b2c9199fffff,4,B3,0,1e-06
888b2c91a9fffff,4,B3,0,0.398058
888b2c91c1fffff,4,B3,5,1.78431
888b2c91c3fffff,4,B3,0,3.91176
888b2c91c5fffff,4,B3,79,16.6316
888b2c91c7fffff,4,B3,2,7.78947
888b2c91c9fffff,4,B3,1,4.59804
888b2c91cbfffff,4,B3,0,3.36275
888b2c91cdfffff,4,B3,7,18.049
888b2c91d1fffff,4,B3,0,2.50485
888b2c91d3fffff,4,B3,0,1e-06
888b2c91d5fffff,4,B3,51,2.21359
888b2c91ddfffff,4,B3,0,5.76471
888b2c91e3fffff,4,B3,0,2.25424
888b2c91e5fffff,4,B3,0,2.20588
888b2c91e7fffff,4,B3,7,1.45161
888b2c91e9fffff,4,B3,4,8.77966
888b2c91ebfffff,4,B3,2,6.34746
888b2c91edfffff,4,B3,3,4.96774
888b2c9521fffff,3,B3,0,0.995396
888b2c9523fffff,3,B3,10,8.3232
888b2c9527fffff,3,B3,33,2.54167
888b2c9529fffff,3,B3,2,4.19337
888b2c952bfffff,3,B3,0,1.98127
888b2c9531fffff,3,B3,0,1.6025
888b2c9533fffff,3,B3,0,3.86618
888b2c9535fffff,3,B3,36,12.1891
888b2c9537fffff,3,B3,6,3.06673
888b2c9539fffff,3,B3,0,0.603068
888b2c953dfffff,3,B3,8,1.73684
888b2c9561fffff,3,B3,0,0.421308
888b2c9563fffff,3,B3,0,0.320433
888b2c9565fffff,3,B3,0,0.559322
888b2c9567fffff,3,B3,3,4.29976
888b2c9585fffff,0,B3,0,20.7943
888b2c9587fffff,0,B3,2,15.2267
888b2c95a1fffff,0,B3,2,23.0777
888b2c95a3fffff,0,B3,0,3.29634
888b2c95a5fffff,0,B3,1,11.3
888b2c95a7fffff,0,B3,2,20.0315
888b2c95a9fffff,0,B3,0,35.6038
888b2c95abfffff,0,B3,5,28.5147
888b2c95adfffff,0,B3,1,56.8875
888b2c95b1fffff,0,B3,1,1.16622
888b2c95b3fffff,0,B3,0,0.60405
888b2c95b5fffff,0,B3,0,1.83696
888b2c95b7fffff,0,B3,16,1.40647
888b2c95b9fffff,0,B3,0,0.234584
888b2c95bdfffff,0,B3,0,0.181559
888b2c95e1fffff,0,B3,0,32.8381
888b2c95e3fffff,0,B3,0,5.72603
888b2c95e5fffff,0,B3,17,124.019
888b2c95e7fffff,0,B3,0,56.5445
888b2c95edfffff,0,B3,0,7.77866
888b2c9803fffff,2,B3,0,3.68323
888b2c9811fffff,2,B3,1,15.5538
888b2c9813fffff,2,B3,22,86.2667
888b2c9817fffff,2,B3,4,24.993
888b2c9819fffff,2,B3,0,3.60388
888b2c981bfffff,2,B3,14,26.8602
888b2c9821fffff,2,B3,1,5.45941
888b2c9823fffff,2,B3,23,22.1818
888b2c9827fffff,2,B3,40,43.245
888b2c9833fffff,2,B3,3,27.8885
888b2c9835fffff,2,B3,6,33.1051
888b2c9837fffff,2,B3,26,83.8632
888b2c983bfffff,2,B3,0,3.48522
888b2c9853fffff,2,B3,0,1.35957
888b2c985bfffff,2,B3,0,7.55034
888b2c9861fffff,2,B3,1,21.2283
888b2c9865fffff,2,B3,8,47.8228
888b2c9867fffff,2,B3,5,10.1421
888b2c9869fffff,2,B3,2,41.6968
888b2c986bfffff,2,B3,0,6.80851
888b2c986dfffff,2,B3,2,51.2194
888b2c9881fffff,0,B3,360,461.839
888b2c9883fffff,0,B3,74,105.46
888b2c9885fffff,0,B3,294,495.908
888b2c9887fffff,0,B3,691,1329.76
888b2c9889fffff,0,B3,207,38.6286
888b2c988bfffff,0,B3,33,110.47
888b2c988dfffff,0,B3,464,214.769
888b2c9891fffff,0,B3,19,63.2072
888b2c9893fffff,0,B3,143,266.353
888b2c9895fffff,0,B3,9,104.3
888b2c9897fffff,0,B3,29,161.989
888b2c9899fffff,0,B3,19,105.695
888b2c989bfffff,0,B3,262,239.2
888b2c989dfffff,0,B3,130,140.76
888b2c98a1fffff,0,B3,544,1038.39
888b2c98a3fffff,0,B3,896,2944.79
888b2c98a5fffff,0,B3,490,1029.85
888b2c98a7fffff,0,B3,1904,2129.54
888b2c98a9fffff,0,B3,326,1436.28
888b2c98abfffff,0,B3,1033,2518.94
888b2c98adfffff,0,B3,457,987.204
888b2c98b1fffff,0,B3,258,881.507
888b2c98b3fffff,0,B3,44,129.177
888b2c98b5fffff,0,B3,2343,3652.77
888b2c98b7fffff,0,B3,212,1133.25
888b2c98b9fffff,0,B3,130,582.749
888b2c98bbfffff,0,B3,33,110.803
888b2c98bdfffff,0,B3,881,1601.58
888b2c98c1fffff,0,B3,560,46.3826
888b2c98c3fffff,0,B3,98,28.8045
888b2c98c5fffff,0,B3,133,35.1
888b2c98c7fffff,0,B3,836,39.8777
888b2c98c9fffff,0,B3,89,48.483
888b2c98cbfffff,0,B3,132,34.5286
888b2c98cdfffff,0,B3,56,23.6742
888b2c98d1fffff,0,B3,8,70.6283
888b2c98d3fffff,0,B3,23,143.985
888b2c98d5fffff,0,B3,261,126.136
888b2c98d7fffff,0,B3,4,43.423
888b2c98d9fffff,0,B3,6,36.349
888b2c98dbfffff,0,B3,1,62.0812
888b2c98ddfffff,0,B3,28,31.3235
888b2c98e1fffff,0,B3,226,107.927
888b2c98e3fffff,0,B3,488,200.998
888b2c98e5fffff,0,B3,196,185.857
888b2c98e7fffff,0,B3,334,385.454
888b2c98e9fffff,0,B3,126,26.5629
888b2c98ebfffff,0,B3,233,133.043
888b2c98edfffff,0,B3,44,8.07763
888b2c9901fffff,4,B3,1,4.0505
888b2c9903fffff,4,B3,0,7.58642
888b2c9909fffff,4,B3,0,3.63158
888b2c990bfffff,4,B3,14,8.63068
888b2c990dfffff,4,B3,0,3.83721
888b2c9911fffff,4,B3,93,27.7532
888b2c9913fffff,4,B3,188,230.913
888b2c9915fffff,4,B3,5,16.7083
888b2c9917fffff,4,B3,27,86.0565
888b2c9919fffff,4,B3,0,5.30078
888b2c991bfffff,4,B3,26,7.22961
888b2c991dfffff,4,B3,29,15.4749
888b2c9933fffff,4,B3,0,7.35877
888b2c9939fffff,4,B3,0,0.608117
888b2c993bfffff,4,B3,7,7.13453
888b2c993dfffff,4,B3,0,0.568956
888b2c9943fffff,4,B3,13,2.71625
888b2c9949fffff,4,B3,14,9.02778
888b2c994bfffff,4,B3,114,15.8866
888b2c994dfffff,4,B3,1,1.50463
888b2c9955fffff,4,B3,75,25.2472
888b2c9957fffff,4,B3,2,0.86834
888b2c9959fffff,4,B3,4,1.82313
888b2c995dfffff,4,B3,4,4.84354
888b2c9981fffff,3,B3,871,1061.4
888b2c9983fffff,3,B3,1193,1260.8
888b2c9985fffff,3,B3,183,840.649
888b2c9987fffff,3,B3,1541,2497.77
888b2c9989fffff,3,B3,903,125.926
888b2c998bfffff,3,B3,690,409.852
888b2c998dfffff,3,B3,251,100.338
888b2c9991fffff,3,B3,2385,1890.28
888b2c9993fffff,3,B3,554,1547.87
888b2c9995fffff,3,B3,1903,3805.81
888b2c9997fffff,3,B3,2222,4882.28
888b2c9999fffff,3,B3,577,730.515
888b2c999bfffff,3,B3,3996,1937.46
888b2c999dfffff,3,B3,2484,1369.64
888b2c99a3fffff,3,B3,9,1.36842
888b2c99a9fffff,3,B3,1,1e-06
888b2c99abfffff,3,B3,118,1018.85
888b2c99b1fffff,3,B3,614,2177.5
888b2c99b3fffff,3,B3,1167,4347.92
888b2c99b5fffff,3,B3,0,113.939
888b2c99b7fffff,3,B3,98,476.997
888b2c99b9fffff,3,B3,3761,3785.73
888b2c99bbfffff,3,B3,2193,4988.3
888b2c99bdfffff,3,B3,281,1265.27
888b2c99c1fffff,3,B3,239,120.068
888b2c99c3fffff,3,B3,129,202.176
888b2c99c5fffff,3,B3,419,301.558
888b2c99c7fffff,3,B3,498,118.861
888b2c99c9fffff,3,B3,90,89.9583
888b2c99cbfffff,3,B3,42,64.5422
888b2c99cdfffff,3,B3,119,126.832
888b2c99d1fffff,3,B3,565,498.617
888b2c99d3fffff,3,B3,300,567.062
888b2c99d5fffff,3,B3,344,281.39
888b2c99d7fffff,3,B3,327,705.596
888b2c99d9fffff,3,B3,223,223.702
888b2c99dbfffff,3,B3,557,455.994
888b2c99ddfffff,3,B3,191,123.272
888b2c99e1fffff,3,B3,48,63.4461
888b2c99e3fffff,3,B3,83,72.2678
888b2c99e5fffff,3,B3,4,13.1194
888b2c99e7fffff,3,B3,3,1e-06
888b2c99e9fffff,3,B3,153,141.669
888b2c99ebfffff,3,B3,128,84.7566
888b2c99edfffff,3,B3,31,34.205
888b2c9a01fffff,1,B3,2,1e-06
888b2c9a03fffff,1,B3,0,0.159363
888b2c9a07fffff,1,B3,1,1e-06
888b2c9a11fffff,1,B3,0,0.238938
888b2c9a13fffff,1,B3,0,0.321429
888b2c9a15fffff,1,B3,0,0.0822785
888b2c9a17fffff,1,B3,1,0.512195
888b2c9a21fffff,1,B3,20,1.29568
888b2c9a23fffff,1,B3,0,0.309677
888b2c9a25fffff,1,B3,35,0.439856
888b2c9a27fffff,1,B3,0,0.64632
888b2c9a29fffff,1,B3,0,0.176
888b2c9a2bfffff,1,B3,3,0.329032
888b2c9a31fffff,1,B3,0,0.0591966
888b2c9a35fffff,1,B3,2,0.248485
888b2c9a39fffff,1,B3,0,0.106742
888b2c9a3bfffff,1,B3,0,0.151724
888b2c9a3dfffff,1,B3,4,0.181818
888b2c9a5bfffff,1,B3,0,1e-06
888b2c9a91fffff,1,B3,0,1e-06
888b2c9a93fffff,1,B3,0,1e-06
888b2c9a97fffff,1,B3,2,1e-06
888b2c9aa1fffff,1,B3,1,1.18657
888b2c9aa3fffff,1,B3,0,40.3269
888b2c9aa5fffff,1,B3,0,0.763636
888b2c9aa7fffff,1,B3,13,19.5531
888b2c9aa9fffff,1,B3,24,1.18657
888b2c9aabfffff,1,B3,0,1.64286
888b2c9aadfffff,1,B3,0,1.06842
888b2c9ab1fffff,1,B3,0,0.621496
888b2c9ab5fffff,1,B3,19,38.5728
888b2c9ab7fffff,1,B3,11,31.1125
888b2c9abbfffff,1,B3,0,1.4141
888b2c9ac1fffff,1,B3,0,0.152284
888b2c9ac3fffff,1,B3,11,0.655738
888b2c9ac5fffff,1,B3,1,0.41629
888b2c9ac7fffff,1,B3,0,0.263959
888b2c9acbfffff,1,B3,3,0.206897
888b2c9ad9fffff,1,B3,1,0.80402
888b2c9adbfffff,1,B3,0,0.378378
888b2c9aebfffff,1,B3,0,0.111888
888b2cc64bfffff,4,B3,1,0.282258
888b2cd001fffff,4,B3,2,42.2189
888b2cd003fffff,4,B3,2,1e-06
888b2cd005fffff,4,B3,16,36.2044
888b2cd007fffff,4,B3,21,2.60623
888b2cd009fffff,4,B3,0,5.50897
888b2cd00bfffff,4,B3,8,4.58352
888b2cd00dfffff,4,B3,3,46.0861
888b2cd011fffff,4,B3,0,1e-06
888b2cd015fffff,4,B3,0,0.113636
888b2cd017fffff,4,B3,0,1e-06
888b2cd019fffff,4,B3,0,0.643599
888b2cd01bfffff,4,B3,0,1e-06
888b2cd01dfffff,4,B3,8,1.03546
888b2cd021fffff,4,B3,0,0.663594
888b2cd023fffff,4,B3,0,0.19341
888b2cd025fffff,4,B3,0,0.394678
888b2cd027fffff,4,B3,0,0.128603
888b2cd029fffff,4,B3,1,1.47842
888b2cd02bfffff,4,B3,0,0.873315
888b2cd02dfffff,4,B3,11,1.51613
888b2cd031fffff,4,B3,0,1e-06
888b2cd037fffff,4,B3,0,0.0434057
888b2cd039fffff,4,B3,3,1.03013
888b2cd03dfffff,4,B3,1,0.373938
888b2cd041fffff,4,B3,0,12.2663
888b2cd043fffff,4,B3,0,3.9514
888b2cd045fffff,4,B3,21,62.31
888b2cd047fffff,4,B3,5,45.4926
888b2cd049fffff,4,B3,0,2.888
888b2cd04bfffff,4,B3,0,2.52028
888b2cd04dfffff,4,B3,4,9.30105
888b2cd051fffff,4,B3,0,0.0487348
888b2cd053fffff,4,B3,6,1.74081
888b2cd055fffff,4,B3,0,0.142455
888b2cd057fffff,4,B3,11,1.58607
888b2cd05bfffff,4,B3,3,0.459231
888b2cd05dfffff,4,B3,0,0.0599813
888b2cd061fffff,4,B3,10,35.7505
888b2cd063fffff,4,B3,0,13.3146
888b2cd065fffff,4,B3,0,1.13528
888b2cd067fffff,4,B3,1,0.529121
888b2cd069fffff,4,B3,15,38.5447
888b2cd06bfffff,4,B3,8,31.695
888b2cd06dfffff,4,B3,17,83.0038
888b2cd087fffff,3,B3,0,0.071964
888b2cd089fffff,3,B3,0,1e-06
888b2cd097fffff,3,B3,0,1e-06
888b2cd0a9fffff,3,B3,0,1e-06
888b2cd0abfffff,3,B3,0,1e-06
888b2cd0b3fffff,3,B3,0,1e-06
888b2cd0b7fffff,3,B3,0,1e-06
888b2cd0bbfffff,3,B3,0,0.0414938
888b2cd0bdfffff,3,B3,0,1e-06
888b2cd0c3fffff,3,B3,0,1e-06
888b2cd0cdfffff,3,B3,0,1e-06
888b2cd0e5fffff,3,B3,0,1e-06
888b2cd141fffff,2,B3,0,3.97974
888b2cd143fffff,2,B3,0,8.11501
888b2cd149fffff,2,B3,6,5.22459
888b2cd14bfffff,2,B3,0,8.56305
888b2cd14dfffff,2,B3,0,0.339504
888b2cd151fffff,2,B3,0,1.12653
888b2cd153fffff,2,B3,2,1.40336
888b2cd155fffff,2,B3,0,0.857143
888b2cd157fffff,2,B3,0,0.445378
888b2cd159fffff,2,B3,1,3.56327
888b2cd15bfffff,2,B3,0,1.87205
888b2cd15dfffff,2,B3,0,5.44425
888b2cd201fffff,3,B3,0,0.455145
888b2cd203fffff,3,B3,1,0.802066
888b2cd205fffff,3,B3,0,0.373576
888b2cd207fffff,3,B3,0,0.441487
888b2cd20bfffff,3,B3,0,0.111888
888b2cd20dfffff,3,B3,0,0.153032
888b2cd211fffff,3,B3,0,0.55938
888b2cd213fffff,3,B3,0,0.467626
888b2cd219fffff,3,B3,0,0.890236
888b2cd21bfffff,3,B3,0,0.963855
888b2cd21dfffff,3,B3,0,0.437141
888b2cd221fffff,3,B3,0,1.43326
888b2cd223fffff,3,B3,15,1.04198
888b2cd225fffff,3,B3,0,1.03314
888b2cd227fffff,3,B3,4,2.45332
888b2cd229fffff,3,B3,0,1.44233
888b2cd22bfffff,3,B3,0,0.551724
888b2cd22dfffff,3,B3,0,0.20813
888b2cd231fffff,3,B3,0,1e-06
888b2cd233fffff,3,B3,2,1.33259
888b2cd235fffff,3,B3,0,0.571906
888b2cd237fffff,3,B3,0,0.381148
888b2cd239fffff,3,B3,0,1e-06
888b2cd23dfffff,3,B3,9,0.945946
888b2cd251fffff,3,B3,4,3.62422
888b2cd253fffff,3,B3,9,5.5615
888b2cd255fffff,3,B3,0,0.545581
888b2cd257fffff,3,B3,0,1.94817
888b2cd25bfffff,3,B3,0,1.38816
888b2cd261fffff,3,B3,0,0.0961702
888b2cd263fffff,3,B3,1,0.0222458
888b2cd265fffff,3,B3,0,0.121702
888b2cd267fffff,3,B3,0,0.149364
888b2cd301fffff,2,B3,0,4.50731
888b2cd303fffff,2,B3,1,5.36861
888b2cd305fffff,2,B3,0,3.62321
888b2cd307fffff,2,B3,1,5.44659
888b2cd309fffff,2,B3,2,1e-06
888b2cd30bfffff,2,B3,1,6.98975
888b2cd30dfffff,2,B3,0,4.07419
888b2cd311fffff,2,B3,6,12.779
888b2cd313fffff,2,B3,26,14.036
888b2cd315fffff,2,B3,41,16.5294
888b2cd317fffff,2,B3,225,23.7077
888b2cd319fffff,2,B3,0,2.2981
888b2cd31bfffff,2,B3,3,3.17822
888b2cd31dfffff,2,B3,3,8.09203
888b2cd321fffff,2,B3,0,2.412
888b2cd323fffff,2,B3,0,5.52848
888b2cd327fffff,2,B3,1,2.35767
888b2cd329fffff,2,B3,2,3.93784
888b2cd32bfffff,2,B3,0,4.66866
888b2cd331fffff,2,B3,1,6.8589
888b2cd333fffff,2,B3,1,7.29857
888b2cd335fffff,2,B3,10,9.28551
888b2cd337fffff,2,B3,0,7.1442
888b2cd339fffff,2,B3,10,10.9952
888b2cd33bfffff,2,B3,31,18.174
888b2cd33dfffff,2,B3,0,7.75583
888b2cd341fffff,2,B3,0,1e-06
888b2cd343fffff,2,B3,0,1e-06
888b2cd347fffff,2,B3,3,1e-06
888b2cd34bfffff,2,B3,0,1e-06
888b2cd351fffff,2,B3,0,1e-06
888b2cd353fffff,2,B3,1,0.704478
888b2cd355fffff,2,B3,0,1e-06
888b2cd357fffff,2,B3,4,1.26037
888b2cd359fffff,2,B3,0,1e-06
888b2cd35bfffff,2,B3,0,1e-06
888b2cd35dfffff,2,B3,0,1e-06
888b2cd363fffff,2,B3,0,1.74207
888b2cd36bfffff,2,B3,0,2.18596
888b2cd401fffff,2,B3,3,3.15571
888b2cd403fffff,2,B3,5,1.73413
888b2cd405fffff,2,B3,0,4.80277
888b2cd407fffff,2,B3,21,0.971186
888b2cd40bfffff,2,B3,11,3.05521
888b2cd40dfffff,2,B3,0,1.39265
888b2cd411fffff,2,B3,6,6.37224
888b2cd413fffff,2,B3,65,23.6227
888b2cd415fffff,2,B3,14,11.7508
888b2cd417fffff,2,B3,46,20.948
888b2cd419fffff,2,B3,0,0.216123
888b2cd41bfffff,2,B3,1,5.06309
888b2cd41dfffff,2,B3,4,2.39794
888b2cd421fffff,2,B3,0,1.03759
888b2cd423fffff,2,B3,1,0.74259
888b2cd425fffff,2,B3,1,3.88304
888b2cd427fffff,2,B3,0,2.42122
888b2cd429fffff,2,B3,0,1.01961
888b2cd42bfffff,2,B3,4,4.0322
888b2cd42dfffff,2,B3,0,2.56209
888b2cd431fffff,2,B3,31,29.4856
888b2cd433fffff,2,B3,110,37.6328
888b2cd435fffff,2,B3,32,15.0998
888b2cd437fffff,2,B3,103,36.8976
888b2cd439fffff,2,B3,7,14.3849
888b2cd43bfffff,2,B3,28,17.0537
888b2cd43dfffff,2,B3,4,11.1007
888b2cd451fffff,2,B3,2,9.26441
888b2cd453fffff,2,B3,30,13.2606
888b2cd457fffff,2,B3,0,0.73581
888b2cd459fffff,2,B3,0,0.911765
888b2cd45bfffff,2,B3,6,1.47353
888b2cd45dfffff,2,B3,1,0.292479
888b2cd461fffff,2,B3,0,2.82353
888b2cd463fffff,2,B3,0,3.29603
888b2cd467fffff,2,B3,0,5.99639
888b2cd46dfffff,2,B3,0,0.980392
888b2cd629fffff,3,B3,2,0.178571
888b2cd651fffff,3,B3,9,0.170819
888b2cd681fffff,0,B3,0,2.00664
888b2cd683fffff,0,B3,31,37.6315
888b2cd685fffff,0,B3,0,4.90927
888b2cd687fffff,0,B3,6,7.31155
888b2cd689fffff,0,B3,6,2.11335
888b2cd68dfffff,0,B3,36,5.94983
888b2cd691fffff,0,B3,0,5.46263
888b2cd693fffff,0,B3,21,51.4067
888b2cd695fffff,0,B3,3,47.6893
888b2cd697fffff,0,B3,3,100.464
888b2cd69dfffff,0,B3,0,7.53119
888b2cd6a1fffff,0,B3,2,11.9108
888b2cd6a3fffff,0,B3,19,16.3779
888b2cd6a5fffff,0,B3,4,3.64094
888b2cd6a7fffff,0,B3,0,18.3978
888b2cd6a9fffff,0,B3,9,13.5565
888b2cd6abfffff,0,B3,1,5.33625
888b2cd6adfffff,0,B3,0,3.36422
888b2cd6b1fffff,0,B3,8,35.5986
888b2cd6b3fffff,0,B3,86,59.2521
888b2cd6b5fffff,0,B3,24,29.0139
888b2cd6b7fffff,0,B3,79,36.2159
888b2cd6b9fffff,0,B3,23,28.2747
888b2cd6bbfffff,0,B3,16,31.5491
888b2cd6bdfffff,0,B3,15,39.0489
888b2cd6c7fffff,0,B3,0,1.55048
888b2cd6cbfffff,0,B3,0,0.490787
888b2cd6d3fffff,0,B3,0,0.318861
888b2cd6dbfffff,0,B3,0,1.06022
888b2cd6e1fffff,0,B3,1,5.92024
888b2cd6e3fffff,0,B3,25,25.3443
888b2cd6e7fffff,0,B3,16,7.49481
888b2cd6ebfffff,0,B3,0,4.3482
888b2cd6edfffff,0,B3,0,1.27101
888b2cd707fffff,0,B3,0,1e-06
888b2cd717fffff,0,B3,0,1e-06
888b2cd749fffff,0,B3,0,0.350109
888b2cd74dfffff,0,B3,0,0.333333
88b32d900dfffff,2,B3,6,0.269922
88b32d9041fffff,2,B3,0,0.10058
88b32d9043fffff,2,B3,0,0.101996
88b32d9045fffff,2,B3,0,0.131793
88b32d9047fffff,2,B3,6,1.19897
88b32d904bfffff,2,B3,2,1e-06
88b32d904dfffff,2,B3,2,0.581427
88b32d9055fffff,2,B3,0,1e-06
88b32d9059fffff,2,B3,1,1e-06
88b32d905dfffff,2,B3,0,1e-06
88b32d9061fffff,2,B3,3,0.0444646
88b32d9065fffff,2,B3,0,0.0493344
88b32d9069fffff,2,B3,0,0.0153417
88b32d906bfffff,2,B3,18,1.01395
88b32d906dfffff,2,B3,0,1e-06
88b32d9201fffff,1,B3,14,0.370408
88b32d9205fffff,1,B3,9,1.93073
88b32d9209fffff,1,B3,13,0.470199
88b32d920bfffff,1,B3,3,1.48819
88b32d920dfffff,1,B3,4,0.29052
88b32d9211fffff,1,B3,0,0.509934
88b32d9213fffff,1,B3,0,0.919355
88b32d9215fffff,1,B3,0,0.364012
88b32d9217fffff,1,B3,4,2.59259
88b32d9219fffff,1,B3,0,0.740741
88b32d921bfffff,1,B3,0,2.09231
88b32d9229fffff,1,B3,4,1.6701
88b32d922dfffff,1,B3,23,6.43206
88b32d9231fffff,1,B3,0,0.485861
88b32d9233fffff,1,B3,0,0.454545
88b32d9235fffff,1,B3,0,0.0664767
88b32d9237fffff,1,B3,0,0.36612
88b32d923bfffff,1,B3,1,0.562197
88b32d9243fffff,1,B3,0,0.545977
88b32d9251fffff,1,B3,3,3.94737
88b32d9253fffff,1,B3,12,3.26316
88b32d9255fffff,1,B3,12,6.74611
88b32d9257fffff,1,B3,56,18.1347
88b32d925bfffff,1,B3,0,2.02632
88b32d925dfffff,1,B3,1,0.657895
88b32d9267fffff,1,B3,1,1.07143
88b32d9281fffff,0,B3,0,0.951436
88b32d9285fffff,0,B3,0,1.56569
88b32d9289fffff,0,B3,1,0.969196
88b32d928bfffff,0,B3,10,3.17485
88b32d928dfffff,0,B3,0,0.198005
88b32d9299fffff,0,B3,9,4.38544
88b32d929dfffff,0,B3,1,11.6106
88b32d92a9fffff,0,B3,1,0.596491
88b32d92c1fffff,0,B3,4,1.54909
88b32d92c3fffff,0,B3,2,1e-06
88b32d92c5fffff,0,B3,0,1.008
88b32d92c7fffff,0,B3,0,1.968
88b32d92c9fffff,0,B3,5,6.24332
88b32d92cbfffff,0,B3,2,1e-06
88b32d92cdfffff,0,B3,7,1.17818
88b32d92d1fffff,0,B3,0,1.53103
88b32d92d3fffff,0,B3,5,3.00166
88b32d92d5fffff,0,B3,4,2.38966
88b32d92d7fffff,0,B3,2,1.93812
88b32d92d9fffff,0,B3,0,1.70924
88b32d92dbfffff,0,B3,0,2.31781
88b32d92ddfffff,0,B3,0,0.76707
88b32d92e1fffff,0,B3,0,0.180657
88b32d92e3fffff,0,B3,0,0.164234
88b32d92e5fffff,0,B3,0,0.247379
88b32d92e7fffff,0,B3,0,0.140351
88b32d92e9fffff,0,B3,0,0.668498
88b32d92ebfffff,0,B3,0,0.276285
88b32d92edfffff,0,B3,0,1.02657
88b32d9305fffff,3,B3,8,2.43404
88b32d9309fffff,3,B3,8,4.9556
88b32d930bfffff,3,B3,1,4.57766
88b32d930dfffff,3,B3,16,9.68239
88b32d9311fffff,3,B3,0,0.318436
88b32d9313fffff,3,B3,1,1.05989
88b32d9315fffff,3,B3,0,4.00601
88b32d9317fffff,3,B3,0,9.09738
88b32d931bfffff,3,B3,1,4.4335
88b32d9325fffff,3,B3,0,9.2599
88b32d9329fffff,3,B3,0,15.0232
88b32d9331fffff,3,B3,2,3.86207
88b32d9333fffff,3,B3,0,3.90517
88b32d9335fffff,3,B3,0,0.655172
88b32d9337fffff,3,B3,0,1.67241
88b32d9339fffff,3,B3,0,2.26724
88b32d933bfffff,3,B3,0,4.62931
88b32d9351fffff,3,B3,1,8.29091
88b32d9353fffff,3,B3,8,28.7273
88b32d9355fffff,3,B3,1,8.0049
88b32d9357fffff,3,B3,17,8.62913
88b32d9359fffff,3,B3,0,1.09091
88b32d935bfffff,3,B3,1,8.72727
88b32d9361fffff,3,B3,2,78.8345
88b32d9363fffff,3,B3,34,88.4403
88b32d9365fffff,3,B3,31,51.6364
88b32d9367fffff,3,B3,19,111.264
88b32d9369fffff,3,B3,0,0.782609
88b32d936bfffff,3,B3,0,3.3913
888b2c8001fffff,1,M1,35,0.739736
888b2c8003fffff,1,M1,3,0.0269793
888b2c8005fffff,1,M1,0,1.11924
888b2c8007fffff,1,M1,4,0.343576
888b2c8009fffff,1,M1,1,0.258832
888b2c800dfffff,1,M1,1,1.04612
888b2c8011fffff,1,M1,103,1.1077
888b2c8013fffff,1,M1,26,0.773461
888b2c8015fffff,1,M1,169,3.19807
888b2c8017fffff,1,M1,293,3.90069
888b2c8019fffff,1,M1,42,0.461412
888b2c801bfffff,1,M1,118,0.642784
888b2c801dfffff,1,M1,89,0.656575
888b2c8021fffff,1,M1,10,8.16504
888b2c8023fffff,1,M1,11,0.939304
888b2c8025fffff,1,M1,11,8.72972
888b2c8027fffff,1,M1,13,11.3096
888b2c802bfffff,1,M1,13,1.73537
888b2c802dfffff,1,M1,2,2.73139
888b2c8031fffff,1,M1,113,6.25982
888b2c8033fffff,1,M1,1530,8.7993
888b2c8035fffff,1,M1,87,8.35291
888b2c8037fffff,1,M1,651,16.109
888b2c8039fffff,1,M1,136,3.51989
888b2c803bfffff,1,M1,689,8.61079
888b2c803dfffff,1,M1,23,5.92442
888b2c8043fffff,1,M1,0,0.0842742
888b2c8045fffff,1,M1,0,0.0586494
888b2c8047fffff,1,M1,0,0.26032
888b2c8051fffff,1,M1,0,0.0533641
888b2c8053fffff,1,M1,8,0.0592823
888b2c8055fffff,1,M1,1,0.0194564
888b2c8057fffff,1,M1,0,0.00871898
888b2c8065fffff,1,M1,0,2.92893
888b2c8069fffff,1,M1,2,0.471981
888b2c806bfffff,1,M1,1,0.331249
888b2c806dfffff,1,M1,4,1.54859
888b2c8101fffff,4,M1,28,584.957
888b2c8103fffff,4,M1,132,431.252
888b2c8105fffff,4,M1,137,1479.32
888b2c8107fffff,4,M1,56,1202.65
888b2c8109fffff,4,M1,10,15.9432
888b2c810bfffff,4,M1,29,135.474
888b2c810dfffff,4,M1,29,602.81
888b2c8111fffff,4,M1,115,129.29
888b2c8113fffff,4,M1,363,195.575
888b2c8115fffff,4,M1,302,310.124
888b2c8117fffff,4,M1,1243,554.703
888b2c8119fffff,4,M1,8,29.0962
888b2c811bfffff,4,M1,6,24.3841
888b2c811dfffff,4,M1,43,111.908
888b2c8121fffff,4,M1,343,3749.37
888b2c8123fffff,4,M1,1686,7836.87
888b2c8125fffff,4,M1,4967,14937.9
888b2c8127fffff,4,M1,7065,17188.8
888b2c8129fffff,4,M1,99,2000.32
888b2c812bfffff,4,M1,168,2227.18
888b2c812dfffff,4,M1,35,611.14
888b2c8131fffff,4,M1,3978,3784.9
888b2c8133fffff,4,M1,5499,1644.23
888b2c8135fffff,4,M1,9718,6921.53
888b2c8137fffff,4,M1,8849,2914.23
888b2c8139fffff,4,M1,255,1054.37
888b2c813bfffff,4,M1,5133,1160.65
888b2c813dfffff,4,M1,727,2694.42
888b2c8141fffff,4,M1,28,49.6748
888b2c8143fffff,4,M1,23,42.0168
888b2c8145fffff,4,M1,187,368.913
888b2c8147fffff,4,M1,29,84.7071
888b2c8149fffff,4,M1,104,104.448
888b2c814bfffff,4,M1,10,27.6673
888b2c814dfffff,4,M1,181,197.247
888b2c8151fffff,4,M1,0,8.94007
888b2c8153fffff,4,M1,1,5.18647
888b2c8155fffff,4,M1,4,33.5268
888b2c8157fffff,4,M1,7,20.9145
888b2c8159fffff,4,M1,0,34.7776
888b2c815dfffff,4,M1,13,48.6005
888b2c8161fffff,4,M1,689,600.314
888b2c8163fffff,4,M1,71,845.123
888b2c8165fffff,4,M1,190,1098.23
888b2c8167fffff,4,M1,50,1136.01
888b2c8169fffff,4,M1,241,717.345
888b2c816bfffff,4,M1,13,40.039
888b2c816dfffff,4,M1,52,850.988
888b2c8213fffff,0,M1,6,0.00593505
888b2c8217fffff,0,M1,0,0.00109133
888b2c8231fffff,0,M1,0,0.00205835
888b2c8235fffff,0,M1,0,0.0151198
888b2c8237fffff,0,M1,0,0.00928198
888b2c8245fffff,0,M1,0,0.000588733
888b2c824dfffff,0,M1,0,0.000132244
888b2c8263fffff,0,M1,0,0.00264239
888b2c8269fffff,0,M1,0,0.000768764
888b2c826bfffff,0,M1,0,0.00224868
888b2c826dfffff,0,M1,0,0.000859623
888b2c8281fffff,3,M1,8,0.0258597
888b2c8283fffff,3,M1,26,0.0231828
888b2c8285fffff,3,M1,8,0.0201834
888b2c8287fffff,3,M1,16,0.0488823
888b2c8289fffff,3,M1,22,0.0237183
888b2c828bfffff,3,M1,42,0.0329083
888b2c828dfffff,3,M1,9,0.0120531
888b2c8291fffff,3,M1,0,0.00441517
888b2c8293fffff,3,M1,23,0.00651921
888b2c8295fffff,3,M1,5,0.0197358
888b2c8297fffff,3,M1,7,0.0107666
888b2c8299fffff,3,M1,0,0.00515238
888b2c829bfffff,3,M1,23,0.0027161
888b2c829dfffff,3,M1,7,0.0143176
888b2c82a1fffff,3,M1,0,0.00667687
888b2c82a3fffff,3,M1,1,0.062374
888b2c82a5fffff,3,M1,0,0.00866375
888b2c82a7fffff,3,M1,9,0.200016
888b2c82a9fffff,3,M1,0,0.0209721
888b2c82abfffff,3,M1,1,0.0445622
888b2c82adfffff,3,M1,0,0.00240619
888b2c82b1fffff,3,M1,65,0.112138
888b2c82b3fffff,3,M1,74,0.0713692
888b2c82b5fffff,3,M1,10,0.176645
888b2c82b7fffff,3,M1,17,0.157153
888b2c82b9fffff,3,M1,53,0.0662713
888b2c82bbfffff,3,M1,20,0.0374598
888b2c82bdfffff,3,M1,2,0.0939097
888b2c82c1fffff,3,M1,0,0.00638802
888b2c82c3fffff,3,M1,55,0.022847
888b2c82c7fffff,3,M1,12,0.0195857
888b2c82c9fffff,3,M1,67,0.0129054
888b2c82cbfffff,3,M1,20,0.0160627
888b2c82cdfffff,3,M1,0,0.000507744
888b2c82d1fffff,3,M1,38,0.0073213
888b2c82d3fffff,3,M1,3,0.00640505
888b2c82d5fffff,3,M1,52,0.0181758
888b2c82d7fffff,3,M1,12,0.0166642
888b2c82d9fffff,3,M1,52,0.00862043
888b2c82dbfffff,3,M1,325,0.00702303
888b2c82ddfffff,3,M1,37,0.0105017
888b2c82e1fffff,3,M1,0,0.0129841
888b2c82e3fffff,3,M1,0,0.00286477
888b2c82e5fffff,3,M1,0,0.0101979
888b2c82e7fffff,3,M1,0,0.0279589
888b2c82e9fffff,3,M1,47,0.00943944
888b2c82ebfffff,3,M1,0,0.00248661
888b2c82edfffff,3,M1,0,0.00556017
888b2c8301fffff,4,M1,0,2.35984
888b2c8303fffff,4,M1,12,2.92767
888b2c8305fffff,4,M1,0,0.585047
888b2c8307fffff,4,M1,10,7.32064
888b2c8309fffff,4,M1,3,0.129991
888b2c830bfffff,4,M1,6,1.94335
888b2c8311fffff,4,M1,0,0.235215
888b2c8313fffff,4,M1,3,0.0736672
888b2c8315fffff,4,M1,0,0.312764
888b2c8317fffff,4,M1,7,1.6826
888b2c831dfffff,4,M1,3,1.6221
888b2c8321fffff,4,M1,78,74.6476
888b2c8323fffff,4,M1,20,53.3823
888b2c8325fffff,4,M1,316,159.97
888b2c8327fffff,4,M1,55,85.4272
888b2c8329fffff,4,M1,24,17.7769
888b2c832bfffff,4,M1,16,10.8568
888b2c832dfffff,4,M1,407,119.13
888b2c8331fffff,4,M1,10,16.236
888b2c8333fffff,4,M1,9,13.1123
888b2c8335fffff,4,M1,3,4.54536
888b2c8337fffff,4,M1,67,46.1385
888b2c8339fffff,4,M1,2,2.24992
888b2c833bfffff,4,M1,13,6.24397
888b2c833dfffff,4,M1,30,11.1378
888b2c8343fffff,4,M1,0,0.0276455
888b2c8345fffff,4,M1,0,0.0759579
888b2c834bfffff,4,M1,0,0.00920126
888b2c834dfffff,4,M1,0,0.0138152
888b2c8351fffff,4,M1,0,0.158465
888b2c8353fffff,4,M1,0,0.0756201
888b2c8355fffff,4,M1,0,0.0491747
888b2c8357fffff,4,M1,2,0.870796
888b2c8367fffff,4,M1,3,6.3521
888b2c8369fffff,4,M1,0,0.0766367
888b2c8505fffff,3,M1,8,0.00173261
888b2c850dfffff,3,M1,2,0.00258175
888b2c8521fffff,3,M1,0,0.00248088
888b2c8525fffff,3,M1,0,0.00924532
888b2c8529fffff,3,M1,0,0.00397445
888b2c852dfffff,3,M1,3,0.0158507
888b2c8541fffff,3,M1,6,0.0186386
888b2c8543fffff,3,M1,17,0.000462199
888b2c8545fffff,3,M1,0,0.033931
888b2c8547fffff,3,M1,0,0.00862817
888b2c8549fffff,3,M1,6,0.012209
888b2c854bfffff,3,M1,0,0.00114428
888b2c854dfffff,3,M1,20,0.0426718
888b2c855dfffff,3,M1,1,0.000333061
888b2c8561fffff,3,M1,39,0.0465557
888b2c8563fffff,3,M1,54,0.00885905
888b2c8565fffff,3,M1,8,0.0570338
888b2c8567fffff,3,M1,3,0.0283219
888b2c8569fffff,3,M1,16,0.0574412
888b2c856bfffff,3,M1,10,0.0324457
888b2c856dfffff,3,M1,1,0.0107802
888b2c8701fffff,1,M1,0,0.00169414
888b2c8703fffff,1,M1,0,0.000779638
888b2c8705fffff,1,M1,0,0.0038246
888b2c8707fffff,1,M1,1,0.00204504
888b2c8709fffff,1,M1,0,0.00212091
888b2c870bfffff,1,M1,0,7.85398e-05
888b2c870dfffff,1,M1,0,0.00333353
888b2c8715fffff,1,M1,0,0.000129616
888b2c871dfffff,1,M1,0,8.22957e-05
888b2c8721fffff,1,M1,11,0.0147469
888b2c8723fffff,1,M1,1,0.00250082
888b2c8725fffff,1,M1,37,0.0250941
888b2c8727fffff,1,M1,7,0.0140704
888b2c8729fffff,1,M1,0,0.00808776
888b2c872bfffff,1,M1,1,0.00227461
888b2c872dfffff,1,M1,12,0.0274383
888b2c8731fffff,1,M1,0,0.00257318
888b2c8733fffff,1,M1,0,3.30272e-05
888b2c8735fffff,1,M1,3,0.00319715
888b2c8737fffff,1,M1,0,0.00100985
888b2c8739fffff,1,M1,92,0.00064837
888b2c873dfffff,1,M1,0,0.000597609
888b2c8741fffff,1,M1,1,0.00176275
888b2c8743fffff,1,M1,7,0.00190676
888b2c8745fffff,1,M1,4,0.00397967
888b2c8747fffff,1,M1,11,0.00397539
888b2c8749fffff,1,M1,0,0.000164747
888b2c874bfffff,1,M1,0,0.000951065
888b2c874dfffff,1,M1,22,0.00194052
888b2c8751fffff,1,M1,0,8.07736e-06
888b2c8755fffff,1,M1,1,0.000559556
888b2c8757fffff,1,M1,0,1.80898e-05
888b2c8759fffff,1,M1,1,8.253e-05
888b2c875dfffff,1,M1,4,0.000908262
888b2c8761fffff,1,M1,4,0.00942591
888b2c8763fffff,1,M1,6,0.00357389
888b2c8765fffff,1,M1,6,0.018612
888b2c8767fffff,1,M1,7,0.0141672
888b2c8769fffff,1,M1,5,0.0082704
888b2c876bfffff,1,M1,4,0.0056155
888b2c876dfffff,1,M1,13,0.0203591
888b2c8807fffff,2,M1,1,0.000391608
888b2c8809fffff,2,M1,624,1011.39
888b2c880bfffff,2,M1,27,226.227
888b2c880dfffff,2,M1,69,189.609
888b2c8817fffff,2,M1,1,0.00274203
888b2c8819fffff,2,M1,130,796.901
888b2c881bfffff,2,M1,230,1240.4
888b2c881dfffff,2,M1,26,81.4695
888b2c8823fffff,2,M1,0,0.0290281
888b2c8835fffff,2,M1,2,0.0213695
888b2c8841fffff,2,M1,7610,4220.39
888b2c8843fffff,2,M1,9693,6669.12
888b2c8845fffff,2,M1,6787,4563.32
888b2c8847fffff,2,M1,3148,4079.77
888b2c8849fffff,2,M1,427,180.449
888b2c884bfffff,2,M1,7359,6547.08
888b2c884dfffff,2,M1,3395,2106.54
888b2c8851fffff,2,M1,8771,11294.6
888b2c8853fffff,2,M1,4173,8501.39
888b2c8855fffff,2,M1,1523,3201.97
888b2c8857fffff,2,M1,377,1377.21
888b2c8859fffff,2,M1,49864,24248.9
888b2c885bfffff,2,M1,13237,20445.6
888b2c885dfffff,2,M1,44930,14569.8
888b2c8861fffff,2,M1,179,256.888
888b2c8865fffff,2,M1,8,60.7777
888b2c8867fffff,2,M1,6,0.462881
888b2c8869fffff,2,M1,2396,1615.56
888b2c886bfffff,2,M1,2002,1658.08
888b2c886dfffff,2,M1,1407,732.127
888b2c8881fffff,4,M1,0,0.452719
888b2c8889fffff,4,M1,1,0.373385
888b2c889dfffff,4,M1,0,0.101501
888b2c88c5fffff,4,M1,0,2.8447
888b2c88c9fffff,4,M1,322,839.212
888b2c88cbfffff,4,M1,35,71.5809
888b2c88cdfffff,4,M1,91,291.547
888b2c88d7fffff,4,M1,0,0.131391
888b2c88d9fffff,4,M1,65,131.974
888b2c88dbfffff,4,M1,0,2.72575
888b2c88ddfffff,4,M1,1,8.74432
888b2c88e7fffff,4,M1,0,0.297988
888b2c8901fffff,0,M1,0,1.22626
888b2c8903fffff,0,M1,1,0.122033
888b2c8905fffff,0,M1,0,1.34234
888b2c890bfffff,0,M1,0,0.20581
888b2c890dfffff,0,M1,0,0.588866
888b2c8911fffff,0,M1,0,0.130738
888b2c8919fffff,0,M1,0,0.0646264
888b2c891dfffff,0,M1,1,0.100544
888b2c8941fffff,0,M1,1,0.778802
888b2c8949fffff,0,M1,224,63.5289
888b2c894bfffff,0,M1,14,10.4023
888b2c894dfffff,0,M1,4,10.4221
888b2c8961fffff,0,M1,0,0.049359
888b2c8963fffff,0,M1,0,0.703315
888b2c8967fffff,0,M1,0,0.102571
888b2c896bfffff,0,M1,7,0.120507
888b2c89c9fffff,4,M1,4,1.11623
888b2c8a01fffff,2,M1,28521,27712.9
888b2c8a03fffff,2,M1,80049,37913.1
888b2c8a05fffff,2,M1,3562,3689.87
888b2c8a07fffff,2,M1,26047,20023.4
888b2c8a09fffff,2,M1,10573,26514.5
888b2c8a0bfffff,2,M1,23242,25131
888b2c8a0dfffff,2,M1,6763,18029.1
888b2c8a11fffff,2,M1,19547,35701
888b2c8a13fffff,2,M1,17320,31487.1
888b2c8a15fffff,2,M1,90676,58724.3
888b2c8a17fffff,2,M1,25690,42511.6
888b2c8a19fffff,2,M1,11111,21955.1
888b2c8a1bfffff,2,M1,9041,26587.6
888b2c8a1dfffff,2,M1,7667,27940.5
888b2c8a21fffff,2,M1,71,165.125
888b2c8a23fffff,2,M1,3305,1688.48
888b2c8a25fffff,2,M1,44,113.544
888b2c8a27fffff,2,M1,5,31.1666
888b2c8a29fffff,2,M1,290,108.3
888b2c8a2bfffff,2,M1,6463,3057.17
888b2c8a2dfffff,2,M1,458,69.9558
888b2c8a31fffff,2,M1,77452,34121.1
888b2c8a33fffff,2,M1,59673,31619.1
888b2c8a35fffff,2,M1,8514,5177.19
888b2c8a37fffff,2,M1,36486,20794.7
888b2c8a39fffff,2,M1,152494,54518.4
888b2c8a3bfffff,2,M1,112578,53170.8
888b2c8a3dfffff,2,M1,46310,17854.6
888b2c8a41fffff,2,M1,4982,11892.6
888b2c8a43fffff,2,M1,8039,17026.4
888b2c8a45fffff,2,M1,552,8872.19
888b2c8a47fffff,2,M1,1897,17755.6
888b2c8a49fffff,2,M1,2327,6783.39
888b2c8a4bfffff,2,M1,4096,8789.1
888b2c8a4dfffff,2,M1,2939,6163.43
888b2c8a51fffff,2,M1,2073,5110.36
888b2c8a53fffff,2,M1,2229,3337.47
888b2c8a55fffff,2,M1,5141,19019.3
888b2c8a57fffff,2,M1,9943,16991.6
888b2c8a59fffff,2,M1,322,962.179
888b2c8a5bfffff,2,M1,640,430.973
888b2c8a5dfffff,2,M1,1874,6143.41
888b2c8a61fffff,2,M1,9514,5409.59
888b2c8a63fffff,2,M1,825,1049.82
888b2c8a65fffff,2,M1,2495,2925.86
888b2c8a67fffff,2,M1,1239,432.998
888b2c8a69fffff,2,M1,1443,9183.16
888b2c8a6bfffff,2,M1,8174,12015
888b2c8a6dfffff,2,M1,4312,7883.12
888b2c8a81fffff,1,M1,5943,5517.54
888b2c8a83fffff,1,M1,3205,2129.75
888b2c8a85fffff,1,M1,19271,7952.88
888b2c8a87fffff,1,M1,14797,3290.23
888b2c8a89fffff,1,M1,9392,6803.11
888b2c8a8bfffff,1,M1,1715,2522.2
888b2c8a8dfffff,1,M1,19927,10425
888b2c8a91fffff,1,M1,805,516.367
888b2c8a93fffff,1,M1,2126,130.01
888b2c8a95fffff,1,M1,3659,878.427
888b2c8a97fffff,1,M1,3441,433.705
888b2c8a99fffff,1,M1,470,510.951
888b2c8a9bfffff,1,M1,218,104.53
888b2c8a9dfffff,1,M1,559,917.742
888b2c8aa1fffff,1,M1,3943,4676.94
888b2c8aa3fffff,1,M1,4894,2169.13
888b2c8aa5fffff,1,M1,2681,4326.62
888b2c8aa7fffff,1,M1,942,2045.4
888b2c8aa9fffff,1,M1,11586,8639.21
888b2c8aabfffff,1,M1,7773,4246.19
888b2c8aadfffff,1,M1,6457,10246.7
888b2c8ab1fffff,1,M1,959,928.156
888b2c8ab3fffff,1,M1,353,351.898
888b2c8ab5fffff,1,M1,1630,1126.9
888b2c8ab7fffff,1,M1,426,560.068
888b2c8ab9fffff,1,M1,6394,1625.39
888b2c8abbfffff,1,M1,1239,633.367
888b2c8abdfffff,1,M1,3246,2308.39
888b2c8ac1fffff,1,M1,12316,11701.3
888b2c8ac3fffff,1,M1,6897,6704.45
888b2c8ac5fffff,1,M1,28745,19399.7
888b2c8ac7fffff,1,M1,15345,12363.4
888b2c8ac9fffff,1,M1,9217,11221.2
888b2c8acbfffff,1,M1,7779,5720.14
888b2c8acdfffff,1,M1,20622,15831.7
888b2c8ad1fffff,1,M1,775,923.485
888b2c8ad3fffff,1,M1,651,406.155
888b2c8ad5fffff,1,M1,1524,2215.45
888b2c8ad7fffff,1,M1,646,964.703
888b2c8ad9fffff,1,M1,2529,1119.22
888b2c8adbfffff,1,M1,339,307.757
888b2c8addfffff,1,M1,3739,3018.19
888b2c8ae1fffff,1,M1,23758,28260.8
888b2c8ae3fffff,1,M1,30707,13604.9
888b2c8ae5fffff,1,M1,92158,29644.2
888b2c8ae7fffff,1,M1,30397,16012.1
888b2c8ae9fffff,1,M1,23054,37407.2
888b2c8aebfffff,1,M1,19475,20348
888b2c8aedfffff,1,M1,47832,39503.4
888b2c8c4bfffff,1,M1,0,0.00870989
888b2c8c51fffff,1,M1,0,0.00294331
888b2c8c59fffff,1,M1,0,0.00749473
888b2c8c5bfffff,1,M1,0,0.00107803
888b2c8c5dfffff,1,M1,0,0.00230781
888b2c8c69fffff,1,M1,0,0.0473523
888b2c8c6dfffff,1,M1,0,0.236812
888b2c8e01fffff,0,M1,37,1.64121
888b2c8e03fffff,0,M1,6,0.631555
888b2c8e05fffff,0,M1,24,1.57068
888b2c8e07fffff,0,M1,66,1.24635
888b2c8e09fffff,0,M1,88,1.7485
888b2c8e0bfffff,0,M1,7,0.911088
888b2c8e0dfffff,0,M1,18,1.32863
888b2c8e11fffff,0,M1,0,0.00779738
888b2c8e15fffff,0,M1,23,0.200272
888b2c8e19fffff,0,M1,0,0.128969
888b2c8e1dfffff,0,M1,0,0.160338
888b2c8e21fffff,0,M1,44,0.926146
888b2c8e23fffff,0,M1,0,0.0266304
888b2c8e25fffff,0,M1,13,0.769341
888b2c8e29fffff,0,M1,18,1.9409
888b2c8e2bfffff,0,M1,25,1.63212
888b2c8e2dfffff,0,M1,26,2.88933
888b2c8e33fffff,0,M1,1,0.00462257
888b2c8e35fffff,0,M1,0,0.00152145
888b2c8e37fffff,0,M1,0,0.00245798
888b2c8e39fffff,0,M1,14,0.394718
888b2c8e3bfffff,0,M1,19,0.0227523
888b2c8e3dfffff,0,M1,0,0.058969
888b2c8e41fffff,0,M1,70,1.98807
888b2c8e43fffff,0,M1,63,1.62967
888b2c8e45fffff,0,M1,9,1.09409
888b2c8e47fffff,0,M1,32,2.16578
888b2c8e49fffff,0,M1,114,3.31441
888b2c8e4bfffff,0,M1,3,0.710412
888b2c8e4dfffff,0,M1,75,4.43804
888b2c8e51fffff,0,M1,4,0.154513
888b2c8e53fffff,0,M1,0,0.100532
888b2c8e55fffff,0,M1,6,0.773939
888b2c8e57fffff,0,M1,28,0.275833
888b2c8e59fffff,0,M1,0,0.0411682
888b2c8e5bfffff,0,M1,3,0.0846306
888b2c8e5dfffff,0,M1,3,0.449261
888b2c8e61fffff,0,M1,1053,11.9405
888b2c8e63fffff,0,M1,94,4.36395
888b2c8e65fffff,0,M1,70,8.05179
888b2c8e67fffff,0,M1,55,6.29162
888b2c8e69fffff,0,M1,165,7.0401
888b2c8e6bfffff,0,M1,21,2.78001
888b2c8e6dfffff,0,M1,130,11.9195
888b2c8ee1fffff,1,M1,0,0.00550702
888b2c8ee3fffff,1,M1,0,0.00201673
888b2c8ee5fffff,1,M1,22,0.00498492
888b2c8ee7fffff,1,M1,1,0.00458793
888b2c8eedfffff,1,M1,13,0.00067871
888b2c9023fffff,2,M1,0,3.28454e-05
888b2c9027fffff,2,M1,6,0.000444184
888b2c902bfffff,2,M1,1,2.31133e-06
888b2c9101fffff,4,M1,1,0.000312952
888b2c9105fffff,4,M1,0,0.000212021
888b2c9113fffff,4,M1,11,0.00549106
888b2c9117fffff,4,M1,3,0.000382092
888b2c9119fffff,4,M1,0,6.42655e-05
888b2c911bfffff,4,M1,0,0.000474958
888b2c911dfffff,4,M1,0,0.000255723
888b2c9121fffff,4,M1,0,0.000604854
888b2c9123fffff,4,M1,1,0.0022116
888b2c9129fffff,4,M1,0,0.000259655
888b2c912bfffff,4,M1,3,0.00137542
888b2c912dfffff,4,M1,0,0.00028316
888b2c9133fffff,4,M1,3,0.00454627
888b2c9135fffff,4,M1,0,0.00141346
888b2c9137fffff,4,M1,1,0.00713919
888b2c913dfffff,4,M1,0,0.000360153
888b2c9181fffff,4,M1,1,0.00117263
888b2c9185fffff,4,M1,0,0.00351341
888b2c9189fffff,4,M1,0,0.0017751
888b2c918bfffff,4,M1,0,0.00326614
888b2c918dfffff,4,M1,0,0.00660133
888b2c9199fffff,4,M1,0,0.000385032
888b2c91a9fffff,4,M1,0,0.00404919
888b2c91c1fffff,4,M1,5,0.00053413
888b2c91c3fffff,4,M1,0,0.00114057
888b2c91c5fffff,4,M1,79,0.00953191
888b2c91c7fffff,4,M1,2,0.00509931
888b2c91c9fffff,4,M1,1,0.000613674
888b2c91cbfffff,4,M1,0,0.000473365
888b2c91cdfffff,4,M1,7,0.00410575
888b2c91d1fffff,4,M1,0,0.000516656
888b2c91d3fffff,4,M1,0,0.000118382
888b2c91d5fffff,4,M1,51,0.000882843
888b2c91ddfffff,4,M1,0,0.000923078
888b2c91e3fffff,4,M1,0,0.00285042
888b2c91e5fffff,4,M1,0,0.00111762
888b2c91e7fffff,4,M1,7,0.00118328
888b2c91e9fffff,4,M1,4,0.00602204
888b2c91ebfffff,4,M1,2,0.00558556
888b2c91edfffff,4,M1,3,0.00326319
888b2c9521fffff,3,M1,0,0.000341229
888b2c9523fffff,3,M1,10,0.00366396
888b2c9527fffff,3,M1,33,0.00172309
888b2c9529fffff,3,M1,2,0.000641236
888b2c952bfffff,3,M1,0,0.000373361
888b2c9531fffff,3,M1,0,0.000605844
888b2c9533fffff,3,M1,0,0.00157237
888b2c9535fffff,3,M1,36,0.0057196
888b2c9537fffff,3,M1,6,0.00357111
888b2c9539fffff,3,M1,0,4.77855e-05
888b2c953dfffff,3,M1,8,0.00059449
888b2c9561fffff,3,M1,0,5.29523e-05
888b2c9563fffff,3,M1,0,3.85657e-05
888b2c9565fffff,3,M1,0,9.81074e-05
888b2c9567fffff,3,M1,3,0.00068519
888b2c9585fffff,0,M1,0,0.000130921
888b2c9587fffff,0,M1,2,0.000156758
888b2c95a1fffff,0,M1,2,0.000782423
888b2c95a3fffff,0,M1,0,0.000336112
888b2c95a5fffff,0,M1,1,0.00466002
888b2c95a7fffff,0,M1,2,0.00192981
888b2c95a9fffff,0,M1,0,0.00116799
888b2c95abfffff,0,M1,5,0.000529783
888b2c95adfffff,0,M1,1,0.00391344
888b2c95b1fffff,0,M1,1,0.000335254
888b2c95b3fffff,0,M1,0,0.000129313
888b2c95b5fffff,0,M1,0,0.000376211
888b2c95b7fffff,0,M1,16,0.000769116
888b2c95b9fffff,0,M1,0,4.24833e-05
888b2c95bdfffff,0,M1,0,1.64397e-05
888b2c95e1fffff,0,M1,0,0.000443686
888b2c95e3fffff,0,M1,0,8.05611e-05
888b2c95e5fffff,0,M1,17,0.00423265
888b2c95e7fffff,0,M1,0,0.00209818
888b2c95edfffff,0,M1,0,0.000150474
888b2c9803fffff,2,M1,0,0.000343279
888b2c9811fffff,2,M1,1,1.2637
888b2c9813fffff,2,M1,22,27.0582
888b2c9817fffff,2,M1,4,4.18629
888b2c9819fffff,2,M1,0,0.100387
888b2c981bfffff,2,M1,14,4.20203
888b2c9821fffff,2,M1,1,0.125376
888b2c9823fffff,2,M1,23,3.10499
888b2c9827fffff,2,M1,40,6.64687
888b2c9833fffff,2,M1,3,24.893
888b2c9835fffff,2,M1,6,16.0086
888b2c9837fffff,2,M1,26,113.497
888b2c983bfffff,2,M1,0,0.22948
888b2c9853fffff,2,M1,0,0.00311215
888b2c985bfffff,2,M1,0,0.00137157
888b2c9861fffff,2,M1,1,0.0312347
888b2c9865fffff,2,M1,8,0.0526688
888b2c9867fffff,2,M1,5,0.0122684
888b2c9869fffff,2,M1,2,0.037703
888b2c986bfffff,2,M1,0,0.00741697
888b2c986dfffff,2,M1,2,0.0596304
888b2c9881fffff,0,M1,360,161.073
888b2c9883fffff,0,M1,74,148.264
888b2c9885fffff,0,M1,294,270.379
888b2c9887fffff,0,M1,691,437.283
888b2c9889fffff,0,M1,207,85.2111
888b2c988bfffff,0,M1,33,71.6392
888b2c988dfffff,0,M1,464,155.725
888b2c9891fffff,0,M1,19,89.6083
888b2c9893fffff,0,M1,143,402.61
888b2c9895fffff,0,M1,9,107.935
888b2c9897fffff,0,M1,29,236.563
888b2c9899fffff,0,M1,19,81.9401
888b2c989bfffff,0,M1,262,209.688
888b2c989dfffff,0,M1,130,124.51
888b2c98a1fffff,0,M1,544,644.017
888b2c98a3fffff,0,M1,896,1773.75
888b2c98a5fffff,0,M1,490,474.608
888b2c98a7fffff,0,M1,1904,1529.23
888b2c98a9fffff,0,M1,326,691.551
888b2c98abfffff,0,M1,1033,1010.96
888b2c98adfffff,0,M1,457,668.255
888b2c98b1fffff,0,M1,258,794.398
888b2c98b3fffff,0,M1,44,590.136
888b2c98b5fffff,0,M1,2343,3124.68
888b2c98b7fffff,0,M1,212,1664.71
888b2c98b9fffff,0,M1,130,280.912
888b2c98bbfffff,0,M1,33,173.842
888b2c98bdfffff,0,M1,881,767.539
888b2c98c1fffff,0,M1,560,40.8562
888b2c98c3fffff,0,M1,98,36.9769
888b2c98c5fffff,0,M1,133,46.7836
888b2c98c7fffff,0,M1,836,74.6101
888b2c98c9fffff,0,M1,89,14.5246
888b2c98cbfffff,0,M1,132,17.5805
888b2c98cdfffff,0,M1,56,14.2083
888b2c98d1fffff,0,M1,8,17.1292
888b2c98d3fffff,0,M1,23,70.3576
888b2c98d5fffff,0,M1,261,43.4633
888b2c98d7fffff,0,M1,4,26.2873
888b2c98d9fffff,0,M1,6,4.23043
888b2c98dbfffff,0,M1,1,14.4862
888b2c98ddfffff,0,M1,28,15.656
888b2c98e1fffff,0,M1,226,79.4619
888b2c98e3fffff,0,M1,488,201.893
888b2c98e5fffff,0,M1,196,137.13
888b2c98e7fffff,0,M1,334,415.929
888b2c98e9fffff,0,M1,126,45.3341
888b2c98ebfffff,0,M1,233,90.3933
888b2c98edfffff,0,M1,44,22.2371
888b2c9901fffff,4,M1,1,0.0495426
888b2c9903fffff,4,M1,0,0.142673
888b2c9909fffff,4,M1,0,0.0398004
888b2c990bfffff,4,M1,14,0.121116
888b2c990dfffff,4,M1,0,0.0176783
888b2c9911fffff,4,M1,93,1.88127
888b2c9913fffff,4,M1,188,29.3
888b2c9915fffff,4,M1,5,0.76587
888b2c9917fffff,4,M1,27,9.72823
888b2c9919fffff,4,M1,0,0.181107
888b2c991bfffff,4,M1,26,0.623957
888b2c991dfffff,4,M1,29,0.383835
888b2c9933fffff,4,M1,0,1.15368
888b2c9939fffff,4,M1,0,0.024026
888b2c993bfffff,4,M1,7,0.821205
888b2c993dfffff,4,M1,0,0.0182836
888b2c9943fffff,4,M1,13,0.0271184
888b2c9949fffff,4,M1,14,0.023523
888b2c994bfffff,4,M1,114,0.0647114
888b2c994dfffff,4,M1,1,0.00326894
888b2c9955fffff,4,M1,75,0.253673
888b2c9957fffff,4,M1,2,0.0184664
888b2c9959fffff,4,M1,4,0.0410039
888b2c995dfffff,4,M1,4,0.0999515
888b2c9981fffff,3,M1,871,316.316
888b2c9983fffff,3,M1,1193,480.024
888b2c9985fffff,3,M1,183,110.913
888b2c9987fffff,3,M1,1541,324.922
888b2c9989fffff,3,M1,903,197.773
888b2c998bfffff,3,M1,690,389.209
888b2c998dfffff,3,M1,251,82.6243
888b2c9991fffff,3,M1,2385,1711.63
888b2c9993fffff,3,M1,554,3604.28
888b2c9995fffff,3,M1,1903,1585.58
888b2c9997fffff,3,M1,2222,3733.26
888b2c9999fffff,3,M1,577,454.75
888b2c999bfffff,3,M1,3996,1585.52
888b2c999dfffff,3,M1,2484,734.592
888b2c99a3fffff,3,M1,9,1.61252
888b2c99a9fffff,3,M1,1,11.4164
888b2c99abfffff,3,M1,118,89.0592
888b2c99b1fffff,3,M1,614,607.674
888b2c99b3fffff,3,M1,1167,2382.73
888b2c99b5fffff,3,M1,0,17.4437
888b2c99b7fffff,3,M1,98,124.217
888b2c99b9fffff,3,M1,3761,912.124
888b2c99bbfffff,3,M1,2193,2546.03
888b2c99bdfffff,3,M1,281,170.442
888b2c99c1fffff,3,M1,239,61.6897
888b2c99c3fffff,3,M1,129,160.943
888b2c99c5fffff,3,M1,419,70.11
888b2c99c7fffff,3,M1,498,79.7744
888b2c99c9fffff,3,M1,90,28.9194
888b2c99cbfffff,3,M1,42,73.94
888b2c99cdfffff,3,M1,119,20.341
888b2c99d1fffff,3,M1,565,464.908
888b2c99d3fffff,3,M1,300,470.49
888b2c99d5fffff,3,M1,344,243.093
888b2c99d7fffff,3,M1,327,413.404
888b2c99d9fffff,3,M1,223,258.531
888b2c99dbfffff,3,M1,557,499.905
888b2c99ddfffff,3,M1,191,161.504
888b2c99e1fffff,3,M1,48,17.9453
888b2c99e3fffff,3,M1,83,36.7283
888b2c99e5fffff,3,M1,4,5.02682
888b2c99e7fffff,3,M1,3,8.97755
888b2c99e9fffff,3,M1,153,26.6392
888b2c99ebfffff,3,M1,128,31.1684
888b2c99edfffff,3,M1,31,11.0664
888b2c9a01fffff,1,M1,2,0.000438459
888b2c9a03fffff,1,M1,0,0.000346505
888b2c9a07fffff,1,M1,1,0.001421
888b2c9a11fffff,1,M1,0,0.0013457
888b2c9a13fffff,1,M1,0,0.00355878
888b2c9a15fffff,1,M1,0,0.000790288
888b2c9a17fffff,1,M1,1,0.00982089
888b2c9a21fffff,1,M1,20,0.00785254
888b2c9a23fffff,1,M1,0,0.00432037
888b2c9a25fffff,1,M1,35,0.00267553
888b2c9a27fffff,1,M1,0,0.00681407
888b2c9a29fffff,1,M1,0,0.00060048
888b2c9a2bfffff,1,M1,3,0.00245752
888b2c9a31fffff,1,M1,0,0.00176588
888b2c9a35fffff,1,M1,2,0.00552613
888b2c9a39fffff,1,M1,0,0.00129027
888b2c9a3bfffff,1,M1,0,0.00492114
888b2c9a3dfffff,1,M1,4,0.00236294
888b2c9a5bfffff,1,M1,0,6.14089e-05
888b2c9a91fffff,1,M1,0,0.0158974
888b2c9a93fffff,1,M1,0,0.0300667
888b2c9a97fffff,1,M1,2,0.0457316
888b2c9aa1fffff,1,M1,1,0.0513438
888b2c9aa3fffff,1,M1,0,1.05527
888b2c9aa5fffff,1,M1,0,0.0960428
888b2c9aa7fffff,1,M1,13,1.80187
888b2c9aa9fffff,1,M1,24,0.0214965
888b2c9aabfffff,1,M1,0,0.0187783
888b2c9aadfffff,1,M1,0,0.0610424
888b2c9ab1fffff,1,M1,0,0.0341938
888b2c9ab5fffff,1,M1,19,1.79282
888b2c9ab7fffff,1,M1,11,3.53153
888b2c9abbfffff,1,M1,0,0.0602052
888b2c9ac1fffff,1,M1,0,0.00136847
888b2c9ac3fffff,1,M1,11,0.00497889
888b2c9ac5fffff,1,M1,1,0.00531259
888b2c9ac7fffff,1,M1,0,0.0046031
888b2c9acbfffff,1,M1,3,0.000861878
888b2c9ad9fffff,1,M1,1,0.00300326
888b2c9adbfffff,1,M1,0,0.000922731
888b2c9aebfffff,1,M1,0,0.00347433
888b2cc64bfffff,4,M1,1,0.00605117
888b2cd001fffff,4,M1,2,2.09414e-06
888b2cd003fffff,4,M1,2,1.82261e-06
888b2cd005fffff,4,M1,16,1.56415e-06
888b2cd007fffff,4,M1,21,2.34469e-06
888b2cd009fffff,4,M1,0,1e-06
888b2cd00bfffff,4,M1,8,2.30854e-06
888b2cd00dfffff,4,M1,3,1.15459e-06
888b2cd011fffff,4,M1,0,1.32652e-06
888b2cd015fffff,4,M1,0,1e-06
888b2cd017fffff,4,M1,0,1e-06
888b2cd019fffff,4,M1,0,4.03653e-06
888b2cd01bfffff,4,M1,0,4.47085e-06
888b2cd01dfffff,4,M1,8,3.54684e-06
888b2cd021fffff,4,M1,0,1e-06
888b2cd023fffff,4,M1,0,1e-06
888b2cd025fffff,4,M1,0,1e-06
888b2cd027fffff,4,M1,0,1e-06
888b2cd029fffff,4,M1,1,1e-06
888b2cd02bfffff,4,M1,0,1e-06
888b2cd02dfffff,4,M1,11,1e-06
888b2cd031fffff,4,M1,0,1e-06
888b2cd037fffff,4,M1,0,1e-06
888b2cd039fffff,4,M1,3,2.41464e-06
888b2cd03dfffff,4,M1,1,1e-06
888b2cd041fffff,4,M1,0,1.2051e-06
888b2cd043fffff,4,M1,0,1e-06
888b2cd045fffff,4,M1,21,1.40397e-06
888b2cd047fffff,4,M1,5,1.79491e-06
888b2cd049fffff,4,M1,0,1e-06
888b2cd04bfffff,4,M1,0,1e-06
888b2cd04dfffff,4,M1,4,1e-06
888b2cd051fffff,4,M1,0,1e-06
888b2cd053fffff,4,M1,6,9.72794e-06
888b2cd055fffff,4,M1,0,1e-06
888b2cd057fffff,4,M1,11,4.92016e-06
888b2cd05bfffff,4,M1,3,4.55481e-06
888b2cd05dfffff,4,M1,0,1e-06
888b2cd061fffff,4,M1,10,1e-06
888b2cd063fffff,4,M1,0,1e-06
888b2cd065fffff,4,M1,0,1e-06
888b2cd067fffff,4,M1,1,1e-06
888b2cd069fffff,4,M1,15,1e-06
888b2cd06bfffff,4,M1,8,1.09021e-06
888b2cd06dfffff,4,M1,17,1e-06
888b2cd087fffff,3,M1,0,1e-06
888b2cd089fffff,3,M1,0,1e-06
888b2cd097fffff,3,M1,0,4.33918e-06
888b2cd0a9fffff,3,M1,0,1e-06
888b2cd0abfffff,3,M1,0,1e-06
888b2cd0b3fffff,3,M1,0,2.17632e-05
888b2cd0b7fffff,3,M1,0,2.12635e-06
888b2cd0bbfffff,3,M1,0,1e-06
888b2cd0bdfffff,3,M1,0,1e-06
888b2cd0c3fffff,3,M1,0,1e-06
888b2cd0cdfffff,3,M1,0,2.44062e-06
888b2cd0e5fffff,3,M1,0,1e-06
888b2cd141fffff,2,M1,0,1.4301e-06
888b2cd143fffff,2,M1,0,4.56141e-06
888b2cd149fffff,2,M1,6,2.46524e-06
888b2cd14bfffff,2,M1,0,8.20143e-06
888b2cd14dfffff,2,M1,0,1e-06
888b2cd151fffff,2,M1,0,1.31253e-06
888b2cd153fffff,2,M1,2,2.38207e-06
888b2cd155fffff,2,M1,0,1e-06
888b2cd157fffff,2,M1,0,1e-06
888b2cd159fffff,2,M1,1,5.83412e-06
888b2cd15bfffff,2,M1,0,4.24308e-06
888b2cd15dfffff,2,M1,0,6.12537e-06
888b2cd201fffff,3,M1,0,1e-06
888b2cd203fffff,3,M1,1,1e-06
888b2cd205fffff,3,M1,0,1e-06
888b2cd207fffff,3,M1,0,1e-06
888b2cd20bfffff,3,M1,0,1e-06
888b2cd20dfffff,3,M1,0,1e-06
888b2cd211fffff,3,M1,0,1e-06
888b2cd213fffff,3,M1,0,1.10624e-06
888b2cd219fffff,3,M1,0,1.58776e-06
888b2cd21bfffff,3,M1,0,3.0722e-06
888b2cd21dfffff,3,M1,0,1e-06
888b2cd221fffff,3,M1,0,1e-06
888b2cd223fffff,3,M1,15,1e-06
888b2cd225fffff,3,M1,0,1e-06
888b2cd227fffff,3,M1,4,1e-06
888b2cd229fffff,3,M1,0,1e-06
888b2cd22bfffff,3,M1,0,1e-06
888b2cd22dfffff,3,M1,0,1e-06
888b2cd231fffff,3,M1,0,1.15244e-06
888b2cd233fffff,3,M1,2,1e-06
888b2cd235fffff,3,M1,0,1e-06
888b2cd237fffff,3,M1,0,1e-06
888b2cd239fffff,3,M1,0,1e-06
888b2cd23dfffff,3,M1,9,1e-06
888b2cd251fffff,3,M1,4,1e-06
888b2cd253fffff,3,M1,9,4.04366e-06
888b2cd255fffff,3,M1,0,1e-06
888b2cd257fffff,3,M1,0,1e-06
888b2cd25bfffff,3,M1,0,1.29311e-06
888b2cd261fffff,3,M1,0,1e-06
888b2cd263fffff,3,M1,1,1e-06
888b2cd265fffff,3,M1,0,1e-06
888b2cd267fffff,3,M1,0,1e-06
888b2cd301fffff,2,M1,0,2.96968e-06
888b2cd303fffff,2,M1,1,9.49151e-06
888b2cd305fffff,2,M1,0,1.69765e-06
888b2cd307fffff,2,M1,1,5.37111e-06
888b2cd309fffff,2,M1,2,2.26894e-06
888b2cd30bfffff,2,M1,1,7.15839e-06
888b2cd30dfffff,2,M1,0,1.76045e-06
888b2cd311fffff,2,M1,6,5.59533e-05
888b2cd313fffff,2,M1,26,7.43487e-05
888b2cd315fffff,2,M1,41,6.6774e-05
888b2cd317fffff,2,M1,225,0.000143255
888b2cd319fffff,2,M1,0,1.37591e-05
888b2cd31bfffff,2,M1,3,2.26535e-05
888b2cd31dfffff,2,M1,3,1.92103e-05
888b2cd321fffff,2,M1,0,1e-06
888b2cd323fffff,2,M1,0,2.80211e-06
888b2cd327fffff,2,M1,1,1e-06
888b2cd329fffff,2,M1,2,1.01795e-06
888b2cd32bfffff,2,M1,0,2.62185e-06
888b2cd331fffff,2,M1,1,1.62659e-05
888b2cd333fffff,2,M1,1,2.42329e-05
888b2cd335fffff,2,M1,10,8.90222e-06
888b2cd337fffff,2,M1,0,1.001e-05
888b2cd339fffff,2,M1,10,2.4847e-05
888b2cd33bfffff,2,M1,31,8.12042e-05
888b2cd33dfffff,2,M1,0,8.71113e-06
888b2cd341fffff,2,M1,0,1e-06
888b2cd343fffff,2,M1,0,1.0217e-06
888b2cd347fffff,2,M1,3,1.63594e-06
888b2cd34bfffff,2,M1,0,1e-06
888b2cd351fffff,2,M1,0,5.95054e-06
888b2cd353fffff,2,M1,1,5.61527e-06
888b2cd355fffff,2,M1,0,3.87186e-06
888b2cd357fffff,2,M1,4,7.56387e-06
888b2cd359fffff,2,M1,0,2.90572e-06
888b2cd35bfffff,2,M1,0,2.06043e-06
888b2cd35dfffff,2,M1,0,2.24816e-06
888b2cd363fffff,2,M1,0,1e-06
888b2cd36bfffff,2,M1,0,1e-06
888b2cd401fffff,2,M1,3,0.0332065
888b2cd403fffff,2,M1,5,0.193446
888b2cd405fffff,2,M1,0,0.0460271
888b2cd407fffff,2,M1,21,0.094412
888b2cd40bfffff,2,M1,11,0.0391904
888b2cd40dfffff,2,M1,0,0.00208066
888b2cd411fffff,2,M1,6,0.650753
888b2cd413fffff,2,M1,65,4.43706
888b2cd415fffff,2,M1,14,0.882476
888b2cd417fffff,2,M1,46,2.91742
888b2cd419fffff,2,M1,0,0.0396193
888b2cd41bfffff,2,M1,1,0.631685
888b2cd41dfffff,2,M1,4,0.233979
888b2cd421fffff,2,M1,0,0.022386
888b2cd423fffff,2,M1,1,0.0342316
888b2cd425fffff,2,M1,1,0.012488
888b2cd427fffff,2,M1,0,0.0331112
888b2cd429fffff,2,M1,0,0.00930249
888b2cd42bfffff,2,M1,4,0.118519
888b2cd42dfffff,2,M1,0,0.00504552
888b2cd431fffff,2,M1,31,1.34449
888b2cd433fffff,2,M1,110,1.54893
888b2cd435fffff,2,M1,32,0.410873
888b2cd437fffff,2,M1,103,0.876359
888b2cd439fffff,2,M1,7,0.794136
888b2cd43bfffff,2,M1,28,1.59244
888b2cd43dfffff,2,M1,4,0.413679
888b2cd451fffff,2,M1,2,0.0620552
888b2cd453fffff,2,M1,30,0.197056
888b2cd457fffff,2,M1,0,0.0239359
888b2cd459fffff,2,M1,0,0.00215199
888b2cd45bfffff,2,M1,6,0.0376834
888b2cd45dfffff,2,M1,1,0.000417112
888b2cd461fffff,2,M1,0,0.000693568
888b2cd463fffff,2,M1,0,0.00343741
888b2cd467fffff,2,M1,0,0.00289947
888b2cd46dfffff,2,M1,0,5.00011e-05
888b2cd629fffff,3,M1,2,5.07241e-05
888b2cd651fffff,3,M1,9,0.000578558
888b2cd681fffff,0,M1,0,0.473673
888b2cd683fffff,0,M1,31,5.34234
888b2cd685fffff,0,M1,0,0.463812
888b2cd687fffff,0,M1,6,1.15802
888b2cd689fffff,0,M1,6,0.391689
888b2cd68dfffff,0,M1,36,0.357094
888b2cd691fffff,0,M1,0,0.775343
888b2cd693fffff,0,M1,21,7.36322
888b2cd695fffff,0,M1,3,6.34637
888b2cd697fffff,0,M1,3,11.0865
888b2cd69dfffff,0,M1,0,1.40877
888b2cd6a1fffff,0,M1,2,0.568065
888b2cd6a3fffff,0,M1,19,1.21593
888b2cd6a5fffff,0,M1,4,0.125674
888b2cd6a7fffff,0,M1,0,0.780091
888b2cd6a9fffff,0,M1,9,0.767533
888b2cd6abfffff,0,M1,1,0.496132
888b2cd6adfffff,0,M1,0,0.123517
888b2cd6b1fffff,0,M1,8,7.90078
888b2cd6b3fffff,0,M1,86,13.4775
888b2cd6b5fffff,0,M1,24,4.14787
888b2cd6b7fffff,0,M1,79,8.89795
888b2cd6b9fffff,0,M1,23,5.919
888b2cd6bbfffff,0,M1,16,9.54765
888b2cd6bdfffff,0,M1,15,4.65827
888b2cd6c7fffff,0,M1,0,0.144722
888b2cd6cbfffff,0,M1,0,0.00713759
888b2cd6d3fffff,0,M1,0,0.135426
888b2cd6dbfffff,0,M1,0,0.281701
888b2cd6e1fffff,0,M1,1,0.11461
888b2cd6e3fffff,0,M1,25,0.930616
888b2cd6e7fffff,0,M1,16,0.182902
888b2cd6ebfffff,0,M1,0,0.136192
888b2cd6edfffff,0,M1,0,0.00654227
888b2cd707fffff,0,M1,0,6.38906e-06
888b2cd717fffff,0,M1,0,3.72901e-05
888b2cd749fffff,0,M1,0,3.63429e-06
888b2cd74dfffff,0,M1,0,5.87011e-06
88b32d900dfffff,2,M1,6,0.00528862
88b32d9041fffff,2,M1,0,0.00018452
88b32d9043fffff,2,M1,0,0.000297242
88b32d9045fffff,2,M1,0,0.00179133
88b32d9047fffff,2,M1,6,0.0100585
88b32d904bfffff,2,M1,2,0.000133317
88b32d904dfffff,2,M1,2,0.001316
88b32d9055fffff,2,M1,0,0.000107418
88b32d9059fffff,2,M1,1,0.00017658
88b32d905dfffff,2,M1,0,0.000198634
88b32d9061fffff,2,M1,3,0.00122674
88b32d9065fffff,2,M1,0,0.000306471
88b32d9069fffff,2,M1,0,0.000466145
88b32d906bfffff,2,M1,18,0.0133837
88b32d906dfffff,2,M1,0,0.00270938
88b32d9201fffff,1,M1,14,1.9829e-05
88b32d9205fffff,1,M1,9,8.87816e-05
88b32d9209fffff,1,M1,13,5.346e-05
88b32d920bfffff,1,M1,3,5.84995e-05
88b32d920dfffff,1,M1,4,2.05444e-05
88b32d9211fffff,1,M1,0,5.27155e-06
88b32d9213fffff,1,M1,0,3.82069e-06
88b32d9215fffff,1,M1,0,8.08062e-06
88b32d9217fffff,1,M1,4,2.78639e-05
88b32d9219fffff,1,M1,0,7.59478e-06
88b32d921bfffff,1,M1,0,8.99454e-06
88b32d9229fffff,1,M1,4,0.000109196
88b32d922dfffff,1,M1,23,0.000479695
88b32d9231fffff,1,M1,0,2.63008e-05
88b32d9233fffff,1,M1,0,2.31048e-05
88b32d9235fffff,1,M1,0,3.93046e-06
88b32d9237fffff,1,M1,0,1.09695e-05
88b32d923bfffff,1,M1,1,5.12268e-05
88b32d9243fffff,1,M1,0,1.66502e-05
88b32d9251fffff,1,M1,3,5.11114e-05
88b32d9253fffff,1,M1,12,2.29052e-05
88b32d9255fffff,1,M1,12,9.86756e-05
88b32d9257fffff,1,M1,56,0.000138394
88b32d925bfffff,1,M1,0,1.56704e-05
88b32d925dfffff,1,M1,1,1.43356e-05
88b32d9267fffff,1,M1,1,0.000176418
88b32d9281fffff,0,M1,0,3.64196e-06
88b32d9285fffff,0,M1,0,9.37999e-06
88b32d9289fffff,0,M1,1,5.72858e-06
88b32d928bfffff,0,M1,10,1.57864e-05
88b32d928dfffff,0,M1,0,1.53597e-06
88b32d9299fffff,0,M1,9,4.84562e-06
88b32d929dfffff,0,M1,1,2.08865e-05
88b32d92a9fffff,0,M1,1,5.76844e-06
88b32d92c1fffff,0,M1,4,1.39851e-05
88b32d92c3fffff,0,M1,2,1.64882e-05
88b32d92c5fffff,0,M1,0,9.78984e-06
88b32d92c7fffff,0,M1,0,1.16167e-05
88b32d92c9fffff,0,M1,5,1.53784e-05
88b32d92cbfffff,0,M1,2,8.87224e-06
88b32d92cdfffff,0,M1,7,1.48932e-05
88b32d92d1fffff,0,M1,0,5.19048e-06
88b32d92d3fffff,0,M1,5,5.9258e-06
88b32d92d5fffff,0,M1,4,1.13036e-05
88b32d92d7fffff,0,M1,2,6.44077e-06
88b32d92d9fffff,0,M1,0,6.52886e-06
88b32d92dbfffff,0,M1,0,4.77953e-06
88b32d92ddfffff,0,M1,0,5.10489e-06
88b32d92e1fffff,0,M1,0,2.31865e-06
88b32d92e3fffff,0,M1,0,1.28888e-06
88b32d92e5fffff,0,M1,0,6.50938e-06
88b32d92e7fffff,0,M1,0,1.5807e-06
88b32d92e9fffff,0,M1,0,1.50069e-05
88b32d92ebfffff,0,M1,0,3.26366e-06
88b32d92edfffff,0,M1,0,2.91887e-05
88b32d9305fffff,3,M1,8,0.000407544
88b32d9309fffff,3,M1,8,0.00158603
88b32d930bfffff,3,M1,1,0.000861211
88b32d930dfffff,3,M1,16,0.00232472
88b32d9311fffff,3,M1,0,0.000284024
88b32d9313fffff,3,M1,1,0.000399868
88b32d9315fffff,3,M1,0,0.00134598
88b32d9317fffff,3,M1,0,0.00156286
88b32d931bfffff,3,M1,1,0.000192386
88b32d9325fffff,3,M1,0,0.000268357
88b32d9329fffff,3,M1,0,0.000899536
88b32d9331fffff,3,M1,2,0.00122166
88b32d9333fffff,3,M1,0,0.00067379
88b32d9335fffff,3,M1,0,0.00023951
88b32d9337fffff,3,M1,0,0.000403741
88b32d9339fffff,3,M1,0,0.000985495
88b32d933bfffff,3,M1,0,0.00149763
88b32d9351fffff,3,M1,1,0.000705791
88b32d9353fffff,3,M1,8,0.00116783
88b32d9355fffff,3,M1,1,0.00156952
88b32d9357fffff,3,M1,17,0.00105123
88b32d9359fffff,3,M1,0,6.28999e-05
88b32d935bfffff,3,M1,1,0.00049675
88b32d9361fffff,3,M1,2,0.0112397
88b32d9363fffff,3,M1,34,0.00889112
88b32d9365fffff,3,M1,31,0.00698062
88b32d9367fffff,3,M1,19,0.00870801
88b32d9369fffff,3,M1,0,0.000371172
88b32d936bfffff,3,M1,0,0.00137551
888b2c8001fffff,1,M2,35,18.2995
888b2c8003fffff,1,M2,3,1.43568
888b2c8005fffff,1,M2,0,17.2681
888b2c8007fffff,1,M2,4,9.6233
888b2c8009fffff,1,M2,1,9.52136
888b2c800dfffff,1,M2,1,23.2514
888b2c8011fffff,1,M2,103,170.741
888b2c8013fffff,1,M2,26,172.011
888b2c8015fffff,1,M2,169,296.97
888b2c8017fffff,1,M2,293,557.953
888b2c8019fffff,1,M2,42,67.0422
888b2c801bfffff,1,M2,118,135.287
888b2c801dfffff,1,M2,89,58.975
888b2c8021fffff,1,M2,10,59.0122
888b2c8023fffff,1,M2,11,13.3624
888b2c8025fffff,1,M2,11,47.0324
888b2c8027fffff,1,M2,13,87.1044
888b2c802bfffff,1,M2,13,25.0264
888b2c802dfffff,1,M2,2,15.4497
888b2c8031fffff,1,M2,113,281.457
888b2c8033fffff,1,M2,1530,644.277
888b2c8035fffff,1,M2,87,198.962
888b2c8037fffff,1,M2,651,613.425
888b2c8039fffff,1,M2,136,179.081
888b2c803bfffff,1,M2,689,702.374
888b2c803dfffff,1,M2,23,133.696
888b2c8043fffff,1,M2,0,3.05971
888b2c8045fffff,1,M2,0,1.26246
888b2c8047fffff,1,M2,0,7.77034
888b2c8051fffff,1,M2,0,3.0913
888b2c8053fffff,1,M2,8,7.40344
888b2c8055fffff,1,M2,1,0.872845
888b2c8057fffff,1,M2,0,0.797844
888b2c8065fffff,1,M2,0,28.7605
888b2c8069fffff,1,M2,2,7.76926
888b2c806bfffff,1,M2,1,5.66268
888b2c806dfffff,1,M2,4,23.4085
888b2c8101fffff,4,M2,28,1038.39
888b2c8103fffff,4,M2,132,854.765
888b2c8105fffff,4,M2,137,1764.79
888b2c8107fffff,4,M2,56,1596.91
888b2c8109fffff,4,M2,10,38.7938
888b2c810bfffff,4,M2,29,343.811
888b2c810dfffff,4,M2,29,979.435
888b2c8111fffff,4,M2,115,466.242
888b2c8113fffff,4,M2,363,905.792
888b2c8115fffff,4,M2,302,748.041
888b2c8117fffff,4,M2,1243,1692.86
888b2c8119fffff,4,M2,8,122.711
888b2c811bfffff,4,M2,6,131.221
888b2c811dfffff,4,M2,43,325.046
888b2c8121fffff,4,M2,343,2166.16
888b2c8123fffff,4,M2,1686,5328.94
888b2c8125fffff,4,M2,4967,5628.05
888b2c8127fffff,4,M2,7065,7548.9
888b2c8129fffff,4,M2,99,1534.69
888b2c812bfffff,4,M2,168,1951.69
888b2c812dfffff,4,M2,35,321.846
888b2c8131fffff,4,M2,3978,4930.89
888b2c8133fffff,4,M2,5499,2810.89
888b2c8135fffff,4,M2,9718,5961.19
888b2c8137fffff,4,M2,8849,3314.61
888b2c8139fffff,4,M2,255,1692.16
888b2c813bfffff,4,M2,5133,2349.11
888b2c813dfffff,4,M2,727,2852.08
888b2c8141fffff,4,M2,28,185.691
888b2c8143fffff,4,M2,23,136.817
888b2c8145fffff,4,M2,187,968.807
888b2c8147fffff,4,M2,29,200.199
888b2c8149fffff,4,M2,104,584.004
888b2c814bfffff,4,M2,10,145.941
888b2c814dfffff,4,M2,181,837.835
888b2c8151fffff,4,M2,0,46.2049
888b2c8153fffff,4,M2,1,26.9775
888b2c8155fffff,4,M2,4,112.796
888b2c8157fffff,4,M2,7,76.8664
888b2c8159fffff,4,M2,0,264.323
888b2c815dfffff,4,M2,13,249.73
888b2c8161fffff,4,M2,689,719.521
888b2c8163fffff,4,M2,71,959.576
888b2c8165fffff,4,M2,190,928.094
888b2c8167fffff,4,M2,50,855.455
888b2c8169fffff,4,M2,241,1353.52
888b2c816bfffff,4,M2,13,69.706
888b2c816dfffff,4,M2,52,1145.78
888b2c8213fffff,0,M2,6,8.2265
888b2c8217fffff,0,M2,0,0.950477
888b2c8231fffff,0,M2,0,0.775474
888b2c8235fffff,0,M2,0,3.77958
888b2c8237fffff,0,M2,0,2.46816
888b2c8245fffff,0,M2,0,0.729766
888b2c824dfffff,0,M2,0,0.258323
888b2c8263fffff,0,M2,0,1.41407
888b2c8269fffff,0,M2,0,0.644647
888b2c826bfffff,0,M2,0,1.81002
888b2c826dfffff,0,M2,0,0.52015
888b2c8281fffff,3,M2,8,39.5842
888b2c8283fffff,3,M2,26,42.5574
888b2c8285fffff,3,M2,8,19.3788
888b2c8287fffff,3,M2,16,56.0847
888b2c8289fffff,3,M2,22,49.1257
888b2c828bfffff,3,M2,42,80.5244
888b2c828dfffff,3,M2,9,15.7158
888b2c8291fffff,3,M2,0,15.9704
888b2c8293fffff,3,M2,23,29.3877
888b2c8295fffff,3,M2,5,44.4357
888b2c8297fffff,3,M2,7,30.196
888b2c8299fffff,3,M2,0,24.3561
888b2c829bfffff,3,M2,23,15.7703
888b2c829dfffff,3,M2,7,42.1795
888b2c82a1fffff,3,M2,0,3.00035
888b2c82a3fffff,3,M2,1,34.0208
888b2c82a5fffff,3,M2,0,2.42068
888b2c82a7fffff,3,M2,9,68.0719
888b2c82a9fffff,3,M2,0,12.6467
888b2c82abfffff,3,M2,1,32.0005
888b2c82adfffff,3,M2,0,0.909928
888b2c82b1fffff,3,M2,65,121.92
888b2c82b3fffff,3,M2,74,98.4958
888b2c82b5fffff,3,M2,10,119.784
888b2c82b7fffff,3,M2,17,135.111
888b2c82b9fffff,3,M2,53,92.8708
888b2c82bbfffff,3,M2,20,65.3591
888b2c82bdfffff,3,M2,2,82.0292
888b2c82c1fffff,3,M2,0,15.9877
888b2c82c3fffff,3,M2,55,65.072
888b2c82c7fffff,3,M2,12,35.2063
888b2c82c9fffff,3,M2,67,45.7991
888b2c82cbfffff,3,M2,20,63.7529
888b2c82cdfffff,3,M2,0,1.14531
888b2c82d1fffff,3,M2,38,38.6292
888b2c82d3fffff,3,M2,3,40.1601
888b2c82d5fffff,3,M2,52,60.0583
888b2c82d7fffff,3,M2,12,65.2688
888b2c82d9fffff,3,M2,52,62.3577
888b2c82dbfffff,3,M2,325,59.3185
888b2c82ddfffff,3,M2,37,47.5836
888b2c82e1fffff,3,M2,0,9.294
888b2c82e3fffff,3,M2,0,2.34932
888b2c82e5fffff,3,M2,0,4.60892
888b2c82e7fffff,3,M2,0,14.4655
888b2c82e9fffff,3,M2,47,9.53451
888b2c82ebfffff,3,M2,0,2.81951
888b2c82edfffff,3,M2,0,3.55411
888b2c8301fffff,4,M2,0,61.8558
888b2c8303fffff,4,M2,12,73.8179
888b2c8305fffff,4,M2,0,11.3308
888b2c8307fffff,4,M2,10,126.28
888b2c8309fffff,4,M2,3,4.95287
888b2c830bfffff,4,M2,6,73.092
888b2c8311fffff,4,M2,0,7.44624
888b2c8313fffff,4,M2,3,2.22775
888b2c8315fffff,4,M2,0,7.43819
888b2c8317fffff,4,M2,7,36.5155
888b2c831dfffff,4,M2,3,56.6871
888b2c8321fffff,4,M2,78,786.412
888b2c8323fffff,4,M2,20,470.227
888b2c8325fffff,4,M2,316,1249.75
888b2c8327fffff,4,M2,55,578.666
888b2c8329fffff,4,M2,24,279.623
888b2c832bfffff,4,M2,16,147.921
888b2c832dfffff,4,M2,407,1408.92
888b2c8331fffff,4,M2,10,182.929
888b2c8333fffff,4,M2,9,151.663
888b2c8335fffff,4,M2,3,37.6376
888b2c8337fffff,4,M2,67,351.986
888b2c8339fffff,4,M2,2,38.2666
888b2c833bfffff,4,M2,13,99.0337
888b2c833dfffff,4,M2,30,133.075
888b2c8343fffff,4,M2,0,1.23665
888b2c8345fffff,4,M2,0,2.81026
888b2c834bfffff,4,M2,0,0.569261
888b2c834dfffff,4,M2,0,0.818724
888b2c8351fffff,4,M2,0,11.3985
888b2c8353fffff,4,M2,0,5.26065
888b2c8355fffff,4,M2,0,2.72975
888b2c8357fffff,4,M2,2,45.3835
888b2c8367fffff,4,M2,3,113.513
888b2c8369fffff,4,M2,0,2.18883
888b2c8505fffff,3,M2,8,4.27365
888b2c850dfffff,3,M2,2,6.53693
888b2c8521fffff,3,M2,0,4.05551
888b2c8525fffff,3,M2,0,10.1007
888b2c8529fffff,3,M2,0,6.45337
888b2c852dfffff,3,M2,3,17.0735
888b2c8541fffff,3,M2,6,53.9385
888b2c8543fffff,3,M2,17,1.91814
888b2c8545fffff,3,M2,0,62.9678
888b2c8547fffff,3,M2,0,23.0583
888b2c8549fffff,3,M2,6,39.1313
888b2c854bfffff,3,M2,0,5.17082
888b2c854dfffff,3,M2,20,87.1806
888b2c855dfffff,3,M2,1,2.16449
888b2c8561fffff,3,M2,39,52.5316
888b2c8563fffff,3,M2,54,14.6548
888b2c8565fffff,3,M2,8,42.2012
888b2c8567fffff,3,M2,3,30.8292
888b2c8569fffff,3,M2,16,68.96
888b2c856bfffff,3,M2,10,56.1955
888b2c856dfffff,3,M2,1,8.38826
888b2c8701fffff,1,M2,0,17.2361
888b2c8703fffff,1,M2,0,8.3043
888b2c8705fffff,1,M2,0,23.0767
888b2c8707fffff,1,M2,1,15.029
888b2c8709fffff,1,M2,0,28.6679
888b2c870bfffff,1,M2,0,1.19275
888b2c870dfffff,1,M2,0,28.0624
888b2c8715fffff,1,M2,0,1.94098
888b2c871dfffff,1,M2,0,0.993426
888b2c8721fffff,1,M2,11,49.265
888b2c8723fffff,1,M2,1,11.0986
888b2c8725fffff,1,M2,37,58.5855
888b2c8727fffff,1,M2,7,43.6255
888b2c8729fffff,1,M2,0,33.0739
888b2c872bfffff,1,M2,1,11.5739
888b2c872dfffff,1,M2,12,74.4034
888b2c8731fffff,1,M2,0,18.1186
888b2c8733fffff,1,M2,0,0.356058
888b2c8735fffff,1,M2,3,17.6108
888b2c8737fffff,1,M2,0,7.0829
888b2c8739fffff,1,M2,92,6.46379
888b2c873dfffff,1,M2,0,4.05238
888b2c8741fffff,1,M2,1,23.5834
888b2c8743fffff,1,M2,7,35.2645
888b2c8745fffff,1,M2,4,32.5551
888b2c8747fffff,1,M2,11,43.8159
888b2c8749fffff,1,M2,0,2.42759
888b2c874bfffff,1,M2,0,19.9129
888b2c874dfffff,1,M2,22,17.436
888b2c8751fffff,1,M2,0,0.220245
888b2c8755fffff,1,M2,1,11.4479
888b2c8757fffff,1,M2,0,0.267658
888b2c8759fffff,1,M2,1,2.93282
888b2c875dfffff,1,M2,4,23.2694
888b2c8761fffff,1,M2,4,35.88
888b2c8763fffff,1,M2,6,17.8973
888b2c8765fffff,1,M2,6,47.6186
888b2c8767fffff,1,M2,7,44.5713
888b2c8769fffff,1,M2,5,39.7073
888b2c876bfffff,1,M2,4,35.6937
888b2c876dfffff,1,M2,13,58.988
888b2c8807fffff,2,M2,1,0.566672
888b2c8809fffff,2,M2,624,730.235
888b2c880bfffff,2,M2,27,321.698
888b2c880dfffff,2,M2,69,219.48
888b2c8817fffff,2,M2,1,3.15715
888b2c8819fffff,2,M2,130,521.11
888b2c881bfffff,2,M2,230,1361.43
888b2c881dfffff,2,M2,26,221.538
888b2c8823fffff,2,M2,0,4.87216
888b2c8835fffff,2,M2,2,3.02691
888b2c8841fffff,2,M2,7610,1639.19
888b2c8843fffff,2,M2,9693,2428.68
888b2c8845fffff,2,M2,6787,2187.67
888b2c8847fffff,2,M2,3148,2076.33
888b2c8849fffff,2,M2,427,85.4172
888b2c884bfffff,2,M2,7359,1818.97
888b2c884dfffff,2,M2,3395,963.656
888b2c8851fffff,2,M2,8771,3023.32
888b2c8853fffff,2,M2,4173,2798.32
888b2c8855fffff,2,M2,1523,1316.57
888b2c8857fffff,2,M2,377,791.761
888b2c8859fffff,2,M2,49864,3964.76
888b2c885bfffff,2,M2,13237,3885.65
888b2c885dfffff,2,M2,44930,3433.27
888b2c8861fffff,2,M2,179,386.039
888b2c8865fffff,2,M2,8,205.743
888b2c8867fffff,2,M2,6,3.66611
888b2c8869fffff,2,M2,2396,990.871
888b2c886bfffff,2,M2,2002,1485.18
888b2c886dfffff,2,M2,1407,968.824
888b2c8881fffff,4,M2,0,2.01585
888b2c8889fffff,4,M2,1,1.17047
888b2c889dfffff,4,M2,0,0.680228
888b2c88c5fffff,4,M2,0,5.87175
888b2c88c9fffff,4,M2,322,1539.13
888b2c88cbfffff,4,M2,35,191.971
888b2c88cdfffff,4,M2,91,524.754
888b2c88d7fffff,4,M2,0,0.590999
888b2c88d9fffff,4,M2,65,576.761
888b2c88dbfffff,4,M2,0,16.6808
888b2c88ddfffff,4,M2,1,33.047
888b2c88e7fffff,4,M2,0,1.29745
888b2c8901fffff,0,M2,0,32.6168
888b2c8903fffff,0,M2,1,3.1779
888b2c8905fffff,0,M2,0,54.1575
888b2c890bfffff,0,M2,0,3.66675
888b2c890dfffff,0,M2,0,16.6617
888b2c8911fffff,0,M2,0,2.42041
888b2c8919fffff,0,M2,0,0.795727
888b2c891dfffff,0,M2,1,1.8064
888b2c8941fffff,0,M2,1,11.0795
888b2c8949fffff,0,M2,224,655.115
888b2c894bfffff,0,M2,14,92.4842
888b2c894dfffff,0,M2,4,170.996
888b2c8961fffff,0,M2,0,2.51914
888b2c8963fffff,0,M2,0,31.1381
888b2c8967fffff,0,M2,0,7.23439
888b2c896bfffff,0,M2,7,3.91351
888b2c89c9fffff,4,M2,4,4.30413
888b2c8a01fffff,2,M2,28521,4471.27
888b2c8a03fffff,2,M2,80049,4198.23
888b2c8a05fffff,2,M2,3562,929.792
888b2c8a07fffff,2,M2,26047,2988.68
888b2c8a09fffff,2,M2,10573,4380.36
888b2c8a0bfffff,2,M2,23242,3495.81
888b2c8a0dfffff,2,M2,6763,3980.94
888b2c8a11fffff,2,M2,19547,4200.81
888b2c8a13fffff,2,M2,17320,4311.56
888b2c8a15fffff,2,M2,90676,5464.46
888b2c8a17fffff,2,M2,25690,4347.6
888b2c8a19fffff,2,M2,11111,3861.99
888b2c8a1bfffff,2,M2,9041,4171.58
888b2c8a1dfffff,2,M2,7667,3412.77
888b2c8a21fffff,2,M2,71,185.463
888b2c8a23fffff,2,M2,3305,861.197
888b2c8a25fffff,2,M2,44,90.281
888b2c8a27fffff,2,M2,5,21.323
888b2c8a29fffff,2,M2,290,97.547
888b2c8a2bfffff,2,M2,6463,1071.16
888b2c8a2dfffff,2,M2,458,137.247
888b2c8a31fffff,2,M2,77452,4286.84
888b2c8a33fffff,2,M2,59673,3828.95
888b2c8a35fffff,2,M2,8514,1134.43
888b2c8a37fffff,2,M2,36486,3647.08
888b2c8a39fffff,2,M2,152494,5185.85
888b2c8a3bfffff,2,M2,112578,4888.61
888b2c8a3dfffff,2,M2,46310,3200.77
888b2c8a41fffff,2,M2,4982,3432.37
888b2c8a43fffff,2,M2,8039,3847.04
888b2c8a45fffff,2,M2,552,2570.98
888b2c8a47fffff,2,M2,1897,3811.26
888b2c8a49fffff,2,M2,2327,2836.74
888b2c8a4bfffff,2,M2,4096,3061.29
888b2c8a4dfffff,2,M2,2939,2656.56
888b2c8a51fffff,2,M2,2073,1809.55
888b2c8a53fffff,2,M2,2229,1012.77
888b2c8a55fffff,2,M2,5141,3978.62
888b2c8a57fffff,2,M2,9943,3376.25
888b2c8a59fffff,2,M2,322,667.245
888b2c8a5bfffff,2,M2,640,324.105
888b2c8a5dfffff,2,M2,1874,1985.85
888b2c8a61fffff,2,M2,9514,2021.98
888b2c8a63fffff,2,M2,825,360.197
888b2c8a65fffff,2,M2,2495,1677.51
888b2c8a67fffff,2,M2,1239,347.395
888b2c8a69fffff,2,M2,1443,3075.6
888b2c8a6bfffff,2,M2,8174,3486.59
888b2c8a6dfffff,2,M2,4312,3211.95
888b2c8a81fffff,1,M2,5943,5675.23
888b2c8a83fffff,1,M2,3205,3443.89
888b2c8a85fffff,1,M2,19271,6486.57
888b2c8a87fffff,1,M2,14797,4483.39
888b2c8a89fffff,1,M2,9392,5737.48
888b2c8a8bfffff,1,M2,1715,3271.65
888b2c8a8dfffff,1,M2,19927,6653.13
888b2c8a91fffff,1,M2,805,1533.17
888b2c8a93fffff,1,M2,2126,607.335
888b2c8a95fffff,1,M2,3659,2253.16
888b2c8a97fffff,1,M2,3441,1674.07
888b2c8a99fffff,1,M2,470,1221.8
888b2c8a9bfffff,1,M2,218,391.853
888b2c8a9dfffff,1,M2,559,1839.25
888b2c8aa1fffff,1,M2,3943,4924.67
888b2c8aa3fffff,1,M2,4894,3513.52
888b2c8aa5fffff,1,M2,2681,4335.71
888b2c8aa7fffff,1,M2,942,3001.37
888b2c8aa9fffff,1,M2,11586,6131.23
888b2c8aabfffff,1,M2,7773,4875.21
888b2c8aadfffff,1,M2,6457,6837.09
888b2c8ab1fffff,1,M2,959,2740.57
888b2c8ab3fffff,1,M2,353,1575.17
888b2c8ab5fffff,1,M2,1630,2729.46
888b2c8ab7fffff,1,M2,426,1881.91
888b2c8ab9fffff,1,M2,6394,3458.98
888b2c8abbfffff,1,M2,1239,2152.34
888b2c8abdfffff,1,M2,3246,4207.92
888b2c8ac1fffff,1,M2,12316,6110.36
888b2c8ac3fffff,1,M2,6897,5241.13
888b2c8ac5fffff,1,M2,28745,6445.69
888b2c8ac7fffff,1,M2,15345,6627.91
888b2c8ac9fffff,1,M2,9217,6720.88
888b2c8acbfffff,1,M2,7779,4798.72
888b2c8acdfffff,1,M2,20622,5782.45
888b2c8ad1fffff,1,M2,775,1410.49
888b2c8ad3fffff,1,M2,651,844.137
888b2c8ad5fffff,1,M2,1524,2571.42
888b2c8ad7fffff,1,M2,646,1568.99
888b2c8ad9fffff,1,M2,2529,1831.75
888b2c8adbfffff,1,M2,339,650.09
888b2c8addfffff,1,M2,3739,3346.16
888b2c8ae1fffff,1,M2,23758,8105.18
888b2c8ae3fffff,1,M2,30707,6739.5
888b2c8ae5fffff,1,M2,92158,7695.2
888b2c8ae7fffff,1,M2,30397,6970.18
888b2c8ae9fffff,1,M2,23054,8123.16
888b2c8aebfffff,1,M2,19475,7610.15
888b2c8aedfffff,1,M2,47832,6636.39
888b2c8c4bfffff,1,M2,0,0.664265
888b2c8c51fffff,1,M2,0,0.964913
888b2c8c59fffff,1,M2,0,2.42719
888b2c8c5bfffff,1,M2,0,0.68301
888b2c8c5dfffff,1,M2,0,0.501286
888b2c8c69fffff,1,M2,0,3.34318
888b2c8c6dfffff,1,M2,0,10.8114
888b2c8e01fffff,0,M2,37,343.039
888b2c8e03fffff,0,M2,6,201.676
888b2c8e05fffff,0,M2,24,230.227
888b2c8e07fffff,0,M2,66,282.406
888b2c8e09fffff,0,M2,88,348.039
888b2c8e0bfffff,0,M2,7,274.649
888b2c8e0dfffff,0,M2,18,182.41
888b2c8e11fffff,0,M2,0,5.61746
888b2c8e15fffff,0,M2,23,100.95
888b2c8e19fffff,0,M2,0,88.4042
888b2c8e1dfffff,0,M2,0,73.8573
888b2c8e21fffff,0,M2,44,111.129
888b2c8e23fffff,0,M2,0,5.06701
888b2c8e25fffff,0,M2,13,69.132
888b2c8e29fffff,0,M2,18,203.006
888b2c8e2bfffff,0,M2,25,269.018
888b2c8e2dfffff,0,M2,26,221.012
888b2c8e33fffff,0,M2,1,3.09234
888b2c8e35fffff,0,M2,0,0.488812
888b2c8e37fffff,0,M2,0,1.22969
888b2c8e39fffff,0,M2,14,140.318
888b2c8e3bfffff,0,M2,19,12.7596
888b2c8e3dfffff,0,M2,0,15.0565
888b2c8e41fffff,0,M2,70,264.637
888b2c8e43fffff,0,M2,63,320.879
888b2c8e45fffff,0,M2,9,97.953
888b2c8e47fffff,0,M2,32,289.987
888b2c8e49fffff,0,M2,114,454.141
888b2c8e4bfffff,0,M2,3,141.828
888b2c8e4dfffff,0,M2,75,401.054
888b2c8e51fffff,0,M2,4,67.7824
888b2c8e53fffff,0,M2,0,66.1409
888b2c8e55fffff,0,M2,6,226.56
888b2c8e57fffff,0,M2,28,121.872
888b2c8e59fffff,0,M2,0,18.4263
888b2c8e5bfffff,0,M2,3,56.1611
888b2c8e5dfffff,0,M2,3,132.824
888b2c8e61fffff,0,M2,1053,751.404
888b2c8e63fffff,0,M2,94,418.958
888b2c8e65fffff,0,M2,70,356.161
888b2c8e67fffff,0,M2,55,426.156
888b2c8e69fffff,0,M2,165,427.477
888b2c8e6bfffff,0,M2,21,252.916
888b2c8e6dfffff,0,M2,130,495.449
888b2c8ee1fffff,1,M2,0,4.09871
888b2c8ee3fffff,1,M2,0,2.35355
888b2c8ee5fffff,1,M2,22,2.936
888b2c8ee7fffff,1,M2,1,4.04508
888b2c8eedfffff,1,M2,13,0.32409
888b2c9023fffff,2,M2,0,0.334125
888b2c9027fffff,2,M2,6,1.58772
888b2c902bfffff,2,M2,1,0.134057
888b2c9101fffff,4,M2,1,0.560301
888b2c9105fffff,4,M2,0,0.335868
888b2c9113fffff,4,M2,11,8.25749
888b2c9117fffff,4,M2,3,0.415008
888b2c9119fffff,4,M2,0,0.148164
888b2c911bfffff,4,M2,0,1.10133
888b2c911dfffff,4,M2,0,0.414111
888b2c9121fffff,4,M2,0,0.503749
888b2c9123fffff,4,M2,1,1.34013
888b2c9129fffff,4,M2,0,0.334913
888b2c912bfffff,4,M2,3,1.34711
888b2c912dfffff,4,M2,0,0.272232
888b2c9133fffff,4,M2,3,2.20735
888b2c9135fffff,4,M2,0,0.684483
888b2c9137fffff,4,M2,1,2.61381
888b2c913dfffff,4,M2,0,0.274996
888b2c9181fffff,4,M2,1,0.58901
888b2c9185fffff,4,M2,0,1.2395
888b2c9189fffff,4,M2,0,1.49132
888b2c918bfffff,4,M2,0,1.9867
888b2c918dfffff,4,M2,0,3.97668
888b2c9199fffff,4,M2,0,0.246753
888b2c91a9fffff,4,M2,0,0.962077
888b2c91c1fffff,4,M2,5,0.901037
888b2c91c3fffff,4,M2,0,1.4758
888b2c91c5fffff,4,M2,79,12.0995
888b2c91c7fffff,4,M2,2,5.21446
888b2c91c9fffff,4,M2,1,1.49992
888b2c91cbfffff,4,M2,0,0.914812
888b2c91cdfffff,4,M2,7,8.10335
888b2c91d1fffff,4,M2,0,0.712656
888b2c91d3fffff,4,M2,0,0.136238
888b2c91d5fffff,4,M2,51,0.97558
888b2c91ddfffff,4,M2,0,1.4993
888b2c91e3fffff,4,M2,0,1.24889
888b2c91e5fffff,4,M2,0,0.43202
888b2c91e7fffff,4,M2,7,0.340166
888b2c91e9fffff,4,M2,4,5.64712
888b2c91ebfffff,4,M2,2,4.34175
888b2c91edfffff,4,M2,3,2.05607
888b2c9521fffff,3,M2,0,1.60985
888b2c9523fffff,3,M2,10,18.6331
888b2c9527fffff,3,M2,33,5.58519
888b2c9529fffff,3,M2,2,4.45305
888b2c952bfffff,3,M2,0,2.75963
888b2c9531fffff,3,M2,0,5.40017
888b2c9533fffff,3,M2,0,15.8002
888b2c9535fffff,3,M2,36,32.0512
888b2c9537fffff,3,M2,6,22.502
888b2c9539fffff,3,M2,0,0.612155
888b2c953dfffff,3,M2,8,4.7749
888b2c9561fffff,3,M2,0,0.52489
888b2c9563fffff,3,M2,0,0.394921
888b2c9565fffff,3,M2,0,0.63338
888b2c9567fffff,3,M2,3,4.54731
888b2c9585fffff,0,M2,0,2.91193
888b2c9587fffff,0,M2,2,4.30057
888b2c95a1fffff,0,M2,2,8.12281
888b2c95a3fffff,0,M2,0,4.37294
888b2c95a5fffff,0,M2,1,30.5401
888b2c95a7fffff,0,M2,2,15.622
888b2c95a9fffff,0,M2,0,16.1291
888b2c95abfffff,0,M2,5,8.94265
888b2c95adfffff,0,M2,1,33.4441
888b2c95b1fffff,0,M2,1,8.62562
888b2c95b3fffff,0,M2,0,4.16243
888b2c95b5fffff,0,M2,0,5.99146
888b2c95b7fffff,0,M2,16,15.2022
888b2c95b9fffff,0,M2,0,1.41477
888b2c95bdfffff,0,M2,0,0.337133
888b2c95e1fffff,0,M2,0,7.03305
888b2c95e3fffff,0,M2,0,1.49888
888b2c95e5fffff,0,M2,17,41.4327
888b2c95e7fffff,0,M2,0,23.9756
888b2c95edfffff,0,M2,0,2.07462
888b2c9803fffff,2,M2,0,1.68813
888b2c9811fffff,2,M2,1,35.7241
888b2c9813fffff,2,M2,22,259.364
888b2c9817fffff,2,M2,4,51.1231
888b2c9819fffff,2,M2,0,8.3998
888b2c981bfffff,2,M2,14,92.371
888b2c9821fffff,2,M2,1,9.17111
888b2c9823fffff,2,M2,23,58.4647
888b2c9827fffff,2,M2,40,113.15
888b2c9833fffff,2,M2,3,114.509
888b2c9835fffff,2,M2,6,127.614
888b2c9837fffff,2,M2,26,466.3
888b2c983bfffff,2,M2,0,6.54172
888b2c9853fffff,2,M2,0,1.20757
888b2c985bfffff,2,M2,0,1.81959
888b2c9861fffff,2,M2,1,6.47698
888b2c9865fffff,2,M2,8,14.3171
888b2c9867fffff,2,M2,5,4.36617
888b2c9869fffff,2,M2,2,11.9945
888b2c986bfffff,2,M2,0,3.48905
888b2c986dfffff,2,M2,2,13.2071
888b2c9881fffff,0,M2,360,966.843
888b2c9883fffff,0,M2,74,675.069
888b2c9885fffff,0,M2,294,1375.33
888b2c9887fffff,0,M2,691,1632.23
888b2c9889fffff,0,M2,207,822.174
888b2c988bfffff,0,M2,33,526.801
888b2c988dfffff,0,M2,464,1273.57
888b2c9891fffff,0,M2,19,417.31
888b2c9893fffff,0,M2,143,1595.31
888b2c9895fffff,0,M2,9,388.267
888b2c9897fffff,0,M2,29,688.746
888b2c9899fffff,0,M2,19,612.406
888b2c989bfffff,0,M2,262,1322.47
888b2c989dfffff,0,M2,130,726.091
888b2c98a1fffff,0,M2,544,1900.19
888b2c98a3fffff,0,M2,896,3609
888b2c98a5fffff,0,M2,490,1381.9
888b2c98a7fffff,0,M2,1904,2947.02
888b2c98a9fffff,0,M2,326,3173.86
888b2c98abfffff,0,M2,1033,3256.96
888b2c98adfffff,0,M2,457,2917.95
888b2c98b1fffff,0,M2,258,1385.79
888b2c98b3fffff,0,M2,44,809.576
888b2c98b5fffff,0,M2,2343,4516.97
888b2c98b7fffff,0,M2,212,1780.99
888b2c98b9fffff,0,M2,130,794.844
888b2c98bbfffff,0,M2,33,385.693
888b2c98bdfffff,0,M2,881,1771.46
888b2c98c1fffff,0,M2,560,854.481
888b2c98c3fffff,0,M2,98,573.332
888b2c98c5fffff,0,M2,133,848.161
888b2c98c7fffff,0,M2,836,971.816
888b2c98c9fffff,0,M2,89,493.762
888b2c98cbfffff,0,M2,132,442.197
888b2c98cdfffff,0,M2,56,411.612
888b2c98d1fffff,0,M2,8,258.909
888b2c98d3fffff,0,M2,23,844.943
888b2c98d5fffff,0,M2,261,519.118
888b2c98d7fffff,0,M2,4,244.127
888b2c98d9fffff,0,M2,6,105.493
888b2c98dbfffff,0,M2,1,282.463
888b2c98ddfffff,0,M2,28,302.321
888b2c98e1fffff,0,M2,226,829.587
888b2c98e3fffff,0,M2,488,1454.09
888b2c98e5fffff,0,M2,196,1362.89
888b2c98e7fffff,0,M2,334,2780.65
888b2c98e9fffff,0,M2,126,749.131
888b2c98ebfffff,0,M2,233,1033.53
888b2c98edfffff,0,M2,44,348.008
888b2c9901fffff,4,M2,1,3.65749
888b2c9903fffff,4,M2,0,7.21815
888b2c9909fffff,4,M2,0,4.21507
888b2c990bfffff,4,M2,14,8.37219
888b2c990dfffff,4,M2,0,1.84248
888b2c9911fffff,4,M2,93,64.5603
888b2c9913fffff,4,M2,188,706.302
888b2c9915fffff,4,M2,5,28.4739
888b2c9917fffff,4,M2,27,268.396
888b2c9919fffff,4,M2,0,6.6177
888b2c991bfffff,4,M2,26,19.0257
888b2c991dfffff,4,M2,29,16.9722
888b2c9933fffff,4,M2,0,27.2933
888b2c9939fffff,4,M2,0,0.926309
888b2c993bfffff,4,M2,7,25.1657
888b2c993dfffff,4,M2,0,0.582614
888b2c9943fffff,4,M2,13,3.95362
888b2c9949fffff,4,M2,14,6.85717
888b2c994bfffff,4,M2,114,12.1819
888b2c994dfffff,4,M2,1,1.10569
888b2c9955fffff,4,M2,75,21.6245
888b2c9957fffff,4,M2,2,1.08149
888b2c9959fffff,4,M2,4,4.52646
888b2c995dfffff,4,M2,4,12.7124
888b2c9981fffff,3,M2,871,1967.52
888b2c9983fffff,3,M2,1193,1860.53
888b2c9985fffff,3,M2,183,853.49
888b2c9987fffff,3,M2,1541,1557.81
888b2c9989fffff,3,M2,903,1656.78
888b2c998bfffff,3,M2,690,2045.95
888b2c998dfffff,3,M2,251,823.706
888b2c9991fffff,3,M2,2385,3557.21
888b2c9993fffff,3,M2,554,4728.56
888b2c9995fffff,3,M2,1903,3835.9
888b2c9997fffff,3,M2,2222,5637.41
888b2c9999fffff,3,M2,577,1353.59
888b2c999bfffff,3,M2,3996,3023.47
888b2c999dfffff,3,M2,2484,2426.67
888b2c99a3fffff,3,M2,9,8.47416
888b2c99a9fffff,3,M2,1,113.235
888b2c99abfffff,3,M2,118,552.823
888b2c99b1fffff,3,M2,614,1475.76
888b2c99b3fffff,3,M2,1167,3635.44
888b2c99b5fffff,3,M2,0,57.9917
888b2c99b7fffff,3,M2,98,261.742
888b2c99b9fffff,3,M2,3761,2725.65
888b2c99bbfffff,3,M2,2193,4737.57
888b2c99bdfffff,3,M2,281,660.989
888b2c99c1fffff,3,M2,239,1139.33
888b2c99c3fffff,3,M2,129,1875.9
888b2c99c5fffff,3,M2,419,1498.84
888b2c99c7fffff,3,M2,498,1066.3
888b2c99c9fffff,3,M2,90,759.661
888b2c99cbfffff,3,M2,42,1230.57
888b2c99cdfffff,3,M2,119,597.784
888b2c99d1fffff,3,M2,565,3154.93
888b2c99d3fffff,3,M2,300,2060.3
888b2c99d5fffff,3,M2,344,1788.88
888b2c99d7fffff,3,M2,327,1930.96
888b2c99d9fffff,3,M2,223,2609.82
888b2c99dbfffff,3,M2,557,3288.34
888b2c99ddfffff,3,M2,191,1709.97
888b2c99e1fffff,3,M2,48,355.508
888b2c99e3fffff,3,M2,83,454.328
888b2c99e5fffff,3,M2,4,127.648
888b2c99e7fffff,3,M2,3,142.643
888b2c99e9fffff,3,M2,153,681.705
888b2c99ebfffff,3,M2,128,497.781
888b2c99edfffff,3,M2,31,352.057
888b2c9a01fffff,1,M2,2,0.196018
888b2c9a03fffff,1,M2,0,0.126556
888b2c9a07fffff,1,M2,1,0.535358
888b2c9a11fffff,1,M2,0,0.467086
888b2c9a13fffff,1,M2,0,0.890912
888b2c9a15fffff,1,M2,0,0.260015
888b2c9a17fffff,1,M2,1,1.85655
888b2c9a21fffff,1,M2,20,3.29272
888b2c9a23fffff,1,M2,0,1.33788
888b2c9a25fffff,1,M2,35,1.34244
888b2c9a27fffff,1,M2,0,2.06018
888b2c9a29fffff,1,M2,0,0.390414
888b2c9a2bfffff,1,M2,3,1.16538
888b2c9a31fffff,1,M2,0,0.260139
888b2c9a35fffff,1,M2,2,0.65745
888b2c9a39fffff,1,M2,0,0.329459
888b2c9a3bfffff,1,M2,0,0.852657
888b2c9a3dfffff,1,M2,4,0.632717
888b2c9a5bfffff,1,M2,0,0.0618629
888b2c9a91fffff,1,M2,0,0.444136
888b2c9a93fffff,1,M2,0,0.969183
888b2c9a97fffff,1,M2,2,0.928686
888b2c9aa1fffff,1,M2,1,1.92094
888b2c9aa3fffff,1,M2,0,41.5514
888b2c9aa5fffff,1,M2,0,3.53428
888b2c9aa7fffff,1,M2,13,70.6579
888b2c9aa9fffff,1,M2,24,0.586996
888b2c9aabfffff,1,M2,0,0.601674
888b2c9aadfffff,1,M2,0,1.69034
888b2c9ab1fffff,1,M2,0,0.80912
888b2c9ab5fffff,1,M2,19,59.6029
888b2c9ab7fffff,1,M2,11,78.1335
888b2c9abbfffff,1,M2,0,0.645542
888b2c9ac1fffff,1,M2,0,0.253541
888b2c9ac3fffff,1,M2,11,0.493692
888b2c9ac5fffff,1,M2,1,0.752349
888b2c9ac7fffff,1,M2,0,0.490657
888b2c9acbfffff,1,M2,3,0.235985
888b2c9ad9fffff,1,M2,1,0.838391
888b2c9adbfffff,1,M2,0,0.129862
888b2c9aebfffff,1,M2,0,0.256064
888b2cc64bfffff,4,M2,1,0.537874
888b2cd001fffff,4,M2,2,2.88743
888b2cd003fffff,4,M2,2,1.67966
888b2cd005fffff,4,M2,16,3.14828
888b2cd007fffff,4,M2,21,3.14407
888b2cd009fffff,4,M2,0,1.30557
888b2cd00bfffff,4,M2,8,2.12962
888b2cd00dfffff,4,M2,3,2.41349
888b2cd011fffff,4,M2,0,0.498298
888b2cd015fffff,4,M2,0,0.232302
888b2cd017fffff,4,M2,0,0.0321425
888b2cd019fffff,4,M2,0,1.74858
888b2cd01bfffff,4,M2,0,1.22396
888b2cd01dfffff,4,M2,8,2.13031
888b2cd021fffff,4,M2,0,0.656054
888b2cd023fffff,4,M2,0,0.162527
888b2cd025fffff,4,M2,0,0.293184
888b2cd027fffff,4,M2,0,0.0750493
888b2cd029fffff,4,M2,1,2.02255
888b2cd02bfffff,4,M2,0,1.42427
888b2cd02dfffff,4,M2,11,1.31198
888b2cd031fffff,4,M2,0,0.129885
888b2cd037fffff,4,M2,0,0.0215467
888b2cd039fffff,4,M2,3,1.99326
888b2cd03dfffff,4,M2,1,0.376351
888b2cd041fffff,4,M2,0,2.66489
888b2cd043fffff,4,M2,0,1.074
888b2cd045fffff,4,M2,21,4.67484
888b2cd047fffff,4,M2,5,3.87687
888b2cd049fffff,4,M2,0,0.521299
888b2cd04bfffff,4,M2,0,0.772481
888b2cd04dfffff,4,M2,4,1.91898
888b2cd051fffff,4,M2,0,0.185883
888b2cd053fffff,4,M2,6,4.44454
888b2cd055fffff,4,M2,0,0.474309
888b2cd057fffff,4,M2,11,3.06798
888b2cd05bfffff,4,M2,3,2.10012
888b2cd05dfffff,4,M2,0,0.150801
888b2cd061fffff,4,M2,10,2.57621
888b2cd063fffff,4,M2,0,1.08111
888b2cd065fffff,4,M2,0,2.03585
888b2cd067fffff,4,M2,1,0.675963
888b2cd069fffff,4,M2,15,4.05053
888b2cd06bfffff,4,M2,8,3.47281
888b2cd06dfffff,4,M2,17,5.19339
888b2cd087fffff,3,M2,0,0.067674
888b2cd089fffff,3,M2,0,0.025934
888b2cd097fffff,3,M2,0,0.337223
888b2cd0a9fffff,3,M2,0,0.0909845
888b2cd0abfffff,3,M2,0,0.213715
888b2cd0b3fffff,3,M2,0,2.7778
888b2cd0b7fffff,3,M2,0,0.422082
888b2cd0bbfffff,3,M2,0,0.105818
888b2cd0bdfffff,3,M2,0,0.0525061
888b2cd0c3fffff,3,M2,0,0.0320649
888b2cd0cdfffff,3,M2,0,1.26189
888b2cd0e5fffff,3,M2,0,0.0711752
888b2cd141fffff,2,M2,0,0.629765
888b2cd143fffff,2,M2,0,1.56525
888b2cd149fffff,2,M2,6,0.880156
888b2cd14bfffff,2,M2,0,1.73442
888b2cd14dfffff,2,M2,0,0.0403142
888b2cd151fffff,2,M2,0,0.34627
888b2cd153fffff,2,M2,2,0.641025
888b2cd155fffff,2,M2,0,0.256398
888b2cd157fffff,2,M2,0,0.164796
888b2cd159fffff,2,M2,1,0.888272
888b2cd15bfffff,2,M2,0,0.636483
888b2cd15dfffff,2,M2,0,1.25795
888b2cd201fffff,3,M2,0,0.63192
888b2cd203fffff,3,M2,1,1.60411
888b2cd205fffff,3,M2,0,0.858167
888b2cd207fffff,3,M2,0,0.927089
888b2cd20bfffff,3,M2,0,0.108445
888b2cd20dfffff,3,M2,0,0.535896
888b2cd211fffff,3,M2,0,1.54595
888b2cd213fffff,3,M2,0,1.27654
888b2cd219fffff,3,M2,0,3.2163
888b2cd21bfffff,3,M2,0,3.97039
888b2cd21dfffff,3,M2,0,1.06239
888b2cd221fffff,3,M2,0,1.4067
888b2cd223fffff,3,M2,15,1.2112
888b2cd225fffff,3,M2,0,1.28393
888b2cd227fffff,3,M2,4,1.63055
888b2cd229fffff,3,M2,0,1.24623
888b2cd22bfffff,3,M2,0,0.862399
888b2cd22dfffff,3,M2,0,0.249869
888b2cd231fffff,3,M2,0,3.75691
888b2cd233fffff,3,M2,2,1.38259
888b2cd235fffff,3,M2,0,1.28458
888b2cd237fffff,3,M2,0,1.18783
888b2cd239fffff,3,M2,0,1.37107
888b2cd23dfffff,3,M2,9,1.52291
888b2cd251fffff,3,M2,4,3.56591
888b2cd253fffff,3,M2,9,9.36644
888b2cd255fffff,3,M2,0,0.378199
888b2cd257fffff,3,M2,0,2.72548
888b2cd25bfffff,3,M2,0,3.46107
888b2cd261fffff,3,M2,0,0.324824
888b2cd263fffff,3,M2,1,0.0984536
888b2cd265fffff,3,M2,0,0.531333
888b2cd267fffff,3,M2,0,0.55832
888b2cd301fffff,2,M2,0,0.836751
888b2cd303fffff,2,M2,1,1.25189
888b2cd305fffff,2,M2,0,0.679907
888b2cd307fffff,2,M2,1,1.22243
888b2cd309fffff,2,M2,2,0.618241
888b2cd30bfffff,2,M2,1,1.64747
888b2cd30dfffff,2,M2,0,0.755623
888b2cd311fffff,2,M2,6,3.6189
888b2cd313fffff,2,M2,26,3.68963
888b2cd315fffff,2,M2,41,4.98717
888b2cd317fffff,2,M2,225,7.62092
888b2cd319fffff,2,M2,0,1.56438
888b2cd31bfffff,2,M2,3,1.80673
888b2cd31dfffff,2,M2,3,2.0968
888b2cd321fffff,2,M2,0,0.357809
888b2cd323fffff,2,M2,0,0.923191
888b2cd327fffff,2,M2,1,0.298333
888b2cd329fffff,2,M2,2,0.64523
888b2cd32bfffff,2,M2,0,0.922221
888b2cd331fffff,2,M2,1,1.84215
888b2cd333fffff,2,M2,1,2.163
888b2cd335fffff,2,M2,10,1.83452
888b2cd337fffff,2,M2,0,1.5728
888b2cd339fffff,2,M2,10,2.84249
888b2cd33bfffff,2,M2,31,5.61774
888b2cd33dfffff,2,M2,0,1.71606
888b2cd341fffff,2,M2,0,0.0968002
888b2cd343fffff,2,M2,0,0.399098
888b2cd347fffff,2,M2,3,1.28943
888b2cd34bfffff,2,M2,0,0.163722
888b2cd351fffff,2,M2,0,1.38753
888b2cd353fffff,2,M2,1,1.007
888b2cd355fffff,2,M2,0,0.95992
888b2cd357fffff,2,M2,4,1.14875
888b2cd359fffff,2,M2,0,0.847677
888b2cd35bfffff,2,M2,0,0.435972
888b2cd35dfffff,2,M2,0,0.767347
888b2cd363fffff,2,M2,0,0.300028
888b2cd36bfffff,2,M2,0,0.3462
888b2cd401fffff,2,M2,3,12.1727
888b2cd403fffff,2,M2,5,25.1805
888b2cd405fffff,2,M2,0,17.75
888b2cd407fffff,2,M2,21,13.4931
888b2cd40bfffff,2,M2,11,11.2739
888b2cd40dfffff,2,M2,0,1.5227
888b2cd411fffff,2,M2,6,39.8778
888b2cd413fffff,2,M2,65,137.071
888b2cd415fffff,2,M2,14,67.0194
888b2cd417fffff,2,M2,46,110.953
888b2cd419fffff,2,M2,0,3.6731
888b2cd41bfffff,2,M2,1,33.9069
888b2cd41dfffff,2,M2,4,34.4792
888b2cd421fffff,2,M2,0,9.84526
888b2cd423fffff,2,M2,1,7.22125
888b2cd425fffff,2,M2,1,7.10121
888b2cd427fffff,2,M2,0,17.376
888b2cd429fffff,2,M2,0,3.81073
888b2cd42bfffff,2,M2,4,41.5472
888b2cd42dfffff,2,M2,0,6.56861
888b2cd431fffff,2,M2,31,115.348
888b2cd433fffff,2,M2,110,89.6829
888b2cd435fffff,2,M2,32,51.4953
888b2cd437fffff,2,M2,103,75.509
888b2cd439fffff,2,M2,7,74.7518
888b2cd43bfffff,2,M2,28,80.5387
888b2cd43dfffff,2,M2,4,51.8724
888b2cd451fffff,2,M2,2,14.9264
888b2cd453fffff,2,M2,30,52.7497
888b2cd457fffff,2,M2,0,3.43926
888b2cd459fffff,2,M2,0,1.45306
888b2cd45bfffff,2,M2,6,4.96526
888b2cd45dfffff,2,M2,1,0.408555
888b2cd461fffff,2,M2,0,1.93231
888b2cd463fffff,2,M2,0,3.18269
888b2cd467fffff,2,M2,0,4.74431
888b2cd46dfffff,2,M2,0,0.457219
888b2cd629fffff,3,M2,2,0.116592
888b2cd651fffff,3,M2,9,0.431895
888b2cd681fffff,0,M2,0,24.1808
888b2cd683fffff,0,M2,31,180.596
888b2cd685fffff,0,M2,0,34.0146
888b2cd687fffff,0,M2,6,55.961
888b2cd689fffff,0,M2,6,22.4985
888b2cd68dfffff,0,M2,36,27.8028
888b2cd691fffff,0,M2,0,12.0789
888b2cd693fffff,0,M2,21,75.5623
888b2cd695fffff,0,M2,3,140.416
888b2cd697fffff,0,M2,3,165.489
888b2cd69dfffff,0,M2,0,33.267
888b2cd6a1fffff,0,M2,2,61.0416
888b2cd6a3fffff,0,M2,19,87.8694
888b2cd6a5fffff,0,M2,4,20.1057
888b2cd6a7fffff,0,M2,0,85.5245
888b2cd6a9fffff,0,M2,9,82.3831
888b2cd6abfffff,0,M2,1,35.4223
888b2cd6adfffff,0,M2,0,19.4406
888b2cd6b1fffff,0,M2,8,258.554
888b2cd6b3fffff,0,M2,86,308.105
888b2cd6b5fffff,0,M2,24,203.866
888b2cd6b7fffff,0,M2,79,304.9
888b2cd6b9fffff,0,M2,23,190.668
888b2cd6bbfffff,0,M2,16,209.259
888b2cd6bdfffff,0,M2,15,225.356
888b2cd6c7fffff,0,M2,0,12.7161
888b2cd6cbfffff,0,M2,0,0.594627
888b2cd6d3fffff,0,M2,0,2.85672
888b2cd6dbfffff,0,M2,0,6.14419
888b2cd6e1fffff,0,M2,1,19.5719
888b2cd6e3fffff,0,M2,25,104.068
888b2cd6e7fffff,0,M2,16,29.4753
888b2cd6ebfffff,0,M2,0,16.3172
888b2cd6edfffff,0,M2,0,1.81128
888b2cd707fffff,0,M2,0,0.0893558
888b2cd717fffff,0,M2,0,0.155286
888b2cd749fffff,0,M2,0,0.0890826
888b2cd74dfffff,0,M2,0,0.199609
88b32d900dfffff,2,M2,6,9.7719
88b32d9041fffff,2,M2,0,0.56577
88b32d9043fffff,2,M2,0,0.957011
88b32d9045fffff,2,M2,0,2.66433
88b32d9047fffff,2,M2,6,22.0653
88b32d904bfffff,2,M2,2,1.87946
88b32d904dfffff,2,M2,2,7.90791
88b32d9055fffff,2,M2,0,0.799447
88b32d9059fffff,2,M2,1,2.66787
88b32d905dfffff,2,M2,0,2.65363
88b32d9061fffff,2,M2,3,2.45283
88b32d9065fffff,2,M2,0,1.27819
88b32d9069fffff,2,M2,0,0.63045
88b32d906bfffff,2,M2,18,33.5558
88b32d906dfffff,2,M2,0,4.50106
88b32d9201fffff,1,M2,14,0.367445
88b32d9205fffff,1,M2,9,0.839881
88b32d9209fffff,1,M2,13,0.893924
88b32d920bfffff,1,M2,3,2.15484
88b32d920dfffff,1,M2,4,0.194455
88b32d9211fffff,1,M2,0,0.46989
88b32d9213fffff,1,M2,0,0.682276
88b32d9215fffff,1,M2,0,0.55872
88b32d9217fffff,1,M2,4,3.45873
88b32d9219fffff,1,M2,0,0.660319
88b32d921bfffff,1,M2,0,0.962376
88b32d9229fffff,1,M2,4,1.16077
88b32d922dfffff,1,M2,23,4.52155
88b32d9231fffff,1,M2,0,1.57449
88b32d9233fffff,1,M2,0,2.78341
88b32d9235fffff,1,M2,0,0.135564
88b32d9237fffff,1,M2,0,0.94622
88b32d923bfffff,1,M2,1,4.64151
88b32d9243fffff,1,M2,0,0.210414
88b32d9251fffff,1,M2,3,2.45225
88b32d9253fffff,1,M2,12,1.82937
88b32d9255fffff,1,M2,12,3.25706
88b32d9257fffff,1,M2,56,6.68382
88b32d925bfffff,1,M2,0,0.866982
88b32d925dfffff,1,M2,1,0.290301
88b32d9267fffff,1,M2,1,1.13803
88b32d9281fffff,0,M2,0,1.92603
88b32d9285fffff,0,M2,0,3.90188
88b32d9289fffff,0,M2,1,2.59851
88b32d928bfffff,0,M2,10,10.952
88b32d928dfffff,0,M2,0,0.539455
88b32d9299fffff,0,M2,9,7.04604
88b32d929dfffff,0,M2,1,22.614
88b32d92a9fffff,0,M2,1,1.87656
88b32d92c1fffff,0,M2,4,3.50569
88b32d92c3fffff,0,M2,2,6.44854
88b32d92c5fffff,0,M2,0,1.85913
88b32d92c7fffff,0,M2,0,3.43278
88b32d92c9fffff,0,M2,5,3.43069
88b32d92cbfffff,0,M2,2,3.01402
88b32d92cdfffff,0,M2,7,2.43701
88b32d92d1fffff,0,M2,0,4.20691
88b32d92d3fffff,0,M2,5,7.45059
88b32d92d5fffff,0,M2,4,6.83077
88b32d92d7fffff,0,M2,2,5.96101
88b32d92d9fffff,0,M2,0,4.64589
88b32d92dbfffff,0,M2,0,5.22621
88b32d92ddfffff,0,M2,0,2.66785
88b32d92e1fffff,0,M2,0,0.402363
88b32d92e3fffff,0,M2,0,0.349306
88b32d92e5fffff,0,M2,0,0.859308
88b32d92e7fffff,0,M2,0,0.337675
88b32d92e9fffff,0,M2,0,2.15675
88b32d92ebfffff,0,M2,0,0.7394
88b32d92edfffff,0,M2,0,3.14264
88b32d9305fffff,3,M2,8,1.55295
88b32d9309fffff,3,M2,8,5.69715
88b32d930bfffff,3,M2,1,4.95055
88b32d930dfffff,3,M2,16,6.73332
88b32d9311fffff,3,M2,0,4.1564
88b32d9313fffff,3,M2,1,9.37194
88b32d9315fffff,3,M2,0,15.9053
88b32d9317fffff,3,M2,0,29.6114
88b32d931bfffff,3,M2,1,3.5553
88b32d9325fffff,3,M2,0,1.00318
88b32d9329fffff,3,M2,0,2.86097
88b32d9331fffff,3,M2,2,15.7895
88b32d9333fffff,3,M2,0,13.9239
88b32d9335fffff,3,M2,0,2.62074
88b32d9337fffff,3,M2,0,7.02914
88b32d9339fffff,3,M2,0,9.57041
88b32d933bfffff,3,M2,0,23.1635
88b32d9351fffff,3,M2,1,4.05884
88b32d9353fffff,3,M2,8,10.7621
88b32d9355fffff,3,M2,1,7.08315
88b32d9357fffff,3,M2,17,7.57939
88b32d9359fffff,3,M2,0,0.296904
88b32d935bfffff,3,M2,1,3.70653
88b32d9361fffff,3,M2,2,16.6828
88b32d9363fffff,3,M2,34,21.1194
88b32d9365fffff,3,M2,31,8.69719
88b32d9367fffff,3,M2,19,17.3156
88b32d9369fffff,3,M2,0,0.421258
88b32d936bfffff,3,M2,0,2.48279
888b2c8001fffff,1,M3,35,10.7105
888b2c8003fffff,1,M3,3,0.378179
888b2c8005fffff,1,M3,0,8.46683
888b2c8007fffff,1,M3,4,2.92105
888b2c8009fffff,1,M3,1,5.18106
888b2c800dfffff,1,M3,1,12.4462
888b2c8011fffff,1,M3,103,44.9971
888b2c8013fffff,1,M3,26,82.8673
888b2c8015fffff,1,M3,169,98.3411
888b2c8017fffff,1,M3,293,291.551
888b2c8019fffff,1,M3,42,23.674
888b2c801bfffff,1,M3,118,44.0685
888b2c801dfffff,1,M3,89,17.5097
888b2c8021fffff,1,M3,10,20.7861
888b2c8023fffff,1,M3,11,2.80155
888b2c8025fffff,1,M3,11,11.9468
888b2c8027fffff,1,M3,13,18.2161
888b2c802bfffff,1,M3,13,8.04348
888b2c802dfffff,1,M3,2,5.75744
888b2c8031fffff,1,M3,113,112.004
888b2c8033fffff,1,M3,1530,332.32
888b2c8035fffff,1,M3,87,39.1415
888b2c8037fffff,1,M3,651,257.777
888b2c8039fffff,1,M3,136,44.7026
888b2c803bfffff,1,M3,689,339.626
888b2c803dfffff,1,M3,23,33.6133
888b2c8043fffff,1,M3,0,2.98762
888b2c8045fffff,1,M3,0,1.10069
888b2c8047fffff,1,M3,0,4.57597
888b2c8051fffff,1,M3,0,4.38688
888b2c8053fffff,1,M3,8,5.14324
888b2c8055fffff,1,M3,1,0.794177
888b2c8057fffff,1,M3,0,0.378179
888b2c8065fffff,1,M3,0,8.25516
888b2c8069fffff,1,M3,2,4.57209
888b2c806bfffff,1,M3,1,3.55607
888b2c806dfffff,1,M3,4,7.45081
888b2c8101fffff,4,M3,28,482.383
888b2c8103fffff,4,M3,132,274.295
888b2c8105fffff,4,M3,137,1293.53
888b2c8107fffff,4,M3,56,1143.41
888b2c8109fffff,4,M3,10,12.4174
888b2c810bfffff,4,M3,29,121.468
888b2c810dfffff,4,M3,29,496.895
888b2c8111fffff,4,M3,115,156.924
888b2c8113fffff,4,M3,363,376.593
888b2c8115fffff,4,M3,302,485.154
888b2c8117fffff,4,M3,1243,1025.43
888b2c8119fffff,4,M3,8,49.8674
888b2c811bfffff,4,M3,6,52.5748
888b2c811dfffff,4,M3,43,113.986
888b2c8121fffff,4,M3,343,2181.68
888b2c8123fffff,4,M3,1686,5843.64
888b2c8125fffff,4,M3,4967,13471.7
888b2c8127fffff,4,M3,7065,23000.9
888b2c8129fffff,4,M3,99,995.017
888b2c812bfffff,4,M3,168,1578.66
888b2c812dfffff,4,M3,35,357.958
888b2c8131fffff,4,M3,3978,3330.83
888b2c8133fffff,4,M3,5499,2014.11
888b2c8135fffff,4,M3,9718,6464.78
888b2c8137fffff,4,M3,8849,2458.71
888b2c8139fffff,4,M3,255,1328.27
888b2c813bfffff,4,M3,5133,1711.31
888b2c813dfffff,4,M3,727,2402.32
888b2c8141fffff,4,M3,28,66.3143
888b2c8143fffff,4,M3,23,61.5177
888b2c8145fffff,4,M3,187,308.385
888b2c8147fffff,4,M3,29,68.2958
888b2c8149fffff,4,M3,104,228.715
888b2c814bfffff,4,M3,10,58.961
888b2c814dfffff,4,M3,181,440.215
888b2c8151fffff,4,M3,0,20.6085
888b2c8153fffff,4,M3,1,14.7478
888b2c8155fffff,4,M3,4,50.0677
888b2c8157fffff,4,M3,7,34.377
888b2c8159fffff,4,M3,0,110.035
888b2c815dfffff,4,M3,13,84.4792
888b2c8161fffff,4,M3,689,304.263
888b2c8163fffff,4,M3,71,409.538
888b2c8165fffff,4,M3,190,691.169
888b2c8167fffff,4,M3,50,633.294
888b2c8169fffff,4,M3,241,578.924
888b2c816bfffff,4,M3,13,31.6117
888b2c816dfffff,4,M3,52,506.265
888b2c8213fffff,0,M3,6,8.78227
888b2c8217fffff,0,M3,0,0.684333
888b2c8231fffff,0,M3,0,0.684333
888b2c8235fffff,0,M3,0,3.9159
888b2c8237fffff,0,M3,0,2.24309
888b2c8245fffff,0,M3,0,1.10254
888b2c824dfffff,0,M3,0,0.570277
888b2c8263fffff,0,M3,0,1.90092
888b2c8269fffff,0,M3,0,0.798388
888b2c826bfffff,0,M3,0,2.31913
888b2c826dfffff,0,M3,0,1.0265
888b2c8281fffff,3,M3,8,17.1409
888b2c8283fffff,3,M3,26,16.9963
888b2c8285fffff,3,M3,8,11.1712
888b2c8287fffff,3,M3,16,26.6457
888b2c8289fffff,3,M3,22,21.0103
888b2c828bfffff,3,M3,42,36.3793
888b2c828dfffff,3,M3,9,9.73677
888b2c8291fffff,3,M3,0,9.18523
888b2c8293fffff,3,M3,23,18.045
888b2c8295fffff,3,M3,5,20.721
888b2c8297fffff,3,M3,7,14.5011
888b2c8299fffff,3,M3,0,13.9225
888b2c829bfffff,3,M3,23,10.6317
888b2c829dfffff,3,M3,7,20.3232
888b2c82a1fffff,3,M3,0,1.60831
888b2c82a3fffff,3,M3,1,13.0838
888b2c82a5fffff,3,M3,0,0.912823
888b2c82a7fffff,3,M3,9,24.2985
888b2c82a9fffff,3,M3,0,8.60661
888b2c82abfffff,3,M3,1,16.3004
888b2c82adfffff,3,M3,0,0.652016
888b2c82b1fffff,3,M3,65,57.4164
888b2c82b3fffff,3,M3,74,49.3061
888b2c82b5fffff,3,M3,10,50.7026
888b2c82b7fffff,3,M3,17,75.9863
888b2c82b9fffff,3,M3,53,41.8594
888b2c82bbfffff,3,M3,20,30.0273
888b2c82bdfffff,3,M3,2,32.3835
888b2c82c1fffff,3,M3,0,7.84722
888b2c82c3fffff,3,M3,55,30.8103
888b2c82c7fffff,3,M3,12,19.7808
888b2c82c9fffff,3,M3,67,28.4597
888b2c82cbfffff,3,M3,20,33.8479
888b2c82cdfffff,3,M3,0,0.795571
888b2c82d1fffff,3,M3,38,23.1461
888b2c82d3fffff,3,M3,3,22.4568
888b2c82d5fffff,3,M3,52,33.2892
888b2c82d7fffff,3,M3,12,32.8354
888b2c82d9fffff,3,M3,52,37.5726
888b2c82dbfffff,3,M3,325,35.4752
888b2c82ddfffff,3,M3,37,28.7315
888b2c82e1fffff,3,M3,0,7.47645
888b2c82e3fffff,3,M3,0,1.60831
888b2c82e5fffff,3,M3,0,3.82516
888b2c82e7fffff,3,M3,0,12.7795
888b2c82e9fffff,3,M3,47,9.73677
888b2c82ebfffff,3,M3,0,2.08645
888b2c82edfffff,3,M3,0,3.34702
888b2c8301fffff,4,M3,0,44.3199
888b2c8303fffff,4,M3,12,46.5194
888b2c8305fffff,4,M3,0,6.37855
888b2c8307fffff,4,M3,10,74.3431
888b2c8309fffff,4,M3,3,5.92416
888b2c830bfffff,4,M3,6,61.0356
888b2c8311fffff,4,M3,0,9.27259
888b2c8313fffff,4,M3,3,3.34844
888b2c8315fffff,4,M3,0,4.94887
888b2c8317fffff,4,M3,7,28.1867
888b2c831dfffff,4,M3,3,55.3787
888b2c8321fffff,4,M3,78,481.32
888b2c8323fffff,4,M3,20,206.582
888b2c8325fffff,4,M3,316,670.149
888b2c8327fffff,4,M3,55,306.734
888b2c8329fffff,4,M3,24,131.319
888b2c832bfffff,4,M3,16,70.1017
888b2c832dfffff,4,M3,407,594.04
888b2c8331fffff,4,M3,10,79.1858
888b2c8333fffff,4,M3,9,63.0932
888b2c8335fffff,4,M3,3,16.3869
888b2c8337fffff,4,M3,67,133.109
888b2c8339fffff,4,M3,2,19.0351
888b2c833bfffff,4,M3,13,57.9568
888b2c833dfffff,4,M3,30,54.6917
888b2c8343fffff,4,M3,0,4.24958
888b2c8345fffff,4,M3,0,9.14381
888b2c834bfffff,4,M3,0,2.83326
888b2c834dfffff,4,M3,0,2.50634
888b2c8351fffff,4,M3,0,17.9111
888b2c8353fffff,4,M3,0,9.18115
888b2c8355fffff,4,M3,0,3.35628
888b2c8357fffff,4,M3,2,54.2169
888b2c8367fffff,4,M3,3,52.1869
888b2c8369fffff,4,M3,0,5.79537
888b2c8505fffff,3,M3,8,4.88191
888b2c850dfffff,3,M3,2,4.55645
888b2c8521fffff,3,M3,0,4.05018
888b2c8525fffff,3,M3,0,6.08548
888b2c8529fffff,3,M3,0,4.55645
888b2c852dfffff,3,M3,3,10.128
888b2c8541fffff,3,M3,6,29.0745
888b2c8543fffff,3,M3,17,1.55498
888b2c8545fffff,3,M3,0,25.0605
888b2c8547fffff,3,M3,0,12.9823
888b2c8549fffff,3,M3,6,20.3232
888b2c854bfffff,3,M3,0,3.47158
888b2c854dfffff,3,M3,20,36.6324
888b2c855dfffff,3,M3,1,3.50774
888b2c8561fffff,3,M3,39,26.95
888b2c8563fffff,3,M3,54,7.70257
888b2c8565fffff,3,M3,8,22.3424
888b2c8567fffff,3,M3,3,17.0394
888b2c8569fffff,3,M3,16,34.5569
888b2c856bfffff,3,M3,10,26.4346
888b2c856dfffff,3,M3,1,3.99903
888b2c8701fffff,1,M3,0,15.9213
888b2c8703fffff,1,M3,0,10.3638
888b2c8705fffff,1,M3,0,19.0602
888b2c8707fffff,1,M3,1,15.7701
888b2c8709fffff,1,M3,0,22.3658
888b2c870bfffff,1,M3,0,1.2704
888b2c870dfffff,1,M3,0,20.7242
888b2c8715fffff,1,M3,0,2.60767
888b2c871dfffff,1,M3,0,2.27336
888b2c8721fffff,1,M3,11,30.4056
888b2c8723fffff,1,M3,1,8.05522
888b2c8725fffff,1,M3,37,33.5806
888b2c8727fffff,1,M3,7,29.6159
888b2c8729fffff,1,M3,0,21.0611
888b2c872bfffff,1,M3,1,9.00067
888b2c872dfffff,1,M3,12,45.8091
888b2c8731fffff,1,M3,0,26.586
888b2c8733fffff,1,M3,0,0.468044
888b2c8735fffff,1,M3,3,16.6777
888b2c8737fffff,1,M3,0,8.62249
888b2c8739fffff,1,M3,92,6.78663
888b2c873dfffff,1,M3,0,3.66834
888b2c8741fffff,1,M3,1,17.351
888b2c8743fffff,1,M3,7,26.549
888b2c8745fffff,1,M3,4,23.4867
888b2c8747fffff,1,M3,11,34.2132
888b2c8749fffff,1,M3,0,2.34022
888b2c874bfffff,1,M3,0,18.1868
888b2c874dfffff,1,M3,22,16.2239
888b2c8751fffff,1,M3,0,0.334317
888b2c8755fffff,1,M3,1,11.5005
888b2c8757fffff,1,M3,0,0.635202
888b2c8759fffff,1,M3,1,4.51328
888b2c875dfffff,1,M3,4,24.8397
888b2c8761fffff,1,M3,4,21.6771
888b2c8763fffff,1,M3,6,11.9359
888b2c8765fffff,1,M3,6,27.0842
888b2c8767fffff,1,M3,7,30.5713
888b2c8769fffff,1,M3,5,25.6814
888b2c876bfffff,1,M3,4,24.6033
888b2c876dfffff,1,M3,13,34.3734
888b2c8807fffff,2,M3,1,1.41891
888b2c8809fffff,2,M3,624,351.408
888b2c880bfffff,2,M3,27,96.3128
888b2c880dfffff,2,M3,69,84.305
888b2c8817fffff,2,M3,1,7.48154
888b2c8819fffff,2,M3,130,426.437
888b2c881bfffff,2,M3,230,590.077
888b2c881dfffff,2,M3,26,72.7372
888b2c8823fffff,2,M3,0,4.28421
888b2c8835fffff,2,M3,2,2.55405
888b2c8841fffff,2,M3,7610,3447.8
888b2c8843fffff,2,M3,9693,5780.74
888b2c8845fffff,2,M3,6787,2003.71
888b2c8847fffff,2,M3,3148,1933.12
888b2c8849fffff,2,M3,427,88.1397
888b2c884bfffff,2,M3,7359,3365.33
888b2c884dfffff,2,M3,3395,1919.32
888b2c8851fffff,2,M3,8771,6506.4
888b2c8853fffff,2,M3,4173,6539.17
888b2c8855fffff,2,M3,1523,2846.39
888b2c8857fffff,2,M3,377,611.392
888b2c8859fffff,2,M3,49864,22980.6
888b2c885bfffff,2,M3,13237,24074.1
888b2c885dfffff,2,M3,44930,7007.65
888b2c8861fffff,2,M3,179,182.281
888b2c8865fffff,2,M3,8,86.6139
888b2c8867fffff,2,M3,6,1.93488
888b2c8869fffff,2,M3,2396,1283.8
888b2c886bfffff,2,M3,2002,597.691
888b2c886dfffff,2,M3,1407,501.764
888b2c8881fffff,4,M3,0,4.90318
888b2c8889fffff,4,M3,1,2.1143
888b2c889dfffff,4,M3,0,1.70545
888b2c88c5fffff,4,M3,0,3.43929
888b2c88c9fffff,4,M3,322,1190.39
888b2c88cbfffff,4,M3,35,81.831
888b2c88cdfffff,4,M3,91,238.912
888b2c88d7fffff,4,M3,0,1.38568
888b2c88d9fffff,4,M3,65,195.751
888b2c88dbfffff,4,M3,0,5.88075
888b2c88ddfffff,4,M3,1,12.3116
888b2c88e7fffff,4,M3,0,2.1143
888b2c8901fffff,0,M3,0,7.13382
888b2c8903fffff,0,M3,1,0.813506
888b2c8905fffff,0,M3,0,14.1179
888b2c890bfffff,0,M3,0,1.0878
888b2c890dfffff,0,M3,0,3.25402
888b2c8911fffff,0,M3,0,1.0878
888b2c8919fffff,0,M3,0,0.385992
888b2c891dfffff,0,M3,1,0.736894
888b2c8941fffff,0,M3,1,1.21972
888b2c8949fffff,0,M3,224,91.1698
888b2c894bfffff,0,M3,14,7.7635
888b2c894dfffff,0,M3,4,21.9174
888b2c8961fffff,0,M3,0,1.02819
888b2c8963fffff,0,M3,0,9.21419
888b2c8967fffff,0,M3,0,3.08458
888b2c896bfffff,0,M3,7,1.0951
888b2c89c9fffff,4,M3,4,5.11883
888b2c8a01fffff,2,M3,28521,10936.1
888b2c8a03fffff,2,M3,80049,11982
888b2c8a05fffff,2,M3,3562,1644.99
888b2c8a07fffff,2,M3,26047,5048.52
888b2c8a09fffff,2,M3,10573,25690.7
888b2c8a0bfffff,2,M3,23242,18992
888b2c8a0dfffff,2,M3,6763,7933.16
888b2c8a11fffff,2,M3,19547,21295.3
888b2c8a13fffff,2,M3,17320,23250
888b2c8a15fffff,2,M3,90676,10804.1
888b2c8a17fffff,2,M3,25690,20883.3
888b2c8a19fffff,2,M3,11111,8180.18
888b2c8a1bfffff,2,M3,9041,23767.7
888b2c8a1dfffff,2,M3,7667,10151.3
888b2c8a21fffff,2,M3,71,158.13
888b2c8a23fffff,2,M3,3305,682.152
888b2c8a25fffff,2,M3,44,85.8473
888b2c8a27fffff,2,M3,5,19.0201
888b2c8a29fffff,2,M3,290,79.9825
888b2c8a2bfffff,2,M3,6463,984.339
888b2c8a2dfffff,2,M3,458,141.89
888b2c8a31fffff,2,M3,77452,9470.08
888b2c8a33fffff,2,M3,59673,19647.1
888b2c8a35fffff,2,M3,8514,1903.75
888b2c8a37fffff,2,M3,36486,6603.05
888b2c8a39fffff,2,M3,152494,10330.6
888b2c8a3bfffff,2,M3,112578,12976.9
888b2c8a3dfffff,2,M3,46310,5718.49
888b2c8a41fffff,2,M3,4982,10655.3
888b2c8a43fffff,2,M3,8039,25516.3
888b2c8a45fffff,2,M3,552,8006.62
888b2c8a47fffff,2,M3,1897,24861.3
888b2c8a49fffff,2,M3,2327,4169.75
888b2c8a4bfffff,2,M3,4096,4353.21
888b2c8a4dfffff,2,M3,2939,3935.69
888b2c8a51fffff,2,M3,2073,3669.59
888b2c8a53fffff,2,M3,2229,1940.72
888b2c8a55fffff,2,M3,5141,10863.3
888b2c8a57fffff,2,M3,9943,6421.22
888b2c8a59fffff,2,M3,322,420.549
888b2c8a5bfffff,2,M3,640,364.353
888b2c8a5dfffff,2,M3,1874,4589.87
888b2c8a61fffff,2,M3,9514,4930.58
888b2c8a63fffff,2,M3,825,720.839
888b2c8a65fffff,2,M3,2495,1308.25
888b2c8a67fffff,2,M3,1239,331.052
888b2c8a69fffff,2,M3,1443,10086.6
888b2c8a6bfffff,2,M3,8174,9049.68
888b2c8a6dfffff,2,M3,4312,4879.99
888b2c8a81fffff,1,M3,5943,5033.14
888b2c8a83fffff,1,M3,3205,2107.24
888b2c8a85fffff,1,M3,19271,6685.66
888b2c8a87fffff,1,M3,14797,4193.24
888b2c8a89fffff,1,M3,9392,6284.28
888b2c8a8bfffff,1,M3,1715,2316.86
888b2c8a8dfffff,1,M3,19927,10237.3
888b2c8a91fffff,1,M3,805,897.302
888b2c8a93fffff,1,M3,2126,224.028
888b2c8a95fffff,1,M3,3659,1664.59
888b2c8a97fffff,1,M3,3441,1021.89
888b2c8a99fffff,1,M3,470,638.596
888b2c8a9bfffff,1,M3,218,113.125
888b2c8a9dfffff,1,M3,559,2262.68
888b2c8aa1fffff,1,M3,3943,4430.83
888b2c8aa3fffff,1,M3,4894,2120.1
888b2c8aa5fffff,1,M3,2681,3982.08
888b2c8aa7fffff,1,M3,942,2681.17
888b2c8aa9fffff,1,M3,11586,6172.44
888b2c8aabfffff,1,M3,7773,4397.48
888b2c8aadfffff,1,M3,6457,7068.09
888b2c8ab1fffff,1,M3,959,1441.21
888b2c8ab3fffff,1,M3,353,707.873
888b2c8ab5fffff,1,M3,1630,3024.91
888b2c8ab7fffff,1,M3,426,1036.96
888b2c8ab9fffff,1,M3,6394,2256.88
888b2c8abbfffff,1,M3,1239,1684.88
888b2c8abdfffff,1,M3,3246,2549.73
888b2c8ac1fffff,1,M3,12316,9566.14
888b2c8ac3fffff,1,M3,6897,5721.57
888b2c8ac5fffff,1,M3,28745,19594.7
888b2c8ac7fffff,1,M3,15345,10125.4
888b2c8ac9fffff,1,M3,9217,10936.4
888b2c8acbfffff,1,M3,7779,5219.19
888b2c8acdfffff,1,M3,20622,17844.7
888b2c8ad1fffff,1,M3,775,1001.68
888b2c8ad3fffff,1,M3,651,270.373
888b2c8ad5fffff,1,M3,1524,2487.36
888b2c8ad7fffff,1,M3,646,1106.87
888b2c8ad9fffff,1,M3,2529,1269.11
888b2c8adbfffff,1,M3,339,319.508
888b2c8addfffff,1,M3,3739,4570.78
888b2c8ae1fffff,1,M3,23758,55632.6
888b2c8ae3fffff,1,M3,30707,9802.77
888b2c8ae5fffff,1,M3,92158,53471.1
888b2c8ae7fffff,1,M3,30397,14684.2
888b2c8ae9fffff,1,M3,23054,54047.5
888b2c8aebfffff,1,M3,19475,23274
888b2c8aedfffff,1,M3,47832,41367
888b2c8c4bfffff,1,M3,0,1.81526
888b2c8c51fffff,1,M3,0,1.96653
888b2c8c59fffff,1,M3,0,3.78179
888b2c8c5bfffff,1,M3,0,0.983266
888b2c8c5dfffff,1,M3,0,0.794177
888b2c8c69fffff,1,M3,0,2.76071
888b2c8c6dfffff,1,M3,0,10.7403
888b2c8e01fffff,0,M3,37,166.204
888b2c8e03fffff,0,M3,6,108.651
888b2c8e05fffff,0,M3,24,103.135
888b2c8e07fffff,0,M3,66,96.5194
888b2c8e09fffff,0,M3,88,161.618
888b2c8e0bfffff,0,M3,7,130.535
888b2c8e0dfffff,0,M3,18,79.2856
888b2c8e11fffff,0,M3,0,1.91619
888b2c8e15fffff,0,M3,23,29.1063
888b2c8e19fffff,0,M3,0,30.8903
888b2c8e1dfffff,0,M3,0,29.2822
888b2c8e21fffff,0,M3,44,21.2071
888b2c8e23fffff,0,M3,0,1.27151
888b2c8e25fffff,0,M3,13,13.7117
888b2c8e29fffff,0,M3,18,83.2966
888b2c8e2bfffff,0,M3,25,78.6679
888b2c8e2dfffff,0,M3,26,48.8301
888b2c8e33fffff,0,M3,1,2.39517
888b2c8e35fffff,0,M3,0,0.380185
888b2c8e37fffff,0,M3,0,1.0265
888b2c8e39fffff,0,M3,14,34.7531
888b2c8e3bfffff,0,M3,19,4.32795
888b2c8e3dfffff,0,M3,0,4.73931
888b2c8e41fffff,0,M3,70,118.716
888b2c8e43fffff,0,M3,63,136.7
888b2c8e45fffff,0,M3,9,39.0068
888b2c8e47fffff,0,M3,32,89.4107
888b2c8e49fffff,0,M3,114,201.924
888b2c8e4bfffff,0,M3,3,60.6872
888b2c8e4dfffff,0,M3,75,195.622
888b2c8e51fffff,0,M3,4,24.4449
888b2c8e53fffff,0,M3,0,19.5253
888b2c8e55fffff,0,M3,6,107.458
888b2c8e57fffff,0,M3,28,40.8621
888b2c8e59fffff,0,M3,0,4.82351
888b2c8e5bfffff,0,M3,3,18.5672
888b2c8e5dfffff,0,M3,3,40.6084
888b2c8e61fffff,0,M3,1053,264.356
888b2c8e63fffff,0,M3,94,170.125
888b2c8e65fffff,0,M3,70,118.186
888b2c8e67fffff,0,M3,55,155.603
888b2c8e69fffff,0,M3,165,151.151
888b2c8e6bfffff,0,M3,21,98.683
888b2c8e6dfffff,0,M3,130,154.437
888b2c8ee1fffff,1,M3,0,6.35341
888b2c8ee3fffff,1,M3,0,4.38688
888b2c8ee5fffff,1,M3,22,3.5927
888b2c8ee7fffff,1,M3,1,6.35341
888b2c8eedfffff,1,M3,13,0.415997
888b2c9023fffff,2,M3,0,1.38139
888b2c9027fffff,2,M3,6,5.60243
888b2c902bfffff,2,M3,1,0.96697
888b2c9101fffff,4,M3,1,4.74303
888b2c9105fffff,4,M3,0,2.06219
888b2c9113fffff,4,M3,11,33.1312
888b2c9117fffff,4,M3,3,1.71358
888b2c9119fffff,4,M3,0,1.31297
888b2c911bfffff,4,M3,0,5.46871
888b2c911dfffff,4,M3,0,4.53681
888b2c9121fffff,4,M3,0,2.53257
888b2c9123fffff,4,M3,1,6.96455
888b2c9129fffff,4,M3,0,2.06219
888b2c912bfffff,4,M3,3,7.70322
888b2c912dfffff,4,M3,0,2.37151
888b2c9133fffff,4,M3,3,8.82622
888b2c9135fffff,4,M3,0,2.97885
888b2c9137fffff,4,M3,1,11.4741
888b2c913dfffff,4,M3,0,1.37181
888b2c9181fffff,4,M3,1,2.09623
888b2c9185fffff,4,M3,0,4.63377
888b2c9189fffff,4,M3,0,5.63034
888b2c918bfffff,4,M3,0,11.291
888b2c918dfffff,4,M3,0,14.9326
888b2c9199fffff,4,M3,0,2.63809
888b2c91a9fffff,4,M3,0,4.22413
888b2c91c1fffff,4,M3,5,3.51596
888b2c91c3fffff,4,M3,0,6.81711
888b2c91c5fffff,4,M3,79,43.733
888b2c91c7fffff,4,M3,2,19.7219
888b2c91c9fffff,4,M3,1,8.5031
888b2c91cbfffff,4,M3,0,5.05235
888b2c91cdfffff,4,M3,7,35.5653
888b2c91d1fffff,4,M3,0,4.4337
888b2c91d3fffff,4,M3,0,1.03109
888b2c91d5fffff,4,M3,51,4.00989
888b2c91ddfffff,4,M3,0,8.66118
888b2c91e3fffff,4,M3,0,4.19246
888b2c91e5fffff,4,M3,0,1.65492
888b2c91e7fffff,4,M3,7,1.54541
888b2c91e9fffff,4,M3,4,20.4826
888b2c91ebfffff,4,M3,2,14.8083
888b2c91edfffff,4,M3,3,8.12531
888b2c9521fffff,3,M3,0,1.69963
888b2c9523fffff,3,M3,10,14.2118
888b2c9527fffff,3,M3,33,4.4118
888b2c9529fffff,3,M3,2,7.16014
888b2c952bfffff,3,M3,0,3.32693
888b2c9531fffff,3,M3,0,5.17121
888b2c9533fffff,3,M3,0,12.476
888b2c9535fffff,3,M3,36,20.4679
888b2c9537fffff,3,M3,6,13.0184
888b2c9539fffff,3,M3,0,1.33801
888b2c953dfffff,3,M3,8,4.77342
888b2c9561fffff,3,M3,0,1.04871
888b2c9563fffff,3,M3,0,0.650922
888b2c9565fffff,3,M3,0,1.19336
888b2c9567fffff,3,M3,3,8.38966
888b2c9585fffff,0,M3,0,3.06782
888b2c9587fffff,0,M3,2,7.22717
888b2c95a1fffff,0,M3,2,4.97797
888b2c95a3fffff,0,M3,0,3.84925
888b2c95a5fffff,0,M3,1,18.6663
888b2c95a7fffff,0,M3,2,11.6623
888b2c95a9fffff,0,M3,0,12.1266
888b2c95abfffff,0,M3,5,8.47992
888b2c95adfffff,0,M3,1,17.2493
888b2c95b1fffff,0,M3,1,11.5901
888b2c95b3fffff,0,M3,0,5.76175
888b2c95b5fffff,0,M3,0,4.89115
888b2c95b7fffff,0,M3,16,11.5767
888b2c95b9fffff,0,M3,0,2.33135
888b2c95bdfffff,0,M3,0,0.318359
888b2c95e1fffff,0,M3,0,5.96199
888b2c95e3fffff,0,M3,0,1.3892
888b2c95e5fffff,0,M3,17,22.5166
888b2c95e7fffff,0,M3,0,13.7184
888b2c95edfffff,0,M3,0,1.70756
888b2c9803fffff,2,M3,0,4.77855
888b2c9811fffff,2,M3,1,20.8443
888b2c9813fffff,2,M3,22,136.464
888b2c9817fffff,2,M3,4,24.0205
888b2c9819fffff,2,M3,0,7.00304
888b2c981bfffff,2,M3,14,50.2571
888b2c9821fffff,2,M3,1,7.3326
888b2c9823fffff,2,M3,23,30.1543
888b2c9827fffff,2,M3,40,60.7992
888b2c9833fffff,2,M3,3,88.2759
888b2c9835fffff,2,M3,6,63.1702
888b2c9837fffff,2,M3,26,372.652
888b2c983bfffff,2,M3,0,3.70749
888b2c9853fffff,2,M3,0,1.64777
888b2c985bfffff,2,M3,0,3.70749
888b2c9861fffff,2,M3,1,7.66215
888b2c9865fffff,2,M3,8,18.4551
888b2c9867fffff,2,M3,5,5.93199
888b2c9869fffff,2,M3,2,16.5601
888b2c986bfffff,2,M3,0,5.27288
888b2c986dfffff,2,M3,2,16.3954
888b2c9881fffff,0,M3,360,283.661
888b2c9883fffff,0,M3,74,254.808
888b2c9885fffff,0,M3,294,563.626
888b2c9887fffff,0,M3,691,923.512
888b2c9889fffff,0,M3,207,192.047
888b2c988bfffff,0,M3,33,95.7998
888b2c988dfffff,0,M3,464,377.138
888b2c9891fffff,0,M3,19,200.661
888b2c9893fffff,0,M3,143,720.792
888b2c9895fffff,0,M3,9,83.4462
888b2c9897fffff,0,M3,29,190.76
888b2c9899fffff,0,M3,19,136.04
888b2c989bfffff,0,M3,262,278.469
888b2c989dfffff,0,M3,130,74.3373
888b2c98a1fffff,0,M3,544,1579.72
888b2c98a3fffff,0,M3,896,2839.85
888b2c98a5fffff,0,M3,490,1061.31
888b2c98a7fffff,0,M3,1904,2286.08
888b2c98a9fffff,0,M3,326,3102.88
888b2c98abfffff,0,M3,1033,2016.71
888b2c98adfffff,0,M3,457,2739.62
888b2c98b1fffff,0,M3,258,586.97
888b2c98b3fffff,0,M3,44,181.859
888b2c98b5fffff,0,M3,2343,3137.97
888b2c98b7fffff,0,M3,212,1017.17
888b2c98b9fffff,0,M3,130,219.721
888b2c98bbfffff,0,M3,33,106.055
888b2c98bdfffff,0,M3,881,1615.83
888b2c98c1fffff,0,M3,560,221.187
888b2c98c3fffff,0,M3,98,154.5
888b2c98c5fffff,0,M3,133,281.788
888b2c98c7fffff,0,M3,836,321.674
888b2c98c9fffff,0,M3,89,99.0211
888b2c98cbfffff,0,M3,132,67.5163
888b2c98cdfffff,0,M3,56,93.7606
888b2c98d1fffff,0,M3,8,36.984
888b2c98d3fffff,0,M3,23,208.913
888b2c98d5fffff,0,M3,261,72.1323
888b2c98d7fffff,0,M3,4,47.1211
888b2c98d9fffff,0,M3,6,11.1477
888b2c98dbfffff,0,M3,1,52.2643
888b2c98ddfffff,0,M3,28,41.5631
888b2c98e1fffff,0,M3,226,243.78
888b2c98e3fffff,0,M3,488,408.667
888b2c98e5fffff,0,M3,196,408.844
888b2c98e7fffff,0,M3,334,1064.56
888b2c98e9fffff,0,M3,126,165.629
888b2c98ebfffff,0,M3,233,325.098
888b2c98edfffff,0,M3,44,53.77
888b2c9901fffff,4,M3,1,7.20685
888b2c9903fffff,4,M3,0,11.9771
888b2c9909fffff,4,M3,0,6.67693
888b2c990bfffff,4,M3,14,12.8285
888b2c990dfffff,4,M3,0,5.98203
888b2c9911fffff,4,M3,93,36.5096
888b2c9913fffff,4,M3,188,310.735
888b2c9915fffff,4,M3,5,23.5556
888b2c9917fffff,4,M3,27,140.896
888b2c9919fffff,4,M3,0,9.78774
888b2c991bfffff,4,M3,26,10.6187
888b2c991dfffff,4,M3,29,23.1815
888b2c9933fffff,4,M3,0,17.706
888b2c9939fffff,4,M3,0,1.54543
888b2c993bfffff,4,M3,7,15.3965
888b2c993dfffff,4,M3,0,3.99237
888b2c9943fffff,4,M3,13,5.79383
888b2c9949fffff,4,M3,14,14.1937
888b2c994bfffff,4,M3,114,22.8756
888b2c994dfffff,4,M3,1,2.36562
888b2c9955fffff,4,M3,75,39.4257
888b2c9957fffff,4,M3,2,1.635
888b2c9959fffff,4,M3,4,7.10086
888b2c995dfffff,4,M3,4,17.7811
888b2c9981fffff,3,M3,871,1005.18
888b2c9983fffff,3,M3,1193,1092.83
888b2c9985fffff,3,M3,183,305.265
888b2c9987fffff,3,M3,1541,905.715
888b2c9989fffff,3,M3,903,855.137
888b2c998bfffff,3,M3,690,1415.07
888b2c998dfffff,3,M3,251,304.501
888b2c9991fffff,3,M3,2385,1781.24
888b2c9993fffff,3,M3,554,5271.85
888b2c9995fffff,3,M3,1903,2244.32
888b2c9997fffff,3,M3,2222,5384.39
888b2c9999fffff,3,M3,577,1148.69
888b2c999bfffff,3,M3,3996,2157.17
888b2c999dfffff,3,M3,2484,1606.4
888b2c99a3fffff,3,M3,9,1.31363
888b2c99a9fffff,3,M3,1,19.915
888b2c99abfffff,3,M3,118,80.7838
888b2c99b1fffff,3,M3,614,714.509
888b2c99b3fffff,3,M3,1167,3334.2
888b2c99b5fffff,3,M3,0,9.46076
888b2c99b7fffff,3,M3,98,93.4937
888b2c99b9fffff,3,M3,3761,2348.68
888b2c99bbfffff,3,M3,2193,3667.89
888b2c99bdfffff,3,M3,281,214.719
888b2c99c1fffff,3,M3,239,724.252
888b2c99c3fffff,3,M3,129,1076.96
888b2c99c5fffff,3,M3,419,694.373
888b2c99c7fffff,3,M3,498,637.537
888b2c99c9fffff,3,M3,90,198.625
888b2c99cbfffff,3,M3,42,685.91
888b2c99cdfffff,3,M3,119,297.813
888b2c99d1fffff,3,M3,565,1569.62
888b2c99d3fffff,3,M3,300,1421.6
888b2c99d5fffff,3,M3,344,993.975
888b2c99d7fffff,3,M3,327,1386.6
888b2c99d9fffff,3,M3,223,1623.25
888b2c99dbfffff,3,M3,557,1770.86
888b2c99ddfffff,3,M3,191,955.786
888b2c99e1fffff,3,M3,48,64.5521
888b2c99e3fffff,3,M3,83,74.6657
888b2c99e5fffff,3,M3,4,27.5862
888b2c99e7fffff,3,M3,3,27.283
888b2c99e9fffff,3,M3,153,337.548
888b2c99ebfffff,3,M3,128,212.246
888b2c99edfffff,3,M3,31,83.3434
888b2c9a01fffff,1,M3,2,0.831995
888b2c9a03fffff,1,M3,0,0.378179
888b2c9a07fffff,1,M3,1,1.32363
888b2c9a11fffff,1,M3,0,1.02108
888b2c9a13fffff,1,M3,0,1.70181
888b2c9a15fffff,1,M3,0,0.491633
888b2c9a17fffff,1,M3,1,3.97088
888b2c9a21fffff,1,M3,20,5.8996
888b2c9a23fffff,1,M3,0,1.81526
888b2c9a25fffff,1,M3,35,1.85308
888b2c9a27fffff,1,M3,0,2.72289
888b2c9a29fffff,1,M3,0,0.831995
888b2c9a2bfffff,1,M3,3,1.92871
888b2c9a31fffff,1,M3,0,0.529451
888b2c9a35fffff,1,M3,2,1.55054
888b2c9a39fffff,1,M3,0,0.718541
888b2c9a3bfffff,1,M3,0,1.66399
888b2c9a3dfffff,1,M3,4,1.13454
888b2c9a5bfffff,1,M3,0,0.378179
888b2c9a91fffff,1,M3,0,0.869812
888b2c9a93fffff,1,M3,0,1.13454
888b2c9a97fffff,1,M3,2,1.21017
888b2c9aa1fffff,1,M3,1,0.983266
888b2c9aa3fffff,1,M3,0,13.2082
888b2c9aa5fffff,1,M3,0,1.4749
888b2c9aa7fffff,1,M3,13,17.6713
888b2c9aa9fffff,1,M3,24,0.983266
888b2c9aabfffff,1,M3,0,0.491633
888b2c9aadfffff,1,M3,0,2.19344
888b2c9ab1fffff,1,M3,0,0.423341
888b2c9ab5fffff,1,M3,19,14.5681
888b2c9ab7fffff,1,M3,11,19.8124
888b2c9abbfffff,1,M3,0,1.35469
888b2c9ac1fffff,1,M3,0,0.567269
888b2c9ac3fffff,1,M3,11,1.51272
888b2c9ac5fffff,1,M3,1,1.73962
888b2c9ac7fffff,1,M3,0,0.983266
888b2c9acbfffff,1,M3,3,0.453815
888b2c9ad9fffff,1,M3,1,1.51272
888b2c9adbfffff,1,M3,0,0.378179
888b2c9aebfffff,1,M3,0,0.605087
888b2cc64bfffff,4,M3,1,1.63457
888b2cd001fffff,4,M3,2,36.7464
888b2cd003fffff,4,M3,2,19.6503
888b2cd005fffff,4,M3,16,44.3868
888b2cd007fffff,4,M3,21,41.655
888b2cd009fffff,4,M3,0,17.1148
888b2cd00bfffff,4,M3,8,26.623
888b2cd00dfffff,4,M3,3,32.1986
888b2cd011fffff,4,M3,0,6.45678
888b2cd015fffff,4,M3,0,3.10749
888b2cd017fffff,4,M3,0,0.827792
888b2cd019fffff,4,M3,0,16.0853
888b2cd01bfffff,4,M3,0,12.456
888b2cd01dfffff,4,M3,8,25.8638
888b2cd021fffff,4,M3,0,13.0398
888b2cd023fffff,4,M3,0,3.72506
888b2cd025fffff,4,M3,0,7.36735
888b2cd027fffff,4,M3,0,2.4006
888b2cd029fffff,4,M3,1,35.6784
888b2cd02bfffff,4,M3,0,22.0047
888b2cd02dfffff,4,M3,11,29.8632
888b2cd031fffff,4,M3,0,2.48338
888b2cd037fffff,4,M3,0,1.07613
888b2cd039fffff,4,M3,3,32.5863
888b2cd03dfffff,4,M3,1,5.97659
888b2cd041fffff,4,M3,0,38.7475
888b2cd043fffff,4,M3,0,15.847
888b2cd045fffff,4,M3,21,66.6419
888b2cd047fffff,4,M3,5,52.0271
888b2cd049fffff,4,M3,0,8.60266
888b2cd04bfffff,4,M3,0,13.1616
888b2cd04dfffff,4,M3,4,29.379
888b2cd051fffff,4,M3,0,2.30294
888b2cd053fffff,4,M3,6,39.089
888b2cd055fffff,4,M3,0,6.88213
888b2cd057fffff,4,M3,11,36.3156
888b2cd05bfffff,4,M3,3,21.1877
888b2cd05dfffff,4,M3,0,2.64893
888b2cd061fffff,4,M3,10,40.5666
888b2cd063fffff,4,M3,0,16.0993
888b2cd065fffff,4,M3,0,37.0487
888b2cd067fffff,4,M3,1,12.1343
888b2cd069fffff,4,M3,15,79.8477
888b2cd06bfffff,4,M3,8,48.207
888b2cd06dfffff,4,M3,17,116.291
888b2cd087fffff,3,M3,0,0.578597
888b2cd089fffff,3,M3,0,0.433948
888b2cd097fffff,3,M3,0,1.88044
888b2cd0a9fffff,3,M3,0,0.94022
888b2cd0abfffff,3,M3,0,2.06125
888b2cd0b3fffff,3,M3,0,8.60663
888b2cd0b7fffff,3,M3,0,1.69963
888b2cd0bbfffff,3,M3,0,0.361623
888b2cd0bdfffff,3,M3,0,0.433948
888b2cd0c3fffff,3,M3,0,0.506272
888b2cd0cdfffff,3,M3,0,5.89446
888b2cd0e5fffff,3,M3,0,1.69963
888b2cd141fffff,2,M3,0,14.5736
888b2cd143fffff,2,M3,0,32.7389
888b2cd149fffff,2,M3,6,19.1322
888b2cd14bfffff,2,M3,0,31.3575
888b2cd14dfffff,2,M3,0,1.24325
888b2cd151fffff,2,M3,0,6.35438
888b2cd153fffff,2,M3,2,11.5346
888b2cd155fffff,2,M3,0,4.83485
888b2cd157fffff,2,M3,0,3.66067
888b2cd159fffff,2,M3,1,13.8139
888b2cd15bfffff,2,M3,0,9.60064
888b2cd15dfffff,2,M3,0,21.964
888b2cd201fffff,3,M3,0,4.15867
888b2cd203fffff,3,M3,1,10.6679
888b2cd205fffff,3,M3,0,5.93062
888b2cd207fffff,3,M3,0,5.09889
888b2cd20bfffff,3,M3,0,0.614759
888b2cd20dfffff,3,M3,0,5.74981
888b2cd211fffff,3,M3,0,7.05165
888b2cd213fffff,3,M3,0,4.7011
888b2cd219fffff,3,M3,0,10.0893
888b2cd21bfffff,3,M3,0,12.1505
888b2cd21dfffff,3,M3,0,4.95424
888b2cd221fffff,3,M3,0,9.07674
888b2cd223fffff,3,M3,15,7.05165
888b2cd225fffff,3,M3,0,8.17268
888b2cd227fffff,3,M3,4,9.36604
888b2cd229fffff,3,M3,0,9.83615
888b2cd22bfffff,3,M3,0,4.91807
888b2cd22dfffff,3,M3,0,1.73579
888b2cd231fffff,3,M3,0,19.6
888b2cd233fffff,3,M3,2,7.1963
888b2cd235fffff,3,M3,0,6.18375
888b2cd237fffff,3,M3,0,5.60516
888b2cd239fffff,3,M3,0,6.50922
888b2cd23dfffff,3,M3,9,7.41327
888b2cd251fffff,3,M3,4,13.4524
888b2cd253fffff,3,M3,9,30.5572
888b2cd255fffff,3,M3,0,2.02509
888b2cd257fffff,3,M3,0,10.704
888b2cd25bfffff,3,M3,0,10.1254
888b2cd261fffff,3,M3,0,4.08634
888b2cd263fffff,3,M3,1,0.759409
888b2cd265fffff,3,M3,0,5.17121
888b2cd267fffff,3,M3,0,5.09889
888b2cd301fffff,2,M3,0,16.6457
888b2cd303fffff,2,M3,1,19.2703
888b2cd305fffff,2,M3,0,15.4025
888b2cd307fffff,2,M3,1,22.7238
888b2cd309fffff,2,M3,2,12.2253
888b2cd30bfffff,2,M3,1,30.1142
888b2cd30dfffff,2,M3,0,17.5436
888b2cd311fffff,2,M3,6,42.6848
888b2cd313fffff,2,M3,26,41.7497
888b2cd315fffff,2,M3,41,67.1979
888b2cd317fffff,2,M3,225,90.2119
888b2cd319fffff,2,M3,0,21.964
888b2cd31bfffff,2,M3,3,22.1713
888b2cd31dfffff,2,M3,3,29.7689
888b2cd321fffff,2,M3,0,9.25529
888b2cd323fffff,2,M3,0,19.6157
888b2cd327fffff,2,M3,1,8.63367
888b2cd329fffff,2,M3,2,17.1983
888b2cd32bfffff,2,M3,0,20.0301
888b2cd331fffff,2,M3,1,26.937
888b2cd333fffff,2,M3,1,28.6638
888b2cd335fffff,2,M3,10,32.9461
888b2cd337fffff,2,M3,0,25.3484
888b2cd339fffff,2,M3,10,41.7869
888b2cd33bfffff,2,M3,31,73.7628
888b2cd33dfffff,2,M3,0,30.4596
888b2cd341fffff,2,M3,0,2.6937
888b2cd343fffff,2,M3,0,8.84087
888b2cd347fffff,2,M3,3,36.1233
888b2cd34bfffff,2,M3,0,4.62764
888b2cd351fffff,2,M3,0,25.0031
888b2cd353fffff,2,M3,1,16.3004
888b2cd355fffff,2,M3,0,18.0271
888b2cd357fffff,2,M3,4,18.0962
888b2cd359fffff,2,M3,0,16.4385
888b2cd35bfffff,2,M3,0,7.45949
888b2cd35dfffff,2,M3,0,15.955
888b2cd363fffff,2,M3,0,8.21925
888b2cd36bfffff,2,M3,0,9.94598
888b2cd401fffff,2,M3,3,18.7846
888b2cd403fffff,2,M3,5,27.765
888b2cd405fffff,2,M3,0,28.5889
888b2cd407fffff,2,M3,21,15.7362
888b2cd40bfffff,2,M3,11,15.7362
888b2cd40dfffff,2,M3,0,2.96599
888b2cd411fffff,2,M3,6,33.285
888b2cd413fffff,2,M3,65,100.407
888b2cd415fffff,2,M3,14,65.5505
888b2cd417fffff,2,M3,46,89.0388
888b2cd419fffff,2,M3,0,3.46033
888b2cd41bfffff,2,M3,1,26.4468
888b2cd41dfffff,2,M3,4,38.3931
888b2cd421fffff,2,M3,0,17.0545
888b2cd423fffff,2,M3,1,9.80426
888b2cd425fffff,2,M3,1,13.6765
888b2cd427fffff,2,M3,0,31.9668
888b2cd429fffff,2,M3,0,6.42632
888b2cd42bfffff,2,M3,4,65.3343
888b2cd42dfffff,2,M3,0,16.1482
888b2cd431fffff,2,M3,31,121.246
888b2cd433fffff,2,M3,110,84.7642
888b2cd435fffff,2,M3,32,62.471
888b2cd437fffff,2,M3,103,80.1564
888b2cd439fffff,2,M3,7,80.2444
888b2cd43bfffff,2,M3,28,72.4861
888b2cd43dfffff,2,M3,4,62.471
888b2cd451fffff,2,M3,2,19.1966
888b2cd453fffff,2,M3,30,68.3002
888b2cd457fffff,2,M3,0,3.78988
888b2cd459fffff,2,M3,0,2.55405
888b2cd45bfffff,2,M3,6,5.19049
888b2cd45dfffff,2,M3,1,0.823887
888b2cd461fffff,2,M3,0,5.93199
888b2cd463fffff,2,M3,0,6.83826
888b2cd467fffff,2,M3,0,12.4407
888b2cd46dfffff,2,M3,0,2.05972
888b2cd629fffff,3,M3,2,0.723246
888b2cd651fffff,3,M3,9,2.08645
888b2cd681fffff,0,M3,0,4.63928
888b2cd683fffff,0,M3,31,31.1347
888b2cd685fffff,0,M3,0,6.76991
888b2cd687fffff,0,M3,6,8.52253
888b2cd689fffff,0,M3,6,8.621
888b2cd68dfffff,0,M3,36,6.22007
888b2cd691fffff,0,M3,0,1.58564
888b2cd693fffff,0,M3,21,7.89771
888b2cd695fffff,0,M3,3,13.8123
888b2cd697fffff,0,M3,3,16.8627
888b2cd69dfffff,0,M3,0,4.37753
888b2cd6a1fffff,0,M3,2,13.8835
888b2cd6a3fffff,0,M3,19,14.399
888b2cd6a5fffff,0,M3,4,4.81111
888b2cd6a7fffff,0,M3,0,16.7358
888b2cd6a9fffff,0,M3,9,18.6946
888b2cd6abfffff,0,M3,1,6.22007
888b2cd6adfffff,0,M3,0,4.63928
888b2cd6b1fffff,0,M3,8,44.8863
888b2cd6b3fffff,0,M3,86,40.1535
888b2cd6b5fffff,0,M3,24,48.713
888b2cd6b7fffff,0,M3,79,93.2771
888b2cd6b9fffff,0,M3,23,34.975
888b2cd6bbfffff,0,M3,16,27.4259
888b2cd6bdfffff,0,M3,15,34.3307
888b2cd6c7fffff,0,M3,0,5.10142
888b2cd6cbfffff,0,M3,0,1.02819
888b2cd6d3fffff,0,M3,0,1.75217
888b2cd6dbfffff,0,M3,0,0.870067
888b2cd6e1fffff,0,M3,1,6.08261
888b2cd6e3fffff,0,M3,25,26.4954
888b2cd6e7fffff,0,M3,16,7.83523
888b2cd6ebfffff,0,M3,0,4.46746
888b2cd6edfffff,0,M3,0,1.4447
888b2cd707fffff,0,M3,0,0.566184
888b2cd717fffff,0,M3,0,0.532259
888b2cd749fffff,0,M3,0,0.333049
888b2cd74dfffff,0,M3,0,0.699404
88b32d900dfffff,2,M3,6,29.3576
88b32d9041fffff,2,M3,0,1.7958
88b32d9043fffff,2,M3,0,3.17719
88b32d9045fffff,2,M3,0,6.69972
88b32d9047fffff,2,M3,6,64.3035
88b32d904bfffff,2,M3,2,9.60064
88b32d904dfffff,2,M3,2,29.8379
88b32d9055fffff,2,M3,0,3.52254
88b32d9059fffff,2,M3,1,14.5736
88b32d905dfffff,2,M3,0,13.7448
88b32d9061fffff,2,M3,3,6.76879
88b32d9065fffff,2,M3,0,4.35137
88b32d9069fffff,2,M3,0,1.51953
88b32d906bfffff,2,M3,18,100.427
88b32d906dfffff,2,M3,0,11.3964
88b32d9201fffff,1,M3,14,1.10325
88b32d9205fffff,1,M3,9,3.61062
88b32d9209fffff,1,M3,13,2.37365
88b32d920bfffff,1,M3,3,4.51328
88b32d920dfffff,1,M3,4,0.635202
88b32d9211fffff,1,M3,0,1.47099
88b32d9213fffff,1,M3,0,1.90561
88b32d9215fffff,1,M3,0,1.47099
88b32d9217fffff,1,M3,4,9.36087
88b32d9219fffff,1,M3,0,1.67158
88b32d921bfffff,1,M3,0,3.97837
88b32d9229fffff,1,M3,4,2.70797
88b32d922dfffff,1,M3,23,7.85645
88b32d9231fffff,1,M3,0,4.21239
88b32d9233fffff,1,M3,0,6.68634
88b32d9235fffff,1,M3,0,0.468044
88b32d9237fffff,1,M3,0,2.23992
88b32d923bfffff,1,M3,1,11.6342
88b32d9243fffff,1,M3,0,0.635202
88b32d9251fffff,1,M3,3,5.01475
88b32d9253fffff,1,M3,12,4.14553
88b32d9255fffff,1,M3,12,6.21829
88b32d9257fffff,1,M3,56,16.7158
88b32d925bfffff,1,M3,0,2.57424
88b32d925dfffff,1,M3,1,0.835792
88b32d9267fffff,1,M3,1,2.30679
88b32d9281fffff,0,M3,0,3.09676
88b32d9285fffff,0,M3,0,8.27733
88b32d9289fffff,0,M3,1,4.83327
88b32d928bfffff,0,M3,10,26.3089
88b32d928dfffff,0,M3,0,1.43211
88b32d9299fffff,0,M3,9,14.6156
88b32d929dfffff,0,M3,1,58.4301
88b32d92a9fffff,0,M3,1,5.09565
88b32d92c1fffff,0,M3,4,6.16458
88b32d92c3fffff,0,M3,2,12.7054
88b32d92c5fffff,0,M3,0,4.19642
88b32d92c7fffff,0,M3,0,7.11966
88b32d92c9fffff,0,M3,5,8.7592
88b32d92cbfffff,0,M3,2,5.87517
88b32d92cdfffff,0,M3,7,5.3954
88b32d92d1fffff,0,M3,0,8.56675
88b32d92d3fffff,0,M3,5,16.0916
88b32d92d5fffff,0,M3,4,13.3711
88b32d92d7fffff,0,M3,2,10.886
88b32d92d9fffff,0,M3,0,9.81124
88b32d92dbfffff,0,M3,0,10.8821
88b32d92ddfffff,0,M3,0,5.09374
88b32d92e1fffff,0,M3,0,1.09906
88b32d92e3fffff,0,M3,0,0.999148
88b32d92e5fffff,0,M3,0,1.96499
88b32d92e7fffff,0,M3,0,1.19898
88b32d92e9fffff,0,M3,0,4.86252
88b32d92ebfffff,0,M3,0,1.9983
88b32d92edfffff,0,M3,0,4.92009
88b32d9305fffff,3,M3,8,1.6273
88b32d9309fffff,3,M3,8,6.50922
88b32d930bfffff,3,M3,1,6.07527
88b32d930dfffff,3,M3,16,6.47305
88b32d9311fffff,3,M3,0,4.1225
88b32d9313fffff,3,M3,1,10.5594
88b32d9315fffff,3,M3,0,14.6819
88b32d9317fffff,3,M3,0,33.3416
88b32d931bfffff,3,M3,1,5.20737
88b32d9325fffff,3,M3,0,1.04871
88b32d9329fffff,3,M3,0,2.63985
88b32d9331fffff,3,M3,2,16.2007
88b32d9333fffff,3,M3,0,16.3815
88b32d9335fffff,3,M3,0,2.74834
88b32d9337fffff,3,M3,0,7.01549
88b32d9339fffff,3,M3,0,9.51069
88b32d933bfffff,3,M3,0,19.4192
88b32d9351fffff,3,M3,1,4.1225
88b32d9353fffff,3,M3,8,14.2841
88b32d9355fffff,3,M3,1,7.88338
88b32d9357fffff,3,M3,17,8.49814
88b32d9359fffff,3,M3,0,0.542435
88b32d935bfffff,3,M3,1,4.33948
88b32d9361fffff,3,M3,2,11.6443
88b32d9363fffff,3,M3,34,16.7793
88b32d9365fffff,3,M3,31,7.30258
88b32d9367fffff,3,M3,19,13.0908
88b32d9369fffff,3,M3,0,0.521613
88b32d936bfffff,3,M3,0,1.88044
