{
"type": "FeatureCollection",
"name": "predictions_by_cell",
"crs": { "type": "name", "properties": { "name": "urn:ogc:def:crs:OGC:1.3:CRS84" } },
"xy_coordinate_resolution": 1e-06,
"features": [
{ "type": "Feature", "properties": { "h3_cell": "888b2c8001fffff", "lat": -17.429584946113941, "lon": -66.270150299286854, "population": 253, "query_count": 35, "expected_count": 175.90570028946783, "p_low": 0.39111223347477991, "pearson_residual": -0.5185006435684254, "gap_category": "esperado", "gtfs_covered": 0, "dist_stop_m": 1733.9371720027075, "in_test": false, "model_id": "B1", "model_date": "2026-09-27", "edge_cell": false, "queries_per_1000": 138.33992094861659 }, "geometry": { "type": "Polygon", "coordinates": [ [ [ -66.270794, -17.424701 ], [ -66.274757, -17.427852 ], [ -66.274114, -17.432736 ], [ -66.269507, -17.434468 ], [ -66.265544, -17.431318 ], [ -66.266187, -17.426434 ], [ -66.270794, -17.424701 ] ] ] } },
{ "type": "Feature", "properties": { "h3_cell": "888b2c8003fffff", "lat": -17.422968292986823, "lon": -66.275400138530088, "population": 10, "query_count": 3, "expected_count": 18.825308591514755, "p_low": 0.38543530796376374, "pearson_residual": -0.53881207250140639, "gap_category": "esperado", "gtfs_covered": 0, "dist_stop_m": 873.26386491954531, "in_test": false, "model_id": "B1", "model_date": "2026-09-27", "edge_cell": false, "queries_per_1000": 300.0 }, "geometry": { "type": "Polygon", "coordinates": [ [ [ -66.276043, -17.418084 ], [ -66.280007, -17.421235 ], [ -66.279364, -17.426119 ], [ -66.274757, -17.427852 ], [ -66.270794, -17.424701 ], [ -66.271437, -17.419818 ], [ -66.276043, -17.418084 ] ] ] } },
{ "type": "Feature", "properties": { "h3_cell": "888b2c8005fffff", "lat": -17.428166743282471, "lon": -66.261580918691692, "population": 200, "query_count": 0, "expected_count": 110.78657442992569, "p_low": 0.096031477377787694, "pearson_residual": -0.646839967141149, "gap_category": "esperado", "gtfs_covered": 0, "dist_stop_m": 1792.6015962289976, "in_test": false, "model_id": "B1", "model_date": "2026-09-27", "edge_cell": false, "queries_per_1000": 0.0 }, "geometry": { "type": "Polygon", "coordinates": [ [ [ -66.262224, -17.423283 ], [ -66.266187, -17.426434 ], [ -66.265544, -17.431318 ], [ -66.260938, -17.43305 ], [ -66.256975, -17.429899 ], [ -66.257618, -17.425016 ], [ -66.262224, -17.423283 ] ] ] } },
{ "type": "Feature", "properties": { "h3_cell": "888b2c8007fffff", "lat": -17.421550531567654, "lon": -66.266830450860624, "population": 69, "query_count": 4, "expected_count": 67.203246533648965, "p_low": 0.25426849908914584, "pearson_residual": -0.60759582006187329, "gap_category": "esperado", "gtfs_covered": 0, "dist_stop_m": 1049.37405450181, "in_test": false, "model_id": "B1", "model_date": "2026-09-27", "edge_cell": false, "queries_per_1000": 57.971014492753625 }, "geometry": { "type": "Polygon", "coordinates": [ [ [ -66.267474, -17.416667 ], [ -66.271437, -17.419818 ], [ -66.270794, -17.424701 ], [ -66.266187, -17.426434 ], [ -66.262224, -17.423283 ], [ -66.262868, -17.4184 ], [ -66.267474, -17.416667 ] ] ] } },
{ "type": "Feature", "properties": { "h3_cell": "888b2c8009fffff", "lat": -17.437619305682734, "lon": -66.273470440031005, "population": 137, "query_count": 1, "expected_count": 2.1861702127659575, "p_low": 0.62823719252903232, "pearson_residual": -0.32204986327035012, "gap_category": "esperado", "gtfs_covered": 0, "dist_stop_m": 1985.0705615830545, "in_test": false, "model_id": "B1", "model_date": "2026-09-27", "edge_cell": false, "queries_per_1000": 7.2992700729927007 }, "geometry": { "type": "Polygon", "coordinates": [ [ [ -66.274114, -17.432736 ], [ -66.278077, -17.435887 ], [ -66.277434, -17.44077 ], [ -66.272827, -17.442503 ], [ -66.268864, -17.439352 ], [ -66.269507, -17.434468 ], [ -66.274114, -17.432736 ] ] ] } },
{ "type": "Feature", "properties": { "h3_cell": "888b2c800dfffff", "lat": -17.436200909343199, "lon": -66.264900517729586, "population": 294, "query_count": 1, "expected_count": 4.0659574468085102, "p_low": 0.51060164022938614, "pearson_residual": -0.46523909010555081, "gap_category": "esperado", "gtfs_covered": 0, "dist_stop_m": 2372.7765839716681, "in_test": false, "model_id": "B1", "model_date": "2026-09-27", "edge_cell": false, "queries_per_1000": 3.4013605442176869 }, "geometry": { "type": "Polygon", "coordinates": [ [ [ -66.265544, -17.431318 ], [ -66.269507, -17.434468 ], [ -66.268864, -17.439352 ], [ -66.264257, -17.441084 ], [ -66.260294, -17.437933 ], [ -66.260938, -17.43305 ], [ -66.265544, -17.431318 ] ] ] } },
{ "type": "Feature", "properties": { "h3_cell": "888b2c8011fffff", "lat": -17.417768022412265, "lon": -66.289220878296931, "population": 942, "query_count": 101, "expected_count": 696.10177392205105, "p_low": 0.34313996079195602, "pearson_residual": -0.55386767220654964, "gap_category": "esperado", "gtfs_covered": 1, "dist_stop_m": 108.24364582043269, "in_test": false, "model_id": "B1", "model_date": "2026-09-27", "edge_cell": false, "queries_per_1000": 107.21868365180468 }, "geometry": { "type": "Polygon", "coordinates": [ [ [ -66.289864, -17.412884 ], [ -66.293828, -17.416034 ], [ -66.293185, -17.420919 ], [ -66.288578, -17.422652 ], [ -66.284614, -17.419502 ], [ -66.285257, -17.414617 ], [ -66.289864, -17.412884 ] ] ] } },
{ "type": "Feature", "properties": { "h3_cell": "888b2c8013fffff", "lat": -17.411149548915315, "lon": -66.294471139249538, "population": 863, "query_count": 26, "expected_count": 95.082422203532388, "p_low": 0.44392036280835795, "pearson_residual": -0.46981703495786126, "gap_category": "esperado", "gtfs_covered": 1, "dist_stop_m": 94.11649481749167, "in_test": false, "model_id": "B1", "model_date": "2026-09-27", "edge_cell": false, "queries_per_1000": 30.127462340672075 }, "geometry": { "type": "Polygon", "coordinates": [ [ [ -66.295114, -17.406265 ], [ -66.299079, -17.409415 ], [ -66.298436, -17.4143 ], [ -66.293828, -17.416034 ], [ -66.289864, -17.412884 ], [ -66.290507, -17.407999 ], [ -66.295114, -17.406265 ] ] ] } },
{ "type": "Feature", "properties": { "h3_cell": "888b2c8015fffff", "lat": -17.416350950201402, "lon": -66.280650035372091, "population": 1420, "query_count": 169, "expected_count": 3078.139367446644, "p_low": 0.23045724745964877, "pearson_residual": -0.61244220263103011, "gap_category": "esperado", "gtfs_covered": 1, "dist_stop_m": 176.04796225018808, "in_test": false, "model_id": "B1", "model_date": "2026-09-27", "edge_cell": false, "queries_per_1000": 119.01408450704224 }, "geometry": { "type": "Polygon", "coordinates": [ [ [ -66.281293, -17.411467 ], [ -66.285257, -17.414617 ], [ -66.284614, -17.419502 ], [ -66.280007, -17.421235 ], [ -66.276043, -17.418084 ], [ -66.276687, -17.4132 ], [ -66.281293, -17.411467 ] ] ] } },
{ "type": "Feature", "properties": { "h3_cell": "888b2c8017fffff", "lat": -17.409732917997381, "lon": -66.285899989725678, "population": 2236, "query_count": 291, "expected_count": 4749.8742123121665, "p_low": 0.24095426328329322, "pearson_residual": -0.60833443465523462, "gap_category": "esperado", "gtfs_covered": 1, "dist_stop_m": 134.88583610360084, "in_test": false, "model_id": "B1", "model_date": "2026-09-27", "edge_cell": false, "queries_per_1000": 130.14311270125222 }, "geometry": { "type": "Polygon", "coordinates": [ [ [ -66.286543, -17.404848 ], [ -66.290507, -17.407999 ], [ -66.289864, -17.412884 ], [ -66.285257, -17.414617 ], [ -66.281293, -17.411467 ], [ -66.281936, -17.406582 ], [ -66.286543, -17.404848 ] ] ] } },
{ "type": "Feature", "properties": { "h3_cell": "888b2c8019fffff", "lat": -17.425803072030387, "lon": -66.292542059167204, "population": 626, "query_count": 42, "expected_count": 373.59742417947655, "p_low": 0.31071315054430193, "pearson_residual": -0.57488607446857998, "gap_category": "esperado", "gtfs_covered": 1, "dist_stop_m": 341.37572385817361, "in_test": false, "model_id": "B1", "model_date": "2026-09-27", "edge_cell": false, "queries_per_1000": 67.092651757188492 }, "geometry": { "type": "Polygon", "coordinates": [ [ [ -66.293185, -17.420919 ], [ -66.29715, -17.424069 ], [ -66.296507, -17.428954 ], [ -66.291899, -17.430687 ], [ -66.287935, -17.427537 ], [ -66.288578, -17.422652 ], [ -66.293185, -17.420919 ] ] ] } },
{ "type": "Feature", "properties": { "h3_cell": "888b2c801bfffff", "lat": -17.419184846611866, "lon": -66.297792569282748, "population": 1100, "query_count": 118, "expected_count": 92.974027923735179, "p_low": 0.74938997693712917, "pearson_residual": 0.17404802308761422, "gap_category": "esperado", "gtfs_covered": 1, "dist_stop_m": 307.76139274465453, "in_test": false, "model_id": "B1", "model_date": "2026-09-27", "edge_cell": false, "queries_per_1000": 107.27272727272727 }, "geometry": { "type": "Polygon", "coordinates": [ [ [ -66.298436, -17.4143 ], [ -66.3024, -17.417451 ], [ -66.301757, -17.422336 ], [ -66.29715, -17.424069 ], [ -66.293185, -17.420919 ], [ -66.293828, -17.416034 ], [ -66.298436, -17.4143 ] ] ] } },
{ "type": "Feature", "properties": { "h3_cell": "888b2c801dfffff", "lat": -17.424385806532321, "lon": -66.283970674718148, "population": 463, "query_count": 89, "expected_count": 342.13919461349218, "p_low": 0.43248122369238889, "pearson_residual": -0.47919100854377278, "gap_category": "esperado", "gtfs_covered": 1, "dist_stop_m": 156.70516420581359, "in_test": false, "model_id": "B1", "model_date": "2026-09-27", "edge_cell": false, "queries_per_1000": 192.22462203023758 }, "geometry": { "type": "Polygon", "coordinates": [ [ [ -66.284614, -17.419502 ], [ -66.288578, -17.422652 ], [ -66.287935, -17.427537 ], [ -66.283328, -17.42927 ], [ -66.279364, -17.426119 ], [ -66.280007, -17.421235 ], [ -66.284614, -17.419502 ] ] ] } },
{ "type": "Feature", "properties": { "h3_cell": "888b2c8021fffff", "lat": -17.418714265803473, "lon": -66.249693622106648, "population": 491, "query_count": 10, "expected_count": 36.800400801603203, "p_low": 0.44946490945020995, "pearson_residual": -0.46929188997580884, "gap_category": "esperado", "gtfs_covered": 0, "dist_stop_m": 1022.6157537039893, "in_test": false, "model_id": "B1", "model_date": "2026-09-27", "edge_cell": false, "queries_per_1000": 20.366598778004075 }, "geometry": { "type": "Polygon", "coordinates": [ [ [ -66.250337, -17.413831 ], [ -66.254299, -17.416982 ], [ -66.253656, -17.421865 ], [ -66.24905, -17.423597 ], [ -66.245088, -17.420447 ], [ -66.245732, -17.415563 ], [ -66.250337, -17.413831 ] ] ] } },
{ "type": "Feature", "properties": { "h3_cell": "888b2c8023fffff", "lat": -17.412098247238472, "lon": -66.254942597539412, "population": 65, "query_count": 11, "expected_count": 14.97063681409433, "p_low": 0.6414442541795391, "pearson_residual": -0.16952368660918418, "gap_category": "esperado", "gtfs_covered": 0, "dist_stop_m": 1139.3590459900427, "in_test": false, "model_id": "B1", "model_date": "2026-09-27", "edge_cell": false, "queries_per_1000": 169.23076923076923 }, "geometry": { "type": "Polygon", "coordinates": [ [ [ -66.255586, -17.407215 ], [ -66.259548, -17.410365 ], [ -66.258905, -17.415249 ], [ -66.254299, -17.416982 ], [ -66.250337, -17.413831 ], [ -66.25098, -17.408948 ], [ -66.255586, -17.407215 ] ] ] } },
{ "type": "Feature", "properties": { "h3_cell": "888b2c8025fffff", "lat": -17.41729576180602, "lon": -66.241126481536256, "population": 261, "query_count": 10, "expected_count": 4.4691780821917808, "p_low": 0.86641314559775329, "pearson_residual": 0.7667908707790142, "gap_category": "esperado", "gtfs_covered": 0, "dist_stop_m": 968.03275755326854, "in_test": false, "model_id": "B1", "model_date": "2026-09-27", "edge_cell": false, "queries_per_1000": 38.314176245210724 }, "geometry": { "type": "Polygon", "coordinates": [ [ [ -66.24177, -17.412413 ], [ -66.245732, -17.415563 ], [ -66.245088, -17.420447 ], [ -66.240483, -17.422179 ], [ -66.236521, -17.419028 ], [ -66.237165, -17.414145 ], [ -66.24177, -17.412413 ] ] ] } },
{ "type": "Feature", "properties": { "h3_cell": "888b2c8027fffff", "lat": -17.410680184719826, "lon": -66.246375149433305, "population": 420, "query_count": 13, "expected_count": 37.891535732387226, "p_low": 0.48838838033606796, "pearson_residual": -0.42338392324184221, "gap_category": "esperado", "gtfs_covered": 0, "dist_stop_m": 1001.6571674026369, "in_test": false, "model_id": "B1", "model_date": "2026-09-27", "edge_cell": false, "queries_per_1000": 30.952380952380953 }, "geometry": { "type": "Polygon", "coordinates": [ [ [ -66.247019, -17.405797 ], [ -66.25098, -17.408948 ], [ -66.250337, -17.413831 ], [ -66.245732, -17.415563 ], [ -66.24177, -17.412413 ], [ -66.242413, -17.407529 ], [ -66.247019, -17.405797 ] ] ] } },
{ "type": "Feature", "properties": { "h3_cell": "888b2c802bfffff", "lat": -17.420132522448611, "lon": -66.258261611967072, "population": 190, "query_count": 13, "expected_count": 40.221068497739068, "p_low": 0.47754297806712692, "pearson_residual": -0.43632928167620949, "gap_category": "esperado", "gtfs_covered": 0, "dist_stop_m": 1429.1903575195638, "in_test": false, "model_id": "B1", "model_date": "2026-09-27", "edge_cell": false, "queries_per_1000": 68.421052631578945 }, "geometry": { "type": "Polygon", "coordinates": [ [ [ -66.258905, -17.415249 ], [ -66.262868, -17.4184 ], [ -66.262224, -17.423283 ], [ -66.257618, -17.425016 ], [ -66.253656, -17.421865 ], [ -66.254299, -17.416982 ], [ -66.258905, -17.415249 ] ] ] } },
{ "type": "Feature", "properties": { "h3_cell": "888b2c802dfffff", "lat": -17.42532959458574, "lon": -66.244444704685463, "population": 136, "query_count": 2, "expected_count": 1.3309608540925266, "p_low": 0.81889507036790465, "pearson_residual": 0.28402111922308942, "gap_category": "esperado", "gtfs_covered": 1, "dist_stop_m": 114.52359321494104, "in_test": false, "model_id": "B1", "model_date": "2026-09-27", "edge_cell": false, "queries_per_1000": 14.705882352941176 }, "geometry": { "type": "Polygon", "coordinates": [ [ [ -66.245088, -17.420447 ], [ -66.24905, -17.423597 ], [ -66.248407, -17.42848 ], [ -66.243801, -17.430212 ], [ -66.239839, -17.427062 ], [ -66.240483, -17.422179 ], [ -66.245088, -17.420447 ] ] ] } },
{ "type": "Feature", "properties": { "h3_cell": "888b2c8031fffff", "lat": -17.406898912931155, "lon": -66.268760235291751, "population": 1016, "query_count": 113, "expected_count": 3093.4904055668799, "p_low": 0.19481815664627661, "pearson_residual": -0.6243497805345718, "gap_category": "esperado", "gtfs_covered": 1, "dist_stop_m": 401.63709162501289, "in_test": false, "model_id": "B1", "model_date": "2026-09-27", "edge_cell": false, "queries_per_1000": 111.22047244094487 }, "geometry": { "type": "Polygon", "coordinates": [ [ [ -66.269403, -17.402015 ], [ -66.273366, -17.405165 ], [ -66.272723, -17.41005 ], [ -66.268117, -17.411783 ], [ -66.264154, -17.408632 ], [ -66.264797, -17.403748 ], [ -66.269403, -17.402015 ] ] ] } },
{ "type": "Feature", "properties": { "h3_cell": "888b2c8033fffff", "lat": -17.400281074159444, "lon": -66.274009633547237, "population": 1904, "query_count": 1528, "expected_count": 8099.1412844036704, "p_low": 0.38015974784622425, "pearson_residual": -0.52578604778636895, "gap_category": "esperado", "gtfs_covered": 1, "dist_stop_m": 52.44005928050391, "in_test": false, "model_id": "B1", "model_date": "2026-09-27", "edge_cell": false, "queries_per_1000": 802.52100840336141 }, "geometry": { "type": "Polygon", "coordinates": [ [ [ -66.274653, -17.395397 ], [ -66.278616, -17.398547 ], [ -66.277973, -17.403432 ], [ -66.273366, -17.405165 ], [ -66.269403, -17.402015 ], [ -66.270047, -17.39713 ], [ -66.274653, -17.395397 ] ] ] } },
{ "type": "Feature", "properties": { "h3_cell": "888b2c8035fffff", "lat": -17.4054815391302, "lon": -66.260191630896628, "population": 732, "query_count": 87, "expected_count": 912.17583787996887, "p_low": 0.28961330440260447, "pearson_residual": -0.5861199033694402, "gap_category": "esperado", "gtfs_covered": 0, "dist_stop_m": 601.83301784290563, "in_test": false, "model_id": "B1", "model_date": "2026-09-27", "edge_cell": false, "queries_per_1000": 118.85245901639344 }, "geometry": { "type": "Polygon", "coordinates": [ [ [ -66.260835, -17.400598 ], [ -66.264797, -17.403748 ], [ -66.264154, -17.408632 ], [ -66.259548, -17.410365 ], [ -66.255586, -17.407215 ], [ -66.256229, -17.402331 ], [ -66.260835, -17.400598 ] ] ] } },
{ "type": "Feature", "properties": { "h3_cell": "888b2c8037fffff", "lat": -17.398864141718253, "lon": -66.265440722091142, "population": 1899, "query_count": 643, "expected_count": 2944.2276193165771, "p_low": 0.40289781478575021, "pearson_residual": -0.50649563812361298, "gap_category": "esperado", "gtfs_covered": 1, "dist_stop_m": 15.484283462237235, "in_test": false, "model_id": "B1", "model_date": "2026-09-27", "edge_cell": false, "queries_per_1000": 338.59926276987892 }, "geometry": { "type": "Polygon", "coordinates": [ [ [ -66.266084, -17.39398 ], [ -66.270047, -17.39713 ], [ -66.269403, -17.402015 ], [ -66.264797, -17.403748 ], [ -66.260835, -17.400598 ], [ -66.261478, -17.395714 ], [ -66.266084, -17.39398 ] ] ] } },
{ "type": "Feature", "properties": { "h3_cell": "888b2c8039fffff", "lat": -17.414933630152994, "lon": -66.272080040765971, "population": 836, "query_count": 130, "expected_count": 1940.5155718132398, "p_low": 0.25029736556560755, "pearson_residual": -0.60458396939963932, "gap_category": "esperado", "gtfs_covered": 1, "dist_stop_m": 166.97549268823721, "in_test": false, "model_id": "B1", "model_date": "2026-09-27", "edge_cell": false, "queries_per_1000": 155.50239234449762 }, "geometry": { "type": "Polygon", "coordinates": [ [ [ -66.272723, -17.41005 ], [ -66.276687, -17.4132 ], [ -66.276043, -17.418084 ], [ -66.271437, -17.419818 ], [ -66.267474, -17.416667 ], [ -66.268117, -17.411783 ], [ -66.272723, -17.41005 ] ] ] } },
{ "type": "Feature", "properties": { "h3_cell": "888b2c803bfffff", "lat": -17.408316039278112, "lon": -66.277329688320563, "population": 2615, "query_count": 687, "expected_count": 7421.867739963317, "p_low": 0.28529037861304163, "pearson_residual": -0.58806057024220104, "gap_category": "esperado", "gtfs_covered": 1, "dist_stop_m": 34.879371912624798, "in_test": false, "model_id": "B1", "model_date": "2026-09-27", "edge_cell": false, "queries_per_1000": 262.71510516252391 }, "geometry": { "type": "Polygon", "coordinates": [ [ [ -66.277973, -17.403432 ], [ -66.281936, -17.406582 ], [ -66.281293, -17.411467 ], [ -66.276687, -17.4132 ], [ -66.272723, -17.41005 ], [ -66.273366, -17.405165 ], [ -66.277973, -17.403432 ] ] ] } },
{ "type": "Feature", "properties": { "h3_cell": "888b2c803dfffff", "lat": -17.413516062440774, "lon": -66.263510894735987, "population": 794, "query_count": 23, "expected_count": 1966.3995283986058, "p_low": 0.12236278715293875, "pearson_residual": -0.64041640072397343, "gap_category": "esperado", "gtfs_covered": 0, "dist_stop_m": 523.52353588057611, "in_test": false, "model_id": "B1", "model_date": "2026-09-27", "edge_cell": false, "queries_per_1000": 28.967254408060455 }, "geometry": { "type": "Polygon", "coordinates": [ [ [ -66.264154, -17.408632 ], [ -66.268117, -17.411783 ], [ -66.267474, -17.416667 ], [ -66.262868, -17.4184 ], [ -66.258905, -17.415249 ], [ -66.259548, -17.410365 ], [ -66.264154, -17.408632 ] ] ] } },
{ "type": "Feature", "properties": { "h3_cell": "888b2c8043fffff", "lat": -17.445653609877141, "lon": -66.276790873109391, "population": 79, "query_count": 0, "expected_count": 1.1504854368932038, "p_low": 0.57468980247106183, "pearson_residual": -0.55468157549128605, "gap_category": "esperado", "gtfs_covered": 0, "dist_stop_m": 2589.7775091022945, "in_test": false, "model_id": "B1", "model_date": "2026-09-27", "edge_cell": false, "queries_per_1000": 0.0 }, "geometry": { "type": "Polygon", "coordinates": [ [ [ -66.277434, -17.44077 ], [ -66.281398, -17.443921 ], [ -66.280755, -17.448805 ], [ -66.276148, -17.450537 ], [ -66.272184, -17.447386 ], [ -66.272827, -17.442503 ], [ -66.277434, -17.44077 ] ] ] } },
{ "type": "Feature", "properties": { "h3_cell": "888b2c8045fffff", "lat": -17.450850044450064, "lon": -66.262970435885848, "population": 26, "query_count": 0, "expected_count": 0.66496163682864451, "p_low": 0.67126252177043533, "pearson_residual": -0.50735503592063225, "gap_category": "esperado", "gtfs_covered": 0, "dist_stop_m": 1112.4535082711539, "in_test": false, "model_id": "B1", "model_date": "2026-09-27", "edge_cell": false, "queries_per_1000": 0.0 }, "geometry": { "type": "Polygon", "coordinates": [ [ [ -66.263614, -17.445967 ], [ -66.267577, -17.449118 ], [ -66.266934, -17.454001 ], [ -66.262327, -17.455733 ], [ -66.258364, -17.452582 ], [ -66.259007, -17.447699 ], [ -66.263614, -17.445967 ] ] ] } },
{ "type": "Feature", "properties": { "h3_cell": "888b2c8047fffff", "lat": -17.444235020233965, "lon": -66.268220409097069, "population": 121, "query_count": 0, "expected_count": 2.1880650994575048, "p_low": 0.46442551165099799, "pearson_residual": -0.59359520622480721, "gap_category": "esperado", "gtfs_covered": 0, "dist_stop_m": 1960.2684825066472, "in_test": false, "model_id": "B1", "model_date": "2026-09-27", "edge_cell": false, "queries_per_1000": 0.0 }, "geometry": { "type": "Polygon", "coordinates": [ [ [ -66.268864, -17.439352 ], [ -66.272827, -17.442503 ], [ -66.272184, -17.447386 ], [ -66.267577, -17.449118 ], [ -66.263614, -17.445967 ], [ -66.264257, -17.441084 ], [ -66.268864, -17.439352 ] ] ] } },
{ "type": "Feature", "properties": { "h3_cell": "888b2c8051fffff", "lat": -17.440455353829115, "lon": -66.290612830358867, "population": 116, "query_count": 0, "expected_count": 9.9999999999999995e-07, "p_low": 0.99999900000169051, "pearson_residual": -0.00099999880949217727, "gap_category": "esperado", "gtfs_covered": 0, "dist_stop_m": 1923.2513276540046, "in_test": false, "model_id": "B1", "model_date": "2026-09-27", "edge_cell": false, "queries_per_1000": 0.0 }, "geometry": { "type": "Polygon", "coordinates": [ [ [ -66.291256, -17.435571 ], [ -66.29522, -17.438722 ], [ -66.294577, -17.443606 ], [ -66.28997, -17.445339 ], [ -66.286005, -17.442188 ], [ -66.286648, -17.437305 ], [ -66.291256, -17.435571 ] ] ] } },
{ "type": "Feature", "properties": { "h3_cell": "888b2c8053fffff", "lat": -17.433838066454701, "lon": -66.295863532352811, "population": 136, "query_count": 8, "expected_count": 1.1791907514450866, "p_low": 0.98390992220891438, "pearson_residual": 3.2189471188490999, "gap_category": "exceso", "gtfs_covered": 0, "dist_stop_m": 1296.9139238458606, "in_test": false, "model_id": "B1", "model_date": "2026-09-27", "edge_cell": false, "queries_per_1000": 58.823529411764703 }, "geometry": { "type": "Polygon", "coordinates": [ [ [ -66.296507, -17.428954 ], [ -66.300471, -17.432105 ], [ -66.299828, -17.436989 ], [ -66.29522, -17.438722 ], [ -66.291256, -17.435571 ], [ -66.291899, -17.430687 ], [ -66.296507, -17.428954 ] ] ] } },
{ "type": "Feature", "properties": { "h3_cell": "888b2c8055fffff", "lat": -17.439037453902664, "lon": -66.282041210993285, "population": 21, "query_count": 1, "expected_count": 9.9999999999999995e-07, "p_low": 0.99999999999830946, "pearson_residual": 999.99780949336775, "gap_category": "exceso", "gtfs_covered": 0, "dist_stop_m": 1729.3989851376189, "in_test": false, "model_id": "B1", "model_date": "2026-09-27", "edge_cell": false, "queries_per_1000": 47.619047619047613 }, "geometry": { "type": "Polygon", "coordinates": [ [ [ -66.282684, -17.434154 ], [ -66.286648, -17.437305 ], [ -66.286005, -17.442188 ], [ -66.281398, -17.443921 ], [ -66.277434, -17.44077 ], [ -66.278077, -17.435887 ], [ -66.282684, -17.434154 ] ] ] } },
{ "type": "Feature", "properties": { "h3_cell": "888b2c8057fffff", "lat": -17.432420607873894, "lon": -66.287291606374964, "population": 10, "query_count": 0, "expected_count": 5.8584828711256121, "p_low": 0.3211255676839373, "pearson_residual": -0.626014114136203, "gap_category": "esperado", "gtfs_covered": 0, "dist_stop_m": 985.53840182289832, "in_test": false, "model_id": "B1", "model_date": "2026-09-27", "edge_cell": false, "queries_per_1000": 0.0 }, "geometry": { "type": "Polygon", "coordinates": [ [ [ -66.287935, -17.427537 ], [ -66.291899, -17.430687 ], [ -66.291256, -17.435571 ], [ -66.286648, -17.437305 ], [ -66.282684, -17.434154 ], [ -66.283328, -17.42927 ], [ -66.287935, -17.427537 ] ] ] } },
{ "type": "Feature", "properties": { "h3_cell": "888b2c8065fffff", "lat": -17.439977763066839, "lon": -66.242514111253257, "population": 195, "query_count": 0, "expected_count": 4.3898978433598188, "p_low": 0.3591497216657783, "pearson_residual": -0.61912495017348257, "gap_category": "esperado", "gtfs_covered": 0, "dist_stop_m": 990.0518090471636, "in_test": false, "model_id": "B1", "model_date": "2026-09-27", "edge_cell": false, "queries_per_1000": 0.0 }, "geometry": { "type": "Polygon", "coordinates": [ [ [ -66.243158, -17.435095 ], [ -66.24712, -17.438246 ], [ -66.246476, -17.443129 ], [ -66.241871, -17.44486 ], [ -66.237909, -17.441709 ], [ -66.238552, -17.436827 ], [ -66.243158, -17.435095 ] ] ] } },
{ "type": "Feature", "properties": { "h3_cell": "888b2c8069fffff", "lat": -17.449430765150758, "lon": -66.25440112802174, "population": 108, "query_count": 2, "expected_count": 2.2796833773087068, "p_low": 0.71740523052610339, "pearson_residual": -0.073062145014753957, "gap_category": "esperado", "gtfs_covered": 0, "dist_stop_m": 582.16142634440155, "in_test": false, "model_id": "B1", "model_date": "2026-09-27", "edge_cell": false, "queries_per_1000": 18.518518518518519 }, "geometry": { "type": "Polygon", "coordinates": [ [ [ -66.255045, -17.444548 ], [ -66.259007, -17.447699 ], [ -66.258364, -17.452582 ], [ -66.253758, -17.454313 ], [ -66.249795, -17.451162 ], [ -66.250439, -17.44628 ], [ -66.255045, -17.444548 ] ] ] } },
{ "type": "Feature", "properties": { "h3_cell": "888b2c806bfffff", "lat": -17.442816182435223, "lon": -66.259650793945482, "population": 84, "query_count": 1, "expected_count": 1.0816901408450703, "p_low": 0.76276417734306179, "pearson_residual": -0.041538255590348495, "gap_category": "esperado", "gtfs_covered": 0, "dist_stop_m": 1468.8252623681906, "in_test": false, "model_id": "B1", "model_date": "2026-09-27", "edge_cell": false, "queries_per_1000": 11.904761904761903 }, "geometry": { "type": "Polygon", "coordinates": [ [ [ -66.260294, -17.437933 ], [ -66.264257, -17.441084 ], [ -66.263614, -17.445967 ], [ -66.259007, -17.447699 ], [ -66.255045, -17.444548 ], [ -66.255688, -17.439665 ], [ -66.260294, -17.437933 ] ] ] } },
{ "type": "Feature", "properties": { "h3_cell": "888b2c806dfffff", "lat": -17.448011237833988, "lon": -66.245832669475291, "population": 176, "query_count": 4, "expected_count": 3.7174071376547704, "p_low": 0.73711078910734484, "pearson_residual": 0.046697766276458177, "gap_category": "esperado", "gtfs_covered": 0, "dist_stop_m": 560.34270753533519, "in_test": false, "model_id": "B1", "model_date": "2026-09-27", "edge_cell": false, "queries_per_1000": 22.727272727272727 }, "geometry": { "type": "Polygon", "coordinates": [ [ [ -66.246476, -17.443129 ], [ -66.250439, -17.44628 ], [ -66.249795, -17.451162 ], [ -66.245189, -17.452894 ], [ -66.241227, -17.449743 ], [ -66.241871, -17.44486 ], [ -66.246476, -17.443129 ] ] ] } },
{ "type": "Feature", "properties": { "h3_cell": "888b2c8081fffff", "lat": -17.383253899795214, "lon": -66.306900380511323, "population": 1594, "query_count": 13, "expected_count": 172.61614884393063, "p_low": 0.26773365812636535, "pearson_residual": -0.59853037968709866, "gap_category": "esperado", "gtfs_covered": 1, "dist_stop_m": 119.67732803357447, "in_test": false, "model_id": "B1", "model_date": "2026-09-27", "edge_cell": false, "queries_per_1000": 8.1555834378920959 }, "geometry": { "type": "Polygon", "coordinates": [ [ [ -66.307543, -17.378368 ], [ -66.311508, -17.381518 ], [ -66.310865, -17.386404 ], [ -66.306258, -17.38814 ], [ -66.302293, -17.384989 ], [ -66.302936, -17.380104 ], [ -66.307543, -17.378368 ] ] ] } },
{ "type": "Feature", "properties": { "h3_cell": "888b2c8083fffff", "lat": -17.376632424099494, "lon": -66.312150621114441, "population": 1499, "query_count": 37, "expected_count": 30.013041880969876, "p_low": 0.74495848308578938, "pearson_residual": 0.14982318447649315, "gap_category": "esperado", "gtfs_covered": 0, "dist_stop_m": 691.44849760825002, "in_test": false, "model_id": "B1", "model_date": "2026-09-27", "edge_cell": false, "queries_per_1000": 24.683122081387594 }, "geometry": { "type": "Polygon", "coordinates": [ [ [ -66.312793, -17.371746 ], [ -66.316758, -17.374897 ], [ -66.316115, -17.379783 ], [ -66.311508, -17.381518 ], [ -66.307543, -17.378368 ], [ -66.308186, -17.373482 ], [ -66.312793, -17.371746 ] ] ] } },
{ "type": "Feature", "properties": { "h3_cell": "888b2c8085fffff", "lat": -17.381838785974388, "lon": -66.298328853287501, "population": 1605, "query_count": 72, "expected_count": 777.13758158708345, "p_low": 0.28639338017231908, "pearson_residual": -0.58786434042516156, "gap_category": "esperado", "gtfs_covered": 1, "dist_stop_m": 126.87112931785268, "in_test": false, "model_id": "B1", "model_date": "2026-09-27", "edge_cell": false, "queries_per_1000": 44.859813084112147 }, "geometry": { "type": "Polygon", "coordinates": [ [ [ -66.298972, -17.376953 ], [ -66.302936, -17.380104 ], [ -66.302293, -17.384989 ], [ -66.297686, -17.386724 ], [ -66.293722, -17.383574 ], [ -66.294365, -17.378688 ], [ -66.298972, -17.376953 ] ] ] } },
{ "type": "Feature", "properties": { "h3_cell": "888b2c8087fffff", "lat": -17.375217751398324, "lon": -66.30357878778031, "population": 1662, "query_count": 44, "expected_count": 161.1068473219969, "p_low": 0.44198643031434609, "pearson_residual": -0.47045862524662413, "gap_category": "esperado", "gtfs_covered": 0, "dist_stop_m": 663.93226231603524, "in_test": false, "model_id": "B1", "model_date": "2026-09-27", "edge_cell": false, "queries_per_1000": 26.474127557160049 }, "geometry": { "type": "Polygon", "coordinates": [ [ [ -66.304222, -17.370332 ], [ -66.308186, -17.373482 ], [ -66.307543, -17.378368 ], [ -66.302936, -17.380104 ], [ -66.298972, -17.376953 ], [ -66.299615, -17.372067 ], [ -66.304222, -17.370332 ] ] ] } },
{ "type": "Feature", "properties": { "h3_cell": "888b2c8089fffff", "lat": -17.391289994563497, "lon": -66.310222265478046, "population": 2166, "query_count": 161, "expected_count": 41.102040816326529, "p_low": 0.94530917824287852, "pearson_residual": 1.8808722641230537, "gap_category": "esperado", "gtfs_covered": 1, "dist_stop_m": 233.61965384356162, "in_test": false, "model_id": "B1", "model_date": "2026-09-27", "edge_cell": false, "queries_per_1000": 74.330563250230838 }, "geometry": { "type": "Polygon", "coordinates": [ [ [ -66.310865, -17.386404 ], [ -66.31483, -17.389555 ], [ -66.314187, -17.39444 ], [ -66.309579, -17.396176 ], [ -66.305615, -17.393025 ], [ -66.306258, -17.38814 ], [ -66.310865, -17.386404 ] ] ] } },
{ "type": "Feature", "properties": { "h3_cell": "888b2c808bfffff", "lat": -17.38466876596015, "lon": -66.315472755053634, "population": 1933, "query_count": 339, "expected_count": 59.513223925132245, "p_low": 0.97792331313961667, "pearson_residual": 3.0327683300152839, "gap_category": "exceso", "gtfs_covered": 1, "dist_stop_m": 234.64191735628953, "in_test": false, "model_id": "B1", "model_date": "2026-09-27", "edge_cell": false, "queries_per_1000": 175.37506466632178 }, "geometry": { "type": "Polygon", "coordinates": [ [ [ -66.316115, -17.379783 ], [ -66.320081, -17.382933 ], [ -66.319438, -17.387819 ], [ -66.31483, -17.389555 ], [ -66.310865, -17.386404 ], [ -66.311508, -17.381518 ], [ -66.316115, -17.379783 ] ] ] } },
{ "type": "Feature", "properties": { "h3_cell": "888b2c808dfffff", "lat": -17.389874687273306, "lon": -66.301650196983672, "population": 2053, "query_count": 134, "expected_count": 295.00873293108924, "p_low": 0.53346607220497944, "pearson_residual": -0.35344685911941193, "gap_category": "esperado", "gtfs_covered": 1, "dist_stop_m": 468.40228133131302, "in_test": false, "model_id": "B1", "model_date": "2026-09-27", "edge_cell": false, "queries_per_1000": 65.270336093521678 }, "geometry": { "type": "Polygon", "coordinates": [ [ [ -66.302293, -17.384989 ], [ -66.306258, -17.38814 ], [ -66.305615, -17.393025 ], [ -66.301007, -17.39476 ], [ -66.297043, -17.39161 ], [ -66.297686, -17.386724 ], [ -66.302293, -17.384989 ] ] ] } },
{ "type": "Feature", "properties": { "h3_cell": "888b2c8091fffff", "lat": -17.371424244467693, "lon": -66.325973904930407, "population": 1075, "query_count": 27, "expected_count": 15.339375241033551, "p_low": 0.81892504642244279, "pearson_residual": 0.48603454470163382, "gap_category": "esperado", "gtfs_covered": 1, "dist_stop_m": 84.729880322296111, "in_test": false, "model_id": "B1", "model_date": "2026-09-27", "edge_cell": false, "queries_per_1000": 25.116279069767444 }, "geometry": { "type": "Polygon", "coordinates": [ [ [ -66.326617, -17.366538 ], [ -66.330582, -17.369688 ], [ -66.329939, -17.374574 ], [ -66.325331, -17.376311 ], [ -66.321366, -17.373161 ], [ -66.322009, -17.368274 ], [ -66.326617, -17.366538 ] ] ] } },
{ "type": "Feature", "properties": { "h3_cell": "888b2c8093fffff", "lat": -17.36480095206025, "lon": -66.331224565057056, "population": 548, "query_count": 6, "expected_count": 7.8880447820871655, "p_low": 0.6569396159984292, "pearson_residual": -0.15114611607074832, "gap_category": "esperado", "gtfs_covered": 0, "dist_stop_m": 574.49791670461661, "in_test": false, "model_id": "B1", "model_date": "2026-09-27", "edge_cell": false, "queries_per_1000": 10.948905109489052 }, "geometry": { "type": "Polygon", "coordinates": [ [ [ -66.331867, -17.359914 ], [ -66.335833, -17.363064 ], [ -66.33519, -17.367951 ], [ -66.330582, -17.369688 ], [ -66.326617, -17.366538 ], [ -66.327259, -17.361651 ], [ -66.331867, -17.359914 ] ] ] } },
{ "type": "Feature", "properties": { "h3_cell": "888b2c8095fffff", "lat": -17.370010260426792, "lon": -66.317400918705758, "population": 87, "query_count": 35, "expected_count": 1.7954239569313593, "p_low": 0.99992444335733777, "pearson_residual": 10.789607906766118, "gap_category": "exceso", "gtfs_covered": 1, "dist_stop_m": 246.88715322611765, "in_test": false, "model_id": "B1", "model_date": "2026-09-27", "edge_cell": false, "queries_per_1000": 402.29885057471267 }, "geometry": { "type": "Polygon", "coordinates": [ [ [ -66.318044, -17.365124 ], [ -66.322009, -17.368274 ], [ -66.321366, -17.373161 ], [ -66.316758, -17.374897 ], [ -66.312793, -17.371746 ], [ -66.313436, -17.36686 ], [ -66.318044, -17.365124 ] ] ] } },
{ "type": "Feature", "properties": { "h3_cell": "888b2c8097fffff", "lat": -17.363387409017928, "lon": -66.322651273198034, "population": 305, "query_count": 52, "expected_count": 6.2943023777478686, "p_low": 0.99321506713962449, "pearson_residual": 4.5563278465757877, "gap_category": "exceso", "gtfs_covered": 1, "dist_stop_m": 64.148680021253256, "in_test": false, "model_id": "B1", "model_date": "2026-09-27", "edge_cell": false, "queries_per_1000": 170.49180327868851 }, "geometry": { "type": "Polygon", "coordinates": [ [ [ -66.323294, -17.358501 ], [ -66.327259, -17.361651 ], [ -66.326617, -17.366538 ], [ -66.322009, -17.368274 ], [ -66.318044, -17.365124 ], [ -66.318686, -17.360237 ], [ -66.323294, -17.358501 ] ] ] } },
{ "type": "Feature", "properties": { "h3_cell": "888b2c8099fffff", "lat": -17.379461026470359, "lon": -66.329296828879208, "population": 925, "query_count": 15, "expected_count": 11.448598130841122, "p_low": 0.76139248011965177, "pearson_residual": 0.19744341614011707, "gap_category": "esperado", "gtfs_covered": 0, "dist_stop_m": 822.89913223775807, "in_test": false, "model_id": "B1", "model_date": "2026-09-27", "edge_cell": false, "queries_per_1000": 16.216216216216218 }, "geometry": { "type": "Polygon", "coordinates": [ [ [ -66.329939, -17.374574 ], [ -66.333905, -17.377725 ], [ -66.333263, -17.382611 ], [ -66.328654, -17.384347 ], [ -66.324689, -17.381197 ], [ -66.325331, -17.376311 ], [ -66.329939, -17.374574 ] ] ] } },
{ "type": "Feature", "properties": { "h3_cell": "888b2c809bfffff", "lat": -17.372837980752514, "lon": -66.33454773781466, "population": 746, "query_count": 16, "expected_count": 9.25989138867339, "p_low": 0.81700451511297034, "pearson_residual": 0.46136799161877745, "gap_category": "esperado", "gtfs_covered": 1, "dist_stop_m": 357.18792199652592, "in_test": false, "model_id": "B1", "model_date": "2026-09-27", "edge_cell": false, "queries_per_1000": 21.447721179624665 }, "geometry": { "type": "Polygon", "coordinates": [ [ [ -66.33519, -17.367951 ], [ -66.339156, -17.371101 ], [ -66.338514, -17.375988 ], [ -66.333905, -17.377725 ], [ -66.329939, -17.374574 ], [ -66.330582, -17.369688 ], [ -66.33519, -17.367951 ] ] ] } },
{ "type": "Feature", "properties": { "h3_cell": "888b2c809dfffff", "lat": -17.378046849181299, "lon": -66.320723301566844, "population": 509, "query_count": 41, "expected_count": 7.2630158118010026, "p_low": 0.97673529643140744, "pearson_residual": 2.9268517387241437, "gap_category": "exceso", "gtfs_covered": 1, "dist_stop_m": 240.63428799542692, "in_test": false, "model_id": "B1", "model_date": "2026-09-27", "edge_cell": false, "queries_per_1000": 80.550098231827107 }, "geometry": { "type": "Polygon", "coordinates": [ [ [ -66.321366, -17.373161 ], [ -66.325331, -17.376311 ], [ -66.324689, -17.381197 ], [ -66.320081, -17.382933 ], [ -66.316115, -17.379783 ], [ -66.316758, -17.374897 ], [ -66.321366, -17.373161 ] ] ] } },
{ "type": "Feature", "properties": { "h3_cell": "888b2c80a1fffff", "lat": -17.372387663831489, "lon": -66.286437663499044, "population": 2020, "query_count": 107, "expected_count": 225.94474153297682, "p_low": 0.54187548257011109, "pearson_residual": -0.34084602669824132, "gap_category": "esperado", "gtfs_covered": 1, "dist_stop_m": 39.773350995200509, "in_test": false, "model_id": "B1", "model_date": "2026-09-27", "edge_cell": false, "queries_per_1000": 52.970297029702969 }, "geometry": { "type": "Polygon", "coordinates": [ [ [ -66.287081, -17.367502 ], [ -66.291044, -17.370652 ], [ -66.290401, -17.375538 ], [ -66.285795, -17.377273 ], [ -66.281831, -17.374123 ], [ -66.282474, -17.369237 ], [ -66.287081, -17.367502 ] ] ] } },
{ "type": "Feature", "properties": { "h3_cell": "888b2c80a3fffff", "lat": -17.365766823500888, "lon": -66.29168704257259, "population": 1468, "query_count": 35, "expected_count": 138.67017174903611, "p_low": 0.42931411135807118, "pearson_residual": -0.48376291872865618, "gap_category": "esperado", "gtfs_covered": 1, "dist_stop_m": 51.848626701660571, "in_test": false, "model_id": "B1", "model_date": "2026-09-27", "edge_cell": false, "queries_per_1000": 23.841961852861036 }, "geometry": { "type": "Polygon", "coordinates": [ [ [ -66.29233, -17.360881 ], [ -66.296294, -17.364031 ], [ -66.295651, -17.368917 ], [ -66.291044, -17.370652 ], [ -66.287081, -17.367502 ], [ -66.287724, -17.362617 ], [ -66.29233, -17.360881 ] ] ] } },
{ "type": "Feature", "properties": { "h3_cell": "888b2c80a5fffff", "lat": -17.370972249312615, "lon": -66.277868373067477, "population": 2573, "query_count": 103, "expected_count": 185.28094166522416, "p_low": 0.57405934335834286, "pearson_residual": -0.28747185227900596, "gap_category": "esperado", "gtfs_covered": 1, "dist_stop_m": 73.336796543186821, "in_test": false, "model_id": "B1", "model_date": "2026-09-27", "edge_cell": false, "queries_per_1000": 40.031092110376989 }, "geometry": { "type": "Polygon", "coordinates": [ [ [ -66.278511, -17.366087 ], [ -66.282474, -17.369237 ], [ -66.281831, -17.374123 ], [ -66.277225, -17.375857 ], [ -66.273262, -17.372707 ], [ -66.273906, -17.367822 ], [ -66.278511, -17.366087 ] ] ] } },
{ "type": "Feature", "properties": { "h3_cell": "888b2c80a7fffff", "lat": -17.36435185016899, "lon": -66.28311744556845, "population": 2262, "query_count": 170, "expected_count": 134.95434067941068, "p_low": 0.74754638483783431, "pearson_residual": 0.16803166683302706, "gap_category": "esperado", "gtfs_covered": 1, "dist_stop_m": 44.196757364804427, "in_test": false, "model_id": "B1", "model_date": "2026-09-27", "edge_cell": false, "queries_per_1000": 75.154730327144122 }, "geometry": { "type": "Polygon", "coordinates": [ [ [ -66.28376, -17.359466 ], [ -66.287724, -17.362617 ], [ -66.287081, -17.367502 ], [ -66.282474, -17.369237 ], [ -66.278511, -17.366087 ], [ -66.279154, -17.361202 ], [ -66.28376, -17.359466 ] ] ] } },
{ "type": "Feature", "properties": { "h3_cell": "888b2c80a9fffff", "lat": -17.380423424671125, "lon": -66.289758173640095, "population": 1694, "query_count": 252, "expected_count": 995.25649239217489, "p_low": 0.42717767703649479, "pearson_residual": -0.48387208192789455, "gap_category": "esperado", "gtfs_covered": 1, "dist_stop_m": 196.68841066485388, "in_test": false, "model_id": "B1", "model_date": "2026-09-27", "edge_cell": false, "queries_per_1000": 148.7603305785124 }, "geometry": { "type": "Polygon", "coordinates": [ [ [ -66.290401, -17.375538 ], [ -66.294365, -17.378688 ], [ -66.293722, -17.383574 ], [ -66.289115, -17.385309 ], [ -66.285152, -17.382158 ], [ -66.285795, -17.377273 ], [ -66.290401, -17.375538 ] ] ] } },
{ "type": "Feature", "properties": { "h3_cell": "888b2c80abfffff", "lat": -17.37380283125119, "lon": -66.29500780182255, "population": 1374, "query_count": 35, "expected_count": 153.68716577540107, "p_low": 0.41244050333280535, "pearson_residual": -0.49979515997948698, "gap_category": "esperado", "gtfs_covered": 1, "dist_stop_m": 315.40578589099084, "in_test": false, "model_id": "B1", "model_date": "2026-09-27", "edge_cell": false, "queries_per_1000": 25.473071324599708 }, "geometry": { "type": "Polygon", "coordinates": [ [ [ -66.295651, -17.368917 ], [ -66.299615, -17.372067 ], [ -66.298972, -17.376953 ], [ -66.294365, -17.378688 ], [ -66.290401, -17.375538 ], [ -66.291044, -17.370652 ], [ -66.295651, -17.368917 ] ] ] } },
{ "type": "Feature", "properties": { "h3_cell": "888b2c80adfffff", "lat": -17.379007816058852, "lon": -66.281188341826947, "population": 2704, "query_count": 496, "expected_count": 1517.5935293362436, "p_low": 0.47109517884666413, "pearson_residual": -0.43619538730033164, "gap_category": "esperado", "gtfs_covered": 1, "dist_stop_m": 98.883856801520125, "in_test": false, "model_id": "B1", "model_date": "2026-09-27", "edge_cell": false, "queries_per_1000": 183.4319526627219 }, "geometry": { "type": "Polygon", "coordinates": [ [ [ -66.281831, -17.374123 ], [ -66.285795, -17.377273 ], [ -66.285152, -17.382158 ], [ -66.280545, -17.383893 ], [ -66.276582, -17.380742 ], [ -66.277225, -17.375857 ], [ -66.281831, -17.374123 ] ] ] } },
{ "type": "Feature", "properties": { "h3_cell": "888b2c80b1fffff", "lat": -17.360559580468315, "lon": -66.305507229891518, "population": 337, "query_count": 9, "expected_count": 9.0779113137173635, "p_low": 0.7070061078572395, "pearson_residual": -0.005437662697739723, "gap_category": "esperado", "gtfs_covered": 0, "dist_stop_m": 843.03217467061245, "in_test": false, "model_id": "B1", "model_date": "2026-09-27", "edge_cell": false, "queries_per_1000": 26.706231454005934 }, "geometry": { "type": "Polygon", "coordinates": [ [ [ -66.30615, -17.355673 ], [ -66.310114, -17.358823 ], [ -66.309472, -17.36371 ], [ -66.304864, -17.365446 ], [ -66.3009, -17.362296 ], [ -66.301543, -17.357409 ], [ -66.30615, -17.355673 ] ] ] } },
{ "type": "Feature", "properties": { "h3_cell": "888b2c80b3fffff", "lat": -17.353936923586826, "lon": -66.310757029603593, "population": 194, "query_count": 5, "expected_count": 5.2258599254040607, "p_low": 0.70829947249443281, "pearson_residual": -0.026947234038011015, "gap_category": "esperado", "gtfs_covered": 0, "dist_stop_m": 1404.2357810065221, "in_test": false, "model_id": "B1", "model_date": "2026-09-27", "edge_cell": false, "queries_per_1000": 25.773195876288657 }, "geometry": { "type": "Polygon", "coordinates": [ [ [ -66.3114, -17.34905 ], [ -66.315364, -17.3522 ], [ -66.314722, -17.357087 ], [ -66.310114, -17.358823 ], [ -66.30615, -17.355673 ], [ -66.306793, -17.350787 ], [ -66.3114, -17.34905 ] ] ] } },
{ "type": "Feature", "properties": { "h3_cell": "888b2c80b5fffff", "lat": -17.359145295307595, "lon": -66.296936478960404, "population": 595, "query_count": 84, "expected_count": 27.563405797101449, "p_low": 0.91295708386513741, "pearson_residual": 1.3169298837613774, "gap_category": "esperado", "gtfs_covered": 1, "dist_stop_m": 485.364474413197, "in_test": false, "model_id": "B1", "model_date": "2026-09-27", "edge_cell": false, "queries_per_1000": 141.1764705882353 }, "geometry": { "type": "Polygon", "coordinates": [ [ [ -66.297579, -17.354259 ], [ -66.301543, -17.357409 ], [ -66.3009, -17.362296 ], [ -66.296294, -17.364031 ], [ -66.29233, -17.360881 ], [ -66.292973, -17.355995 ], [ -66.297579, -17.354259 ] ] ] } },
{ "type": "Feature", "properties": { "h3_cell": "888b2c80b7fffff", "lat": -17.352523079492357, "lon": -66.302185972575316, "population": 726, "query_count": 16, "expected_count": 18.657596371882086, "p_low": 0.67106140716142715, "pearson_residual": -0.091288899286682337, "gap_category": "esperado", "gtfs_covered": 0, "dist_stop_m": 1023.7990311250652, "in_test": false, "model_id": "B1", "model_date": "2026-09-27", "edge_cell": false, "queries_per_1000": 22.03856749311295 }, "geometry": { "type": "Polygon", "coordinates": [ [ [ -66.302829, -17.347637 ], [ -66.306793, -17.350787 ], [ -66.30615, -17.355673 ], [ -66.301543, -17.357409 ], [ -66.297579, -17.354259 ], [ -66.298222, -17.349373 ], [ -66.302829, -17.347637 ] ] ] } },
{ "type": "Feature", "properties": { "h3_cell": "888b2c80b9fffff", "lat": -17.368596028803125, "lon": -66.30882877939915, "population": 1083, "query_count": 6, "expected_count": 33.224146462147452, "p_low": 0.38964841904945896, "pearson_residual": -0.52770494433164372, "gap_category": "esperado", "gtfs_covered": 0, "dist_stop_m": 981.63443352513787, "in_test": false, "model_id": "B1", "model_date": "2026-09-27", "edge_cell": false, "queries_per_1000": 5.54016620498615 }, "geometry": { "type": "Polygon", "coordinates": [ [ [ -66.309472, -17.36371 ], [ -66.313436, -17.36686 ], [ -66.312793, -17.371746 ], [ -66.308186, -17.373482 ], [ -66.304222, -17.370332 ], [ -66.304864, -17.365446 ], [ -66.309472, -17.36371 ] ] ] } },
{ "type": "Feature", "properties": { "h3_cell": "888b2c80bbfffff", "lat": -17.361973618429523, "lon": -66.314078828056751, "population": 185, "query_count": 6, "expected_count": 5.675408213755567, "p_low": 0.72588910154234521, "pearson_residual": 0.035764856565155267, "gap_category": "esperado", "gtfs_covered": 0, "dist_stop_m": 929.95734378810573, "in_test": false, "model_id": "B1", "model_date": "2026-09-27", "edge_cell": false, "queries_per_1000": 32.432432432432435 }, "geometry": { "type": "Polygon", "coordinates": [ [ [ -66.314722, -17.357087 ], [ -66.318686, -17.360237 ], [ -66.318044, -17.365124 ], [ -66.313436, -17.36686 ], [ -66.309472, -17.36371 ], [ -66.310114, -17.358823 ], [ -66.314722, -17.357087 ] ] ] } },
{ "type": "Feature", "properties": { "h3_cell": "888b2c80bdfffff", "lat": -17.367181549770041, "lon": -66.300257487268766, "population": 968, "query_count": 22, "expected_count": 53.386441976254304, "p_low": 0.51912464421654236, "pearson_residual": -0.3795141698319805, "gap_category": "esperado", "gtfs_covered": 1, "dist_stop_m": 194.0342691190308, "in_test": false, "model_id": "B1", "model_date": "2026-09-27", "edge_cell": false, "queries_per_1000": 22.727272727272727 }, "geometry": { "type": "Polygon", "coordinates": [ [ [ -66.3009, -17.362296 ], [ -66.304864, -17.365446 ], [ -66.304222, -17.370332 ], [ -66.299615, -17.372067 ], [ -66.295651, -17.368917 ], [ -66.296294, -17.364031 ], [ -66.3009, -17.362296 ] ] ] } },
{ "type": "Feature", "properties": { "h3_cell": "888b2c80c1fffff", "lat": -17.405946328009502, "lon": -66.308293761134749, "population": 1104, "query_count": 30, "expected_count": 42.041657900273513, "p_low": 0.62871776608794883, "pearson_residual": -0.18469980756279206, "gap_category": "esperado", "gtfs_covered": 0, "dist_stop_m": 800.25852634092917, "in_test": false, "model_id": "B1", "model_date": "2026-09-27", "edge_cell": false, "queries_per_1000": 27.173913043478262 }, "geometry": { "type": "Polygon", "coordinates": [ [ [ -66.308937, -17.401061 ], [ -66.312902, -17.404212 ], [ -66.312259, -17.409097 ], [ -66.307651, -17.410831 ], [ -66.303686, -17.407681 ], [ -66.304329, -17.402796 ], [ -66.308937, -17.401061 ] ] ] } },
{ "type": "Feature", "properties": { "h3_cell": "888b2c80c3fffff", "lat": -17.399326035305915, "lon": -66.313544442696696, "population": 2049, "query_count": 681, "expected_count": 87.599198396793597, "p_low": 0.9919997620410681, "pearson_residual": 4.3795337263953389, "gap_category": "exceso", "gtfs_covered": 1, "dist_stop_m": 308.50024982686642, "in_test": false, "model_id": "B1", "model_date": "2026-09-27", "edge_cell": false, "queries_per_1000": 332.3572474377745 }, "geometry": { "type": "Polygon", "coordinates": [ [ [ -66.314187, -17.39444 ], [ -66.318152, -17.397591 ], [ -66.31751, -17.402477 ], [ -66.312902, -17.404212 ], [ -66.308937, -17.401061 ], [ -66.309579, -17.396176 ], [ -66.314187, -17.39444 ] ] ] } },
{ "type": "Feature", "properties": { "h3_cell": "888b2c80c5fffff", "lat": -17.404530386281429, "lon": -66.299721457488758, "population": 1429, "query_count": 44, "expected_count": 136.63245614035088, "p_low": 0.47080800827614117, "pearson_residual": -0.43869363857596649, "gap_category": "esperado", "gtfs_covered": 1, "dist_stop_m": 413.1426086899333, "in_test": false, "model_id": "B1", "model_date": "2026-09-27", "edge_cell": false, "queries_per_1000": 30.790762771168648 }, "geometry": { "type": "Polygon", "coordinates": [ [ [ -66.300364, -17.399645 ], [ -66.304329, -17.402796 ], [ -66.303686, -17.407681 ], [ -66.299079, -17.409415 ], [ -66.295114, -17.406265 ], [ -66.295757, -17.40138 ], [ -66.300364, -17.399645 ] ] ] } },
{ "type": "Feature", "properties": { "h3_cell": "888b2c80c7fffff", "lat": -17.397910534750739, "lon": -66.304971832927336, "population": 2199, "query_count": 283, "expected_count": 158.87366032026225, "p_low": 0.81904838942927749, "pearson_residual": 0.50565843488415896, "gap_category": "esperado", "gtfs_covered": 1, "dist_stop_m": 266.35003535536481, "in_test": false, "model_id": "B1", "model_date": "2026-09-27", "edge_cell": false, "queries_per_1000": 128.69486130059119 }, "geometry": { "type": "Polygon", "coordinates": [ [ [ -66.305615, -17.393025 ], [ -66.309579, -17.396176 ], [ -66.308937, -17.401061 ], [ -66.304329, -17.402796 ], [ -66.300364, -17.399645 ], [ -66.301007, -17.39476 ], [ -66.305615, -17.393025 ] ] ] } },
{ "type": "Feature", "properties": { "h3_cell": "888b2c80c9fffff", "lat": -17.413982066652448, "lon": -66.311615981622126, "population": 801, "query_count": 9, "expected_count": 8.8802660753880271, "p_low": 0.71165695611383628, "pearson_residual": 0.0085383766271983508, "gap_category": "esperado", "gtfs_covered": 0, "dist_stop_m": 1124.1999850025247, "in_test": false, "model_id": "B1", "model_date": "2026-09-27", "edge_cell": false, "queries_per_1000": 11.235955056179774 }, "geometry": { "type": "Polygon", "coordinates": [ [ [ -66.312259, -17.409097 ], [ -66.316224, -17.412247 ], [ -66.315581, -17.417133 ], [ -66.310973, -17.418867 ], [ -66.307008, -17.415717 ], [ -66.307651, -17.410831 ], [ -66.312259, -17.409097 ] ] ] } },
{ "type": "Feature", "properties": { "h3_cell": "888b2c80cbfffff", "lat": -17.407362021625264, "lon": -66.316866912183514, "population": 1179, "query_count": 66, "expected_count": 37.577689243027891, "p_low": 0.81703488458627482, "pearson_residual": 0.48745475438720604, "gap_category": "esperado", "gtfs_covered": 1, "dist_stop_m": 410.72883896461565, "in_test": false, "model_id": "B1", "model_date": "2026-09-27", "edge_cell": false, "queries_per_1000": 55.979643765903312 }, "geometry": { "type": "Polygon", "coordinates": [ [ [ -66.31751, -17.402477 ], [ -66.321475, -17.405627 ], [ -66.320832, -17.410513 ], [ -66.316224, -17.412247 ], [ -66.312259, -17.409097 ], [ -66.312902, -17.404212 ], [ -66.31751, -17.402477 ] ] ] } },
{ "type": "Feature", "properties": { "h3_cell": "888b2c80cdfffff", "lat": -17.412565931858225, "lon": -66.303043136634344, "population": 870, "query_count": 6, "expected_count": 52.779540047581285, "p_low": 0.32403393944307285, "pearson_residual": -0.57212080929704312, "gap_category": "esperado", "gtfs_covered": 0, "dist_stop_m": 624.73378044351966, "in_test": false, "model_id": "B1", "model_date": "2026-09-27", "edge_cell": false, "queries_per_1000": 6.8965517241379306 }, "geometry": { "type": "Polygon", "coordinates": [ [ [ -66.303686, -17.407681 ], [ -66.307651, -17.410831 ], [ -66.307008, -17.415717 ], [ -66.3024, -17.417451 ], [ -66.298436, -17.4143 ], [ -66.299079, -17.409415 ], [ -66.303686, -17.407681 ] ] ] } },
{ "type": "Feature", "properties": { "h3_cell": "888b2c80d1fffff", "lat": -17.394119865372783, "lon": -66.327368943990052, "population": 1241, "query_count": 73, "expected_count": 49.758988886467641, "p_low": 0.7803584341304014, "pearson_residual": 0.30142330761213809, "gap_category": "esperado", "gtfs_covered": 1, "dist_stop_m": 74.890389386942786, "in_test": false, "model_id": "B1", "model_date": "2026-09-27", "edge_cell": false, "queries_per_1000": 58.823529411764703 }, "geometry": { "type": "Polygon", "coordinates": [ [ [ -66.328012, -17.389234 ], [ -66.331977, -17.392384 ], [ -66.331335, -17.39727 ], [ -66.326726, -17.399006 ], [ -66.322761, -17.395855 ], [ -66.323403, -17.390969 ], [ -66.328012, -17.389234 ] ] ] } },
{ "type": "Feature", "properties": { "h3_cell": "888b2c80d3fffff", "lat": -17.387497754628527, "lon": -66.332620045060636, "population": 804, "query_count": 16, "expected_count": 26.576602471974706, "p_low": 0.59663689406551113, "pearson_residual": -0.25589422151109598, "gap_category": "esperado", "gtfs_covered": 1, "dist_stop_m": 351.91169077067099, "in_test": false, "model_id": "B1", "model_date": "2026-09-27", "edge_cell": false, "queries_per_1000": 19.900497512437809 }, "geometry": { "type": "Polygon", "coordinates": [ [ [ -66.333263, -17.382611 ], [ -66.337229, -17.385762 ], [ -66.336586, -17.390648 ], [ -66.331977, -17.392384 ], [ -66.328012, -17.389234 ], [ -66.328654, -17.384347 ], [ -66.333263, -17.382611 ] ] ] } },
{ "type": "Feature", "properties": { "h3_cell": "888b2c80d5fffff", "lat": -17.392705053987829, "lon": -66.318795181232943, "population": 2291, "query_count": 662, "expected_count": 95.921368394179211, "p_low": 0.98781304239694978, "pearson_residual": 3.8162005323942259, "gap_category": "exceso", "gtfs_covered": 1, "dist_stop_m": 223.33657997847851, "in_test": false, "model_id": "B1", "model_date": "2026-09-27", "edge_cell": false, "queries_per_1000": 288.95678742907029 }, "geometry": { "type": "Polygon", "coordinates": [ [ [ -66.319438, -17.387819 ], [ -66.323403, -17.390969 ], [ -66.322761, -17.395855 ], [ -66.318152, -17.397591 ], [ -66.314187, -17.39444 ], [ -66.31483, -17.389555 ], [ -66.319438, -17.387819 ] ] ] } },
{ "type": "Feature", "properties": { "h3_cell": "888b2c80d7fffff", "lat": -17.386083384295745, "lon": -66.324045976656194, "population": 625, "query_count": 59, "expected_count": 23.354473774425781, "p_low": 0.88381703127312605, "pearson_residual": 0.98035445635462004, "gap_category": "esperado", "gtfs_covered": 0, "dist_stop_m": 629.86837666866938, "in_test": false, "model_id": "B1", "model_date": "2026-09-27", "edge_cell": false, "queries_per_1000": 94.4 }, "geometry": { "type": "Polygon", "coordinates": [ [ [ -66.324689, -17.381197 ], [ -66.328654, -17.384347 ], [ -66.328012, -17.389234 ], [ -66.323403, -17.390969 ], [ -66.319438, -17.387819 ], [ -66.320081, -17.382933 ], [ -66.324689, -17.381197 ] ] ] } },
{ "type": "Feature", "properties": { "h3_cell": "888b2c80d9fffff", "lat": -17.402156292015089, "lon": -66.33069220358459, "population": 1067, "query_count": 87, "expected_count": 42.782305513183701, "p_low": 0.84509733430080036, "pearson_residual": 0.66654440603859266, "gap_category": "esperado", "gtfs_covered": 1, "dist_stop_m": 191.84533695912822, "in_test": false, "model_id": "B1", "model_date": "2026-09-27", "edge_cell": false, "queries_per_1000": 81.537019681349577 }, "geometry": { "type": "Polygon", "coordinates": [ [ [ -66.331335, -17.39727 ], [ -66.335301, -17.400421 ], [ -66.334658, -17.405307 ], [ -66.33005, -17.407042 ], [ -66.326084, -17.403892 ], [ -66.326726, -17.399006 ], [ -66.331335, -17.39727 ] ] ] } },
{ "type": "Feature", "properties": { "h3_cell": "888b2c80dbfffff", "lat": -17.39553442854486, "lon": -66.335943553490878, "population": 1046, "query_count": 22, "expected_count": 40.0372745490982, "p_low": 0.57594741717073183, "pearson_residual": -0.29044165513375636, "gap_category": "esperado", "gtfs_covered": 1, "dist_stop_m": 71.653883563370641, "in_test": false, "model_id": "B1", "model_date": "2026-09-27", "edge_cell": false, "queries_per_1000": 21.032504780114724 }, "geometry": { "type": "Polygon", "coordinates": [ [ [ -66.336586, -17.390648 ], [ -66.340552, -17.393798 ], [ -66.33991, -17.398685 ], [ -66.335301, -17.400421 ], [ -66.331335, -17.39727 ], [ -66.331977, -17.392384 ], [ -66.336586, -17.390648 ] ] ] } },
{ "type": "Feature", "properties": { "h3_cell": "888b2c80ddfffff", "lat": -17.400741287785223, "lon": -66.322117899668569, "population": 1735, "query_count": 179, "expected_count": 72.64232831248404, "p_low": 0.8792665207319309, "pearson_residual": 0.94611888814191192, "gap_category": "esperado", "gtfs_covered": 1, "dist_stop_m": 180.16774478719307, "in_test": false, "model_id": "B1", "model_date": "2026-09-27", "edge_cell": false, "queries_per_1000": 103.17002881844381 }, "geometry": { "type": "Polygon", "coordinates": [ [ [ -66.322761, -17.395855 ], [ -66.326726, -17.399006 ], [ -66.326084, -17.403892 ], [ -66.321475, -17.405627 ], [ -66.31751, -17.402477 ], [ -66.318152, -17.397591 ], [ -66.322761, -17.395855 ] ] ] } },
{ "type": "Feature", "properties": { "h3_cell": "888b2c80e1fffff", "lat": -17.395078790106961, "lon": -66.287829156028721, "population": 2999, "query_count": 1896, "expected_count": 2226.0348887919754, "p_low": 0.66267063702130291, "pearson_residual": -0.096073897193923466, "gap_category": "esperado", "gtfs_covered": 1, "dist_stop_m": 44.343015724010016, "in_test": false, "model_id": "B1", "model_date": "2026-09-27", "edge_cell": false, "queries_per_1000": 632.21073691230413 }, "geometry": { "type": "Polygon", "coordinates": [ [ [ -66.288472, -17.390194 ], [ -66.292436, -17.393344 ], [ -66.291793, -17.398229 ], [ -66.287186, -17.399964 ], [ -66.283222, -17.396813 ], [ -66.283866, -17.391928 ], [ -66.288472, -17.390194 ] ] ] } },
{ "type": "Feature", "properties": { "h3_cell": "888b2c80e3fffff", "lat": -17.388459132290748, "lon": -66.293078976007877, "population": 2546, "query_count": 280, "expected_count": 1538.217087528195, "p_low": 0.37508187250661118, "pearson_residual": -0.53002597583011302, "gap_category": "esperado", "gtfs_covered": 1, "dist_stop_m": 208.17253664808763, "in_test": false, "model_id": "B1", "model_date": "2026-09-27", "edge_cell": false, "queries_per_1000": 109.97643362136685 }, "geometry": { "type": "Polygon", "coordinates": [ [ [ -66.293722, -17.383574 ], [ -66.297686, -17.386724 ], [ -66.297043, -17.39161 ], [ -66.292436, -17.393344 ], [ -66.288472, -17.390194 ], [ -66.289115, -17.385309 ], [ -66.293722, -17.383574 ] ] ] } },
{ "type": "Feature", "properties": { "h3_cell": "888b2c80e5fffff", "lat": -17.393662546365505, "lon": -66.279259089415248, "population": 3357, "query_count": 27136, "expected_count": 3842.7717553455991, "p_low": 0.98876723617071205, "pearson_residual": 3.9280756989978811, "gap_category": "exceso", "gtfs_covered": 1, "dist_stop_m": 27.1830497642305, "in_test": false, "model_id": "B1", "model_date": "2026-09-27", "edge_cell": false, "queries_per_1000": 8083.4078045874285 }, "geometry": { "type": "Polygon", "coordinates": [ [ [ -66.279902, -17.388778 ], [ -66.283866, -17.391928 ], [ -66.283222, -17.396813 ], [ -66.278616, -17.398547 ], [ -66.274653, -17.395397 ], [ -66.275296, -17.390512 ], [ -66.279902, -17.388778 ] ] ] } },
{ "type": "Feature", "properties": { "h3_cell": "888b2c80e7fffff", "lat": -17.387043329789332, "lon": -66.2845086028086, "population": 3925, "query_count": 1001, "expected_count": 3142.3934847147557, "p_low": 0.46638768467121205, "pearson_residual": -0.44159625199340202, "gap_category": "esperado", "gtfs_covered": 1, "dist_stop_m": 80.502515155038523, "in_test": false, "model_id": "B1", "model_date": "2026-09-27", "edge_cell": false, "queries_per_1000": 255.03184713375799 }, "geometry": { "type": "Polygon", "coordinates": [ [ [ -66.285152, -17.382158 ], [ -66.289115, -17.385309 ], [ -66.288472, -17.390194 ], [ -66.283866, -17.391928 ], [ -66.279902, -17.388778 ], [ -66.280545, -17.383893 ], [ -66.285152, -17.382158 ] ] ] } },
{ "type": "Feature", "properties": { "h3_cell": "888b2c80e9fffff", "lat": -17.403114196614652, "lon": -66.291150001503624, "population": 2457, "query_count": 474, "expected_count": 647.51263537906141, "p_low": 0.6304676145742939, "pearson_residual": -0.17360432732056114, "gap_category": "esperado", "gtfs_covered": 1, "dist_stop_m": 53.539506988730508, "in_test": false, "model_id": "B1", "model_date": "2026-09-27", "edge_cell": false, "queries_per_1000": 192.91819291819291 }, "geometry": { "type": "Polygon", "coordinates": [ [ [ -66.291793, -17.398229 ], [ -66.295757, -17.40138 ], [ -66.295114, -17.406265 ], [ -66.290507, -17.407999 ], [ -66.286543, -17.404848 ], [ -66.287186, -17.399964 ], [ -66.291793, -17.398229 ] ] ] } },
{ "type": "Feature", "properties": { "h3_cell": "888b2c80ebfffff", "lat": -17.396494786293225, "lon": -66.296400070618688, "population": 2425, "query_count": 320, "expected_count": 1447.0344226334439, "p_low": 0.40505040042761742, "pearson_residual": -0.5046773224118688, "gap_category": "esperado", "gtfs_covered": 1, "dist_stop_m": 182.45122659638292, "in_test": false, "model_id": "B1", "model_date": "2026-09-27", "edge_cell": false, "queries_per_1000": 131.95876288659795 }, "geometry": { "type": "Polygon", "coordinates": [ [ [ -66.297043, -17.39161 ], [ -66.301007, -17.39476 ], [ -66.300364, -17.399645 ], [ -66.295757, -17.40138 ], [ -66.291793, -17.398229 ], [ -66.292436, -17.393344 ], [ -66.297043, -17.39161 ] ] ] } },
{ "type": "Feature", "properties": { "h3_cell": "888b2c80edfffff", "lat": -17.401697759182788, "lon": -66.282579393437217, "population": 2967, "query_count": 5183, "expected_count": 1100.7108808290157, "p_low": 0.96378702675938832, "pearson_residual": 2.4030684876745001, "gap_category": "exceso", "gtfs_covered": 1, "dist_stop_m": 68.602879953874407, "in_test": false, "model_id": "B1", "model_date": "2026-09-27", "edge_cell": false, "queries_per_1000": 1746.8823727671047 }, "geometry": { "type": "Polygon", "coordinates": [ [ [ -66.283222, -17.396813 ], [ -66.287186, -17.399964 ], [ -66.286543, -17.404848 ], [ -66.281936, -17.406582 ], [ -66.277973, -17.403432 ], [ -66.278616, -17.398547 ], [ -66.283222, -17.396813 ] ] ] } },
{ "type": "Feature", "properties": { "h3_cell": "888b2c8101fffff", "lat": -17.419652329924595, "lon": -66.210182472599868, "population": 1587, "query_count": 28, "expected_count": 2858.7141362985799, "p_low": 0.11334816212817404, "pearson_residual": -0.64167020257425922, "gap_category": "esperado", "gtfs_covered": 1, "dist_stop_m": 162.09798617609783, "in_test": true, "model_id": "B1", "model_date": "2026-09-27", "edge_cell": false, "queries_per_1000": 17.643352236925015 }, "geometry": { "type": "Polygon", "coordinates": [ [ [ -66.210826, -17.41477 ], [ -66.214786, -17.417921 ], [ -66.214143, -17.422803 ], [ -66.209539, -17.424534 ], [ -66.205579, -17.421383 ], [ -66.206223, -17.416501 ], [ -66.210826, -17.41477 ] ] ] } },
{ "type": "Feature", "properties": { "h3_cell": "888b2c8103fffff", "lat": -17.41303876743763, "lon": -66.21543015813198, "population": 1343, "query_count": 132, "expected_count": 3725.2176543869014, "p_low": 0.192300884038765, "pearson_residual": -0.62506600486035113, "gap_category": "esperado", "gtfs_covered": 1, "dist_stop_m": 68.40333881890092, "in_test": true, "model_id": "B1", "model_date": "2026-09-27", "edge_cell": false, "queries_per_1000": 98.287416232315707 }, "geometry": { "type": "Polygon", "coordinates": [ [ [ -66.216074, -17.408156 ], [ -66.220034, -17.411307 ], [ -66.21939, -17.41619 ], [ -66.214786, -17.417921 ], [ -66.210826, -17.41477 ], [ -66.21147, -17.409888 ], [ -66.216074, -17.408156 ] ] ] } },
{ "type": "Feature", "properties": { "h3_cell": "888b2c8105fffff", "lat": -17.418232396592586, "lon": -66.201619040225523, "population": 2158, "query_count": 135, "expected_count": 5072.2192712291508, "p_low": 0.17070256698701872, "pearson_residual": -0.63079015136191852, "gap_category": "esperado", "gtfs_covered": 1, "dist_stop_m": 26.614285904276201, "in_test": true, "model_id": "B1", "model_date": "2026-09-27", "edge_cell": false, "queries_per_1000": 62.557924003707136 }, "geometry": { "type": "Polygon", "coordinates": [ [ [ -66.202263, -17.41335 ], [ -66.206223, -17.416501 ], [ -66.205579, -17.421383 ], [ -66.200975, -17.423114 ], [ -66.197016, -17.419963 ], [ -66.19766, -17.415081 ], [ -66.202263, -17.41335 ] ] ] } },
{ "type": "Feature", "properties": { "h3_cell": "888b2c8107fffff", "lat": -17.411619275768757, "lon": -66.206866417287358, "population": 1911, "query_count": 56, "expected_count": 4106.5590676616075, "p_low": 0.12950972987320042, "pearson_residual": -0.63919471624232149, "gap_category": "esperado", "gtfs_covered": 0, "dist_stop_m": 613.17147799213853, "in_test": true, "model_id": "B1", "model_date": "2026-09-27", "edge_cell": false, "queries_per_1000": 29.304029304029303 }, "geometry": { "type": "Polygon", "coordinates": [ [ [ -66.20751, -17.406737 ], [ -66.21147, -17.409888 ], [ -66.210826, -17.41477 ], [ -66.206223, -17.416501 ], [ -66.202263, -17.41335 ], [ -66.202907, -17.408468 ], [ -66.20751, -17.406737 ] ] ] } },
{ "type": "Feature", "properties": { "h3_cell": "888b2c8109fffff", "lat": -17.427685330532608, "lon": -66.213498820196932, "population": 78, "query_count": 10, "expected_count": 5.2953079178885627, "p_low": 0.8362240770944841, "pearson_residual": 0.55422322153868664, "gap_category": "esperado", "gtfs_covered": 0, "dist_stop_m": 687.5585493898634, "in_test": true, "model_id": "B1", "model_date": "2026-09-27", "edge_cell": false, "queries_per_1000": 128.2051282051282 }, "geometry": { "type": "Polygon", "coordinates": [ [ [ -66.214143, -17.422803 ], [ -66.218103, -17.425954 ], [ -66.217459, -17.430836 ], [ -66.212855, -17.432567 ], [ -66.208895, -17.429416 ], [ -66.209539, -17.424534 ], [ -66.214143, -17.422803 ] ] ] } },
{ "type": "Feature", "properties": { "h3_cell": "888b2c810bfffff", "lat": -17.421072016563741, "lon": -66.218746755489164, "population": 763, "query_count": 29, "expected_count": 1407.1265801590623, "p_low": 0.15464549737207922, "pearson_residual": -0.63461396867462294, "gap_category": "esperado", "gtfs_covered": 1, "dist_stop_m": 189.46104644706958, "in_test": true, "model_id": "B1", "model_date": "2026-09-27", "edge_cell": false, "queries_per_1000": 38.00786369593709 }, "geometry": { "type": "Polygon", "coordinates": [ [ [ -66.21939, -17.41619 ], [ -66.223351, -17.419341 ], [ -66.222707, -17.424223 ], [ -66.218103, -17.425954 ], [ -66.214143, -17.422803 ], [ -66.214786, -17.417921 ], [ -66.21939, -17.41619 ] ] ] } },
{ "type": "Feature", "properties": { "h3_cell": "888b2c810dfffff", "lat": -17.42626520222494, "lon": -66.204934845716153, "population": 1697, "query_count": 29, "expected_count": 1227.1158043203918, "p_low": 0.16373216421009495, "pearson_residual": -0.63264113651447906, "gap_category": "esperado", "gtfs_covered": 1, "dist_stop_m": 114.09638250181251, "in_test": true, "model_id": "B1", "model_date": "2026-09-27", "edge_cell": false, "queries_per_1000": 17.088980553918677 }, "geometry": { "type": "Polygon", "coordinates": [ [ [ -66.205579, -17.421383 ], [ -66.209539, -17.424534 ], [ -66.208895, -17.429416 ], [ -66.204291, -17.431147 ], [ -66.200331, -17.427996 ], [ -66.200975, -17.423114 ], [ -66.205579, -17.421383 ] ] ] } },
{ "type": "Feature", "properties": { "h3_cell": "888b2c8111fffff", "lat": -17.407843318428355, "lon": -66.229242801519774, "population": 934, "query_count": 113, "expected_count": 2331.4294191486933, "p_low": 0.21906165274037168, "pearson_residual": -0.61659886002466702, "gap_category": "esperado", "gtfs_covered": 0, "dist_stop_m": 719.80107327364021, "in_test": true, "model_id": "B1", "model_date": "2026-09-27", "edge_cell": false, "queries_per_1000": 120.98501070663811 }, "geometry": { "type": "Polygon", "coordinates": [ [ [ -66.229886, -17.40296 ], [ -66.233847, -17.406111 ], [ -66.233204, -17.410994 ], [ -66.228599, -17.412726 ], [ -66.224638, -17.409575 ], [ -66.225282, -17.404693 ], [ -66.229886, -17.40296 ] ] ] } },
{ "type": "Feature", "properties": { "h3_cell": "888b2c8113fffff", "lat": -17.401227934740046, "lon": -66.23449091208397, "population": 1724, "query_count": 363, "expected_count": 4356.2552702184748, "p_low": 0.27338102932287339, "pearson_residual": -0.59403400439850107, "gap_category": "esperado", "gtfs_covered": 1, "dist_stop_m": 119.66388210627579, "in_test": true, "model_id": "B1", "model_date": "2026-09-27", "edge_cell": false, "queries_per_1000": 210.5568445475638 }, "geometry": { "type": "Polygon", "coordinates": [ [ [ -66.235134, -17.396345 ], [ -66.239096, -17.399495 ], [ -66.238452, -17.404379 ], [ -66.233847, -17.406111 ], [ -66.229886, -17.40296 ], [ -66.23053, -17.398077 ], [ -66.235134, -17.396345 ] ] ] } },
{ "type": "Feature", "properties": { "h3_cell": "888b2c8115fffff", "lat": -17.406424515003003, "lon": -66.220677902225461, "population": 1120, "query_count": 302, "expected_count": 2019.0659217877096, "p_low": 0.34673769408218902, "pearson_residual": -0.55107383799719989, "gap_category": "esperado", "gtfs_covered": 0, "dist_stop_m": 587.33147878528757, "in_test": true, "model_id": "B1", "model_date": "2026-09-27", "edge_cell": false, "queries_per_1000": 269.64285714285711 }, "geometry": { "type": "Polygon", "coordinates": [ [ [ -66.221322, -17.401542 ], [ -66.225282, -17.404693 ], [ -66.224638, -17.409575 ], [ -66.220034, -17.411307 ], [ -66.216074, -17.408156 ], [ -66.216718, -17.403274 ], [ -66.221322, -17.401542 ] ] ] } },
{ "type": "Feature", "properties": { "h3_cell": "888b2c8117fffff", "lat": -17.399809572859798, "lon": -66.225925704793198, "population": 2535, "query_count": 1240, "expected_count": 5092.2759226713533, "p_low": 0.42038238300062741, "pearson_residual": -0.49023694552236929, "gap_category": "esperado", "gtfs_covered": 1, "dist_stop_m": 381.77667895076263, "in_test": true, "model_id": "B1", "model_date": "2026-09-27", "edge_cell": false, "queries_per_1000": 489.15187376725839 }, "geometry": { "type": "Polygon", "coordinates": [ [ [ -66.226569, -17.394926 ], [ -66.23053, -17.398077 ], [ -66.229886, -17.40296 ], [ -66.225282, -17.404693 ], [ -66.221322, -17.401542 ], [ -66.221965, -17.396659 ], [ -66.226569, -17.394926 ] ] ] } },
{ "type": "Feature", "properties": { "h3_cell": "888b2c8119fffff", "lat": -17.415877010630041, "lon": -66.2325601905127, "population": 392, "query_count": 8, "expected_count": 34.99335232668566, "p_low": 0.42300128075034477, "pearson_residual": -0.49693443156766998, "gap_category": "esperado", "gtfs_covered": 0, "dist_stop_m": 897.89063959603004, "in_test": true, "model_id": "B1", "model_date": "2026-09-27", "edge_cell": false, "queries_per_1000": 20.408163265306122 }, "geometry": { "type": "Polygon", "coordinates": [ [ [ -66.233204, -17.410994 ], [ -66.237165, -17.414145 ], [ -66.236521, -17.419028 ], [ -66.231917, -17.42076 ], [ -66.227956, -17.417609 ], [ -66.228599, -17.412726 ], [ -66.233204, -17.410994 ] ] ] } },
{ "type": "Feature", "properties": { "h3_cell": "888b2c811bfffff", "lat": -17.409261875058533, "lon": -66.237808550674544, "population": 354, "query_count": 6, "expected_count": 42.125760649087219, "p_low": 0.35468530259478526, "pearson_residual": -0.55301068734354719, "gap_category": "esperado", "gtfs_covered": 0, "dist_stop_m": 560.25189783625535, "in_test": true, "model_id": "B1", "model_date": "2026-09-27", "edge_cell": false, "queries_per_1000": 16.949152542372882 }, "geometry": { "type": "Polygon", "coordinates": [ [ [ -66.238452, -17.404379 ], [ -66.242413, -17.407529 ], [ -66.24177, -17.412413 ], [ -66.237165, -17.414145 ], [ -66.233204, -17.410994 ], [ -66.233847, -17.406111 ], [ -66.238452, -17.404379 ] ] ] } },
{ "type": "Feature", "properties": { "h3_cell": "888b2c811dfffff", "lat": -17.414458012449312, "lon": -66.223994749292487, "population": 716, "query_count": 43, "expected_count": 1668.8366347177848, "p_low": 0.16918989993566458, "pearson_residual": -0.63128711683432048, "gap_category": "esperado", "gtfs_covered": 1, "dist_stop_m": 45.814423583772005, "in_test": true, "model_id": "B1", "model_date": "2026-09-27", "edge_cell": false, "queries_per_1000": 60.055865921787706 }, "geometry": { "type": "Polygon", "coordinates": [ [ [ -66.224638, -17.409575 ], [ -66.228599, -17.412726 ], [ -66.227956, -17.417609 ], [ -66.223351, -17.419341 ], [ -66.21939, -17.41619 ], [ -66.220034, -17.411307 ], [ -66.224638, -17.409575 ] ] ] } },
{ "type": "Feature", "properties": { "h3_cell": "888b2c8121fffff", "lat": -17.408779553154591, "lon": -66.189741487569236, "population": 1722, "query_count": 341, "expected_count": 6306.7738145195135, "p_low": 0.2288067046642526, "pearson_residual": -0.61300434864585651, "gap_category": "esperado", "gtfs_covered": 1, "dist_stop_m": 210.56020429493998, "in_test": true, "model_id": "B1", "model_date": "2026-09-27", "edge_cell": false, "queries_per_1000": 198.02555168408827 }, "geometry": { "type": "Polygon", "coordinates": [ [ [ -66.190385, -17.403898 ], [ -66.194344, -17.407049 ], [ -66.1937, -17.41193 ], [ -66.189097, -17.413661 ], [ -66.185139, -17.41051 ], [ -66.185783, -17.405629 ], [ -66.190385, -17.403898 ] ] ] } },
{ "type": "Feature", "properties": { "h3_cell": "888b2c8123fffff", "lat": -17.402166625693145, "lon": -66.194988306066662, "population": 4051, "query_count": 1677, "expected_count": 11677.459029665184, "p_low": 0.34085871254730221, "pearson_residual": -0.55498629756728557, "gap_category": "esperado", "gtfs_covered": 1, "dist_stop_m": 218.6349945336207, "in_test": true, "model_id": "B1", "model_date": "2026-09-27", "edge_cell": false, "queries_per_1000": 413.97185880029622 }, "geometry": { "type": "Polygon", "coordinates": [ [ [ -66.195632, -17.397284 ], [ -66.199591, -17.400435 ], [ -66.198947, -17.405317 ], [ -66.194344, -17.407049 ], [ -66.190385, -17.403898 ], [ -66.191029, -17.399016 ], [ -66.195632, -17.397284 ] ] ] } },
{ "type": "Feature", "properties": { "h3_cell": "888b2c8125fffff", "lat": -17.407359322556861, "lon": -66.181180299207028, "population": 3933, "query_count": 4959, "expected_count": 15174.68928313642, "p_low": 0.4708650829785066, "pearson_residual": -0.43627501857016754, "gap_category": "esperado", "gtfs_covered": 1, "dist_stop_m": 91.603399068513625, "in_test": true, "model_id": "B1", "model_date": "2026-09-27", "edge_cell": false, "queries_per_1000": 1260.8695652173913 }, "geometry": { "type": "Polygon", "coordinates": [ [ [ -66.181824, -17.402478 ], [ -66.185783, -17.405629 ], [ -66.185139, -17.41051 ], [ -66.180536, -17.412241 ], [ -66.176578, -17.40909 ], [ -66.177222, -17.404208 ], [ -66.181824, -17.402478 ] ] ] } },
{ "type": "Feature", "properties": { "h3_cell": "888b2c8127fffff", "lat": -17.400746836824364, "lon": -66.186426808774627, "population": 4817, "query_count": 7052, "expected_count": 17642.119317387049, "p_low": 0.50800740836345071, "pearson_residual": -0.38901237463486588, "gap_category": "esperado", "gtfs_covered": 1, "dist_stop_m": 18.208211847917966, "in_test": true, "model_id": "B1", "model_date": "2026-09-27", "edge_cell": false, "queries_per_1000": 1463.9817313680715 }, "geometry": { "type": "Polygon", "coordinates": [ [ [ -66.187071, -17.395865 ], [ -66.191029, -17.399016 ], [ -66.190385, -17.403898 ], [ -66.185783, -17.405629 ], [ -66.181824, -17.402478 ], [ -66.182468, -17.397596 ], [ -66.187071, -17.395865 ] ] ] } },
{ "type": "Feature", "properties": { "h3_cell": "888b2c8129fffff", "lat": -17.416812216741569, "lon": -66.19305645862201, "population": 1788, "query_count": 98, "expected_count": 5430.9840171027181, "p_low": 0.14526913030213939, "pearson_residual": -0.6363461975110476, "gap_category": "esperado", "gtfs_covered": 1, "dist_stop_m": 405.64219335331791, "in_test": true, "model_id": "B1", "model_date": "2026-09-27", "edge_cell": false, "queries_per_1000": 54.809843400447427 }, "geometry": { "type": "Polygon", "coordinates": [ [ [ -66.1937, -17.41193 ], [ -66.19766, -17.415081 ], [ -66.197016, -17.419963 ], [ -66.192412, -17.421694 ], [ -66.188453, -17.418543 ], [ -66.189097, -17.413661 ], [ -66.1937, -17.41193 ] ] ] } },
{ "type": "Feature", "properties": { "h3_cell": "888b2c812bfffff", "lat": -17.410199537616482, "lon": -66.198303527014531, "population": 1885, "query_count": 167, "expected_count": 5433.7226045220614, "p_low": 0.18116688837292391, "pearson_residual": -0.62812298469086258, "gap_category": "esperado", "gtfs_covered": 1, "dist_stop_m": 151.15157660837815, "in_test": true, "model_id": "B1", "model_date": "2026-09-27", "edge_cell": false, "queries_per_1000": 88.594164456233415 }, "geometry": { "type": "Polygon", "coordinates": [ [ [ -66.198947, -17.405317 ], [ -66.202907, -17.408468 ], [ -66.202263, -17.41335 ], [ -66.19766, -17.415081 ], [ -66.1937, -17.41193 ], [ -66.194344, -17.407049 ], [ -66.198947, -17.405317 ] ] ] } },
{ "type": "Feature", "properties": { "h3_cell": "888b2c812dfffff", "lat": -17.415391790545375, "lon": -66.184494728044939, "population": 306, "query_count": 35, "expected_count": 809.6322972616008, "p_low": 0.21011055242350962, "pearson_residual": -0.61988860064583162, "gap_category": "esperado", "gtfs_covered": 0, "dist_stop_m": 585.3892063292808, "in_test": true, "model_id": "B1", "model_date": "2026-09-27", "edge_cell": false, "queries_per_1000": 114.37908496732025 }, "geometry": { "type": "Polygon", "coordinates": [ [ [ -66.185139, -17.41051 ], [ -66.189097, -17.413661 ], [ -66.188453, -17.418543 ], [ -66.183851, -17.420273 ], [ -66.179892, -17.417122 ], [ -66.180536, -17.412241 ], [ -66.185139, -17.41051 ] ] ] } },
{ "type": "Feature", "properties": { "h3_cell": "888b2c8131fffff", "lat": -17.396972109516053, "lon": -66.208797840220285, "population": 4852, "query_count": 3963, "expected_count": 8482.7833383884335, "p_low": 0.53811229603714861, "pearson_residual": -0.34529236781059008, "gap_category": "esperado", "gtfs_covered": 1, "dist_stop_m": 11.570293246267374, "in_test": true, "model_id": "B1", "model_date": "2026-09-27", "edge_cell": false, "queries_per_1000": 816.7765869744436 }, "geometry": { "type": "Polygon", "coordinates": [ [ [ -66.209442, -17.392089 ], [ -66.213401, -17.39524 ], [ -66.212758, -17.400123 ], [ -66.208154, -17.401855 ], [ -66.204194, -17.398704 ], [ -66.204838, -17.393821 ], [ -66.209442, -17.392089 ] ] ] } },
{ "type": "Feature", "properties": { "h3_cell": "888b2c8133fffff", "lat": -17.390357361018719, "lon": -66.214045084859478, "population": 2994, "query_count": 5492, "expected_count": 5799.648207560329, "p_low": 0.6854910513956477, "pearson_residual": -0.034376012711771445, "gap_category": "esperado", "gtfs_covered": 1, "dist_stop_m": 178.24638476554739, "in_test": true, "model_id": "B1", "model_date": "2026-09-27", "edge_cell": false, "queries_per_1000": 1834.3353373413493 }, "geometry": { "type": "Polygon", "coordinates": [ [ [ -66.214689, -17.385474 ], [ -66.218649, -17.388625 ], [ -66.218005, -17.393508 ], [ -66.213401, -17.39524 ], [ -66.209442, -17.392089 ], [ -66.210085, -17.387207 ], [ -66.214689, -17.385474 ] ] ] } },
{ "type": "Feature", "properties": { "h3_cell": "888b2c8135fffff", "lat": -17.395553008399894, "lon": -66.200235183450232, "population": 4596, "query_count": 9698, "expected_count": 10478.31444082519, "p_low": 0.6805379193929636, "pearson_residual": -0.048260076002500381, "gap_category": "esperado", "gtfs_covered": 1, "dist_stop_m": 41.852142341254464, "in_test": true, "model_id": "B1", "model_date": "2026-09-27", "edge_cell": false, "queries_per_1000": 2110.0957354221064 }, "geometry": { "type": "Polygon", "coordinates": [ [ [ -66.200879, -17.390671 ], [ -66.204838, -17.393821 ], [ -66.204194, -17.398704 ], [ -66.199591, -17.400435 ], [ -66.195632, -17.397284 ], [ -66.196276, -17.392402 ], [ -66.200879, -17.390671 ] ] ] } },
{ "type": "Feature", "properties": { "h3_cell": "888b2c8137fffff", "lat": -17.388938701513819, "lon": -66.205482119632933, "population": 2819, "query_count": 8830, "expected_count": 3971.0687160940324, "p_low": 0.86101235131816412, "pearson_residual": 0.79291909742297784, "gap_category": "esperado", "gtfs_covered": 1, "dist_stop_m": 122.32834435060357, "in_test": true, "model_id": "B1", "model_date": "2026-09-27", "edge_cell": false, "queries_per_1000": 3132.3164242639236 }, "geometry": { "type": "Polygon", "coordinates": [ [ [ -66.206126, -17.384056 ], [ -66.210085, -17.387207 ], [ -66.209442, -17.392089 ], [ -66.204838, -17.393821 ], [ -66.200879, -17.390671 ], [ -66.201523, -17.385788 ], [ -66.206126, -17.384056 ] ] ] } },
{ "type": "Feature", "properties": { "h3_cell": "888b2c8139fffff", "lat": -17.405005464956194, "lon": -66.212113853047825, "population": 1927, "query_count": 255, "expected_count": 3421.2428331197948, "p_low": 0.26124097174549071, "pearson_residual": -0.59972499798508205, "gap_category": "esperado", "gtfs_covered": 1, "dist_stop_m": 299.76508758595998, "in_test": true, "model_id": "B1", "model_date": "2026-09-27", "edge_cell": false, "queries_per_1000": 132.33004670472238 }, "geometry": { "type": "Polygon", "coordinates": [ [ [ -66.212758, -17.400123 ], [ -66.216718, -17.403274 ], [ -66.216074, -17.408156 ], [ -66.21147, -17.409888 ], [ -66.20751, -17.406737 ], [ -66.208154, -17.401855 ], [ -66.212758, -17.400123 ] ] ] } },
{ "type": "Feature", "properties": { "h3_cell": "888b2c813bfffff", "lat": -17.398390964393908, "lon": -66.217361347419924, "population": 2715, "query_count": 5124, "expected_count": 5192.6049502547921, "p_low": 0.69440106389475298, "pearson_residual": -0.008561918624301397, "gap_category": "esperado", "gtfs_covered": 1, "dist_stop_m": 142.97715865386851, "in_test": true, "model_id": "B1", "model_date": "2026-09-27", "edge_cell": false, "queries_per_1000": 1887.2928176795581 }, "geometry": { "type": "Polygon", "coordinates": [ [ [ -66.218005, -17.393508 ], [ -66.221965, -17.396659 ], [ -66.221322, -17.401542 ], [ -66.216718, -17.403274 ], [ -66.212758, -17.400123 ], [ -66.213401, -17.39524 ], [ -66.218005, -17.393508 ] ] ] } },
{ "type": "Feature", "properties": { "h3_cell": "888b2c813dfffff", "lat": -17.403586168461668, "lon": -66.20355065424296, "population": 2542, "query_count": 727, "expected_count": 5838.1041576573798, "p_low": 0.32186593476038633, "pearson_residual": -0.56734307638168913, "gap_category": "esperado", "gtfs_covered": 1, "dist_stop_m": 390.43527537519213, "in_test": true, "model_id": "B1", "model_date": "2026-09-27", "edge_cell": false, "queries_per_1000": 285.99527930763179 }, "geometry": { "type": "Polygon", "coordinates": [ [ [ -66.204194, -17.398704 ], [ -66.208154, -17.401855 ], [ -66.20751, -17.406737 ], [ -66.202907, -17.408468 ], [ -66.198947, -17.405317 ], [ -66.199591, -17.400435 ], [ -66.204194, -17.398704 ] ] ] } },
{ "type": "Feature", "properties": { "h3_cell": "888b2c8141fffff", "lat": -17.442330651872354, "lon": -66.211567333601963, "population": 396, "query_count": 28, "expected_count": 25.447087776866287, "p_low": 0.72156504225156082, "pearson_residual": 0.064485438594418576, "gap_category": "esperado", "gtfs_covered": 0, "dist_stop_m": 550.70224335269734, "in_test": true, "model_id": "B1", "model_date": "2026-09-27", "edge_cell": false, "queries_per_1000": 70.707070707070699 }, "geometry": { "type": "Polygon", "coordinates": [ [ [ -66.212211, -17.437449 ], [ -66.216172, -17.4406 ], [ -66.215528, -17.445482 ], [ -66.210923, -17.447212 ], [ -66.206963, -17.444061 ], [ -66.207607, -17.43918 ], [ -66.212211, -17.437449 ] ] ] } },
{ "type": "Feature", "properties": { "h3_cell": "888b2c8143fffff", "lat": -17.435718277196241, "lon": -66.216815460094949, "population": 423, "query_count": 23, "expected_count": 35.766429468396815, "p_low": 0.6080792419701162, "pearson_residual": -0.22997326401483392, "gap_category": "esperado", "gtfs_covered": 1, "dist_stop_m": 308.02479776013439, "in_test": true, "model_id": "B1", "model_date": "2026-09-27", "edge_cell": false, "queries_per_1000": 54.373522458628841 }, "geometry": { "type": "Polygon", "coordinates": [ [ [ -66.217459, -17.430836 ], [ -66.22142, -17.433987 ], [ -66.220776, -17.438869 ], [ -66.216172, -17.4406 ], [ -66.212211, -17.437449 ], [ -66.212855, -17.432567 ], [ -66.217459, -17.430836 ] ] ] } },
{ "type": "Feature", "properties": { "h3_cell": "888b2c8145fffff", "lat": -17.440909887078316, "lon": -66.203003125493922, "population": 1762, "query_count": 187, "expected_count": 127.59505459216442, "p_low": 0.77944944758157109, "pearson_residual": 0.30122683943897682, "gap_category": "esperado", "gtfs_covered": 1, "dist_stop_m": 98.698210193691523, "in_test": true, "model_id": "B1", "model_date": "2026-09-27", "edge_cell": false, "queries_per_1000": 106.12939841089671 }, "geometry": { "type": "Polygon", "coordinates": [ [ [ -66.203647, -17.436028 ], [ -66.207607, -17.43918 ], [ -66.206963, -17.444061 ], [ -66.202359, -17.445791 ], [ -66.198399, -17.44264 ], [ -66.199043, -17.437759 ], [ -66.203647, -17.436028 ] ] ] } },
{ "type": "Feature", "properties": { "h3_cell": "888b2c8147fffff", "lat": -17.434297954117035, "lon": -66.208250943502804, "population": 429, "query_count": 29, "expected_count": 31.065992292870906, "p_low": 0.68616313584824817, "pearson_residual": -0.042810072111555533, "gap_category": "esperado", "gtfs_covered": 1, "dist_stop_m": 226.46960644703657, "in_test": true, "model_id": "B1", "model_date": "2026-09-27", "edge_cell": false, "queries_per_1000": 67.599067599067595 }, "geometry": { "type": "Polygon", "coordinates": [ [ [ -66.208895, -17.429416 ], [ -66.212855, -17.432567 ], [ -66.212211, -17.437449 ], [ -66.207607, -17.43918 ], [ -66.203647, -17.436028 ], [ -66.204291, -17.431147 ], [ -66.208895, -17.429416 ] ] ] } },
{ "type": "Feature", "properties": { "h3_cell": "888b2c8149fffff", "lat": -17.45036329509438, "lon": -66.214884016029998, "population": 1540, "query_count": 103, "expected_count": 84.25479968926868, "p_low": 0.74151220677559859, "pearson_residual": 0.14382493607822291, "gap_category": "esperado", "gtfs_covered": 1, "dist_stop_m": 112.66239655585048, "in_test": true, "model_id": "B1", "model_date": "2026-09-27", "edge_cell": false, "queries_per_1000": 66.883116883116884 }, "geometry": { "type": "Polygon", "coordinates": [ [ [ -66.215528, -17.445482 ], [ -66.219489, -17.448633 ], [ -66.218845, -17.453514 ], [ -66.21424, -17.455245 ], [ -66.21028, -17.452094 ], [ -66.210923, -17.447212 ], [ -66.215528, -17.445482 ] ] ] } },
{ "type": "Feature", "properties": { "h3_cell": "888b2c814bfffff", "lat": -17.443751169518936, "lon": -66.220132392310362, "population": 397, "query_count": 10, "expected_count": 32.696003229713362, "p_low": 0.47017639955841373, "pearson_residual": -0.44699396374797834, "gap_category": "esperado", "gtfs_covered": 1, "dist_stop_m": 423.8405157959819, "in_test": true, "model_id": "B1", "model_date": "2026-09-27", "edge_cell": false, "queries_per_1000": 25.188916876574307 }, "geometry": { "type": "Polygon", "coordinates": [ [ [ -66.220776, -17.438869 ], [ -66.224737, -17.44202 ], [ -66.224093, -17.446902 ], [ -66.219489, -17.448633 ], [ -66.215528, -17.445482 ], [ -66.216172, -17.4406 ], [ -66.220776, -17.438869 ] ] ] } },
{ "type": "Feature", "properties": { "h3_cell": "888b2c814dfffff", "lat": -17.448942335727622, "lon": -66.206319265743915, "population": 1528, "query_count": 181, "expected_count": 98.189773038009307, "p_low": 0.82592400046935877, "pearson_residual": 0.54539277592416346, "gap_category": "esperado", "gtfs_covered": 1, "dist_stop_m": 116.94936861456543, "in_test": true, "model_id": "B1", "model_date": "2026-09-27", "edge_cell": false, "queries_per_1000": 118.45549738219894 }, "geometry": { "type": "Polygon", "coordinates": [ [ [ -66.206963, -17.444061 ], [ -66.210923, -17.447212 ], [ -66.21028, -17.452094 ], [ -66.205675, -17.453824 ], [ -66.201715, -17.450672 ], [ -66.202359, -17.445791 ], [ -66.206963, -17.444061 ] ] ] } },
{ "type": "Feature", "properties": { "h3_cell": "888b2c8151fffff", "lat": -17.430524846267019, "lon": -66.230629320276606, "population": 162, "query_count": 0, "expected_count": 3.2837837837837838, "p_low": 0.4008115359344338, "pearson_residual": -0.61021608310478836, "gap_category": "esperado", "gtfs_covered": 0, "dist_stop_m": 569.70612420157579, "in_test": true, "model_id": "B1", "model_date": "2026-09-27", "edge_cell": false, "queries_per_1000": 0.0 }, "geometry": { "type": "Polygon", "coordinates": [ [ [ -66.231273, -17.425642 ], [ -66.235234, -17.428793 ], [ -66.234591, -17.433676 ], [ -66.229986, -17.435407 ], [ -66.226025, -17.432256 ], [ -66.226668, -17.427374 ], [ -66.231273, -17.425642 ] ] ] } },
{ "type": "Feature", "properties": { "h3_cell": "888b2c8153fffff", "lat": -17.423910649068159, "lon": -66.235877871788318, "population": 130, "query_count": 1, "expected_count": 3.0272787757817698, "p_low": 0.56542799342194483, "pearson_residual": -0.40669450142384173, "gap_category": "esperado", "gtfs_covered": 0, "dist_stop_m": 600.75763221867908, "in_test": true, "model_id": "B1", "model_date": "2026-09-27", "edge_cell": false, "queries_per_1000": 7.6923076923076925 }, "geometry": { "type": "Polygon", "coordinates": [ [ [ -66.236521, -17.419028 ], [ -66.240483, -17.422179 ], [ -66.239839, -17.427062 ], [ -66.235234, -17.428793 ], [ -66.231273, -17.425642 ], [ -66.231917, -17.42076 ], [ -66.236521, -17.419028 ] ] ] } },
{ "type": "Feature", "properties": { "h3_cell": "888b2c8155fffff", "lat": -17.429105211937927, "lon": -66.22206364513579, "population": 351, "query_count": 4, "expected_count": 7.1148648648648649, "p_low": 0.60335238700961025, "pearson_residual": -0.27570013520833031, "gap_category": "esperado", "gtfs_covered": 0, "dist_stop_m": 978.46829558724573, "in_test": true, "model_id": "B1", "model_date": "2026-09-27", "edge_cell": false, "queries_per_1000": 11.396011396011396 }, "geometry": { "type": "Polygon", "coordinates": [ [ [ -66.222707, -17.424223 ], [ -66.226668, -17.427374 ], [ -66.226025, -17.432256 ], [ -66.22142, -17.433987 ], [ -66.217459, -17.430836 ], [ -66.218103, -17.425954 ], [ -66.222707, -17.424223 ] ] ] } },
{ "type": "Feature", "properties": { "h3_cell": "888b2c8157fffff", "lat": -17.422491456336214, "lon": -66.227311888637402, "population": 241, "query_count": 7, "expected_count": 19.690569317687963, "p_low": 0.50222433967400848, "pearson_residual": -0.41329333590976702, "gap_category": "esperado", "gtfs_covered": 0, "dist_stop_m": 617.4423195407154, "in_test": true, "model_id": "B1", "model_date": "2026-09-27", "edge_cell": false, "queries_per_1000": 29.045643153526971 }, "geometry": { "type": "Polygon", "coordinates": [ [ [ -66.227956, -17.417609 ], [ -66.231917, -17.42076 ], [ -66.231273, -17.425642 ], [ -66.226668, -17.427374 ], [ -66.222707, -17.424223 ], [ -66.223351, -17.419341 ], [ -66.227956, -17.417609 ] ] ] } },
{ "type": "Feature", "properties": { "h3_cell": "888b2c8159fffff", "lat": -17.438558181845089, "lon": -66.233947044226497, "population": 969, "query_count": 0, "expected_count": 11.467455621301776, "p_low": 0.24560638994062917, "pearson_residual": -0.63651374299542063, "gap_category": "esperado", "gtfs_covered": 1, "dist_stop_m": 174.38116407590371, "in_test": true, "model_id": "B1", "model_date": "2026-09-27", "edge_cell": false, "queries_per_1000": 0.0 }, "geometry": { "type": "Polygon", "coordinates": [ [ [ -66.234591, -17.433676 ], [ -66.238552, -17.436827 ], [ -66.237909, -17.441709 ], [ -66.233303, -17.44344 ], [ -66.229342, -17.440289 ], [ -66.229986, -17.435407 ], [ -66.234591, -17.433676 ] ] ] } },
{ "type": "Feature", "properties": { "h3_cell": "888b2c815dfffff", "lat": -17.437138353163576, "lon": -66.22538082708823, "population": 747, "query_count": 13, "expected_count": 15.5625, "p_low": 0.66705007003236672, "pearson_residual": -0.10529808786035803, "gap_category": "esperado", "gtfs_covered": 1, "dist_stop_m": 407.67181315460635, "in_test": true, "model_id": "B1", "model_date": "2026-09-27", "edge_cell": false, "queries_per_1000": 17.402945113788487 }, "geometry": { "type": "Polygon", "coordinates": [ [ [ -66.226025, -17.432256 ], [ -66.229986, -17.435407 ], [ -66.229342, -17.440289 ], [ -66.224737, -17.44202 ], [ -66.220776, -17.438869 ], [ -66.22142, -17.433987 ], [ -66.226025, -17.432256 ] ] ] } },
{ "type": "Feature", "properties": { "h3_cell": "888b2c8161fffff", "lat": -17.431456567318794, "lon": -66.191124462546028, "population": 1001, "query_count": 678, "expected_count": 51.248554913294797, "p_low": 0.99936797659691279, "pearson_residual": 7.8933236797053947, "gap_category": "exceso", "gtfs_covered": 1, "dist_stop_m": 154.69069962958184, "in_test": true, "model_id": "B1", "model_date": "2026-09-27", "edge_cell": false, "queries_per_1000": 677.32267732267735 }, "geometry": { "type": "Polygon", "coordinates": [ [ [ -66.191768, -17.426575 ], [ -66.195728, -17.429726 ], [ -66.195084, -17.434608 ], [ -66.19048, -17.436338 ], [ -66.186521, -17.433187 ], [ -66.187165, -17.428305 ], [ -66.191768, -17.426575 ] ] ] } },
{ "type": "Feature", "properties": { "h3_cell": "888b2c8163fffff", "lat": -17.424844827188821, "lon": -66.196371721949419, "population": 1294, "query_count": 71, "expected_count": 66.249380677126339, "p_low": 0.71369698188937403, "pearson_residual": 0.04632491547903643, "gap_category": "esperado", "gtfs_covered": 0, "dist_stop_m": 573.29292402446936, "in_test": true, "model_id": "B1", "model_date": "2026-09-27", "edge_cell": false, "queries_per_1000": 54.868624420401858 }, "geometry": { "type": "Polygon", "coordinates": [ [ [ -66.197016, -17.419963 ], [ -66.200975, -17.423114 ], [ -66.200331, -17.427996 ], [ -66.195728, -17.429726 ], [ -66.191768, -17.426575 ], [ -66.192412, -17.421694 ], [ -66.197016, -17.419963 ] ] ] } },
{ "type": "Feature", "properties": { "h3_cell": "888b2c8165fffff", "lat": -17.43003550394765, "lon": -66.182562498692818, "population": 1242, "query_count": 190, "expected_count": 127.27677775797541, "p_low": 0.7832726640181138, "pearson_residual": 0.31884698428277947, "gap_category": "esperado", "gtfs_covered": 1, "dist_stop_m": 74.568910351386691, "in_test": true, "model_id": "B1", "model_date": "2026-09-27", "edge_cell": false, "queries_per_1000": 152.97906602254429 }, "geometry": { "type": "Polygon", "coordinates": [ [ [ -66.183207, -17.425154 ], [ -66.187165, -17.428305 ], [ -66.186521, -17.433187 ], [ -66.181918, -17.434916 ], [ -66.17796, -17.431765 ], [ -66.178604, -17.426884 ], [ -66.183207, -17.425154 ] ] ] } },
{ "type": "Feature", "properties": { "h3_cell": "888b2c8167fffff", "lat": -17.423424205598156, "lon": -66.187809449152439, "population": 1138, "query_count": 49, "expected_count": 102.5070881947058, "p_low": 0.54504213075044594, "pearson_residual": -0.33758880676964897, "gap_category": "esperado", "gtfs_covered": 1, "dist_stop_m": 177.44613207122123, "in_test": true, "model_id": "B1", "model_date": "2026-09-27", "edge_cell": false, "queries_per_1000": 43.057996485061516 }, "geometry": { "type": "Polygon", "coordinates": [ [ [ -66.188453, -17.418543 ], [ -66.192412, -17.421694 ], [ -66.191768, -17.426575 ], [ -66.187165, -17.428305 ], [ -66.183207, -17.425154 ], [ -66.183851, -17.420273 ], [ -66.188453, -17.418543 ] ] ] } },
{ "type": "Feature", "properties": { "h3_cell": "888b2c8169fffff", "lat": -17.439488875310854, "lon": -66.194439768242162, "population": 2106, "query_count": 240, "expected_count": 134.84225587218316, "p_low": 0.8189311462074147, "pearson_residual": 0.50461301753880705, "gap_category": "esperado", "gtfs_covered": 1, "dist_stop_m": 212.67702487109275, "in_test": true, "model_id": "B1", "model_date": "2026-09-27", "edge_cell": false, "queries_per_1000": 113.96011396011396 }, "geometry": { "type": "Polygon", "coordinates": [ [ [ -66.195084, -17.434608 ], [ -66.199043, -17.437759 ], [ -66.198399, -17.44264 ], [ -66.193796, -17.44437 ], [ -66.189836, -17.441219 ], [ -66.19048, -17.436338 ], [ -66.195084, -17.434608 ] ] ] } },
{ "type": "Feature", "properties": { "h3_cell": "888b2c816bfffff", "lat": -17.4328773840999, "lon": -66.199687277567904, "population": 104, "query_count": 13, "expected_count": 6.6588768331942294, "p_low": 0.84106313929446608, "pearson_residual": 0.59855267050232996, "gap_category": "esperado", "gtfs_covered": 1, "dist_stop_m": 206.86855350640215, "in_test": true, "model_id": "B1", "model_date": "2026-09-27", "edge_cell": false, "queries_per_1000": 125.0 }, "geometry": { "type": "Polygon", "coordinates": [ [ [ -66.200331, -17.427996 ], [ -66.204291, -17.431147 ], [ -66.203647, -17.436028 ], [ -66.199043, -17.437759 ], [ -66.195084, -17.434608 ], [ -66.195728, -17.429726 ], [ -66.200331, -17.427996 ] ] ] } },
{ "type": "Feature", "properties": { "h3_cell": "888b2c816dfffff", "lat": -17.438067616743947, "lon": -66.18587726210238, "population": 1729, "query_count": 52, "expected_count": 73.085748792270536, "p_low": 0.62645415627781442, "pearson_residual": -0.18643633100918436, "gap_category": "esperado", "gtfs_covered": 1, "dist_stop_m": 325.56123740763491, "in_test": true, "model_id": "B1", "model_date": "2026-09-27", "edge_cell": false, "queries_per_1000": 30.075187969924812 }, "geometry": { "type": "Polygon", "coordinates": [ [ [ -66.186521, -17.433187 ], [ -66.19048, -17.436338 ], [ -66.189836, -17.441219 ], [ -66.185233, -17.442948 ], [ -66.181274, -17.439797 ], [ -66.181918, -17.434916 ], [ -66.186521, -17.433187 ] ] ] } },
{ "type": "Feature", "properties": { "h3_cell": "888b2c8181fffff", "lat": -17.373342911988871, "lon": -66.246917498065471, "population": 622, "query_count": 65, "expected_count": 139.64097649551096, "p_low": 0.53920682252373608, "pearson_residual": -0.34588426467205857, "gap_category": "esperado", "gtfs_covered": 0, "dist_stop_m": 550.64341194667179, "in_test": false, "model_id": "B1", "model_date": "2026-09-27", "edge_cell": false, "queries_per_1000": 104.50160771704179 }, "geometry": { "type": "Polygon", "coordinates": [ [ [ -66.247561, -17.368459 ], [ -66.251522, -17.371609 ], [ -66.250879, -17.376493 ], [ -66.246274, -17.378227 ], [ -66.242313, -17.375077 ], [ -66.242956, -17.370192 ], [ -66.247561, -17.368459 ] ] ] } },
{ "type": "Feature", "properties": { "h3_cell": "888b2c8183fffff", "lat": -17.366724524894884, "lon": -66.252165591698414, "population": 1010, "query_count": 77, "expected_count": 73.121334310850443, "p_low": 0.70979814248562401, "pearson_residual": 0.034277809804741904, "gap_category": "esperado", "gtfs_covered": 1, "dist_stop_m": 57.038222911689047, "in_test": false, "model_id": "B1", "model_date": "2026-09-27", "edge_cell": false, "queries_per_1000": 76.237623762376231 }, "geometry": { "type": "Polygon", "coordinates": [ [ [ -66.252809, -17.36184 ], [ -66.25677, -17.36499 ], [ -66.256127, -17.369875 ], [ -66.251522, -17.371609 ], [ -66.247561, -17.368459 ], [ -66.248204, -17.363574 ], [ -66.252809, -17.36184 ] ] ] } },
{ "type": "Feature", "properties": { "h3_cell": "888b2c8185fffff", "lat": -17.3719260694334, "lon": -66.238351909283281, "population": 1111, "query_count": 324, "expected_count": 335.58408012651557, "p_low": 0.68999769018262858, "pearson_residual": -0.022356669037063875, "gap_category": "esperado", "gtfs_covered": 0, "dist_stop_m": 625.33650956469387, "in_test": false, "model_id": "B1", "model_date": "2026-09-27", "edge_cell": false, "queries_per_1000": 291.62916291629165 }, "geometry": { "type": "Polygon", "coordinates": [ [ [ -66.238995, -17.367042 ], [ -66.242956, -17.370192 ], [ -66.242313, -17.375077 ], [ -66.237708, -17.37681 ], [ -66.233748, -17.37366 ], [ -66.234391, -17.368776 ], [ -66.238995, -17.367042 ] ] ] } },
{ "type": "Feature", "properties": { "h3_cell": "888b2c8187fffff", "lat": -17.365308123713266, "lon": -66.243599695407539, "population": 593, "query_count": 75, "expected_count": 61.680045223289994, "p_low": 0.74071788927204651, "pearson_residual": 0.13947712271599519, "gap_category": "esperado", "gtfs_covered": 0, "dist_stop_m": 965.6677420358111, "in_test": false, "model_id": "B1", "model_date": "2026-09-27", "edge_cell": false, "queries_per_1000": 126.47554806070826 }, "geometry": { "type": "Polygon", "coordinates": [ [ [ -66.244243, -17.360424 ], [ -66.248204, -17.363574 ], [ -66.247561, -17.368459 ], [ -66.242956, -17.370192 ], [ -66.238995, -17.367042 ], [ -66.239639, -17.362158 ], [ -66.244243, -17.360424 ] ] ] } },
{ "type": "Feature", "properties": { "h3_cell": "888b2c8189fffff", "lat": -17.381377648065261, "lon": -66.250235592926998, "population": 1156, "query_count": 387, "expected_count": 290.12812858783008, "p_low": 0.75941174106880227, "pearson_residual": 0.21622814704984547, "gap_category": "esperado", "gtfs_covered": 1, "dist_stop_m": 127.0103789213241, "in_test": false, "model_id": "B1", "model_date": "2026-09-27", "edge_cell": false, "queries_per_1000": 334.77508650519036 }, "geometry": { "type": "Polygon", "coordinates": [ [ [ -66.250879, -17.376493 ], [ -66.254841, -17.379644 ], [ -66.254197, -17.384528 ], [ -66.249592, -17.386262 ], [ -66.245631, -17.383111 ], [ -66.246274, -17.378227 ], [ -66.250879, -17.376493 ] ] ] } },
{ "type": "Feature", "properties": { "h3_cell": "888b2c818bfffff", "lat": -17.374759508102603, "lon": -66.255483935967789, "population": 1699, "query_count": 122, "expected_count": 294.05769230769232, "p_low": 0.51604465846175129, "pearson_residual": -0.37892225859617173, "gap_category": "esperado", "gtfs_covered": 1, "dist_stop_m": 365.80792604821147, "in_test": false, "model_id": "B1", "model_date": "2026-09-27", "edge_cell": false, "queries_per_1000": 71.80694526191877 }, "geometry": { "type": "Polygon", "coordinates": [ [ [ -66.256127, -17.369875 ], [ -66.260089, -17.373025 ], [ -66.259446, -17.37791 ], [ -66.254841, -17.379644 ], [ -66.250879, -17.376493 ], [ -66.251522, -17.371609 ], [ -66.256127, -17.369875 ] ] ] } },
{ "type": "Feature", "properties": { "h3_cell": "888b2c818dfffff", "lat": -17.379960610572166, "lon": -66.241669462471364, "population": 807, "query_count": 257, "expected_count": 289.11911357340722, "p_low": 0.67225038163802342, "pearson_residual": -0.071943245466400713, "gap_category": "esperado", "gtfs_covered": 0, "dist_stop_m": 659.26693524465134, "in_test": false, "model_id": "B1", "model_date": "2026-09-27", "edge_cell": false, "queries_per_1000": 318.46344485749688 }, "geometry": { "type": "Polygon", "coordinates": [ [ [ -66.242313, -17.375077 ], [ -66.246274, -17.378227 ], [ -66.245631, -17.383111 ], [ -66.241026, -17.384844 ], [ -66.237065, -17.381694 ], [ -66.237708, -17.37681 ], [ -66.242313, -17.375077 ] ] ] } },
{ "type": "Feature", "properties": { "h3_cell": "888b2c8191fffff", "lat": -17.361521163010345, "lon": -66.265980795666437, "population": 1183, "query_count": 39, "expected_count": 80.85162173546756, "p_low": 0.54745651304046494, "pearson_residual": -0.33459309962023115, "gap_category": "esperado", "gtfs_covered": 1, "dist_stop_m": 372.62630259766854, "in_test": false, "model_id": "B1", "model_date": "2026-09-27", "edge_cell": false, "queries_per_1000": 32.967032967032971 }, "geometry": { "type": "Polygon", "coordinates": [ [ [ -66.266624, -17.356636 ], [ -66.270586, -17.359786 ], [ -66.269943, -17.364672 ], [ -66.265338, -17.366406 ], [ -66.261376, -17.363256 ], [ -66.262019, -17.358371 ], [ -66.266624, -17.356636 ] ] ] } },
{ "type": "Feature", "properties": { "h3_cell": "888b2c8193fffff", "lat": -17.354900958361185, "lon": -66.271229312150012, "population": 1253, "query_count": 35, "expected_count": 96.986267166042438, "p_low": 0.49220265400802454, "pearson_residual": -0.41330001928842819, "gap_category": "esperado", "gtfs_covered": 1, "dist_stop_m": 493.66809516738334, "in_test": false, "model_id": "B1", "model_date": "2026-09-27", "edge_cell": false, "queries_per_1000": 27.932960893854748 }, "geometry": { "type": "Polygon", "coordinates": [ [ [ -66.271872, -17.350015 ], [ -66.275835, -17.353166 ], [ -66.275192, -17.358051 ], [ -66.270586, -17.359786 ], [ -66.266624, -17.356636 ], [ -66.267267, -17.351751 ], [ -66.271872, -17.350015 ] ] ] } },
{ "type": "Feature", "properties": { "h3_cell": "888b2c8195fffff", "lat": -17.360105449530277, "lon": -66.257413743283124, "population": 1294, "query_count": 121, "expected_count": 161.84036312849162, "p_low": 0.63567602001956569, "pearson_residual": -0.16332717662452539, "gap_category": "esperado", "gtfs_covered": 1, "dist_stop_m": 427.90985376332327, "in_test": false, "model_id": "B1", "model_date": "2026-09-27", "edge_cell": false, "queries_per_1000": 93.508500772797532 }, "geometry": { "type": "Polygon", "coordinates": [ [ [ -66.258057, -17.35522 ], [ -66.262019, -17.358371 ], [ -66.261376, -17.363256 ], [ -66.25677, -17.36499 ], [ -66.252809, -17.36184 ], [ -66.253452, -17.356955 ], [ -66.258057, -17.35522 ] ] ] } },
{ "type": "Feature", "properties": { "h3_cell": "888b2c8197fffff", "lat": -17.353485686135251, "lon": -66.262661952732515, "population": 1194, "query_count": 108, "expected_count": 195.17182914900556, "p_low": 0.57306797372781648, "pearson_residual": -0.28914170633477942, "gap_category": "esperado", "gtfs_covered": 0, "dist_stop_m": 728.20543641223367, "in_test": false, "model_id": "B1", "model_date": "2026-09-27", "edge_cell": false, "queries_per_1000": 90.452261306532662 }, "geometry": { "type": "Polygon", "coordinates": [ [ [ -66.263305, -17.3486 ], [ -66.267267, -17.351751 ], [ -66.266624, -17.356636 ], [ -66.262019, -17.358371 ], [ -66.258057, -17.35522 ], [ -66.2587, -17.350335 ], [ -66.263305, -17.3486 ] ] ] } },
{ "type": "Feature", "properties": { "h3_cell": "888b2c8199fffff", "lat": -17.369556587867958, "lon": -66.269299930785365, "population": 1815, "query_count": 30, "expected_count": 157.35846476433585, "p_low": 0.3850359756561389, "pearson_residual": -0.52381436157774608, "gap_category": "esperado", "gtfs_covered": 1, "dist_stop_m": 135.48344669387632, "in_test": false, "model_id": "B1", "model_date": "2026-09-27", "edge_cell": false, "queries_per_1000": 16.528925619834713 }, "geometry": { "type": "Polygon", "coordinates": [ [ [ -66.269943, -17.364672 ], [ -66.273906, -17.367822 ], [ -66.273262, -17.372707 ], [ -66.268657, -17.374442 ], [ -66.264694, -17.371291 ], [ -66.265338, -17.366406 ], [ -66.269943, -17.364672 ] ] ] } },
{ "type": "Feature", "properties": { "h3_cell": "888b2c819bfffff", "lat": -17.362936629947697, "lon": -66.274548696513932, "population": 2005, "query_count": 136, "expected_count": 111.72778222578062, "p_low": 0.74036629099762141, "pearson_residual": 0.14052449616098281, "gap_category": "esperado", "gtfs_covered": 1, "dist_stop_m": 112.56495480608261, "in_test": false, "model_id": "B1", "model_date": "2026-09-27", "edge_cell": false, "queries_per_1000": 67.830423940149629 }, "geometry": { "type": "Polygon", "coordinates": [ [ [ -66.275192, -17.358051 ], [ -66.279154, -17.361202 ], [ -66.278511, -17.366087 ], [ -66.273906, -17.367822 ], [ -66.269943, -17.364672 ], [ -66.270586, -17.359786 ], [ -66.275192, -17.358051 ] ] ] } },
{ "type": "Feature", "properties": { "h3_cell": "888b2c819dfffff", "lat": -17.368140679670912, "lon": -66.260732336909982, "population": 1341, "query_count": 36, "expected_count": 118.06835443037974, "p_low": 0.46166428769444989, "pearson_residual": -0.44966558027841874, "gap_category": "esperado", "gtfs_covered": 0, "dist_stop_m": 733.26908728320836, "in_test": false, "model_id": "B1", "model_date": "2026-09-27", "edge_cell": false, "queries_per_1000": 26.845637583892618 }, "geometry": { "type": "Polygon", "coordinates": [ [ [ -66.261376, -17.363256 ], [ -66.265338, -17.366406 ], [ -66.264694, -17.371291 ], [ -66.260089, -17.373025 ], [ -66.256127, -17.369875 ], [ -66.25677, -17.36499 ], [ -66.261376, -17.363256 ] ] ] } },
{ "type": "Feature", "properties": { "h3_cell": "888b2c81a1fffff", "lat": -17.362474582826813, "lon": -66.226470450614414, "population": 1487, "query_count": 628, "expected_count": 394.2117997153577, "p_low": 0.79638733438479914, "pearson_residual": 0.38413177504859058, "gap_category": "esperado", "gtfs_covered": 1, "dist_stop_m": 131.00253459435717, "in_test": false, "model_id": "B1", "model_date": "2026-09-27", "edge_cell": false, "queries_per_1000": 422.32683254875587 }, "geometry": { "type": "Polygon", "coordinates": [ [ [ -66.227114, -17.357591 ], [ -66.231074, -17.360741 ], [ -66.230431, -17.365625 ], [ -66.225827, -17.367358 ], [ -66.221867, -17.364208 ], [ -66.22251, -17.359324 ], [ -66.227114, -17.357591 ] ] ] } },
{ "type": "Feature", "properties": { "h3_cell": "888b2c81a3fffff", "lat": -17.355856831567156, "lon": -66.231717679487318, "population": 469, "query_count": 184, "expected_count": 405.20444228274971, "p_low": 0.53316674465021607, "pearson_residual": -0.35360075278580677, "gap_category": "esperado", "gtfs_covered": 1, "dist_stop_m": 483.81544759759885, "in_test": false, "model_id": "B1", "model_date": "2026-09-27", "edge_cell": false, "queries_per_1000": 392.32409381663115 }, "geometry": { "type": "Polygon", "coordinates": [ [ [ -66.232361, -17.350973 ], [ -66.236322, -17.354123 ], [ -66.235678, -17.359007 ], [ -66.231074, -17.360741 ], [ -66.227114, -17.357591 ], [ -66.227758, -17.352706 ], [ -66.232361, -17.350973 ] ] ] } },
{ "type": "Feature", "properties": { "h3_cell": "888b2c81a5fffff", "lat": -17.361057443468777, "lon": -66.217907102624892, "population": 1119, "query_count": 264, "expected_count": 334.34454912516827, "p_low": 0.64679665576128531, "pearson_residual": -0.13626430067817646, "gap_category": "esperado", "gtfs_covered": 1, "dist_stop_m": 368.76670898185569, "in_test": false, "model_id": "B1", "model_date": "2026-09-27", "edge_cell": false, "queries_per_1000": 235.92493297587131 }, "geometry": { "type": "Polygon", "coordinates": [ [ [ -66.218551, -17.356174 ], [ -66.22251, -17.359324 ], [ -66.221867, -17.364208 ], [ -66.217263, -17.365941 ], [ -66.213304, -17.362791 ], [ -66.213948, -17.357907 ], [ -66.218551, -17.356174 ] ] ] } },
{ "type": "Feature", "properties": { "h3_cell": "888b2c81a7fffff", "lat": -17.354440133649611, "lon": -66.22315402352865, "population": 1086, "query_count": 214, "expected_count": 221.7311901504788, "p_low": 0.69009329974523281, "pearson_residual": -0.022574967726400465, "gap_category": "esperado", "gtfs_covered": 1, "dist_stop_m": 314.36542501453107, "in_test": false, "model_id": "B1", "model_date": "2026-09-27", "edge_cell": false, "queries_per_1000": 197.05340699815838 }, "geometry": { "type": "Polygon", "coordinates": [ [ [ -66.223798, -17.349556 ], [ -66.227758, -17.352706 ], [ -66.227114, -17.357591 ], [ -66.22251, -17.359324 ], [ -66.218551, -17.356174 ], [ -66.219194, -17.35129 ], [ -66.223798, -17.349556 ] ] ] } },
{ "type": "Feature", "properties": { "h3_cell": "888b2c81a9fffff", "lat": -17.370508980609635, "lon": -66.229787169877838, "population": 1251, "query_count": 338, "expected_count": 836.52477149676895, "p_low": 0.51038291497196864, "pearson_residual": -0.38611567294195082, "gap_category": "esperado", "gtfs_covered": 1, "dist_stop_m": 224.99196846199743, "in_test": false, "model_id": "B1", "model_date": "2026-09-27", "edge_cell": false, "queries_per_1000": 270.18385291766589 }, "geometry": { "type": "Polygon", "coordinates": [ [ [ -66.230431, -17.365625 ], [ -66.234391, -17.368776 ], [ -66.233748, -17.37366 ], [ -66.229144, -17.375393 ], [ -66.225183, -17.372242 ], [ -66.225827, -17.367358 ], [ -66.230431, -17.365625 ] ] ] } },
{ "type": "Feature", "properties": { "h3_cell": "888b2c81abfffff", "lat": -17.363891476299447, "lon": -66.235034648294047, "population": 1617, "query_count": 638, "expected_count": 999.25972842431429, "p_low": 0.60162280108983079, "pearson_residual": -0.23424396252009558, "gap_category": "esperado", "gtfs_covered": 0, "dist_stop_m": 528.02236959452068, "in_test": false, "model_id": "B1", "model_date": "2026-09-27", "edge_cell": false, "queries_per_1000": 394.55782312925169 }, "geometry": { "type": "Polygon", "coordinates": [ [ [ -66.235678, -17.359007 ], [ -66.239639, -17.362158 ], [ -66.238995, -17.367042 ], [ -66.234391, -17.368776 ], [ -66.230431, -17.365625 ], [ -66.231074, -17.360741 ], [ -66.235678, -17.359007 ] ] ] } },
{ "type": "Feature", "properties": { "h3_cell": "888b2c81adfffff", "lat": -17.369091645691025, "lon": -66.221223280105491, "population": 638, "query_count": 53, "expected_count": 296.79582366589329, "p_low": 0.37374893076714572, "pearson_residual": -0.53196113210692908, "gap_category": "esperado", "gtfs_covered": 0, "dist_stop_m": 531.99405641310489, "in_test": false, "model_id": "B1", "model_date": "2026-09-27", "edge_cell": false, "queries_per_1000": 83.072100313479623 }, "geometry": { "type": "Polygon", "coordinates": [ [ [ -66.221867, -17.364208 ], [ -66.225827, -17.367358 ], [ -66.225183, -17.372242 ], [ -66.22058, -17.373975 ], [ -66.21662, -17.370825 ], [ -66.217263, -17.365941 ], [ -66.221867, -17.364208 ] ] ] } },
{ "type": "Feature", "properties": { "h3_cell": "888b2c81b1fffff", "lat": -17.350654402857369, "lon": -66.245529779719263, "population": 1085, "query_count": 152, "expected_count": 129.50351053159477, "p_low": 0.73248613848337762, "pearson_residual": 0.11239542043845774, "gap_category": "esperado", "gtfs_covered": 1, "dist_stop_m": 175.91582015393993, "in_test": false, "model_id": "B1", "model_date": "2026-09-27", "edge_cell": false, "queries_per_1000": 140.09216589861751 }, "geometry": { "type": "Polygon", "coordinates": [ [ [ -66.246173, -17.34577 ], [ -66.250134, -17.34892 ], [ -66.249491, -17.353805 ], [ -66.244886, -17.355539 ], [ -66.240926, -17.352389 ], [ -66.241569, -17.347504 ], [ -66.246173, -17.34577 ] ] ] } },
{ "type": "Feature", "properties": { "h3_cell": "888b2c81b3fffff", "lat": -17.344034834205722, "lon": -66.250777432554131, "population": 863, "query_count": 21, "expected_count": 62.851540616246503, "p_low": 0.48026924752446754, "pearson_residual": -0.43009838294240793, "gap_category": "esperado", "gtfs_covered": 0, "dist_stop_m": 879.00585240870032, "in_test": false, "model_id": "B1", "model_date": "2026-09-27", "edge_cell": false, "queries_per_1000": 24.33371958285052 }, "geometry": { "type": "Polygon", "coordinates": [ [ [ -66.251421, -17.33915 ], [ -66.255382, -17.3423 ], [ -66.254739, -17.347185 ], [ -66.250134, -17.34892 ], [ -66.246173, -17.34577 ], [ -66.246816, -17.340885 ], [ -66.251421, -17.33915 ] ] ] } },
{ "type": "Feature", "properties": { "h3_cell": "888b2c81b5fffff", "lat": -17.349238392152003, "lon": -66.236964966637132, "population": 990, "query_count": 93, "expected_count": 1212.0548989706442, "p_low": 0.26488550555457618, "pearson_residual": -0.5982357448435599, "gap_category": "esperado", "gtfs_covered": 1, "dist_stop_m": 192.52832177070454, "in_test": false, "model_id": "B1", "model_date": "2026-09-27", "edge_cell": false, "queries_per_1000": 93.939393939393938 }, "geometry": { "type": "Polygon", "coordinates": [ [ [ -66.237608, -17.344354 ], [ -66.241569, -17.347504 ], [ -66.240926, -17.352389 ], [ -66.236322, -17.354123 ], [ -66.232361, -17.350973 ], [ -66.233005, -17.346088 ], [ -66.237608, -17.344354 ] ] ] } },
{ "type": "Feature", "properties": { "h3_cell": "888b2c81b7fffff", "lat": -17.342619264821462, "lon": -66.242212311976814, "population": 411, "query_count": 18, "expected_count": 64.202077022933793, "p_low": 0.45008053697943778, "pearson_residual": -0.46485235129124647, "gap_category": "esperado", "gtfs_covered": 1, "dist_stop_m": 391.38272685157415, "in_test": false, "model_id": "B1", "model_date": "2026-09-27", "edge_cell": false, "queries_per_1000": 43.79562043795621 }, "geometry": { "type": "Polygon", "coordinates": [ [ [ -66.242856, -17.337734 ], [ -66.246816, -17.340885 ], [ -66.246173, -17.34577 ], [ -66.241569, -17.347504 ], [ -66.237608, -17.344354 ], [ -66.238252, -17.339469 ], [ -66.242856, -17.337734 ] ] ] } },
{ "type": "Feature", "properties": { "h3_cell": "888b2c81b9fffff", "lat": -17.358689489680827, "lon": -66.248847539621025, "population": 1199, "query_count": 88, "expected_count": 232.36527974146637, "p_low": 0.49917146947746227, "pearson_residual": -0.40227021773048965, "gap_category": "esperado", "gtfs_covered": 0, "dist_stop_m": 505.78417778434425, "in_test": false, "model_id": "B1", "model_date": "2026-09-27", "edge_cell": false, "queries_per_1000": 73.394495412844037 }, "geometry": { "type": "Polygon", "coordinates": [ [ [ -66.249491, -17.353805 ], [ -66.253452, -17.356955 ], [ -66.252809, -17.36184 ], [ -66.248204, -17.363574 ], [ -66.244243, -17.360424 ], [ -66.244886, -17.355539 ], [ -66.249491, -17.353805 ] ] ] } },
{ "type": "Feature", "properties": { "h3_cell": "888b2c81bbfffff", "lat": -17.352070167576212, "lon": -66.254095441836625, "population": 1084, "query_count": 226, "expected_count": 226.04663518299881, "p_low": 0.69768937712122314, "pearson_residual": -0.00013357680372793248, "gap_category": "esperado", "gtfs_covered": 1, "dist_stop_m": 162.96034513459949, "in_test": false, "model_id": "B1", "model_date": "2026-09-27", "edge_cell": false, "queries_per_1000": 208.48708487084872 }, "geometry": { "type": "Polygon", "coordinates": [ [ [ -66.254739, -17.347185 ], [ -66.2587, -17.350335 ], [ -66.258057, -17.35522 ], [ -66.253452, -17.356955 ], [ -66.249491, -17.353805 ], [ -66.250134, -17.34892 ], [ -66.254739, -17.347185 ] ] ] } },
{ "type": "Feature", "properties": { "h3_cell": "888b2c81bdfffff", "lat": -17.357273283635337, "lon": -66.240282184936888, "population": 545, "query_count": 209, "expected_count": 486.62444444444441, "p_low": 0.52228106076999214, "pearson_residual": -0.36956849221338844, "gap_category": "esperado", "gtfs_covered": 1, "dist_stop_m": 258.09185400572812, "in_test": false, "model_id": "B1", "model_date": "2026-09-27", "edge_cell": false, "queries_per_1000": 383.48623853211012 }, "geometry": { "type": "Polygon", "coordinates": [ [ [ -66.240926, -17.352389 ], [ -66.244886, -17.355539 ], [ -66.244243, -17.360424 ], [ -66.239639, -17.362158 ], [ -66.235678, -17.359007 ], [ -66.236322, -17.354123 ], [ -66.240926, -17.352389 ] ] ] } },
{ "type": "Feature", "properties": { "h3_cell": "888b2c81c1fffff", "lat": -17.396029535276778, "lon": -66.248305445509544, "population": 1350, "query_count": 519, "expected_count": 291.88486715440894, "p_low": 0.81858567228044199, "pearson_residual": 0.50389582019826296, "gap_category": "esperado", "gtfs_covered": 0, "dist_stop_m": 526.6202451629764, "in_test": false, "model_id": "B1", "model_date": "2026-09-27", "edge_cell": false, "queries_per_1000": 384.4444444444444 }, "geometry": { "type": "Polygon", "coordinates": [ [ [ -66.248949, -17.391146 ], [ -66.252911, -17.394296 ], [ -66.252267, -17.39918 ], [ -66.247662, -17.400913 ], [ -66.2437, -17.397763 ], [ -66.244344, -17.392879 ], [ -66.248949, -17.391146 ] ] ] } },
{ "type": "Feature", "properties": { "h3_cell": "888b2c81c3fffff", "lat": -17.389412331545547, "lon": -66.253553980008462, "population": 2779, "query_count": 4317, "expected_count": 6779.9443130860163, "p_low": 0.60089306388650077, "pearson_residual": -0.23541465909573395, "gap_category": "esperado", "gtfs_covered": 1, "dist_stop_m": 226.71558176910645, "in_test": false, "model_id": "B1", "model_date": "2026-09-27", "edge_cell": false, "queries_per_1000": 1553.436487945304 }, "geometry": { "type": "Polygon", "coordinates": [ [ [ -66.254197, -17.384528 ], [ -66.258159, -17.387679 ], [ -66.257516, -17.392563 ], [ -66.252911, -17.394296 ], [ -66.248949, -17.391146 ], [ -66.249592, -17.386262 ], [ -66.254197, -17.384528 ] ] ] } },
{ "type": "Feature", "properties": { "h3_cell": "888b2c81c5fffff", "lat": -17.39461186162373, "lon": -66.239739080897962, "population": 1926, "query_count": 6122, "expected_count": 560.01508295625945, "p_low": 0.99820574917111327, "pearson_residual": 6.4340699775986039, "gap_category": "exceso", "gtfs_covered": 1, "dist_stop_m": 126.62586830797225, "in_test": false, "model_id": "B1", "model_date": "2026-09-27", "edge_cell": false, "queries_per_1000": 3178.608515057113 }, "geometry": { "type": "Polygon", "coordinates": [ [ [ -66.240383, -17.389728 ], [ -66.244344, -17.392879 ], [ -66.2437, -17.397763 ], [ -66.239096, -17.399495 ], [ -66.235134, -17.396345 ], [ -66.235778, -17.391461 ], [ -66.240383, -17.389728 ] ] ] } },
{ "type": "Feature", "properties": { "h3_cell": "888b2c81c7fffff", "lat": -17.387995099318907, "lon": -66.24498730787468, "population": 1210, "query_count": 3761, "expected_count": 345.83400669514026, "p_low": 0.99815631421649453, "pearson_residual": 6.3958616449758905, "gap_category": "exceso", "gtfs_covered": 1, "dist_stop_m": 308.59167060885426, "in_test": false, "model_id": "B1", "model_date": "2026-09-27", "edge_cell": false, "queries_per_1000": 3108.2644628099174 }, "geometry": { "type": "Polygon", "coordinates": [ [ [ -66.245631, -17.383111 ], [ -66.249592, -17.386262 ], [ -66.248949, -17.391146 ], [ -66.244344, -17.392879 ], [ -66.240383, -17.389728 ], [ -66.241026, -17.384844 ], [ -66.245631, -17.383111 ] ] ] } },
{ "type": "Feature", "properties": { "h3_cell": "888b2c81c9fffff", "lat": -17.404063918048916, "lon": -66.25162387539234, "population": 821, "query_count": 19, "expected_count": 74.881676253081352, "p_low": 0.43277670244034805, "pearson_residual": -0.48227843856013941, "gap_category": "esperado", "gtfs_covered": 0, "dist_stop_m": 603.13183182155274, "in_test": false, "model_id": "B1", "model_date": "2026-09-27", "edge_cell": false, "queries_per_1000": 23.142509135200974 }, "geometry": { "type": "Polygon", "coordinates": [ [ [ -66.252267, -17.39918 ], [ -66.256229, -17.402331 ], [ -66.255586, -17.407215 ], [ -66.25098, -17.408948 ], [ -66.247019, -17.405797 ], [ -66.247662, -17.400913 ], [ -66.252267, -17.39918 ] ] ] } },
{ "type": "Feature", "properties": { "h3_cell": "888b2c81cbfffff", "lat": -17.397446962032827, "lon": -66.256872659326234, "population": 2126, "query_count": 558, "expected_count": 752.66002928257694, "p_low": 0.6331229377016977, "pearson_residual": -0.1675619028272845, "gap_category": "esperado", "gtfs_covered": 1, "dist_stop_m": 486.36376797712921, "in_test": false, "model_id": "B1", "model_date": "2026-09-27", "edge_cell": false, "queries_per_1000": 262.46472248353712 }, "geometry": { "type": "Polygon", "coordinates": [ [ [ -66.257516, -17.392563 ], [ -66.261478, -17.395714 ], [ -66.260835, -17.400598 ], [ -66.256229, -17.402331 ], [ -66.252267, -17.39918 ], [ -66.252911, -17.394296 ], [ -66.257516, -17.392563 ] ] ] } },
{ "type": "Feature", "properties": { "h3_cell": "888b2c81cdfffff", "lat": -17.402646049860969, "lon": -66.243056969035862, "population": 798, "query_count": 153, "expected_count": 122.0320256204964, "p_low": 0.7466042716778617, "pearson_residual": 0.16417665799124118, "gap_category": "esperado", "gtfs_covered": 1, "dist_stop_m": 272.04658268273164, "in_test": false, "model_id": "B1", "model_date": "2026-09-27", "edge_cell": false, "queries_per_1000": 191.72932330827066 }, "geometry": { "type": "Polygon", "coordinates": [ [ [ -66.2437, -17.397763 ], [ -66.247662, -17.400913 ], [ -66.247019, -17.405797 ], [ -66.242413, -17.407529 ], [ -66.238452, -17.404379 ], [ -66.239096, -17.399495 ], [ -66.2437, -17.397763 ] ] ] } },
{ "type": "Feature", "properties": { "h3_cell": "888b2c81d1fffff", "lat": -17.384210982923975, "lon": -66.267370400770005, "population": 2462, "query_count": 520, "expected_count": 4650.5949150470606, "p_low": 0.30816027148288372, "pearson_residual": -0.57557639131986682, "gap_category": "esperado", "gtfs_covered": 1, "dist_stop_m": 270.15773636313628, "in_test": false, "model_id": "B1", "model_date": "2026-09-27", "edge_cell": false, "queries_per_1000": 211.21039805036557 }, "geometry": { "type": "Polygon", "coordinates": [ [ [ -66.268014, -17.379326 ], [ -66.271976, -17.382477 ], [ -66.271333, -17.387361 ], [ -66.266727, -17.389096 ], [ -66.262765, -17.385945 ], [ -66.263408, -17.38106 ], [ -66.268014, -17.379326 ] ] ] } },
{ "type": "Feature", "properties": { "h3_cell": "888b2c81d3fffff", "lat": -17.377591960311047, "lon": -66.272619358105615, "population": 1957, "query_count": 250, "expected_count": 3089.9166441866737, "p_low": 0.27019392648538215, "pearson_residual": -0.5955905575439141, "gap_category": "esperado", "gtfs_covered": 1, "dist_stop_m": 222.74762495951555, "in_test": false, "model_id": "B1", "model_date": "2026-09-27", "edge_cell": false, "queries_per_1000": 127.74655084312725 }, "geometry": { "type": "Polygon", "coordinates": [ [ [ -66.273262, -17.372707 ], [ -66.277225, -17.375857 ], [ -66.276582, -17.380742 ], [ -66.271976, -17.382477 ], [ -66.268014, -17.379326 ], [ -66.268657, -17.374442 ], [ -66.273262, -17.372707 ] ] ] } },
{ "type": "Feature", "properties": { "h3_cell": "888b2c81d5fffff", "lat": -17.382794438907037, "lon": -66.258802572445489, "population": 2705, "query_count": 1848, "expected_count": 4646.2967973495306, "p_low": 0.50711077538638194, "pearson_residual": -0.39028843930753204, "gap_category": "esperado", "gtfs_covered": 0, "dist_stop_m": 796.17937770185779, "in_test": false, "model_id": "B1", "model_date": "2026-09-27", "edge_cell": false, "queries_per_1000": 683.17929759704259 }, "geometry": { "type": "Polygon", "coordinates": [ [ [ -66.259446, -17.37791 ], [ -66.263408, -17.38106 ], [ -66.262765, -17.385945 ], [ -66.258159, -17.387679 ], [ -66.254197, -17.384528 ], [ -66.254841, -17.379644 ], [ -66.259446, -17.37791 ] ] ] } },
{ "type": "Feature", "properties": { "h3_cell": "888b2c81d7fffff", "lat": -17.376175857601144, "lon": -66.264051222733514, "population": 1199, "query_count": 127, "expected_count": 1590.9419319521644, "p_low": 0.26900224255935851, "pearson_residual": -0.59625315924550037, "gap_category": "esperado", "gtfs_covered": 0, "dist_stop_m": 694.00881359715322, "in_test": false, "model_id": "B1", "model_date": "2026-09-27", "edge_cell": false, "queries_per_1000": 105.92160133444537 }, "geometry": { "type": "Polygon", "coordinates": [ [ [ -66.264694, -17.371291 ], [ -66.268657, -17.374442 ], [ -66.268014, -17.379326 ], [ -66.263408, -17.38106 ], [ -66.259446, -17.37791 ], [ -66.260089, -17.373025 ], [ -66.264694, -17.371291 ] ] ] } },
{ "type": "Feature", "properties": { "h3_cell": "888b2c81d9fffff", "lat": -17.392246055242406, "lon": -66.270689871035813, "population": 2941, "query_count": 7092, "expected_count": 12037.973044692737, "p_low": 0.58479062190621456, "pearson_residual": -0.26626206169216138, "gap_category": "esperado", "gtfs_covered": 1, "dist_stop_m": 95.412829721695033, "in_test": false, "model_id": "B1", "model_date": "2026-09-27", "edge_cell": false, "queries_per_1000": 2411.424685481129 }, "geometry": { "type": "Polygon", "coordinates": [ [ [ -66.271333, -17.387361 ], [ -66.275296, -17.390512 ], [ -66.274653, -17.395397 ], [ -66.270047, -17.39713 ], [ -66.266084, -17.39398 ], [ -66.266727, -17.389096 ], [ -66.271333, -17.387361 ] ] ] } },
{ "type": "Feature", "properties": { "h3_cell": "888b2c81dbfffff", "lat": -17.385627279942572, "lon": -66.275939077643471, "population": 3199, "query_count": 588, "expected_count": 9172.5382535549761, "p_low": 0.2453747762336963, "pearson_residual": -0.60650719022635169, "gap_category": "esperado", "gtfs_covered": 1, "dist_stop_m": 132.44996420173658, "in_test": false, "model_id": "B1", "model_date": "2026-09-27", "edge_cell": false, "queries_per_1000": 183.80743982494531 }, "geometry": { "type": "Polygon", "coordinates": [ [ [ -66.276582, -17.380742 ], [ -66.280545, -17.383893 ], [ -66.279902, -17.388778 ], [ -66.275296, -17.390512 ], [ -66.271333, -17.387361 ], [ -66.271976, -17.382477 ], [ -66.276582, -17.380742 ] ] ] } },
{ "type": "Feature", "properties": { "h3_cell": "888b2c81ddfffff", "lat": -17.390829316911233, "lon": -66.262121501147845, "population": 2015, "query_count": 3330, "expected_count": 6674.5178491243832, "p_low": 0.55112439398997093, "pearson_residual": -0.32472703233893374, "gap_category": "esperado", "gtfs_covered": 1, "dist_stop_m": 156.58376040030805, "in_test": false, "model_id": "B1", "model_date": "2026-09-27", "edge_cell": false, "queries_per_1000": 1652.605459057072 }, "geometry": { "type": "Polygon", "coordinates": [ [ [ -66.262765, -17.385945 ], [ -66.266727, -17.389096 ], [ -66.266084, -17.39398 ], [ -66.261478, -17.395714 ], [ -66.257516, -17.392563 ], [ -66.258159, -17.387679 ], [ -66.262765, -17.385945 ] ] ] } },
{ "type": "Feature", "properties": { "h3_cell": "888b2c81e1fffff", "lat": -17.385159894977033, "lon": -66.227856511650728, "population": 2700, "query_count": 2848, "expected_count": 3005.8897335596725, "p_low": 0.68562819301556266, "pearson_residual": -0.03403838893229251, "gap_category": "esperado", "gtfs_covered": 0, "dist_stop_m": 686.41372051581175, "in_test": false, "model_id": "B1", "model_date": "2026-09-27", "edge_cell": false, "queries_per_1000": 1054.8148148148148 }, "geometry": { "type": "Polygon", "coordinates": [ [ [ -66.2285, -17.380276 ], [ -66.232461, -17.383427 ], [ -66.231817, -17.388311 ], [ -66.227213, -17.390043 ], [ -66.223253, -17.386893 ], [ -66.223896, -17.382009 ], [ -66.2285, -17.380276 ] ] ] } },
{ "type": "Feature", "properties": { "h3_cell": "888b2c81e3fffff", "lat": -17.378543326601253, "lon": -66.233104181335321, "population": 1436, "query_count": 358, "expected_count": 1394.1075167627339, "p_low": 0.42939851945353985, "pearson_residual": -0.48157245199947118, "gap_category": "esperado", "gtfs_covered": 1, "dist_stop_m": 162.5037471172499, "in_test": false, "model_id": "B1", "model_date": "2026-09-27", "edge_cell": false, "queries_per_1000": 249.30362116991645 }, "geometry": { "type": "Polygon", "coordinates": [ [ [ -66.233748, -17.37366 ], [ -66.237708, -17.37681 ], [ -66.237065, -17.381694 ], [ -66.232461, -17.383427 ], [ -66.2285, -17.380276 ], [ -66.229144, -17.375393 ], [ -66.233748, -17.37366 ] ] ] } },
{ "type": "Feature", "properties": { "h3_cell": "888b2c81e5fffff", "lat": -17.383741923208909, "lon": -66.219292388073498, "population": 1880, "query_count": 2693, "expected_count": 2389.5300380228136, "p_low": 0.72312438175030869, "pearson_residual": 0.082296912227372121, "gap_category": "esperado", "gtfs_covered": 1, "dist_stop_m": 471.83099635609869, "in_test": false, "model_id": "B1", "model_date": "2026-09-27", "edge_cell": false, "queries_per_1000": 1432.4468085106382 }, "geometry": { "type": "Polygon", "coordinates": [ [ [ -66.219936, -17.378859 ], [ -66.223896, -17.382009 ], [ -66.223253, -17.386893 ], [ -66.218649, -17.388625 ], [ -66.214689, -17.385474 ], [ -66.215332, -17.380591 ], [ -66.219936, -17.378859 ] ] ] } },
{ "type": "Feature", "properties": { "h3_cell": "888b2c81e7fffff", "lat": -17.377125796326027, "lon": -66.224539749775289, "population": 1107, "query_count": 207, "expected_count": 1079.51266453929, "p_low": 0.38304382015213967, "pearson_residual": -0.52369450861394939, "gap_category": "esperado", "gtfs_covered": 0, "dist_stop_m": 1008.5153326546437, "in_test": false, "model_id": "B1", "model_date": "2026-09-27", "edge_cell": false, "queries_per_1000": 186.99186991869917 }, "geometry": { "type": "Polygon", "coordinates": [ [ [ -66.225183, -17.372242 ], [ -66.229144, -17.375393 ], [ -66.2285, -17.380276 ], [ -66.223896, -17.382009 ], [ -66.219936, -17.378859 ], [ -66.22058, -17.373975 ], [ -66.225183, -17.372242 ] ] ] } },
{ "type": "Feature", "properties": { "h3_cell": "888b2c81e9fffff", "lat": -17.393193941247286, "lon": -66.231173565748165, "population": 2494, "query_count": 6910, "expected_count": 2547.2010342598578, "p_low": 0.89500255417118046, "pearson_residual": 1.1099020818919791, "gap_category": "esperado", "gtfs_covered": 1, "dist_stop_m": 39.953463245306381, "in_test": false, "model_id": "B1", "model_date": "2026-09-27", "edge_cell": false, "queries_per_1000": 2770.6495589414594 }, "geometry": { "type": "Polygon", "coordinates": [ [ [ -66.231817, -17.388311 ], [ -66.235778, -17.391461 ], [ -66.235134, -17.396345 ], [ -66.23053, -17.398077 ], [ -66.226569, -17.394926 ], [ -66.227213, -17.390043 ], [ -66.231817, -17.388311 ] ] ] } },
{ "type": "Feature", "properties": { "h3_cell": "888b2c81ebfffff", "lat": -17.386577620404889, "lon": -66.236421485003234, "population": 2132, "query_count": 2326, "expected_count": 2020.1731696891984, "p_low": 0.72774240684975888, "pearson_residual": 0.098098040575267428, "gap_category": "esperado", "gtfs_covered": 1, "dist_stop_m": 96.734811059570731, "in_test": false, "model_id": "B1", "model_date": "2026-09-27", "edge_cell": false, "queries_per_1000": 1090.9943714821763 }, "geometry": { "type": "Polygon", "coordinates": [ [ [ -66.237065, -17.381694 ], [ -66.241026, -17.384844 ], [ -66.240383, -17.389728 ], [ -66.235778, -17.391461 ], [ -66.231817, -17.388311 ], [ -66.232461, -17.383427 ], [ -66.237065, -17.381694 ] ] ] } },
{ "type": "Feature", "properties": { "h3_cell": "888b2c81edfffff", "lat": -17.391775774321076, "lon": -66.222608900316573, "population": 2864, "query_count": 8666, "expected_count": 4118.8238719068413, "p_low": 0.85087121560625278, "pearson_residual": 0.7154263008562709, "gap_category": "esperado", "gtfs_covered": 1, "dist_stop_m": 55.318844837012925, "in_test": false, "model_id": "B1", "model_date": "2026-09-27", "edge_cell": false, "queries_per_1000": 3025.8379888268155 }, "geometry": { "type": "Polygon", "coordinates": [ [ [ -66.223253, -17.386893 ], [ -66.227213, -17.390043 ], [ -66.226569, -17.394926 ], [ -66.221965, -17.396659 ], [ -66.218005, -17.393508 ], [ -66.218649, -17.388625 ], [ -66.223253, -17.386893 ] ] ] } },
{ "type": "Feature", "properties": { "h3_cell": "888b2c8213fffff", "lat": -17.467395463867945, "lon": -66.317727288425388, "population": 231, "query_count": 6, "expected_count": 15.949007220216606, "p_low": 0.51541221258928938, "pearson_residual": -0.39904364080652305, "gap_category": "esperado", "gtfs_covered": 0, "dist_stop_m": 623.83806003168672, "in_test": true, "model_id": "B1", "model_date": "2026-09-27", "edge_cell": false, "queries_per_1000": 25.974025974025977 }, "geometry": { "type": "Polygon", "coordinates": [ [ [ -66.31837, -17.462511 ], [ -66.322337, -17.465662 ], [ -66.321694, -17.470546 ], [ -66.317084, -17.472279 ], [ -66.313118, -17.469128 ], [ -66.313761, -17.464245 ], [ -66.31837, -17.462511 ] ] ] } },
{ "type": "Feature", "properties": { "h3_cell": "888b2c8217fffff", "lat": -17.465977484273193, "lon": -66.30915234857369, "population": 18, "query_count": 0, "expected_count": 1.3407290015847861, "p_low": 0.54774360917858977, "pearson_residual": -0.56551509198956684, "gap_category": "esperado", "gtfs_covered": 0, "dist_stop_m": 609.59072570039052, "in_test": true, "model_id": "B1", "model_date": "2026-09-27", "edge_cell": false, "queries_per_1000": 0.0 }, "geometry": { "type": "Polygon", "coordinates": [ [ [ -66.309795, -17.461094 ], [ -66.313761, -17.464245 ], [ -66.313118, -17.469128 ], [ -66.308509, -17.470861 ], [ -66.304544, -17.46771 ], [ -66.305187, -17.462827 ], [ -66.309795, -17.461094 ] ] ] } },
{ "type": "Feature", "properties": { "h3_cell": "888b2c8231fffff", "lat": -17.463140777442753, "lon": -66.292005012269854, "population": 18, "query_count": 0, "expected_count": 0.80672268907563027, "p_low": 0.63751932990695181, "pearson_residual": -0.52554454512874127, "gap_category": "esperado", "gtfs_covered": 0, "dist_stop_m": 2137.6446237487321, "in_test": true, "model_id": "B1", "model_date": "2026-09-27", "edge_cell": false, "queries_per_1000": 0.0 }, "geometry": { "type": "Polygon", "coordinates": [ [ [ -66.292648, -17.458257 ], [ -66.296613, -17.461408 ], [ -66.29597, -17.466292 ], [ -66.291362, -17.468024 ], [ -66.287397, -17.464873 ], [ -66.28804, -17.45999 ], [ -66.292648, -17.458257 ] ] ] } },
{ "type": "Feature", "properties": { "h3_cell": "888b2c8235fffff", "lat": -17.461722050555206, "lon": -66.283432616334025, "population": 103, "query_count": 0, "expected_count": 0.30977443609022559, "p_low": 0.79291408529224916, "pearson_residual": -0.42223136956353519, "gap_category": "esperado", "gtfs_covered": 0, "dist_stop_m": 3038.5897340986239, "in_test": true, "model_id": "B1", "model_date": "2026-09-27", "edge_cell": false, "queries_per_1000": 0.0 }, "geometry": { "type": "Polygon", "coordinates": [ [ [ -66.284076, -17.456839 ], [ -66.28804, -17.45999 ], [ -66.287397, -17.464873 ], [ -66.282789, -17.466605 ], [ -66.278825, -17.463454 ], [ -66.279468, -17.458571 ], [ -66.284076, -17.456839 ] ] ] } },
{ "type": "Feature", "properties": { "h3_cell": "888b2c8237fffff", "lat": -17.455106392503147, "lon": -66.288683452811711, "population": 59, "query_count": 0, "expected_count": 0.15485564304461941, "p_low": 0.87649660144798269, "pearson_residual": -0.33636213851565483, "gap_category": "esperado", "gtfs_covered": 0, "dist_stop_m": 2424.1435903430047, "in_test": true, "model_id": "B1", "model_date": "2026-09-27", "edge_cell": false, "queries_per_1000": 0.0 }, "geometry": { "type": "Polygon", "coordinates": [ [ [ -66.289327, -17.450223 ], [ -66.293291, -17.453374 ], [ -66.292648, -17.458257 ], [ -66.28804, -17.45999 ], [ -66.284076, -17.456839 ], [ -66.284719, -17.451955 ], [ -66.289327, -17.450223 ] ] ] } },
{ "type": "Feature", "properties": { "h3_cell": "888b2c8245fffff", "lat": -17.507085495075405, "lon": -66.286216116395266, "population": 29, "query_count": 0, "expected_count": 2.5084388185654007, "p_low": 0.44236741668981916, "pearson_residual": -0.59979528812000371, "gap_category": "esperado", "gtfs_covered": 0, "dist_stop_m": 4987.8939716328259, "in_test": true, "model_id": "B1", "model_date": "2026-09-27", "edge_cell": true, "queries_per_1000": 0.0 }, "geometry": { "type": "Polygon", "coordinates": [ [ [ -66.286859, -17.502203 ], [ -66.290825, -17.505355 ], [ -66.290181, -17.510237 ], [ -66.285573, -17.511968 ], [ -66.281608, -17.508816 ], [ -66.282251, -17.503934 ], [ -66.286859, -17.502203 ] ] ] } },
{ "type": "Feature", "properties": { "h3_cell": "888b2c8263fffff", "lat": -17.491018510200181, "lon": -66.279573031278218, "population": 50, "query_count": 0, "expected_count": 2.1882741535920727, "p_low": 0.46440987763164765, "pearson_residual": -0.59359977229897731, "gap_category": "esperado", "gtfs_covered": 0, "dist_stop_m": 4773.6090578269868, "in_test": true, "model_id": "B1", "model_date": "2026-09-27", "edge_cell": false, "queries_per_1000": 0.0 }, "geometry": { "type": "Polygon", "coordinates": [ [ [ -66.280216, -17.486136 ], [ -66.284181, -17.489287 ], [ -66.283538, -17.49417 ], [ -66.27893, -17.495901 ], [ -66.274965, -17.49275 ], [ -66.275609, -17.487867 ], [ -66.280216, -17.486136 ] ] ] } },
{ "type": "Feature", "properties": { "h3_cell": "888b2c8269fffff", "lat": -17.505664866869989, "lon": -66.277643015587643, "population": 21, "query_count": 0, "expected_count": 1.5667144906743184, "p_low": 0.52065706732614414, "pearson_residual": -0.5755022021622811, "gap_category": "esperado", "gtfs_covered": 0, "dist_stop_m": 5839.9314407658458, "in_test": true, "model_id": "B1", "model_date": "2026-09-27", "edge_cell": false, "queries_per_1000": 0.0 }, "geometry": { "type": "Polygon", "coordinates": [ [ [ -66.278286, -17.500783 ], [ -66.282251, -17.503934 ], [ -66.281608, -17.508816 ], [ -66.277, -17.510547 ], [ -66.273035, -17.507395 ], [ -66.273678, -17.502514 ], [ -66.278286, -17.500783 ] ] ] } },
{ "type": "Feature", "properties": { "h3_cell": "888b2c826bfffff", "lat": -17.499052031707794, "lon": -66.282894427609008, "population": 61, "query_count": 0, "expected_count": 5.4561717352415027, "p_low": 0.33018235776816712, "pearson_residual": -0.62447593018240088, "gap_category": "esperado", "gtfs_covered": 0, "dist_stop_m": 5209.8699101624525, "in_test": true, "model_id": "B1", "model_date": "2026-09-27", "edge_cell": false, "queries_per_1000": 0.0 }, "geometry": { "type": "Polygon", "coordinates": [ [ [ -66.283538, -17.49417 ], [ -66.287503, -17.497321 ], [ -66.286859, -17.502203 ], [ -66.282251, -17.503934 ], [ -66.278286, -17.500783 ], [ -66.27893, -17.495901 ], [ -66.283538, -17.49417 ] ] ] } },
{ "type": "Feature", "properties": { "h3_cell": "888b2c826dfffff", "lat": -17.504243989177358, "lon": -66.269070763695069, "population": 27, "query_count": 0, "expected_count": 0.4576271186440678, "p_low": 0.73379644310566683, "pearson_residual": -0.46797461260180195, "gap_category": "esperado", "gtfs_covered": 0, "dist_stop_m": 5469.1215329562438, "in_test": true, "model_id": "B1", "model_date": "2026-09-27", "edge_cell": false, "queries_per_1000": 0.0 }, "geometry": { "type": "Polygon", "coordinates": [ [ [ -66.269714, -17.499362 ], [ -66.273678, -17.502514 ], [ -66.273035, -17.507395 ], [ -66.268427, -17.509126 ], [ -66.264463, -17.505974 ], [ -66.265107, -17.501093 ], [ -66.269714, -17.499362 ] ] ] } },
{ "type": "Feature", "properties": { "h3_cell": "888b2c8281fffff", "lat": -17.439505414727257, "lon": -66.330159713136752, "population": 474, "query_count": 8, "expected_count": 14.078205128205127, "p_low": 0.59194406355436768, "pearson_residual": -0.27571681576063722, "gap_category": "esperado", "gtfs_covered": 1, "dist_stop_m": 221.71597407491547, "in_test": false, "model_id": "B1", "model_date": "2026-09-27", "edge_cell": false, "queries_per_1000": 16.877637130801688 }, "geometry": { "type": "Polygon", "coordinates": [ [ [ -66.330802, -17.43462 ], [ -66.334769, -17.437771 ], [ -66.334126, -17.442656 ], [ -66.329517, -17.44439 ], [ -66.325551, -17.44124 ], [ -66.326193, -17.436355 ], [ -66.330802, -17.43462 ] ] ] } },
{ "type": "Feature", "properties": { "h3_cell": "888b2c8283fffff", "lat": -17.432885672726627, "lon": -66.335411696298607, "population": 470, "query_count": 24, "expected_count": 20.040105540897098, "p_low": 0.74020296364002391, "pearson_residual": 0.12673550162155348, "gap_category": "esperado", "gtfs_covered": 1, "dist_stop_m": 229.77927442189377, "in_test": false, "model_id": "B1", "model_date": "2026-09-27", "edge_cell": false, "queries_per_1000": 51.063829787234042 }, "geometry": { "type": "Polygon", "coordinates": [ [ [ -66.336054, -17.428 ], [ -66.340021, -17.431151 ], [ -66.339379, -17.436036 ], [ -66.334769, -17.437771 ], [ -66.330802, -17.43462 ], [ -66.331445, -17.429735 ], [ -66.336054, -17.428 ] ] ] } },
{ "type": "Feature", "properties": { "h3_cell": "888b2c8285fffff", "lat": -17.438088950914395, "lon": -66.321584396926411, "population": 257, "query_count": 8, "expected_count": 6.6014621616281364, "p_low": 0.75039096734802013, "pearson_residual": 0.13312487957533539, "gap_category": "esperado", "gtfs_covered": 0, "dist_stop_m": 600.4377253570724, "in_test": false, "model_id": "B1", "model_date": "2026-09-27", "edge_cell": false, "queries_per_1000": 31.1284046692607 }, "geometry": { "type": "Polygon", "coordinates": [ [ [ -66.322227, -17.433204 ], [ -66.326193, -17.436355 ], [ -66.325551, -17.44124 ], [ -66.320942, -17.442974 ], [ -66.316976, -17.439823 ], [ -66.317618, -17.434938 ], [ -66.322227, -17.433204 ] ] ] } },
{ "type": "Feature", "properties": { "h3_cell": "888b2c8287fffff", "lat": -17.431469650072529, "lon": -66.326836074415112, "population": 613, "query_count": 16, "expected_count": 19.007751937984494, "p_low": 0.66709771301409171, "pearson_residual": -0.10143410078331382, "gap_category": "esperado", "gtfs_covered": 1, "dist_stop_m": 77.458813049486395, "in_test": false, "model_id": "B1", "model_date": "2026-09-27", "edge_cell": false, "queries_per_1000": 26.101141924959219 }, "geometry": { "type": "Polygon", "coordinates": [ [ [ -66.327479, -17.426584 ], [ -66.331445, -17.429735 ], [ -66.330802, -17.43462 ], [ -66.326193, -17.436355 ], [ -66.322227, -17.433204 ], [ -66.32287, -17.428319 ], [ -66.327479, -17.426584 ] ] ] } },
{ "type": "Feature", "properties": { "h3_cell": "888b2c8289fffff", "lat": -17.447541122972769, "lon": -66.333483644207604, "population": 581, "query_count": 22, "expected_count": 23.099394987035435, "p_low": 0.69164680001470868, "pearson_residual": -0.030567433393583612, "gap_category": "esperado", "gtfs_covered": 0, "dist_stop_m": 572.10502369142853, "in_test": false, "model_id": "B1", "model_date": "2026-09-27", "edge_cell": false, "queries_per_1000": 37.865748709122201 }, "geometry": { "type": "Polygon", "coordinates": [ [ [ -66.334126, -17.442656 ], [ -66.338093, -17.445807 ], [ -66.337451, -17.450692 ], [ -66.332841, -17.452426 ], [ -66.328874, -17.449275 ], [ -66.329517, -17.44439 ], [ -66.334126, -17.442656 ] ] ] } },
{ "type": "Feature", "properties": { "h3_cell": "888b2c828bfffff", "lat": -17.440921629413545, "lon": -66.338735876259008, "population": 1006, "query_count": 41, "expected_count": 21.272036113090994, "p_low": 0.83567889617647917, "pearson_residual": 0.59517705611379879, "gap_category": "esperado", "gtfs_covered": 1, "dist_stop_m": 155.65850785754952, "in_test": false, "model_id": "B1", "model_date": "2026-09-27", "edge_cell": false, "queries_per_1000": 40.755467196819083 }, "geometry": { "type": "Polygon", "coordinates": [ [ [ -66.339379, -17.436036 ], [ -66.343346, -17.439187 ], [ -66.342703, -17.444072 ], [ -66.338093, -17.445807 ], [ -66.334126, -17.442656 ], [ -66.334769, -17.437771 ], [ -66.339379, -17.436036 ] ] ] } },
{ "type": "Feature", "properties": { "h3_cell": "888b2c828dfffff", "lat": -17.44612446712215, "lon": -66.324907786695974, "population": 224, "query_count": 9, "expected_count": 8.542753914090726, "p_low": 0.71983049605569416, "pearson_residual": 0.033864844715457691, "gap_category": "esperado", "gtfs_covered": 0, "dist_stop_m": 721.17774629276607, "in_test": false, "model_id": "B1", "model_date": "2026-09-27", "edge_cell": false, "queries_per_1000": 40.178571428571431 }, "geometry": { "type": "Polygon", "coordinates": [ [ [ -66.325551, -17.44124 ], [ -66.329517, -17.44439 ], [ -66.328874, -17.449275 ], [ -66.324265, -17.451009 ], [ -66.320299, -17.447858 ], [ -66.320942, -17.442974 ], [ -66.325551, -17.44124 ] ] ] } },
{ "type": "Feature", "properties": { "h3_cell": "888b2c8291fffff", "lat": -17.42768057384416, "lon": -66.349240510023691, "population": 254, "query_count": 0, "expected_count": 4.2597503900156006, "p_low": 0.36331132313936454, "pearson_residual": -0.61830074728289375, "gap_category": "esperado", "gtfs_covered": 1, "dist_stop_m": 281.94750900084529, "in_test": false, "model_id": "B1", "model_date": "2026-09-27", "edge_cell": false, "queries_per_1000": 0.0 }, "geometry": { "type": "Polygon", "coordinates": [ [ [ -66.349883, -17.422795 ], [ -66.35385, -17.425945 ], [ -66.353208, -17.430831 ], [ -66.348598, -17.432566 ], [ -66.344631, -17.429416 ], [ -66.345273, -17.42453 ], [ -66.349883, -17.422795 ] ] ] } },
{ "type": "Feature", "properties": { "h3_cell": "888b2c8293fffff", "lat": -17.421059012314675, "lon": -66.354492911562261, "population": 499, "query_count": 22, "expected_count": 8.7749120750293077, "p_low": 0.88343999333916268, "pearson_residual": 0.95416209514957084, "gap_category": "esperado", "gtfs_covered": 1, "dist_stop_m": 151.12168605858281, "in_test": false, "model_id": "B1", "model_date": "2026-09-27", "edge_cell": false, "queries_per_1000": 44.08817635270541 }, "geometry": { "type": "Polygon", "coordinates": [ [ [ -66.355135, -17.416173 ], [ -66.359103, -17.419323 ], [ -66.358461, -17.424209 ], [ -66.35385, -17.425945 ], [ -66.349883, -17.422795 ], [ -66.350526, -17.417909 ], [ -66.355135, -17.416173 ] ] ] } },
{ "type": "Feature", "properties": { "h3_cell": "888b2c8295fffff", "lat": -17.426265241360429, "lon": -66.340663736094271, "population": 573, "query_count": 5, "expected_count": 15.28, "p_low": 0.49303988610885763, "pearson_residual": -0.43013052458185963, "gap_category": "esperado", "gtfs_covered": 1, "dist_stop_m": 5.1962557721317344, "in_test": false, "model_id": "B1", "model_date": "2026-09-27", "edge_cell": false, "queries_per_1000": 8.7260034904013963 }, "geometry": { "type": "Polygon", "coordinates": [ [ [ -66.341306, -17.42138 ], [ -66.345273, -17.42453 ], [ -66.344631, -17.429416 ], [ -66.340021, -17.431151 ], [ -66.336054, -17.428 ], [ -66.336697, -17.423115 ], [ -66.341306, -17.42138 ] ] ] } },
{ "type": "Feature", "properties": { "h3_cell": "888b2c8297fffff", "lat": -17.419644120868973, "lon": -66.345915832436376, "population": 401, "query_count": 7, "expected_count": 5.275098084468036, "p_low": 0.77051980276075716, "pearson_residual": 0.20394707099493081, "gap_category": "esperado", "gtfs_covered": 1, "dist_stop_m": 35.476321407145875, "in_test": false, "model_id": "B1", "model_date": "2026-09-27", "edge_cell": false, "queries_per_1000": 17.456359102244388 }, "geometry": { "type": "Polygon", "coordinates": [ [ [ -66.346558, -17.414758 ], [ -66.350526, -17.417909 ], [ -66.349883, -17.422795 ], [ -66.345273, -17.42453 ], [ -66.341306, -17.42138 ], [ -66.341949, -17.416494 ], [ -66.346558, -17.414758 ] ] ] } },
{ "type": "Feature", "properties": { "h3_cell": "888b2c8299fffff", "lat": -17.435716970590637, "lon": -66.352565479940708, "population": 385, "query_count": 0, "expected_count": 5.3726609578179509, "p_low": 0.33217326171581818, "pearson_residual": -0.62412933661519809, "gap_category": "esperado", "gtfs_covered": 1, "dist_stop_m": 392.48856170198206, "in_test": false, "model_id": "B1", "model_date": "2026-09-27", "edge_cell": false, "queries_per_1000": 0.0 }, "geometry": { "type": "Polygon", "coordinates": [ [ [ -66.353208, -17.430831 ], [ -66.357176, -17.433982 ], [ -66.356533, -17.438868 ], [ -66.351923, -17.440603 ], [ -66.347955, -17.437452 ], [ -66.348598, -17.432566 ], [ -66.353208, -17.430831 ] ] ] } },
{ "type": "Feature", "properties": { "h3_cell": "888b2c829bfffff", "lat": -17.429095657100547, "lon": -66.357818130204734, "population": 294, "query_count": 23, "expected_count": 3.9712418300653596, "p_low": 0.97779262979948878, "pearson_residual": 2.9530627733026322, "gap_category": "exceso", "gtfs_covered": 0, "dist_stop_m": 561.66029669492139, "in_test": false, "model_id": "B1", "model_date": "2026-09-27", "edge_cell": false, "queries_per_1000": 78.231292517006807 }, "geometry": { "type": "Polygon", "coordinates": [ [ [ -66.358461, -17.424209 ], [ -66.362428, -17.42736 ], [ -66.361786, -17.432246 ], [ -66.357176, -17.433982 ], [ -66.353208, -17.430831 ], [ -66.35385, -17.425945 ], [ -66.358461, -17.424209 ] ] ] } },
{ "type": "Feature", "properties": { "h3_cell": "888b2c829dfffff", "lat": -17.434301446290593, "lon": -66.343988164893489, "population": 562, "query_count": 7, "expected_count": 9.4251170046801871, "p_low": 0.64939530670143708, "pearson_residual": -0.1631539644562891, "gap_category": "esperado", "gtfs_covered": 1, "dist_stop_m": 477.4097495880543, "in_test": false, "model_id": "B1", "model_date": "2026-09-27", "edge_cell": false, "queries_per_1000": 12.455516014234876 }, "geometry": { "type": "Polygon", "coordinates": [ [ [ -66.344631, -17.429416 ], [ -66.348598, -17.432566 ], [ -66.347955, -17.437452 ], [ -66.343346, -17.439187 ], [ -66.339379, -17.436036 ], [ -66.340021, -17.431151 ], [ -66.344631, -17.429416 ] ] ] } },
{ "type": "Feature", "properties": { "h3_cell": "888b2c82a1fffff", "lat": -17.428636858189037, "lon": -66.309687371817077, "population": 37, "query_count": 0, "expected_count": 1.0653910458851941, "p_low": 0.58829395933450335, "pearson_residual": -0.54885086010372619, "gap_category": "esperado", "gtfs_covered": 0, "dist_stop_m": 528.63857667356899, "in_test": false, "model_id": "B1", "model_date": "2026-09-27", "edge_cell": false, "queries_per_1000": 0.0 }, "geometry": { "type": "Polygon", "coordinates": [ [ [ -66.31033, -17.423752 ], [ -66.314296, -17.426903 ], [ -66.313653, -17.431788 ], [ -66.309044, -17.433522 ], [ -66.305079, -17.430371 ], [ -66.305722, -17.425486 ], [ -66.31033, -17.423752 ] ] ] } },
{ "type": "Feature", "properties": { "h3_cell": "888b2c82a3fffff", "lat": -17.422017750282357, "lon": -66.314938494405723, "population": 301, "query_count": 1, "expected_count": 8.4499241274658576, "p_low": 0.38887389737817524, "pearson_residual": -0.55767897542262979, "gap_category": "esperado", "gtfs_covered": 0, "dist_stop_m": 1259.0258973413895, "in_test": false, "model_id": "B1", "model_date": "2026-09-27", "edge_cell": false, "queries_per_1000": 3.3222591362126246 }, "geometry": { "type": "Polygon", "coordinates": [ [ [ -66.315581, -17.417133 ], [ -66.319547, -17.420283 ], [ -66.318904, -17.425168 ], [ -66.314296, -17.426903 ], [ -66.31033, -17.423752 ], [ -66.310973, -17.418867 ], [ -66.315581, -17.417133 ] ] ] } },
{ "type": "Feature", "properties": { "h3_cell": "888b2c82a5fffff", "lat": -17.427220089307216, "lon": -66.301114291619498, "population": 21, "query_count": 0, "expected_count": 1.6848214285714287, "p_low": 0.50818107825145686, "pearson_residual": -0.57981443970410307, "gap_category": "esperado", "gtfs_covered": 0, "dist_stop_m": 1167.1580818561872, "in_test": false, "model_id": "B1", "model_date": "2026-09-27", "edge_cell": false, "queries_per_1000": 0.0 }, "geometry": { "type": "Polygon", "coordinates": [ [ [ -66.301757, -17.422336 ], [ -66.305722, -17.425486 ], [ -66.305079, -17.430371 ], [ -66.300471, -17.432105 ], [ -66.296507, -17.428954 ], [ -66.29715, -17.424069 ], [ -66.301757, -17.422336 ] ] ] } },
{ "type": "Feature", "properties": { "h3_cell": "888b2c82a7fffff", "lat": -17.420601422626468, "lon": -66.306365108071702, "population": 559, "query_count": 9, "expected_count": 16.096043098643879, "p_low": 0.58708102368514004, "pearson_residual": -0.28204754374450769, "gap_category": "esperado", "gtfs_covered": 0, "dist_stop_m": 993.93479684102681, "in_test": false, "model_id": "B1", "model_date": "2026-09-27", "edge_cell": false, "queries_per_1000": 16.100178890876567 }, "geometry": { "type": "Polygon", "coordinates": [ [ [ -66.307008, -17.415717 ], [ -66.310973, -17.418867 ], [ -66.31033, -17.423752 ], [ -66.305722, -17.425486 ], [ -66.301757, -17.422336 ], [ -66.3024, -17.417451 ], [ -66.307008, -17.415717 ] ] ] } },
{ "type": "Feature", "properties": { "h3_cell": "888b2c82a9fffff", "lat": -17.436672238148788, "lon": -66.313009927886696, "population": 198, "query_count": 0, "expected_count": 5.5838150289017339, "p_low": 0.32721573656116815, "pearson_residual": -0.62498670401289169, "gap_category": "esperado", "gtfs_covered": 1, "dist_stop_m": 230.26830075587571, "in_test": false, "model_id": "B1", "model_date": "2026-09-27", "edge_cell": false, "queries_per_1000": 0.0 }, "geometry": { "type": "Polygon", "coordinates": [ [ [ -66.313653, -17.431788 ], [ -66.317618, -17.434938 ], [ -66.316976, -17.439823 ], [ -66.312367, -17.441557 ], [ -66.308402, -17.438406 ], [ -66.309044, -17.433522 ], [ -66.313653, -17.431788 ] ] ] } },
{ "type": "Feature", "properties": { "h3_cell": "888b2c82abfffff", "lat": -17.43005337850207, "lon": -66.318261299501728, "population": 375, "query_count": 1, "expected_count": 10.52731411229135, "p_low": 0.3569406313108946, "pearson_residual": -0.57514404483821446, "gap_category": "esperado", "gtfs_covered": 1, "dist_stop_m": 312.36357760382447, "in_test": false, "model_id": "B1", "model_date": "2026-09-27", "edge_cell": false, "queries_per_1000": 2.6666666666666665 }, "geometry": { "type": "Polygon", "coordinates": [ [ [ -66.318904, -17.425168 ], [ -66.32287, -17.428319 ], [ -66.322227, -17.433204 ], [ -66.317618, -17.434938 ], [ -66.313653, -17.431788 ], [ -66.314296, -17.426903 ], [ -66.318904, -17.425168 ] ] ] } },
{ "type": "Feature", "properties": { "h3_cell": "888b2c82adfffff", "lat": -17.435255276604273, "lon": -66.304436306276074, "population": 15, "query_count": 0, "expected_count": 0.13005780346820808, "p_low": 0.89288057670911403, "pearson_residual": -0.31512817304666274, "gap_category": "esperado", "gtfs_covered": 0, "dist_stop_m": 616.26478501045233, "in_test": false, "model_id": "B1", "model_date": "2026-09-27", "edge_cell": false, "queries_per_1000": 0.0 }, "geometry": { "type": "Polygon", "coordinates": [ [ [ -66.305079, -17.430371 ], [ -66.309044, -17.433522 ], [ -66.308402, -17.438406 ], [ -66.303793, -17.44014 ], [ -66.299828, -17.436989 ], [ -66.300471, -17.432105 ], [ -66.305079, -17.430371 ] ] ] } },
{ "type": "Feature", "properties": { "h3_cell": "888b2c82b1fffff", "lat": -17.416813591100119, "lon": -66.328764213373702, "population": 1069, "query_count": 65, "expected_count": 62.000966650555824, "p_low": 0.70909097097917428, "pearson_residual": 0.031241749729903304, "gap_category": "esperado", "gtfs_covered": 1, "dist_stop_m": 365.70525246522101, "in_test": false, "model_id": "B1", "model_date": "2026-09-27", "edge_cell": false, "queries_per_1000": 60.804490177736206 }, "geometry": { "type": "Polygon", "coordinates": [ [ [ -66.329407, -17.411928 ], [ -66.333373, -17.415078 ], [ -66.33273, -17.419964 ], [ -66.328122, -17.421699 ], [ -66.324155, -17.418549 ], [ -66.324798, -17.413663 ], [ -66.329407, -17.411928 ] ] ] } },
{ "type": "Feature", "properties": { "h3_cell": "888b2c82b3fffff", "lat": -17.410192663825349, "lon": -66.334015755456022, "population": 918, "query_count": 72, "expected_count": 39.048154093097914, "p_low": 0.82650464375693367, "pearson_residual": 0.54396961231234631, "gap_category": "esperado", "gtfs_covered": 1, "dist_stop_m": 153.37790715651457, "in_test": false, "model_id": "B1", "model_date": "2026-09-27", "edge_cell": false, "queries_per_1000": 78.431372549019613 }, "geometry": { "type": "Polygon", "coordinates": [ [ [ -66.334658, -17.405307 ], [ -66.338625, -17.408457 ], [ -66.337982, -17.413343 ], [ -66.333373, -17.415078 ], [ -66.329407, -17.411928 ], [ -66.33005, -17.407042 ], [ -66.334658, -17.405307 ] ] ] } },
{ "type": "Feature", "properties": { "h3_cell": "888b2c82b5fffff", "lat": -17.415397953124305, "lon": -66.320189673954715, "population": 944, "query_count": 10, "expected_count": 113.43009653605905, "p_low": 0.28731328681294338, "pearson_residual": -0.58984049854818743, "gap_category": "esperado", "gtfs_covered": 0, "dist_stop_m": 531.74079796483375, "in_test": false, "model_id": "B1", "model_date": "2026-09-27", "edge_cell": false, "queries_per_1000": 10.59322033898305 }, "geometry": { "type": "Polygon", "coordinates": [ [ [ -66.320832, -17.410513 ], [ -66.324798, -17.413663 ], [ -66.324155, -17.418549 ], [ -66.319547, -17.420283 ], [ -66.315581, -17.417133 ], [ -66.316224, -17.412247 ], [ -66.320832, -17.410513 ] ] ] } },
{ "type": "Feature", "properties": { "h3_cell": "888b2c82b7fffff", "lat": -17.408777466955087, "lon": -66.325440910376756, "population": 986, "query_count": 17, "expected_count": 82.228585782466709, "p_low": 0.40014970517377646, "pearson_residual": -0.5127756074940214, "gap_category": "esperado", "gtfs_covered": 1, "dist_stop_m": 233.32160985250556, "in_test": false, "model_id": "B1", "model_date": "2026-09-27", "edge_cell": false, "queries_per_1000": 17.241379310344826 }, "geometry": { "type": "Polygon", "coordinates": [ [ [ -66.326084, -17.403892 ], [ -66.33005, -17.407042 ], [ -66.329407, -17.411928 ], [ -66.324798, -17.413663 ], [ -66.320832, -17.410513 ], [ -66.321475, -17.405627 ], [ -66.326084, -17.403892 ] ] ] } },
{ "type": "Feature", "properties": { "h3_cell": "888b2c82b9fffff", "lat": -17.42484965982306, "lon": -66.332087808675581, "population": 963, "query_count": 52, "expected_count": 47.78096006454215, "p_low": 0.71753275248249859, "pearson_residual": 0.056974024417215489, "gap_category": "esperado", "gtfs_covered": 1, "dist_stop_m": 99.632718488088571, "in_test": false, "model_id": "B1", "model_date": "2026-09-27", "edge_cell": false, "queries_per_1000": 53.997923156801662 }, "geometry": { "type": "Polygon", "coordinates": [ [ [ -66.33273, -17.419964 ], [ -66.336697, -17.423115 ], [ -66.336054, -17.428 ], [ -66.331445, -17.429735 ], [ -66.327479, -17.426584 ], [ -66.328122, -17.421699 ], [ -66.33273, -17.419964 ] ] ] } },
{ "type": "Feature", "properties": { "h3_cell": "888b2c82bbfffff", "lat": -17.418228980406241, "lon": -66.33733959962052, "population": 672, "query_count": 20, "expected_count": 20.763030628694249, "p_low": 0.69455635355705359, "pearson_residual": -0.023578770841006885, "gap_category": "esperado", "gtfs_covered": 1, "dist_stop_m": 231.3231781141281, "in_test": false, "model_id": "B1", "model_date": "2026-09-27", "edge_cell": false, "queries_per_1000": 29.761904761904759 }, "geometry": { "type": "Polygon", "coordinates": [ [ [ -66.337982, -17.413343 ], [ -66.341949, -17.416494 ], [ -66.341306, -17.42138 ], [ -66.336697, -17.423115 ], [ -66.33273, -17.419964 ], [ -66.333373, -17.415078 ], [ -66.337982, -17.413343 ] ] ] } },
{ "type": "Feature", "properties": { "h3_cell": "888b2c82bdfffff", "lat": -17.423433829405798, "lon": -66.3235127280265, "population": 745, "query_count": 2, "expected_count": 78.432551319648098, "p_low": 0.19003063465250866, "pearson_residual": -0.6298553621860381, "gap_category": "esperado", "gtfs_covered": 0, "dist_stop_m": 879.07479081967608, "in_test": false, "model_id": "B1", "model_date": "2026-09-27", "edge_cell": false, "queries_per_1000": 2.6845637583892614 }, "geometry": { "type": "Polygon", "coordinates": [ [ [ -66.324155, -17.418549 ], [ -66.328122, -17.421699 ], [ -66.327479, -17.426584 ], [ -66.32287, -17.428319 ], [ -66.318904, -17.425168 ], [ -66.319547, -17.420283 ], [ -66.324155, -17.418549 ] ] ] } },
{ "type": "Feature", "properties": { "h3_cell": "888b2c82c1fffff", "lat": -17.462195329335255, "lon": -66.33155544333458, "population": 217, "query_count": 0, "expected_count": 11.161483253588516, "p_low": 0.2483109755461286, "pearson_residual": -0.63620572842641776, "gap_category": "esperado", "gtfs_covered": 1, "dist_stop_m": 246.8192096155868, "in_test": false, "model_id": "B1", "model_date": "2026-09-27", "edge_cell": false, "queries_per_1000": 0.0 }, "geometry": { "type": "Polygon", "coordinates": [ [ [ -66.332198, -17.457311 ], [ -66.336165, -17.460462 ], [ -66.335522, -17.465346 ], [ -66.330913, -17.46708 ], [ -66.326946, -17.463929 ], [ -66.327589, -17.459044 ], [ -66.332198, -17.457311 ] ] ] } },
{ "type": "Feature", "properties": { "h3_cell": "888b2c82c3fffff", "lat": -17.455576774411814, "lon": -66.33680786764387, "population": 852, "query_count": 54, "expected_count": 34.94240837696335, "p_low": 0.79148094090227372, "pearson_residual": 0.3513494208975777, "gap_category": "esperado", "gtfs_covered": 1, "dist_stop_m": 206.27650503369046, "in_test": false, "model_id": "B1", "model_date": "2026-09-27", "edge_cell": false, "queries_per_1000": 63.380281690140841 }, "geometry": { "type": "Polygon", "coordinates": [ [ [ -66.337451, -17.450692 ], [ -66.341418, -17.453843 ], [ -66.340775, -17.458728 ], [ -66.336165, -17.460462 ], [ -66.332198, -17.457311 ], [ -66.332841, -17.452426 ], [ -66.337451, -17.450692 ] ] ] } },
{ "type": "Feature", "properties": { "h3_cell": "888b2c82c7fffff", "lat": -17.454159926728167, "lon": -66.32823146882663, "population": 547, "query_count": 12, "expected_count": 27.835502958579884, "p_low": 0.53217893617084511, "pearson_residual": -0.36593115236277296, "gap_category": "esperado", "gtfs_covered": 1, "dist_stop_m": 207.56830065414593, "in_test": false, "model_id": "B1", "model_date": "2026-09-27", "edge_cell": false, "queries_per_1000": 21.937842778793417 }, "geometry": { "type": "Polygon", "coordinates": [ [ [ -66.328874, -17.449275 ], [ -66.332841, -17.452426 ], [ -66.332198, -17.457311 ], [ -66.327589, -17.459044 ], [ -66.323622, -17.455894 ], [ -66.324265, -17.451009 ], [ -66.328874, -17.449275 ] ] ] } },
{ "type": "Feature", "properties": { "h3_cell": "888b2c82c9fffff", "lat": -17.47023067454624, "lon": -66.334879710236024, "population": 787, "query_count": 64, "expected_count": 53.87419056429232, "p_low": 0.73596143015339988, "pearson_residual": 0.12133363945242828, "gap_category": "esperado", "gtfs_covered": 1, "dist_stop_m": 409.02743809537543, "in_test": false, "model_id": "B1", "model_date": "2026-09-27", "edge_cell": false, "queries_per_1000": 81.321473951715376 }, "geometry": { "type": "Polygon", "coordinates": [ [ [ -66.335522, -17.465346 ], [ -66.33949, -17.468497 ], [ -66.338847, -17.473382 ], [ -66.334237, -17.475115 ], [ -66.33027, -17.471964 ], [ -66.330913, -17.46708 ], [ -66.335522, -17.465346 ] ] ] } },
{ "type": "Feature", "properties": { "h3_cell": "888b2c82cbfffff", "lat": -17.46361236864719, "lon": -66.34013238346175, "population": 936, "query_count": 18, "expected_count": 39.965065502183407, "p_low": 0.53748662565997496, "pearson_residual": -0.35432385637756103, "gap_category": "esperado", "gtfs_covered": 1, "dist_stop_m": 149.52275457779018, "in_test": false, "model_id": "B1", "model_date": "2026-09-27", "edge_cell": false, "queries_per_1000": 19.230769230769234 }, "geometry": { "type": "Polygon", "coordinates": [ [ [ -66.340775, -17.458728 ], [ -66.344742, -17.461878 ], [ -66.3441, -17.466763 ], [ -66.33949, -17.468497 ], [ -66.335522, -17.465346 ], [ -66.336165, -17.460462 ], [ -66.340775, -17.458728 ] ] ] } },
{ "type": "Feature", "properties": { "h3_cell": "888b2c82cdfffff", "lat": -17.468813194016981, "lon": -66.326303075732383, "population": 22, "query_count": 0, "expected_count": 1.2781408859840233, "p_low": 0.55613352101524194, "pearson_residual": -0.56224100366848595, "gap_category": "esperado", "gtfs_covered": 0, "dist_stop_m": 726.91795196564124, "in_test": false, "model_id": "B1", "model_date": "2026-09-27", "edge_cell": false, "queries_per_1000": 0.0 }, "geometry": { "type": "Polygon", "coordinates": [ [ [ -66.326946, -17.463929 ], [ -66.330913, -17.46708 ], [ -66.33027, -17.471964 ], [ -66.32566, -17.473697 ], [ -66.321694, -17.470546 ], [ -66.322337, -17.465662 ], [ -66.326946, -17.463929 ] ] ] } },
{ "type": "Feature", "properties": { "h3_cell": "888b2c82d1fffff", "lat": -17.450373686489556, "lon": -66.350637899532913, "population": 518, "query_count": 37, "expected_count": 14.653465346534652, "p_low": 0.8840393321341572, "pearson_residual": 0.97443330742205858, "gap_category": "esperado", "gtfs_covered": 1, "dist_stop_m": 216.69918568646565, "in_test": false, "model_id": "B1", "model_date": "2026-09-27", "edge_cell": false, "queries_per_1000": 71.428571428571431 }, "geometry": { "type": "Polygon", "coordinates": [ [ [ -66.35128, -17.445488 ], [ -66.355248, -17.448639 ], [ -66.354606, -17.453524 ], [ -66.349995, -17.455259 ], [ -66.346028, -17.452108 ], [ -66.34667, -17.447223 ], [ -66.35128, -17.445488 ] ] ] } },
{ "type": "Feature", "properties": { "h3_cell": "888b2c82d3fffff", "lat": -17.443753310711021, "lon": -66.355890742203599, "population": 621, "query_count": 3, "expected_count": 13.92607973421927, "p_low": 0.43319986735992677, "pearson_residual": -0.50095875920324617, "gap_category": "esperado", "gtfs_covered": 1, "dist_stop_m": 91.588703046820569, "in_test": false, "model_id": "B1", "model_date": "2026-09-27", "edge_cell": false, "queries_per_1000": 4.8309178743961354 }, "geometry": { "type": "Polygon", "coordinates": [ [ [ -66.356533, -17.438868 ], [ -66.360501, -17.442018 ], [ -66.359859, -17.446904 ], [ -66.355248, -17.448639 ], [ -66.35128, -17.445488 ], [ -66.351923, -17.440603 ], [ -66.356533, -17.438868 ] ] ] } },
{ "type": "Feature", "properties": { "h3_cell": "888b2c82d5fffff", "lat": -17.448957529486528, "lon": -66.3420603485729, "population": 745, "query_count": 51, "expected_count": 21.074964639321074, "p_low": 0.87665865773761187, "pearson_residual": 0.91117434955810106, "gap_category": "esperado", "gtfs_covered": 1, "dist_stop_m": 161.94897558004016, "in_test": false, "model_id": "B1", "model_date": "2026-09-27", "edge_cell": false, "queries_per_1000": 68.456375838926178 }, "geometry": { "type": "Polygon", "coordinates": [ [ [ -66.342703, -17.444072 ], [ -66.34667, -17.447223 ], [ -66.346028, -17.452108 ], [ -66.341418, -17.453843 ], [ -66.337451, -17.450692 ], [ -66.338093, -17.445807 ], [ -66.342703, -17.444072 ] ] ] } },
{ "type": "Feature", "properties": { "h3_cell": "888b2c82d7fffff", "lat": -17.442337594799408, "lon": -66.347312886034288, "population": 908, "query_count": 12, "expected_count": 21.619047619047617, "p_low": 0.58241463041393482, "pearson_residual": -0.28558539199323812, "gap_category": "esperado", "gtfs_covered": 1, "dist_stop_m": 85.791151145200402, "in_test": false, "model_id": "B1", "model_date": "2026-09-27", "edge_cell": false, "queries_per_1000": 13.215859030837004 }, "geometry": { "type": "Polygon", "coordinates": [ [ [ -66.347955, -17.437452 ], [ -66.351923, -17.440603 ], [ -66.35128, -17.445488 ], [ -66.34667, -17.447223 ], [ -66.342703, -17.444072 ], [ -66.343346, -17.439187 ], [ -66.347955, -17.437452 ] ] ] } },
{ "type": "Feature", "properties": { "h3_cell": "888b2c82d9fffff", "lat": -17.458409720963715, "lon": -66.353963205405492, "population": 1039, "query_count": 50, "expected_count": 29.391796322489391, "p_low": 0.81102009903776828, "pearson_residual": 0.45118180252832985, "gap_category": "esperado", "gtfs_covered": 1, "dist_stop_m": 486.56350456309457, "in_test": false, "model_id": "B1", "model_date": "2026-09-27", "edge_cell": false, "queries_per_1000": 48.123195380173243 }, "geometry": { "type": "Polygon", "coordinates": [ [ [ -66.354606, -17.453524 ], [ -66.358574, -17.456675 ], [ -66.357931, -17.46156 ], [ -66.353321, -17.463295 ], [ -66.349353, -17.460144 ], [ -66.349995, -17.455259 ], [ -66.354606, -17.453524 ] ] ] } },
{ "type": "Feature", "properties": { "h3_cell": "888b2c82dbfffff", "lat": -17.451789593807952, "lon": -66.359216296828464, "population": 981, "query_count": 308, "expected_count": 27.751060820367748, "p_low": 0.9982967467837246, "pearson_residual": 6.495628244656575, "gap_category": "exceso", "gtfs_covered": 1, "dist_stop_m": 18.648015978267711, "in_test": false, "model_id": "B1", "model_date": "2026-09-27", "edge_cell": false, "queries_per_1000": 313.96534148827726 }, "geometry": { "type": "Polygon", "coordinates": [ [ [ -66.359859, -17.446904 ], [ -66.363827, -17.450055 ], [ -66.363185, -17.45494 ], [ -66.358574, -17.456675 ], [ -66.354606, -17.453524 ], [ -66.355248, -17.448639 ], [ -66.359859, -17.446904 ] ] ] } },
{ "type": "Feature", "properties": { "h3_cell": "888b2c82ddfffff", "lat": -17.456993372548311, "lon": -66.345385113256512, "population": 643, "query_count": 37, "expected_count": 18.189533239038187, "p_low": 0.84597345124162338, "pearson_residual": 0.66258207294654514, "gap_category": "esperado", "gtfs_covered": 1, "dist_stop_m": 312.81261901386932, "in_test": false, "model_id": "B1", "model_date": "2026-09-27", "edge_cell": false, "queries_per_1000": 57.542768273716952 }, "geometry": { "type": "Polygon", "coordinates": [ [ [ -66.346028, -17.452108 ], [ -66.349995, -17.455259 ], [ -66.349353, -17.460144 ], [ -66.344742, -17.461878 ], [ -66.340775, -17.458728 ], [ -66.341418, -17.453843 ], [ -66.346028, -17.452108 ] ] ] } },
{ "type": "Feature", "properties": { "h3_cell": "888b2c82e1fffff", "lat": -17.4513254834152, "lon": -66.311081212613644, "population": 172, "query_count": 0, "expected_count": 3.1656441717791415, "p_low": 0.40630578668399925, "pearson_residual": -0.60892900731682176, "gap_category": "esperado", "gtfs_covered": 1, "dist_stop_m": 87.21036379711677, "in_test": false, "model_id": "B1", "model_date": "2026-09-27", "edge_cell": false, "queries_per_1000": 0.0 }, "geometry": { "type": "Polygon", "coordinates": [ [ [ -66.311724, -17.446441 ], [ -66.31569, -17.449592 ], [ -66.315047, -17.454476 ], [ -66.310438, -17.45621 ], [ -66.306473, -17.453059 ], [ -66.307116, -17.448175 ], [ -66.311724, -17.446441 ] ] ] } },
{ "type": "Feature", "properties": { "h3_cell": "888b2c82e3fffff", "lat": -17.444707562108587, "lon": -66.316332776296818, "population": 37, "query_count": 0, "expected_count": 0.89051439358187834, "p_low": 0.62007114079962222, "pearson_residual": -0.53421986734253191, "gap_category": "esperado", "gtfs_covered": 0, "dist_stop_m": 564.50782366963165, "in_test": false, "model_id": "B1", "model_date": "2026-09-27", "edge_cell": false, "queries_per_1000": 0.0 }, "geometry": { "type": "Polygon", "coordinates": [ [ [ -66.316976, -17.439823 ], [ -66.320942, -17.442974 ], [ -66.320299, -17.447858 ], [ -66.31569, -17.449592 ], [ -66.311724, -17.446441 ], [ -66.312367, -17.441557 ], [ -66.316976, -17.439823 ] ] ] } },
{ "type": "Feature", "properties": { "h3_cell": "888b2c82e5fffff", "lat": -17.449907888133776, "lon": -66.302507355735031, "population": 88, "query_count": 0, "expected_count": 9.9999999999999995e-07, "p_low": 0.99999900000169051, "pearson_residual": -0.00099999880949217727, "gap_category": "esperado", "gtfs_covered": 0, "dist_stop_m": 978.8348126211913, "in_test": false, "model_id": "B1", "model_date": "2026-09-27", "edge_cell": false, "queries_per_1000": 0.0 }, "geometry": { "type": "Polygon", "coordinates": [ [ [ -66.30315, -17.445024 ], [ -66.307116, -17.448175 ], [ -66.306473, -17.453059 ], [ -66.301864, -17.454792 ], [ -66.297899, -17.451641 ], [ -66.298542, -17.446757 ], [ -66.30315, -17.445024 ] ] ] } },
{ "type": "Feature", "properties": { "h3_cell": "888b2c82e7fffff", "lat": -17.443290408105973, "lon": -66.307758613268703, "population": 294, "query_count": 0, "expected_count": 5.4110429447852768, "p_low": 0.33125320442015666, "pearson_residual": -0.62428988960071019, "gap_category": "esperado", "gtfs_covered": 1, "dist_stop_m": 168.24495939111284, "in_test": false, "model_id": "B1", "model_date": "2026-09-27", "edge_cell": false, "queries_per_1000": 0.0 }, "geometry": { "type": "Polygon", "coordinates": [ [ [ -66.308402, -17.438406 ], [ -66.312367, -17.441557 ], [ -66.311724, -17.446441 ], [ -66.307116, -17.448175 ], [ -66.30315, -17.445024 ], [ -66.303793, -17.44014 ], [ -66.308402, -17.438406 ] ] ] } },
{ "type": "Feature", "properties": { "h3_cell": "888b2c82e9fffff", "lat": -17.459360502134889, "lon": -66.314404104327124, "population": 224, "query_count": 47, "expected_count": 18.0, "p_low": 0.8893668748081961, "pearson_residual": 1.0321327544517078, "gap_category": "esperado", "gtfs_covered": 1, "dist_stop_m": 73.472048698822263, "in_test": false, "model_id": "B1", "model_date": "2026-09-27", "edge_cell": false, "queries_per_1000": 209.82142857142858 }, "geometry": { "type": "Polygon", "coordinates": [ [ [ -66.315047, -17.454476 ], [ -66.319013, -17.457627 ], [ -66.31837, -17.462511 ], [ -66.313761, -17.464245 ], [ -66.309795, -17.461094 ], [ -66.310438, -17.45621 ], [ -66.315047, -17.454476 ] ] ] } },
{ "type": "Feature", "properties": { "h3_cell": "888b2c82ebfffff", "lat": -17.452742829671308, "lon": -66.319655917063656, "population": 48, "query_count": 0, "expected_count": 4.6576819407008081, "p_low": 0.351069694470519, "pearson_residual": -0.62068487764386371, "gap_category": "esperado", "gtfs_covered": 0, "dist_stop_m": 835.19990315975963, "in_test": false, "model_id": "B1", "model_date": "2026-09-27", "edge_cell": false, "queries_per_1000": 0.0 }, "geometry": { "type": "Polygon", "coordinates": [ [ [ -66.320299, -17.447858 ], [ -66.324265, -17.451009 ], [ -66.323622, -17.455894 ], [ -66.319013, -17.457627 ], [ -66.315047, -17.454476 ], [ -66.31569, -17.449592 ], [ -66.320299, -17.447858 ] ] ] } },
{ "type": "Feature", "properties": { "h3_cell": "888b2c82edfffff", "lat": -17.457942714594466, "lon": -66.305829705964186, "population": 77, "query_count": 0, "expected_count": 1.4171779141104295, "p_low": 0.53805272393961678, "pearson_residual": -0.56918896950138675, "gap_category": "esperado", "gtfs_covered": 0, "dist_stop_m": 700.28744808000386, "in_test": false, "model_id": "B1", "model_date": "2026-09-27", "edge_cell": false, "queries_per_1000": 0.0 }, "geometry": { "type": "Polygon", "coordinates": [ [ [ -66.306473, -17.453059 ], [ -66.310438, -17.45621 ], [ -66.309795, -17.461094 ], [ -66.305187, -17.462827 ], [ -66.301221, -17.459676 ], [ -66.301864, -17.454792 ], [ -66.306473, -17.453059 ] ] ] } },
{ "type": "Feature", "properties": { "h3_cell": "888b2c8301fffff", "lat": -17.475882187469004, "lon": -66.233403044673935, "population": 403, "query_count": 0, "expected_count": 4.6657018813314037, "p_low": 0.35083707271805536, "pearson_residual": -0.62072900563418532, "gap_category": "esperado", "gtfs_covered": 0, "dist_stop_m": 714.55032409801038, "in_test": false, "model_id": "B1", "model_date": "2026-09-27", "edge_cell": false, "queries_per_1000": 0.0 }, "geometry": { "type": "Polygon", "coordinates": [ [ [ -66.234047, -17.471001 ], [ -66.238009, -17.474152 ], [ -66.237365, -17.479033 ], [ -66.232759, -17.480763 ], [ -66.228797, -17.477612 ], [ -66.229441, -17.472731 ], [ -66.234047, -17.471001 ] ] ] } },
{ "type": "Feature", "properties": { "h3_cell": "888b2c8303fffff", "lat": -17.469270368648537, "lon": -66.238652478284465, "population": 423, "query_count": 11, "expected_count": 5.0271646859083186, "p_low": 0.86218078702291789, "pearson_residual": 0.739695018006859, "gap_category": "esperado", "gtfs_covered": 1, "dist_stop_m": 460.88798214320923, "in_test": false, "model_id": "B1", "model_date": "2026-09-27", "edge_cell": false, "queries_per_1000": 26.004728132387708 }, "geometry": { "type": "Polygon", "coordinates": [ [ [ -66.239296, -17.464389 ], [ -66.243258, -17.46754 ], [ -66.242615, -17.472422 ], [ -66.238009, -17.474152 ], [ -66.234047, -17.471001 ], [ -66.23469, -17.466119 ], [ -66.239296, -17.464389 ] ] ] } },
{ "type": "Feature", "properties": { "h3_cell": "888b2c8305fffff", "lat": -17.474460893595523, "lon": -66.224835817451762, "population": 58, "query_count": 0, "expected_count": 2.5084388185654007, "p_low": 0.44236741668981916, "pearson_residual": -0.59979528812000371, "gap_category": "esperado", "gtfs_covered": 0, "dist_stop_m": 984.56508241491372, "in_test": false, "model_id": "B1", "model_date": "2026-09-27", "edge_cell": false, "queries_per_1000": 0.0 }, "geometry": { "type": "Polygon", "coordinates": [ [ [ -66.22548, -17.46958 ], [ -66.229441, -17.472731 ], [ -66.228797, -17.477612 ], [ -66.224192, -17.479342 ], [ -66.220231, -17.476191 ], [ -66.220874, -17.47131 ], [ -66.22548, -17.46958 ] ] ] } },
{ "type": "Feature", "properties": { "h3_cell": "888b2c8307fffff", "lat": -17.467849516475717, "lon": -66.230084943024934, "population": 676, "query_count": 10, "expected_count": 33.767321946503387, "p_low": 0.46446104367643848, "pearson_residual": -0.45333365542895271, "gap_category": "esperado", "gtfs_covered": 1, "dist_stop_m": 200.0942736123078, "in_test": false, "model_id": "B1", "model_date": "2026-09-27", "edge_cell": false, "queries_per_1000": 14.792899408284024 }, "geometry": { "type": "Polygon", "coordinates": [ [ [ -66.230729, -17.462968 ], [ -66.23469, -17.466119 ], [ -66.234047, -17.471001 ], [ -66.229441, -17.472731 ], [ -66.22548, -17.46958 ], [ -66.226123, -17.464698 ], [ -66.230729, -17.462968 ] ] ] } },
{ "type": "Feature", "properties": { "h3_cell": "888b2c8309fffff", "lat": -17.483914802138532, "lon": -66.236721438722313, "population": 46, "query_count": 3, "expected_count": 0.17121588089330025, "p_low": 0.99831157378519331, "pearson_residual": 5.7620576510503856, "gap_category": "exceso", "gtfs_covered": 0, "dist_stop_m": 1659.2748727946205, "in_test": false, "model_id": "B1", "model_date": "2026-09-27", "edge_cell": false, "queries_per_1000": 65.217391304347828 }, "geometry": { "type": "Polygon", "coordinates": [ [ [ -66.237365, -17.479033 ], [ -66.241327, -17.482185 ], [ -66.240684, -17.487066 ], [ -66.236078, -17.488796 ], [ -66.232116, -17.485645 ], [ -66.232759, -17.480763 ], [ -66.237365, -17.479033 ] ] ] } },
{ "type": "Feature", "properties": { "h3_cell": "888b2c830bfffff", "lat": -17.477303233182319, "lon": -66.24197112201206, "population": 526, "query_count": 6, "expected_count": 9.2823529411764696, "p_low": 0.62304056652128115, "pearson_residual": -0.2241488208672591, "gap_category": "esperado", "gtfs_covered": 0, "dist_stop_m": 1326.5674862442438, "in_test": false, "model_id": "B1", "model_date": "2026-09-27", "edge_cell": false, "queries_per_1000": 11.406844106463879 }, "geometry": { "type": "Polygon", "coordinates": [ [ [ -66.242615, -17.472422 ], [ -66.246577, -17.475573 ], [ -66.245934, -17.480454 ], [ -66.241327, -17.482185 ], [ -66.237365, -17.479033 ], [ -66.238009, -17.474152 ], [ -66.242615, -17.472422 ] ] ] } },
{ "type": "Feature", "properties": { "h3_cell": "888b2c8311fffff", "lat": -17.464078020920379, "lon": -66.252470662980357, "population": 72, "query_count": 0, "expected_count": 1.3935483870967742, "p_low": 0.54098603149804247, "pearson_residual": -0.56808898221988757, "gap_category": "esperado", "gtfs_covered": 0, "dist_stop_m": 987.99734708085225, "in_test": false, "model_id": "B1", "model_date": "2026-09-27", "edge_cell": false, "queries_per_1000": 0.0 }, "geometry": { "type": "Polygon", "coordinates": [ [ [ -66.253114, -17.459196 ], [ -66.257077, -17.462347 ], [ -66.256434, -17.467229 ], [ -66.251827, -17.46896 ], [ -66.247864, -17.465809 ], [ -66.248508, -17.460927 ], [ -66.253114, -17.459196 ] ] ] } },
{ "type": "Feature", "properties": { "h3_cell": "888b2c8313fffff", "lat": -17.457464378091871, "lon": -66.257720520484554, "population": 26, "query_count": 3, "expected_count": 0.35339805825242721, "p_low": 0.98825709787637506, "pearson_residual": 3.2807779709385989, "gap_category": "exceso", "gtfs_covered": 0, "dist_stop_m": 573.31301989657527, "in_test": false, "model_id": "B1", "model_date": "2026-09-27", "edge_cell": false, "queries_per_1000": 115.38461538461539 }, "geometry": { "type": "Polygon", "coordinates": [ [ [ -66.258364, -17.452582 ], [ -66.262327, -17.455733 ], [ -66.261684, -17.460615 ], [ -66.257077, -17.462347 ], [ -66.253114, -17.459196 ], [ -66.253758, -17.454313 ], [ -66.258364, -17.452582 ] ] ] } },
{ "type": "Feature", "properties": { "h3_cell": "888b2c8315fffff", "lat": -17.46265785849625, "lon": -66.243901970104062, "population": 45, "query_count": 0, "expected_count": 0.5348047538200339, "p_low": 0.70827503158297112, "pearson_residual": -0.48502211313809285, "gap_category": "esperado", "gtfs_covered": 0, "dist_stop_m": 947.59871311282268, "in_test": false, "model_id": "B1", "model_date": "2026-09-27", "edge_cell": false, "queries_per_1000": 0.0 }, "geometry": { "type": "Polygon", "coordinates": [ [ [ -66.244546, -17.457776 ], [ -66.248508, -17.460927 ], [ -66.247864, -17.465809 ], [ -66.243258, -17.46754 ], [ -66.239296, -17.464389 ], [ -66.23994, -17.459507 ], [ -66.244546, -17.457776 ] ] ] } },
{ "type": "Feature", "properties": { "h3_cell": "888b2c8317fffff", "lat": -17.45604465725074, "lon": -66.249151520045544, "population": 293, "query_count": 7, "expected_count": 3.4821731748726652, "p_low": 0.84983709404102259, "pearson_residual": 0.61846503870891734, "gap_category": "esperado", "gtfs_covered": 1, "dist_stop_m": 63.992444025309318, "in_test": false, "model_id": "B1", "model_date": "2026-09-27", "edge_cell": false, "queries_per_1000": 23.890784982935156 }, "geometry": { "type": "Polygon", "coordinates": [ [ [ -66.249795, -17.451162 ], [ -66.253758, -17.454313 ], [ -66.253114, -17.459196 ], [ -66.248508, -17.460927 ], [ -66.244546, -17.457776 ], [ -66.245189, -17.452894 ], [ -66.249795, -17.451162 ] ] ] } },
{ "type": "Feature", "properties": { "h3_cell": "888b2c831dfffff", "lat": -17.470690972696765, "lon": -66.247220863460456, "population": 429, "query_count": 3, "expected_count": 8.3032258064516125, "p_low": 0.52510021646512683, "pearson_residual": -0.40382845910347087, "gap_category": "esperado", "gtfs_covered": 0, "dist_stop_m": 1369.3586156572826, "in_test": false, "model_id": "B1", "model_date": "2026-09-27", "edge_cell": false, "queries_per_1000": 6.9930069930069934 }, "geometry": { "type": "Polygon", "coordinates": [ [ [ -66.247864, -17.465809 ], [ -66.251827, -17.46896 ], [ -66.251184, -17.473842 ], [ -66.246577, -17.475573 ], [ -66.242615, -17.472422 ], [ -66.243258, -17.46754 ], [ -66.247864, -17.465809 ] ] ] } },
{ "type": "Feature", "properties": { "h3_cell": "888b2c8321fffff", "lat": -17.46500706845298, "lon": -66.212952423281578, "population": 1813, "query_count": 78, "expected_count": 96.237471625632963, "p_low": 0.65342661529049118, "pearson_residual": -0.12254435943946304, "gap_category": "esperado", "gtfs_covered": 1, "dist_stop_m": 117.52592786978141, "in_test": false, "model_id": "B1", "model_date": "2026-09-27", "edge_cell": false, "queries_per_1000": 43.022614451185881 }, "geometry": { "type": "Polygon", "coordinates": [ [ [ -66.213596, -17.460126 ], [ -66.217557, -17.463277 ], [ -66.216913, -17.468158 ], [ -66.212309, -17.469888 ], [ -66.208348, -17.466737 ], [ -66.208992, -17.461856 ], [ -66.213596, -17.460126 ] ] ] } },
{ "type": "Feature", "properties": { "h3_cell": "888b2c8323fffff", "lat": -17.45839588338659, "lon": -66.218200990803382, "population": 1333, "query_count": 20, "expected_count": 71.040484903934129, "p_low": 0.45019112789508287, "pearson_residual": -0.4642451523791824, "gap_category": "esperado", "gtfs_covered": 1, "dist_stop_m": 117.58127905748549, "in_test": false, "model_id": "B1", "model_date": "2026-09-27", "edge_cell": false, "queries_per_1000": 15.003750937734432 }, "geometry": { "type": "Polygon", "coordinates": [ [ [ -66.218845, -17.453514 ], [ -66.222806, -17.456666 ], [ -66.222162, -17.461547 ], [ -66.217557, -17.463277 ], [ -66.213596, -17.460126 ], [ -66.21424, -17.455245 ], [ -66.218845, -17.453514 ] ] ] } },
{ "type": "Feature", "properties": { "h3_cell": "888b2c8325fffff", "lat": -17.463585472951387, "lon": -66.204387439310366, "population": 2471, "query_count": 313, "expected_count": 149.56312425089891, "p_low": 0.85002966072635144, "pearson_residual": 0.70718834465076463, "gap_category": "esperado", "gtfs_covered": 1, "dist_stop_m": 265.97726851184871, "in_test": false, "model_id": "B1", "model_date": "2026-09-27", "edge_cell": false, "queries_per_1000": 126.66936462970457 }, "geometry": { "type": "Polygon", "coordinates": [ [ [ -66.205031, -17.458705 ], [ -66.208992, -17.461856 ], [ -66.208348, -17.466737 ], [ -66.203743, -17.468466 ], [ -66.199783, -17.465315 ], [ -66.200427, -17.460434 ], [ -66.205031, -17.458705 ] ] ] } },
{ "type": "Feature", "properties": { "h3_cell": "888b2c8327fffff", "lat": -17.456974729651328, "lon": -66.20963569833431, "population": 1131, "query_count": 55, "expected_count": 65.550916116166022, "p_low": 0.66145443953427185, "pearson_residual": -0.10397838240008866, "gap_category": "esperado", "gtfs_covered": 1, "dist_stop_m": 181.56161203615747, "in_test": false, "model_id": "B1", "model_date": "2026-09-27", "edge_cell": false, "queries_per_1000": 48.629531388152074 }, "geometry": { "type": "Polygon", "coordinates": [ [ [ -66.21028, -17.452094 ], [ -66.21424, -17.455245 ], [ -66.213596, -17.460126 ], [ -66.208992, -17.461856 ], [ -66.205031, -17.458705 ], [ -66.205675, -17.453824 ], [ -66.21028, -17.452094 ] ] ] } },
{ "type": "Feature", "properties": { "h3_cell": "888b2c8329fffff", "lat": -17.473039351736094, "lon": -66.21626944060209, "population": 877, "query_count": 24, "expected_count": 38.610062893081761, "p_low": 0.60081427460216352, "pearson_residual": -0.24390503143979067, "gap_category": "esperado", "gtfs_covered": 1, "dist_stop_m": 291.01325311530945, "in_test": false, "model_id": "B1", "model_date": "2026-09-27", "edge_cell": false, "queries_per_1000": 27.366020524515395 }, "geometry": { "type": "Polygon", "coordinates": [ [ [ -66.216913, -17.468158 ], [ -66.220874, -17.47131 ], [ -66.220231, -17.476191 ], [ -66.215626, -17.47792 ], [ -66.211665, -17.474769 ], [ -66.212309, -17.469888 ], [ -66.216913, -17.468158 ] ] ] } },
{ "type": "Feature", "properties": { "h3_cell": "888b2c832bfffff", "lat": -17.466428416352478, "lon": -66.221518257938499, "population": 488, "query_count": 16, "expected_count": 25.903963680810197, "p_low": 0.60193122469029059, "pearson_residual": -0.24579263887019706, "gap_category": "esperado", "gtfs_covered": 1, "dist_stop_m": 370.16925032884041, "in_test": false, "model_id": "B1", "model_date": "2026-09-27", "edge_cell": false, "queries_per_1000": 32.786885245901644 }, "geometry": { "type": "Polygon", "coordinates": [ [ [ -66.222162, -17.461547 ], [ -66.226123, -17.464698 ], [ -66.22548, -17.46958 ], [ -66.220874, -17.47131 ], [ -66.216913, -17.468158 ], [ -66.217557, -17.463277 ], [ -66.222162, -17.461547 ] ] ] } },
{ "type": "Feature", "properties": { "h3_cell": "888b2c832dfffff", "lat": -17.471617562064957, "lon": -66.207703914381213, "population": 3712, "query_count": 404, "expected_count": 163.42138364779873, "p_low": 0.87971685612860062, "pearson_residual": 0.95281652609444889, "gap_category": "esperado", "gtfs_covered": 1, "dist_stop_m": 9.4557163736270375, "in_test": false, "model_id": "B1", "model_date": "2026-09-27", "edge_cell": false, "queries_per_1000": 108.83620689655173 }, "geometry": { "type": "Polygon", "coordinates": [ [ [ -66.208348, -17.466737 ], [ -66.212309, -17.469888 ], [ -66.211665, -17.474769 ], [ -66.20706, -17.476498 ], [ -66.203099, -17.473347 ], [ -66.203743, -17.468466 ], [ -66.208348, -17.466737 ] ] ] } },
{ "type": "Feature", "properties": { "h3_cell": "888b2c8331fffff", "lat": -17.453204471582815, "lon": -66.232016067976289, "population": 728, "query_count": 10, "expected_count": 9.1189979123173277, "p_low": 0.72719359998672384, "pearson_residual": 0.06121681937331927, "gap_category": "esperado", "gtfs_covered": 0, "dist_stop_m": 723.95854408016919, "in_test": false, "model_id": "B1", "model_date": "2026-09-27", "edge_cell": false, "queries_per_1000": 13.736263736263735 }, "geometry": { "type": "Polygon", "coordinates": [ [ [ -66.23266, -17.448323 ], [ -66.236621, -17.451474 ], [ -66.235978, -17.456356 ], [ -66.231372, -17.458086 ], [ -66.227411, -17.454935 ], [ -66.228055, -17.450053 ], [ -66.23266, -17.448323 ] ] ] } },
{ "type": "Feature", "properties": { "h3_cell": "888b2c8333fffff", "lat": -17.446591462673751, "lon": -66.237265060503447, "population": 553, "query_count": 9, "expected_count": 6.9269311064718169, "p_low": 0.76353372574717404, "pearson_residual": 0.18832551204065881, "gap_category": "esperado", "gtfs_covered": 1, "dist_stop_m": 284.94930203506692, "in_test": false, "model_id": "B1", "model_date": "2026-09-27", "edge_cell": false, "queries_per_1000": 16.2748643761302 }, "geometry": { "type": "Polygon", "coordinates": [ [ [ -66.237909, -17.441709 ], [ -66.241871, -17.44486 ], [ -66.241227, -17.449743 ], [ -66.236621, -17.451474 ], [ -66.23266, -17.448323 ], [ -66.233303, -17.44344 ], [ -66.237909, -17.441709 ] ] ] } },
{ "type": "Feature", "properties": { "h3_cell": "888b2c8335fffff", "lat": -17.451784007104123, "lon": -66.223449616859554, "population": 104, "query_count": 3, "expected_count": 8.5651998385143315, "p_low": 0.51925206715287298, "pearson_residual": -0.41111840424094859, "gap_category": "esperado", "gtfs_covered": 0, "dist_stop_m": 676.58777683395931, "in_test": false, "model_id": "B1", "model_date": "2026-09-27", "edge_cell": false, "queries_per_1000": 28.846153846153847 }, "geometry": { "type": "Polygon", "coordinates": [ [ [ -66.224093, -17.446902 ], [ -66.228055, -17.450053 ], [ -66.227411, -17.454935 ], [ -66.222806, -17.456666 ], [ -66.218845, -17.453514 ], [ -66.219489, -17.448633 ], [ -66.224093, -17.446902 ] ] ] } },
{ "type": "Feature", "properties": { "h3_cell": "888b2c8337fffff", "lat": -17.445171439844078, "lon": -66.228698301362954, "population": 1177, "query_count": 66, "expected_count": 15.310569105691057, "p_low": 0.9552620209272068, "pearson_residual": 2.1167432466793503, "gap_category": "exceso", "gtfs_covered": 1, "dist_stop_m": 171.13798809139084, "in_test": false, "model_id": "B1", "model_date": "2026-09-27", "edge_cell": false, "queries_per_1000": 56.074766355140184 }, "geometry": { "type": "Polygon", "coordinates": [ [ [ -66.229342, -17.440289 ], [ -66.233303, -17.44344 ], [ -66.23266, -17.448323 ], [ -66.228055, -17.450053 ], [ -66.224093, -17.446902 ], [ -66.224737, -17.44202 ], [ -66.229342, -17.440289 ] ] ] } },
{ "type": "Feature", "properties": { "h3_cell": "888b2c8339fffff", "lat": -17.461237447983166, "lon": -66.235334126944679, "population": 175, "query_count": 2, "expected_count": 2.1920668058455117, "p_low": 0.72518210477481626, "pearson_residual": -0.052017893210331435, "gap_category": "esperado", "gtfs_covered": 1, "dist_stop_m": 436.58094471800064, "in_test": false, "model_id": "B1", "model_date": "2026-09-27", "edge_cell": false, "queries_per_1000": 11.428571428571429 }, "geometry": { "type": "Polygon", "coordinates": [ [ [ -66.235978, -17.456356 ], [ -66.23994, -17.459507 ], [ -66.239296, -17.464389 ], [ -66.23469, -17.466119 ], [ -66.230729, -17.462968 ], [ -66.231372, -17.458086 ], [ -66.235978, -17.456356 ] ] ] } },
{ "type": "Feature", "properties": { "h3_cell": "888b2c833bfffff", "lat": -17.454624688356361, "lon": -66.24058336912384, "population": 527, "query_count": 13, "expected_count": 6.6012526096033408, "p_low": 0.84266409885054649, "pearson_residual": 0.60910665730288316, "gap_category": "esperado", "gtfs_covered": 1, "dist_stop_m": 360.46326701426403, "in_test": false, "model_id": "B1", "model_date": "2026-09-27", "edge_cell": false, "queries_per_1000": 24.667931688804554 }, "geometry": { "type": "Polygon", "coordinates": [ [ [ -66.241227, -17.449743 ], [ -66.245189, -17.452894 ], [ -66.244546, -17.457776 ], [ -66.23994, -17.459507 ], [ -66.235978, -17.456356 ], [ -66.236621, -17.451474 ], [ -66.241227, -17.449743 ] ] ] } },
{ "type": "Feature", "properties": { "h3_cell": "888b2c833dfffff", "lat": -17.459816789555241, "lon": -66.226767133758941, "population": 506, "query_count": 30, "expected_count": 51.692367000771007, "p_low": 0.58567341394172323, "pearson_residual": -0.27085812721804842, "gap_category": "esperado", "gtfs_covered": 1, "dist_stop_m": 150.9362187662484, "in_test": false, "model_id": "B1", "model_date": "2026-09-27", "edge_cell": false, "queries_per_1000": 59.28853754940711 }, "geometry": { "type": "Polygon", "coordinates": [ [ [ -66.227411, -17.454935 ], [ -66.231372, -17.458086 ], [ -66.230729, -17.462968 ], [ -66.226123, -17.464698 ], [ -66.222162, -17.461547 ], [ -66.222806, -17.456666 ], [ -66.227411, -17.454935 ] ] ] } },
{ "type": "Feature", "properties": { "h3_cell": "888b2c8343fffff", "lat": -17.491947360087739, "lon": -66.240040125186468, "population": 33, "query_count": 0, "expected_count": 0.77647058823529413, "p_low": 0.64424033016560855, "pearson_residual": -0.52207409035629837, "gap_category": "esperado", "gtfs_covered": 0, "dist_stop_m": 2612.9169728469433, "in_test": false, "model_id": "B1", "model_date": "2026-09-27", "edge_cell": false, "queries_per_1000": 0.0 }, "geometry": { "type": "Polygon", "coordinates": [ [ [ -66.240684, -17.487066 ], [ -66.244646, -17.490217 ], [ -66.244003, -17.495099 ], [ -66.239396, -17.496828 ], [ -66.235434, -17.493677 ], [ -66.236078, -17.488796 ], [ -66.240684, -17.487066 ] ] ] } },
{ "type": "Feature", "properties": { "h3_cell": "888b2c8345fffff", "lat": -17.497135864509627, "lon": -66.226222246967524, "population": 71, "query_count": 0, "expected_count": 1.6705882352941177, "p_low": 0.50963130702371728, "pearson_residual": -0.57932221565283026, "gap_category": "esperado", "gtfs_covered": 0, "dist_stop_m": 2964.7277099222329, "in_test": false, "model_id": "B1", "model_date": "2026-09-27", "edge_cell": false, "queries_per_1000": 0.0 }, "geometry": { "type": "Polygon", "coordinates": [ [ [ -66.226866, -17.492255 ], [ -66.230828, -17.495407 ], [ -66.230184, -17.500287 ], [ -66.225578, -17.502016 ], [ -66.221617, -17.498865 ], [ -66.22226, -17.493984 ], [ -66.226866, -17.492255 ] ] ] } },
{ "type": "Feature", "properties": { "h3_cell": "888b2c834bfffff", "lat": -17.499979860920071, "lon": -66.243359104082785, "population": 26, "query_count": 0, "expected_count": 0.61176470588235299, "p_low": 0.68558673084297772, "pearson_residual": -0.49902565037081037, "gap_category": "esperado", "gtfs_covered": 0, "dist_stop_m": 3568.332471622718, "in_test": false, "model_id": "B1", "model_date": "2026-09-27", "edge_cell": false, "queries_per_1000": 0.0 }, "geometry": { "type": "Polygon", "coordinates": [ [ [ -66.244003, -17.495099 ], [ -66.247966, -17.49825 ], [ -66.247322, -17.503131 ], [ -66.242715, -17.504861 ], [ -66.238753, -17.501709 ], [ -66.239396, -17.496828 ], [ -66.244003, -17.495099 ] ] ] } },
{ "type": "Feature", "properties": { "h3_cell": "888b2c834dfffff", "lat": -17.505167921753973, "lon": -66.22954043394536, "population": 23, "query_count": 0, "expected_count": 0.54117647058823526, "p_low": 0.70629926939086574, "pearson_residual": -0.48628297597363196, "gap_category": "esperado", "gtfs_covered": 0, "dist_stop_m": 3913.8330100278417, "in_test": false, "model_id": "B1", "model_date": "2026-09-27", "edge_cell": false, "queries_per_1000": 0.0 }, "geometry": { "type": "Polygon", "coordinates": [ [ [ -66.230184, -17.500287 ], [ -66.234146, -17.503439 ], [ -66.233503, -17.508319 ], [ -66.228897, -17.510048 ], [ -66.224935, -17.506897 ], [ -66.225578, -17.502016 ], [ -66.230184, -17.500287 ] ] ] } },
{ "type": "Feature", "properties": { "h3_cell": "888b2c8351fffff", "lat": -17.486757031693017, "lon": -66.253859527367283, "population": 169, "query_count": 0, "expected_count": 2.9823529411764707, "p_low": 0.41535902947362197, "pearson_residual": -0.60674902244308704, "gap_category": "esperado", "gtfs_covered": 0, "dist_stop_m": 2954.7997301852151, "in_test": false, "model_id": "B1", "model_date": "2026-09-27", "edge_cell": false, "queries_per_1000": 0.0 }, "geometry": { "type": "Polygon", "coordinates": [ [ [ -66.254503, -17.481875 ], [ -66.258466, -17.485027 ], [ -66.257823, -17.489908 ], [ -66.253216, -17.491639 ], [ -66.249253, -17.488487 ], [ -66.249896, -17.483606 ], [ -66.254503, -17.481875 ] ] ] } },
{ "type": "Feature", "properties": { "h3_cell": "888b2c8353fffff", "lat": -17.480144579431542, "lon": -66.25910982600908, "population": 73, "query_count": 0, "expected_count": 1.4129032258064518, "p_low": 0.53857939089814277, "pearson_residual": -0.56899223438792468, "gap_category": "esperado", "gtfs_covered": 0, "dist_stop_m": 2897.969000302905, "in_test": false, "model_id": "B1", "model_date": "2026-09-27", "edge_cell": false, "queries_per_1000": 0.0 }, "geometry": { "type": "Polygon", "coordinates": [ [ [ -66.259753, -17.475263 ], [ -66.263717, -17.478414 ], [ -66.263073, -17.483296 ], [ -66.258466, -17.485027 ], [ -66.254503, -17.481875 ], [ -66.255147, -17.476993 ], [ -66.259753, -17.475263 ] ] ] } },
{ "type": "Feature", "properties": { "h3_cell": "888b2c8355fffff", "lat": -17.485336041187896, "lon": -66.245290058143794, "population": 26, "query_count": 0, "expected_count": 0.20967741935483869, "p_low": 0.84359784954376205, "pearson_residual": -0.37397224065389056, "gap_category": "esperado", "gtfs_covered": 0, "dist_stop_m": 2219.2142460564769, "in_test": false, "model_id": "B1", "model_date": "2026-09-27", "edge_cell": false, "queries_per_1000": 0.0 }, "geometry": { "type": "Polygon", "coordinates": [ [ [ -66.245934, -17.480454 ], [ -66.249896, -17.483606 ], [ -66.249253, -17.488487 ], [ -66.244646, -17.490217 ], [ -66.240684, -17.487066 ], [ -66.241327, -17.482185 ], [ -66.245934, -17.480454 ] ] ] } },
{ "type": "Feature", "properties": { "h3_cell": "888b2c8357fffff", "lat": -17.478724030561239, "lon": -66.25054004920942, "population": 420, "query_count": 2, "expected_count": 8.129032258064516, "p_low": 0.47077963655899224, "pearson_residual": -0.47646696603702993, "gap_category": "esperado", "gtfs_covered": 0, "dist_stop_m": 2094.5371364477764, "in_test": false, "model_id": "B1", "model_date": "2026-09-27", "edge_cell": false, "queries_per_1000": 4.7619047619047628 }, "geometry": { "type": "Polygon", "coordinates": [ [ [ -66.251184, -17.473842 ], [ -66.255147, -17.476993 ], [ -66.254503, -17.481875 ], [ -66.249896, -17.483606 ], [ -66.245934, -17.480454 ], [ -66.246577, -17.475573 ], [ -66.251184, -17.473842 ] ] ] } },
{ "type": "Feature", "properties": { "h3_cell": "888b2c8367fffff", "lat": -17.479649595467837, "lon": -66.211020681836857, "population": 403, "query_count": 3, "expected_count": 4.3704337899543377, "p_low": 0.65261476816181307, "pearson_residual": -0.1941008298275482, "gap_category": "esperado", "gtfs_covered": 0, "dist_stop_m": 578.65480717883895, "in_test": false, "model_id": "B1", "model_date": "2026-09-27", "edge_cell": false, "queries_per_1000": 7.4441687344913152 }, "geometry": { "type": "Polygon", "coordinates": [ [ [ -66.211665, -17.474769 ], [ -66.215626, -17.47792 ], [ -66.214982, -17.482801 ], [ -66.210377, -17.48453 ], [ -66.206416, -17.481379 ], [ -66.20706, -17.476498 ], [ -66.211665, -17.474769 ] ] ] } },
{ "type": "Feature", "properties": { "h3_cell": "888b2c8369fffff", "lat": -17.495713493555911, "lon": -66.217655093968219, "population": 45, "query_count": 0, "expected_count": 0.76923076923076927, "p_low": 0.64588464821701952, "pearson_residual": -0.52121381398394528, "gap_category": "esperado", "gtfs_covered": 0, "dist_stop_m": 2474.8144693729819, "in_test": false, "model_id": "B1", "model_date": "2026-09-27", "edge_cell": false, "queries_per_1000": 0.0 }, "geometry": { "type": "Polygon", "coordinates": [ [ [ -66.218299, -17.490833 ], [ -66.22226, -17.493984 ], [ -66.221617, -17.498865 ], [ -66.217011, -17.500594 ], [ -66.21305, -17.497442 ], [ -66.213694, -17.492562 ], [ -66.218299, -17.490833 ] ] ] } },
{ "type": "Feature", "properties": { "h3_cell": "888b2c8505fffff", "lat": -17.335477103971488, "lon": -66.335079591330228, "population": 135, "query_count": 8, "expected_count": 2.9464847848898219, "p_low": 0.89807520671894714, "pearson_residual": 1.0398540893775761, "gap_category": "esperado", "gtfs_covered": 0, "dist_stop_m": 1133.961626569552, "in_test": false, "model_id": "B1", "model_date": "2026-09-27", "edge_cell": false, "queries_per_1000": 59.25925925925926 }, "geometry": { "type": "Polygon", "coordinates": [ [ [ -66.335722, -17.330589 ], [ -66.339688, -17.333739 ], [ -66.339045, -17.338627 ], [ -66.334437, -17.340365 ], [ -66.330472, -17.337215 ], [ -66.331114, -17.332327 ], [ -66.335722, -17.330589 ] ] ] } },
{ "type": "Feature", "properties": { "h3_cell": "888b2c850dfffff", "lat": -17.343514730785074, "lon": -66.338402677208066, "population": 126, "query_count": 2, "expected_count": 5.4318021201413424, "p_low": 0.54468348010938428, "pearson_residual": -0.39447944790801687, "gap_category": "esperado", "gtfs_covered": 0, "dist_stop_m": 778.78678721138317, "in_test": false, "model_id": "B1", "model_date": "2026-09-27", "edge_cell": false, "queries_per_1000": 15.873015873015872 }, "geometry": { "type": "Polygon", "coordinates": [ [ [ -66.339045, -17.338627 ], [ -66.343011, -17.341777 ], [ -66.342368, -17.346665 ], [ -66.33776, -17.348402 ], [ -66.333795, -17.345252 ], [ -66.334437, -17.340365 ], [ -66.339045, -17.338627 ] ] ] } },
{ "type": "Feature", "properties": { "h3_cell": "888b2c8521fffff", "lat": -17.326027344831846, "lon": -66.3231845175616, "population": 112, "query_count": 0, "expected_count": 0.16091954022988506, "p_low": 0.87264224427715142, "pearson_residual": -0.34109027606157621, "gap_category": "esperado", "gtfs_covered": 0, "dist_stop_m": 2273.0936944689415, "in_test": false, "model_id": "B1", "model_date": "2026-09-27", "edge_cell": false, "queries_per_1000": 0.0 }, "geometry": { "type": "Polygon", "coordinates": [ [ [ -66.323827, -17.32114 ], [ -66.327792, -17.32429 ], [ -66.327149, -17.329177 ], [ -66.322542, -17.330915 ], [ -66.318577, -17.327765 ], [ -66.31922, -17.322877 ], [ -66.323827, -17.32114 ] ] ] } },
{ "type": "Feature", "properties": { "h3_cell": "888b2c8525fffff", "lat": -17.324615017735987, "lon": -66.314613084013772, "population": 140, "query_count": 0, "expected_count": 1.243970550901244, "p_low": 0.56090174211832144, "pearson_residual": -0.5603408357737224, "gap_category": "esperado", "gtfs_covered": 0, "dist_stop_m": 1911.6639972598, "in_test": false, "model_id": "B1", "model_date": "2026-09-27", "edge_cell": false, "queries_per_1000": 0.0 }, "geometry": { "type": "Polygon", "coordinates": [ [ [ -66.315256, -17.319728 ], [ -66.31922, -17.322877 ], [ -66.318577, -17.327765 ], [ -66.31397, -17.329502 ], [ -66.310006, -17.326352 ], [ -66.310649, -17.321465 ], [ -66.315256, -17.319728 ] ] ] } },
{ "type": "Feature", "properties": { "h3_cell": "888b2c8529fffff", "lat": -17.33406482987429, "lon": -66.326506770403682, "population": 126, "query_count": 0, "expected_count": 1.3522940702978268, "p_low": 0.54623958929806871, "pearson_residual": -0.56609279383744171, "gap_category": "esperado", "gtfs_covered": 0, "dist_stop_m": 1315.5213957335638, "in_test": false, "model_id": "B1", "model_date": "2026-09-27", "edge_cell": false, "queries_per_1000": 0.0 }, "geometry": { "type": "Polygon", "coordinates": [ [ [ -66.327149, -17.329177 ], [ -66.331114, -17.332327 ], [ -66.330472, -17.337215 ], [ -66.325864, -17.338952 ], [ -66.321899, -17.335802 ], [ -66.322542, -17.330915 ], [ -66.327149, -17.329177 ] ] ] } },
{ "type": "Feature", "properties": { "h3_cell": "888b2c852dfffff", "lat": -17.332652308724505, "lon": -66.31793479591046, "population": 233, "query_count": 3, "expected_count": 2.3082366260968015, "p_low": 0.78131499096711288, "pearson_residual": 0.17864703732326645, "gap_category": "esperado", "gtfs_covered": 0, "dist_stop_m": 1883.1883560965375, "in_test": false, "model_id": "B1", "model_date": "2026-09-27", "edge_cell": false, "queries_per_1000": 12.875536480686696 }, "geometry": { "type": "Polygon", "coordinates": [ [ [ -66.318577, -17.327765 ], [ -66.322542, -17.330915 ], [ -66.321899, -17.335802 ], [ -66.317292, -17.33754 ], [ -66.313328, -17.33439 ], [ -66.31397, -17.329502 ], [ -66.318577, -17.327765 ] ] ] } },
{ "type": "Feature", "properties": { "h3_cell": "888b2c8541fffff", "lat": -17.359589826603607, "lon": -66.3450497254738, "population": 804, "query_count": 6, "expected_count": 9.4892703862660959, "p_low": 0.61848441357869055, "pearson_residual": -0.23319332937887186, "gap_category": "esperado", "gtfs_covered": 1, "dist_stop_m": 339.87707621614265, "in_test": false, "model_id": "B1", "model_date": "2026-09-27", "edge_cell": false, "queries_per_1000": 7.4626865671641793 }, "geometry": { "type": "Polygon", "coordinates": [ [ [ -66.345692, -17.354702 ], [ -66.349658, -17.357852 ], [ -66.349016, -17.36274 ], [ -66.344407, -17.364477 ], [ -66.340441, -17.361327 ], [ -66.341084, -17.35644 ], [ -66.345692, -17.354702 ] ] ] } },
{ "type": "Feature", "properties": { "h3_cell": "888b2c8543fffff", "lat": -17.352964718655031, "lon": -66.350300804022879, "population": 43, "query_count": 17, "expected_count": 0.39307479224376735, "p_low": 0.99999973842865197, "pearson_residual": 19.03741831602613, "gap_category": "exceso", "gtfs_covered": 0, "dist_stop_m": 938.33589287282143, "in_test": false, "model_id": "B1", "model_date": "2026-09-27", "edge_cell": false, "queries_per_1000": 395.3488372093023 }, "geometry": { "type": "Polygon", "coordinates": [ [ [ -66.350943, -17.348077 ], [ -66.35491, -17.351227 ], [ -66.354267, -17.356115 ], [ -66.349658, -17.357852 ], [ -66.345692, -17.354702 ], [ -66.346335, -17.349815 ], [ -66.350943, -17.348077 ] ] ] } },
{ "type": "Feature", "properties": { "h3_cell": "888b2c8545fffff", "lat": -17.358176972200042, "lon": -66.336475281859521, "population": 693, "query_count": 0, "expected_count": 22.721311475409838, "p_low": 0.18566815137288067, "pearson_residual": -0.64215713614240255, "gap_category": "esperado", "gtfs_covered": 0, "dist_stop_m": 502.85165742547269, "in_test": false, "model_id": "B1", "model_date": "2026-09-27", "edge_cell": false, "queries_per_1000": 0.0 }, "geometry": { "type": "Polygon", "coordinates": [ [ [ -66.337118, -17.35329 ], [ -66.341084, -17.35644 ], [ -66.340441, -17.361327 ], [ -66.335833, -17.363064 ], [ -66.331867, -17.359914 ], [ -66.33251, -17.355027 ], [ -66.337118, -17.35329 ] ] ] } },
{ "type": "Feature", "properties": { "h3_cell": "888b2c8547fffff", "lat": -17.351552305128287, "lon": -66.341726055250518, "population": 359, "query_count": 0, "expected_count": 9.6283524904214559, "p_low": 0.26357021181021217, "pearson_residual": -0.6343768190793635, "gap_category": "esperado", "gtfs_covered": 0, "dist_stop_m": 614.62657606573134, "in_test": false, "model_id": "B1", "model_date": "2026-09-27", "edge_cell": false, "queries_per_1000": 0.0 }, "geometry": { "type": "Polygon", "coordinates": [ [ [ -66.342368, -17.346665 ], [ -66.346335, -17.349815 ], [ -66.345692, -17.354702 ], [ -66.341084, -17.35644 ], [ -66.337118, -17.35329 ], [ -66.33776, -17.348402 ], [ -66.342368, -17.346665 ] ] ] } },
{ "type": "Feature", "properties": { "h3_cell": "888b2c8549fffff", "lat": -17.36762729481352, "lon": -66.348373687894025, "population": 562, "query_count": 6, "expected_count": 4.8524332810047088, "p_low": 0.75817489254465187, "pearson_residual": 0.1470319069995171, "gap_category": "esperado", "gtfs_covered": 0, "dist_stop_m": 701.65255656367788, "in_test": false, "model_id": "B1", "model_date": "2026-09-27", "edge_cell": false, "queries_per_1000": 10.676156583629894 }, "geometry": { "type": "Polygon", "coordinates": [ [ [ -66.349016, -17.36274 ], [ -66.352983, -17.36589 ], [ -66.35234, -17.370777 ], [ -66.347731, -17.372515 ], [ -66.343765, -17.369364 ], [ -66.344407, -17.364477 ], [ -66.349016, -17.36274 ] ] ] } },
{ "type": "Feature", "properties": { "h3_cell": "888b2c854bfffff", "lat": -17.361002433151377, "lon": -66.353625015088028, "population": 96, "query_count": 0, "expected_count": 0.45595854922279794, "p_low": 0.73438317468819903, "pearson_residual": -0.46756537636416395, "gap_category": "esperado", "gtfs_covered": 0, "dist_stop_m": 817.55381007991537, "in_test": false, "model_id": "B1", "model_date": "2026-09-27", "edge_cell": false, "queries_per_1000": 0.0 }, "geometry": { "type": "Polygon", "coordinates": [ [ [ -66.354267, -17.356115 ], [ -66.358234, -17.359265 ], [ -66.357592, -17.364152 ], [ -66.352983, -17.36589 ], [ -66.349016, -17.36274 ], [ -66.349658, -17.357852 ], [ -66.354267, -17.356115 ] ] ] } },
{ "type": "Feature", "properties": { "h3_cell": "888b2c854dfffff", "lat": -17.366214247383205, "lon": -66.339798703375294, "population": 1013, "query_count": 20, "expected_count": 15.34848484848485, "p_low": 0.7587690827975766, "pearson_residual": 0.1937694712298895, "gap_category": "esperado", "gtfs_covered": 1, "dist_stop_m": 63.264747888593803, "in_test": false, "model_id": "B1", "model_date": "2026-09-27", "edge_cell": false, "queries_per_1000": 19.743336623889437 }, "geometry": { "type": "Polygon", "coordinates": [ [ [ -66.340441, -17.361327 ], [ -66.344407, -17.364477 ], [ -66.343765, -17.369364 ], [ -66.339156, -17.371101 ], [ -66.33519, -17.367951 ], [ -66.335833, -17.363064 ], [ -66.340441, -17.361327 ] ] ] } },
{ "type": "Feature", "properties": { "h3_cell": "888b2c855dfffff", "lat": -17.354376884362885, "lon": -66.358876398594603, "population": 97, "query_count": 1, "expected_count": 0.20995670995670995, "p_low": 0.96150510727826233, "pearson_residual": 1.4078398348700536, "gap_category": "esperado", "gtfs_covered": 0, "dist_stop_m": 1037.3553828595325, "in_test": false, "model_id": "B1", "model_date": "2026-09-27", "edge_cell": true, "queries_per_1000": 10.309278350515465 }, "geometry": { "type": "Polygon", "coordinates": [ [ [ -66.359519, -17.349489 ], [ -66.363486, -17.352639 ], [ -66.362843, -17.357527 ], [ -66.358234, -17.359265 ], [ -66.354267, -17.356115 ], [ -66.35491, -17.351227 ], [ -66.359519, -17.349489 ] ] ] } },
{ "type": "Feature", "properties": { "h3_cell": "888b2c8561fffff", "lat": -17.348726735310883, "lon": -66.324579096139374, "population": 620, "query_count": 38, "expected_count": 23.010309278350515, "p_low": 0.80553360598681878, "pearson_residual": 0.41837047837053831, "gap_category": "esperado", "gtfs_covered": 1, "dist_stop_m": 398.70213073648915, "in_test": false, "model_id": "B1", "model_date": "2026-09-27", "edge_cell": false, "queries_per_1000": 61.29032258064516 }, "geometry": { "type": "Polygon", "coordinates": [ [ [ -66.325222, -17.34384 ], [ -66.329187, -17.34699 ], [ -66.328544, -17.351877 ], [ -66.323937, -17.353614 ], [ -66.319972, -17.350464 ], [ -66.320614, -17.345577 ], [ -66.325222, -17.34384 ] ] ] } },
{ "type": "Feature", "properties": { "h3_cell": "888b2c8563fffff", "lat": -17.342102263048108, "lon": -66.329829315389887, "population": 213, "query_count": 53, "expected_count": 5.3584905660377364, "p_low": 0.99673691944227616, "pearson_residual": 5.5485053426684479, "gap_category": "exceso", "gtfs_covered": 1, "dist_stop_m": 358.32436492637311, "in_test": false, "model_id": "B1", "model_date": "2026-09-27", "edge_cell": false, "queries_per_1000": 248.82629107981222 }, "geometry": { "type": "Polygon", "coordinates": [ [ [ -66.330472, -17.337215 ], [ -66.334437, -17.340365 ], [ -66.333795, -17.345252 ], [ -66.329187, -17.34699 ], [ -66.325222, -17.34384 ], [ -66.325864, -17.338952 ], [ -66.330472, -17.337215 ] ] ] } },
{ "type": "Feature", "properties": { "h3_cell": "888b2c8565fffff", "lat": -17.347313579366556, "lon": -66.316006886317808, "population": 514, "query_count": 7, "expected_count": 4.5587583148558757, "p_low": 0.79959518646492544, "pearson_residual": 0.33208249063785328, "gap_category": "esperado", "gtfs_covered": 0, "dist_stop_m": 1254.6162845669965, "in_test": false, "model_id": "B1", "model_date": "2026-09-27", "edge_cell": false, "queries_per_1000": 13.618677042801556 }, "geometry": { "type": "Polygon", "coordinates": [ [ [ -66.31665, -17.342427 ], [ -66.320614, -17.345577 ], [ -66.319972, -17.350464 ], [ -66.315364, -17.3522 ], [ -66.3114, -17.34905 ], [ -66.312042, -17.344164 ], [ -66.31665, -17.342427 ] ] ] } },
{ "type": "Feature", "properties": { "h3_cell": "888b2c8567fffff", "lat": -17.340689548048609, "lon": -66.321256799946909, "population": 392, "query_count": 3, "expected_count": 2.3721633888048412, "p_low": 0.77604899970120278, "pearson_residual": 0.15809689391028173, "gap_category": "esperado", "gtfs_covered": 0, "dist_stop_m": 1155.0993466842544, "in_test": false, "model_id": "B1", "model_date": "2026-09-27", "edge_cell": false, "queries_per_1000": 7.6530612244897958 }, "geometry": { "type": "Polygon", "coordinates": [ [ [ -66.321899, -17.335802 ], [ -66.325864, -17.338952 ], [ -66.325222, -17.34384 ], [ -66.320614, -17.345577 ], [ -66.31665, -17.342427 ], [ -66.317292, -17.33754 ], [ -66.321899, -17.335802 ] ] ] } },
{ "type": "Feature", "properties": { "h3_cell": "888b2c8569fffff", "lat": -17.356763870113905, "lon": -66.327901684504027, "population": 795, "query_count": 16, "expected_count": 37.218152866242036, "p_low": 0.5292397347324963, "pearson_residual": -0.3673961253173062, "gap_category": "esperado", "gtfs_covered": 1, "dist_stop_m": 373.17703366990543, "in_test": false, "model_id": "B1", "model_date": "2026-09-27", "edge_cell": false, "queries_per_1000": 20.125786163522012 }, "geometry": { "type": "Polygon", "coordinates": [ [ [ -66.328544, -17.351877 ], [ -66.33251, -17.355027 ], [ -66.331867, -17.359914 ], [ -66.327259, -17.361651 ], [ -66.323294, -17.358501 ], [ -66.323937, -17.353614 ], [ -66.328544, -17.351877 ] ] ] } },
{ "type": "Feature", "properties": { "h3_cell": "888b2c856bfffff", "lat": -17.350139643955856, "lon": -66.333152152536456, "population": 731, "query_count": 10, "expected_count": 25.686436884512084, "p_low": 0.5145331841760703, "pearson_residual": -0.39257004696108388, "gap_category": "esperado", "gtfs_covered": 1, "dist_stop_m": 470.1527446732041, "in_test": false, "model_id": "B1", "model_date": "2026-09-27", "edge_cell": false, "queries_per_1000": 13.679890560875513 }, "geometry": { "type": "Polygon", "coordinates": [ [ [ -66.333795, -17.345252 ], [ -66.33776, -17.348402 ], [ -66.337118, -17.35329 ], [ -66.33251, -17.355027 ], [ -66.328544, -17.351877 ], [ -66.329187, -17.34699 ], [ -66.333795, -17.345252 ] ] ] } },
{ "type": "Feature", "properties": { "h3_cell": "888b2c856dfffff", "lat": -17.355350520518417, "lon": -66.319328933665915, "population": 92, "query_count": 1, "expected_count": 8.473684210526315, "p_low": 0.38845197083236244, "pearson_residual": -0.55792591190279928, "gap_category": "esperado", "gtfs_covered": 1, "dist_stop_m": 492.91834224798788, "in_test": false, "model_id": "B1", "model_date": "2026-09-27", "edge_cell": false, "queries_per_1000": 10.869565217391305 }, "geometry": { "type": "Polygon", "coordinates": [ [ [ -66.319972, -17.350464 ], [ -66.323937, -17.353614 ], [ -66.323294, -17.358501 ], [ -66.318686, -17.360237 ], [ -66.314722, -17.357087 ], [ -66.315364, -17.3522 ], [ -66.319972, -17.350464 ] ] ] } },
{ "type": "Feature", "properties": { "h3_cell": "888b2c8701fffff", "lat": -17.393152752462772, "lon": -66.366924781521888, "population": 421, "query_count": 0, "expected_count": 9.8965679360601797, "p_low": 0.26067026665696419, "pearson_residual": -0.63473642618951398, "gap_category": "esperado", "gtfs_covered": 0, "dist_stop_m": 2012.0440256311549, "in_test": true, "model_id": "B1", "model_date": "2026-09-27", "edge_cell": false, "queries_per_1000": 0.0 }, "geometry": { "type": "Polygon", "coordinates": [ [ [ -66.367567, -17.388265 ], [ -66.371535, -17.391416 ], [ -66.370893, -17.396303 ], [ -66.366282, -17.39804 ], [ -66.362315, -17.39489 ], [ -66.362957, -17.390003 ], [ -66.367567, -17.388265 ] ] ] } },
{ "type": "Feature", "properties": { "h3_cell": "888b2c8703fffff", "lat": -17.386528189955531, "lon": -66.372177159285712, "population": 310, "query_count": 0, "expected_count": 5.9047619047619051, "p_low": 0.3201366117487755, "pearson_residual": -0.62617828266893116, "gap_category": "esperado", "gtfs_covered": 0, "dist_stop_m": 2460.5675753197602, "in_test": true, "model_id": "B1", "model_date": "2026-09-27", "edge_cell": false, "queries_per_1000": 0.0 }, "geometry": { "type": "Polygon", "coordinates": [ [ [ -66.372819, -17.381641 ], [ -66.376787, -17.384791 ], [ -66.376145, -17.389678 ], [ -66.371535, -17.391416 ], [ -66.367567, -17.388265 ], [ -66.368209, -17.383378 ], [ -66.372819, -17.381641 ] ] ] } },
{ "type": "Feature", "properties": { "h3_cell": "888b2c8705fffff", "lat": -17.391739375875652, "lon": -66.358347328498056, "population": 504, "query_count": 0, "expected_count": 15.531117824773414, "p_low": 0.21707319872586817, "pearson_residual": -0.63947628827283243, "gap_category": "esperado", "gtfs_covered": 0, "dist_stop_m": 1517.226822346812, "in_test": true, "model_id": "B1", "model_date": "2026-09-27", "edge_cell": false, "queries_per_1000": 0.0 }, "geometry": { "type": "Polygon", "coordinates": [ [ [ -66.35899, -17.386852 ], [ -66.362957, -17.390003 ], [ -66.362315, -17.39489 ], [ -66.357705, -17.396626 ], [ -66.353738, -17.393476 ], [ -66.35438, -17.388589 ], [ -66.35899, -17.386852 ] ] ] } },
{ "type": "Feature", "properties": { "h3_cell": "888b2c8707fffff", "lat": -17.385115254231152, "lon": -66.363599401555163, "population": 417, "query_count": 1, "expected_count": 7.9732313575525815, "p_low": 0.39768035536893281, "pearson_residual": -0.55242215781042148, "gap_category": "esperado", "gtfs_covered": 0, "dist_stop_m": 1541.7809909773819, "in_test": true, "model_id": "B1", "model_date": "2026-09-27", "edge_cell": false, "queries_per_1000": 2.398081534772182 }, "geometry": { "type": "Polygon", "coordinates": [ [ [ -66.364242, -17.380228 ], [ -66.368209, -17.383378 ], [ -66.367567, -17.388265 ], [ -66.362957, -17.390003 ], [ -66.35899, -17.386852 ], [ -66.359632, -17.381965 ], [ -66.364242, -17.380228 ] ] ] } },
{ "type": "Feature", "properties": { "h3_cell": "888b2c8709fffff", "lat": -17.40119019563431, "lon": -66.370250453754338, "population": 669, "query_count": 0, "expected_count": 23.176966292134832, "p_low": 0.18415387702354638, "pearson_residual": -0.64227172863390891, "gap_category": "esperado", "gtfs_covered": 0, "dist_stop_m": 1207.2690717734879, "in_test": true, "model_id": "B1", "model_date": "2026-09-27", "edge_cell": false, "queries_per_1000": 0.0 }, "geometry": { "type": "Polygon", "coordinates": [ [ [ -66.370893, -17.396303 ], [ -66.374861, -17.399453 ], [ -66.374219, -17.40434 ], [ -66.369608, -17.406077 ], [ -66.36564, -17.402927 ], [ -66.366282, -17.39804 ], [ -66.370893, -17.396303 ] ] ] } },
{ "type": "Feature", "properties": { "h3_cell": "888b2c870bfffff", "lat": -17.394565880179858, "lon": -66.375503080052539, "population": 38, "query_count": 0, "expected_count": 0.90874764002517305, "p_low": 0.61648323282842665, "pearson_residual": -0.53594574695351493, "gap_category": "esperado", "gtfs_covered": 0, "dist_stop_m": 1995.112121124286, "in_test": true, "model_id": "B1", "model_date": "2026-09-27", "edge_cell": false, "queries_per_1000": 0.0 }, "geometry": { "type": "Polygon", "coordinates": [ [ [ -66.376145, -17.389678 ], [ -66.380114, -17.392829 ], [ -66.379471, -17.397716 ], [ -66.374861, -17.399453 ], [ -66.370893, -17.396303 ], [ -66.371535, -17.391416 ], [ -66.376145, -17.389678 ] ] ] } },
{ "type": "Feature", "properties": { "h3_cell": "888b2c870dfffff", "lat": -17.399776627048787, "lon": -66.361672459867648, "population": 548, "query_count": 0, "expected_count": 18.029074215761284, "p_low": 0.20420665381649519, "pearson_residual": -0.64064590152632039, "gap_category": "esperado", "gtfs_covered": 0, "dist_stop_m": 1184.3723127508902, "in_test": true, "model_id": "B1", "model_date": "2026-09-27", "edge_cell": false, "queries_per_1000": 0.0 }, "geometry": { "type": "Polygon", "coordinates": [ [ [ -66.362315, -17.39489 ], [ -66.366282, -17.39804 ], [ -66.36564, -17.402927 ], [ -66.36103, -17.404663 ], [ -66.357063, -17.401513 ], [ -66.357705, -17.396626 ], [ -66.362315, -17.39489 ] ] ] } },
{ "type": "Feature", "properties": { "h3_cell": "888b2c8715fffff", "lat": -17.379902939768325, "lon": -66.377429593071781, "population": 78, "query_count": 0, "expected_count": 0.72317880794701994, "p_low": 0.65668736415901152, "pearson_residual": -0.51544996319902636, "gap_category": "esperado", "gtfs_covered": 0, "dist_stop_m": 2075.147906055457, "in_test": true, "model_id": "B1", "model_date": "2026-09-27", "edge_cell": true, "queries_per_1000": 0.0 }, "geometry": { "type": "Polygon", "coordinates": [ [ [ -66.378072, -17.375015 ], [ -66.38204, -17.378165 ], [ -66.381398, -17.383053 ], [ -66.376787, -17.384791 ], [ -66.372819, -17.381641 ], [ -66.373462, -17.376753 ], [ -66.378072, -17.375015 ] ] ] } },
{ "type": "Feature", "properties": { "h3_cell": "888b2c871dfffff", "lat": -17.387940876846788, "lon": -66.380755762322195, "population": 68, "query_count": 0, "expected_count": 1.3054607508532423, "p_low": 0.552418178449955, "pearson_residual": -0.56370171178395456, "gap_category": "esperado", "gtfs_covered": 0, "dist_stop_m": 2777.3541020853272, "in_test": true, "model_id": "B1", "model_date": "2026-09-27", "edge_cell": true, "queries_per_1000": 0.0 }, "geometry": { "type": "Polygon", "coordinates": [ [ [ -66.381398, -17.383053 ], [ -66.385366, -17.386203 ], [ -66.384724, -17.391091 ], [ -66.380114, -17.392829 ], [ -66.376145, -17.389678 ], [ -66.376787, -17.384791 ], [ -66.381398, -17.383053 ] ] ] } },
{ "type": "Feature", "properties": { "h3_cell": "888b2c8721fffff", "lat": -17.382288636976632, "lon": -66.346446423049585, "population": 804, "query_count": 11, "expected_count": 8.1212121212121211, "p_low": 0.77035412913632784, "pearson_residual": 0.22400529020114324, "gap_category": "esperado", "gtfs_covered": 1, "dist_stop_m": 95.498244355644914, "in_test": true, "model_id": "B1", "model_date": "2026-09-27", "edge_cell": false, "queries_per_1000": 13.681592039800995 }, "geometry": { "type": "Polygon", "coordinates": [ [ [ -66.347089, -17.377402 ], [ -66.351056, -17.380552 ], [ -66.350413, -17.385439 ], [ -66.345804, -17.387175 ], [ -66.341837, -17.384025 ], [ -66.34248, -17.379138 ], [ -66.347089, -17.377402 ] ] ] } },
{ "type": "Feature", "properties": { "h3_cell": "888b2c8723fffff", "lat": -17.375664709360503, "lon": -66.35169794252738, "population": 213, "query_count": 1, "expected_count": 2.7539393939393939, "p_low": 0.58350587169475621, "pearson_residual": -0.38446550572804544, "gap_category": "esperado", "gtfs_covered": 1, "dist_stop_m": 159.80841250255696, "in_test": true, "model_id": "B1", "model_date": "2026-09-27", "edge_cell": false, "queries_per_1000": 4.694835680751174 }, "geometry": { "type": "Polygon", "coordinates": [ [ [ -66.35234, -17.370777 ], [ -66.356307, -17.373928 ], [ -66.355665, -17.378815 ], [ -66.351056, -17.380552 ], [ -66.347089, -17.377402 ], [ -66.347731, -17.372515 ], [ -66.35234, -17.370777 ] ] ] } },
{ "type": "Feature", "properties": { "h3_cell": "888b2c8725fffff", "lat": -17.380874955793264, "lon": -66.337871202793025, "population": 703, "query_count": 37, "expected_count": 8.5147615442846334, "p_low": 0.95583299740537608, "pearson_residual": 2.1164641099747721, "gap_category": "exceso", "gtfs_covered": 1, "dist_stop_m": 419.28158961614594, "in_test": true, "model_id": "B1", "model_date": "2026-09-27", "edge_cell": false, "queries_per_1000": 52.631578947368418 }, "geometry": { "type": "Polygon", "coordinates": [ [ [ -66.338514, -17.375988 ], [ -66.34248, -17.379138 ], [ -66.341837, -17.384025 ], [ -66.337229, -17.385762 ], [ -66.333263, -17.382611 ], [ -66.333905, -17.377725 ], [ -66.338514, -17.375988 ] ] ] } },
{ "type": "Feature", "properties": { "h3_cell": "888b2c8727fffff", "lat": -17.3742514691079, "lon": -66.34312241709992, "population": 620, "query_count": 7, "expected_count": 6.262626262626263, "p_low": 0.73524761592525845, "pearson_residual": 0.073867722018681026, "gap_category": "esperado", "gtfs_covered": 0, "dist_stop_m": 665.4524264560747, "in_test": true, "model_id": "B1", "model_date": "2026-09-27", "edge_cell": false, "queries_per_1000": 11.29032258064516 }, "geometry": { "type": "Polygon", "coordinates": [ [ [ -66.343765, -17.369364 ], [ -66.347731, -17.372515 ], [ -66.347089, -17.377402 ], [ -66.34248, -17.379138 ], [ -66.338514, -17.375988 ], [ -66.339156, -17.371101 ], [ -66.343765, -17.369364 ] ] ] } },
{ "type": "Feature", "properties": { "h3_cell": "888b2c8729fffff", "lat": -17.390325750591938, "lon": -66.349770721240461, "population": 547, "query_count": 0, "expected_count": 21.502607300441237, "p_low": 0.18993515668415289, "pearson_residual": -0.64182712178259482, "gap_category": "esperado", "gtfs_covered": 0, "dist_stop_m": 724.95640696665407, "in_test": true, "model_id": "B1", "model_date": "2026-09-27", "edge_cell": false, "queries_per_1000": 0.0 }, "geometry": { "type": "Polygon", "coordinates": [ [ [ -66.350413, -17.385439 ], [ -66.35438, -17.388589 ], [ -66.353738, -17.393476 ], [ -66.349128, -17.395212 ], [ -66.345161, -17.392062 ], [ -66.345804, -17.387175 ], [ -66.350413, -17.385439 ] ] ] } },
{ "type": "Feature", "properties": { "h3_cell": "888b2c872bfffff", "lat": -17.383702069847054, "lon": -66.355022489390009, "population": 238, "query_count": 0, "expected_count": 3.077171717171717, "p_low": 0.41059153473352433, "pearson_residual": -0.60790625843279711, "gap_category": "esperado", "gtfs_covered": 0, "dist_stop_m": 642.22608410541682, "in_test": true, "model_id": "B1", "model_date": "2026-09-27", "edge_cell": false, "queries_per_1000": 0.0 }, "geometry": { "type": "Polygon", "coordinates": [ [ [ -66.355665, -17.378815 ], [ -66.359632, -17.381965 ], [ -66.35899, -17.386852 ], [ -66.35438, -17.388589 ], [ -66.350413, -17.385439 ], [ -66.351056, -17.380552 ], [ -66.355665, -17.378815 ] ] ] } },
{ "type": "Feature", "properties": { "h3_cell": "888b2c872dfffff", "lat": -17.388911876785084, "lon": -66.341194960008323, "population": 959, "query_count": 12, "expected_count": 31.700201207243463, "p_low": 0.50736466640722699, "pearson_residual": -0.40010049812099385, "gap_category": "esperado", "gtfs_covered": 1, "dist_stop_m": 135.99966499275757, "in_test": true, "model_id": "B1", "model_date": "2026-09-27", "edge_cell": false, "queries_per_1000": 12.513034410844631 }, "geometry": { "type": "Polygon", "coordinates": [ [ [ -66.341837, -17.384025 ], [ -66.345804, -17.387175 ], [ -66.345161, -17.392062 ], [ -66.340552, -17.393798 ], [ -66.336586, -17.390648 ], [ -66.337229, -17.385762 ], [ -66.341837, -17.384025 ] ] ] } },
{ "type": "Feature", "properties": { "h3_cell": "888b2c8731fffff", "lat": -17.37045264530305, "lon": -66.365526194497164, "population": 703, "query_count": 0, "expected_count": 6.5178807947019877, "p_low": 0.30793501741846457, "pearson_residual": -0.62814318216686449, "gap_category": "esperado", "gtfs_covered": 0, "dist_stop_m": 707.31018857987101, "in_test": true, "model_id": "B1", "model_date": "2026-09-27", "edge_cell": false, "queries_per_1000": 0.0 }, "geometry": { "type": "Polygon", "coordinates": [ [ [ -66.366168, -17.365565 ], [ -66.370136, -17.368715 ], [ -66.369494, -17.373603 ], [ -66.364884, -17.37534 ], [ -66.360917, -17.37219 ], [ -66.361559, -17.367303 ], [ -66.366168, -17.365565 ] ] ] } },
{ "type": "Feature", "properties": { "h3_cell": "888b2c8733fffff", "lat": -17.36382690198662, "lon": -66.370778131280076, "population": 14, "query_count": 0, "expected_count": 0.26217228464419479, "p_low": 0.8156985928189372, "pearson_residual": -0.40176179211642665, "gap_category": "esperado", "gtfs_covered": 1, "dist_stop_m": 353.72916825660246, "in_test": true, "model_id": "B1", "model_date": "2026-09-27", "edge_cell": true, "queries_per_1000": 0.0 }, "geometry": { "type": "Polygon", "coordinates": [ [ [ -66.37142, -17.358939 ], [ -66.375388, -17.362089 ], [ -66.374746, -17.366977 ], [ -66.370136, -17.368715 ], [ -66.366168, -17.365565 ], [ -66.366811, -17.360677 ], [ -66.37142, -17.358939 ] ] ] } },
{ "type": "Feature", "properties": { "h3_cell": "888b2c8735fffff", "lat": -17.36904009417789, "lon": -66.356949518354369, "population": 441, "query_count": 3, "expected_count": 8.4321223709369022, "p_low": 0.52219532775756483, "pearson_residual": -0.40747049783114031, "gap_category": "esperado", "gtfs_covered": 1, "dist_stop_m": 32.967459247300198, "in_test": true, "model_id": "B1", "model_date": "2026-09-27", "edge_cell": false, "queries_per_1000": 6.8027210884353737 }, "geometry": { "type": "Polygon", "coordinates": [ [ [ -66.357592, -17.364152 ], [ -66.361559, -17.367303 ], [ -66.360917, -17.37219 ], [ -66.356307, -17.373928 ], [ -66.35234, -17.370777 ], [ -66.352983, -17.36589 ], [ -66.357592, -17.364152 ] ] ] } },
{ "type": "Feature", "properties": { "h3_cell": "888b2c8737fffff", "lat": -17.362414791670119, "lon": -66.362201150443212, "population": 228, "query_count": 0, "expected_count": 4.2696629213483144, "p_low": 0.36298860276215578, "pearson_residual": -0.61836517073946562, "gap_category": "esperado", "gtfs_covered": 1, "dist_stop_m": 125.86559041926039, "in_test": true, "model_id": "B1", "model_date": "2026-09-27", "edge_cell": false, "queries_per_1000": 0.0 }, "geometry": { "type": "Polygon", "coordinates": [ [ [ -66.362843, -17.357527 ], [ -66.366811, -17.360677 ], [ -66.366168, -17.365565 ], [ -66.361559, -17.367303 ], [ -66.357592, -17.364152 ], [ -66.358234, -17.359265 ], [ -66.362843, -17.357527 ] ] ] } },
{ "type": "Feature", "properties": { "h3_cell": "888b2c8739fffff", "lat": -17.378490444864052, "lon": -66.368851530772631, "population": 203, "query_count": 90, "expected_count": 1.8821192052980134, "p_low": 0.99999999901094916, "pearson_residual": 27.434445572745847, "gap_category": "exceso", "gtfs_covered": 0, "dist_stop_m": 1623.7821965515666, "in_test": true, "model_id": "B1", "model_date": "2026-09-27", "edge_cell": false, "queries_per_1000": 443.3497536945813 }, "geometry": { "type": "Polygon", "coordinates": [ [ [ -66.369494, -17.373603 ], [ -66.373462, -17.376753 ], [ -66.372819, -17.381641 ], [ -66.368209, -17.383378 ], [ -66.364242, -17.380228 ], [ -66.364884, -17.37534 ], [ -66.369494, -17.373603 ] ] ] } },
{ "type": "Feature", "properties": { "h3_cell": "888b2c873dfffff", "lat": -17.377077701337001, "lon": -66.360274313838019, "population": 97, "query_count": 0, "expected_count": 1.8546845124282982, "p_low": 0.49188358630084045, "pearson_residual": -0.58518618116691201, "gap_category": "esperado", "gtfs_covered": 0, "dist_stop_m": 940.05001883064085, "in_test": true, "model_id": "B1", "model_date": "2026-09-27", "edge_cell": false, "queries_per_1000": 0.0 }, "geometry": { "type": "Polygon", "coordinates": [ [ [ -66.360917, -17.37219 ], [ -66.364884, -17.37534 ], [ -66.364242, -17.380228 ], [ -66.359632, -17.381965 ], [ -66.355665, -17.378815 ], [ -66.356307, -17.373928 ], [ -66.360917, -17.37219 ] ] ] } },
{ "type": "Feature", "properties": { "h3_cell": "888b2c8741fffff", "lat": -17.415850963238594, "lon": -66.36832359945609, "population": 519, "query_count": 1, "expected_count": 17.412337662337663, "p_low": 0.29209249502557333, "pearson_residual": -0.60360995862864264, "gap_category": "esperado", "gtfs_covered": 1, "dist_stop_m": 437.97432364234663, "in_test": true, "model_id": "B1", "model_date": "2026-09-27", "edge_cell": false, "queries_per_1000": 1.9267822736030829 }, "geometry": { "type": "Polygon", "coordinates": [ [ [ -66.368966, -17.410964 ], [ -66.372934, -17.414115 ], [ -66.372292, -17.419001 ], [ -66.367681, -17.420738 ], [ -66.363713, -17.417587 ], [ -66.364356, -17.412701 ], [ -66.368966, -17.410964 ] ] ] } },
{ "type": "Feature", "properties": { "h3_cell": "888b2c8743fffff", "lat": -17.409227583348191, "lon": -66.373576418268613, "population": 780, "query_count": 6, "expected_count": 20.647058823529413, "p_low": 0.46819186657464185, "pearson_residual": -0.45513264256432112, "gap_category": "esperado", "gtfs_covered": 1, "dist_stop_m": 414.62414937956186, "in_test": true, "model_id": "B1", "model_date": "2026-09-27", "edge_cell": false, "queries_per_1000": 7.6923076923076925 }, "geometry": { "type": "Polygon", "coordinates": [ [ [ -66.374219, -17.40434 ], [ -66.378187, -17.407491 ], [ -66.377545, -17.412378 ], [ -66.372934, -17.414115 ], [ -66.368966, -17.410964 ], [ -66.369608, -17.406077 ], [ -66.374219, -17.40434 ] ] ] } },
{ "type": "Feature", "properties": { "h3_cell": "888b2c8745fffff", "lat": -17.414436761942685, "lon": -66.359745369421816, "population": 610, "query_count": 4, "expected_count": 18.289838978345365, "p_low": 0.42794141454712625, "pearson_residual": -0.50061746303664001, "gap_category": "esperado", "gtfs_covered": 1, "dist_stop_m": 79.05804486221254, "in_test": true, "model_id": "B1", "model_date": "2026-09-27", "edge_cell": false, "queries_per_1000": 6.557377049180328 }, "geometry": { "type": "Polygon", "coordinates": [ [ [ -66.360388, -17.40955 ], [ -66.364356, -17.412701 ], [ -66.363713, -17.417587 ], [ -66.359103, -17.419323 ], [ -66.355135, -17.416173 ], [ -66.355778, -17.411286 ], [ -66.360388, -17.40955 ] ] ] } },
{ "type": "Feature", "properties": { "h3_cell": "888b2c8747fffff", "lat": -17.40781382296894, "lon": -66.36499788351496, "population": 854, "query_count": 10, "expected_count": 23.542149420695168, "p_low": 0.53121329251539851, "pearson_residual": -0.36950494521802352, "gap_category": "esperado", "gtfs_covered": 1, "dist_stop_m": 377.9272087879512, "in_test": true, "model_id": "B1", "model_date": "2026-09-27", "edge_cell": false, "queries_per_1000": 11.7096018735363 }, "geometry": { "type": "Polygon", "coordinates": [ [ [ -66.36564, -17.402927 ], [ -66.369608, -17.406077 ], [ -66.368966, -17.410964 ], [ -66.364356, -17.412701 ], [ -66.360388, -17.40955 ], [ -66.36103, -17.404663 ], [ -66.36564, -17.402927 ] ] ] } },
{ "type": "Feature", "properties": { "h3_cell": "888b2c8749fffff", "lat": -17.423888047460238, "lon": -66.37164960770717, "population": 70, "query_count": 0, "expected_count": 0.21374045801526717, "p_low": 0.84132207309588802, "pearson_residual": -0.37636585803501588, "gap_category": "esperado", "gtfs_covered": 0, "dist_stop_m": 556.64067891553952, "in_test": true, "model_id": "B1", "model_date": "2026-09-27", "edge_cell": false, "queries_per_1000": 0.0 }, "geometry": { "type": "Polygon", "coordinates": [ [ [ -66.372292, -17.419001 ], [ -66.37626, -17.422152 ], [ -66.375618, -17.427038 ], [ -66.371007, -17.428775 ], [ -66.367039, -17.425624 ], [ -66.367681, -17.420738 ], [ -66.372292, -17.419001 ] ] ] } },
{ "type": "Feature", "properties": { "h3_cell": "888b2c874bfffff", "lat": -17.417264915206868, "lon": -66.376902675080871, "population": 544, "query_count": 0, "expected_count": 6.1701323251417772, "p_low": 0.31465784378335904, "pearson_residual": -0.62707437160771651, "gap_category": "esperado", "gtfs_covered": 1, "dist_stop_m": 475.98570458215659, "in_test": true, "model_id": "B1", "model_date": "2026-09-27", "edge_cell": false, "queries_per_1000": 0.0 }, "geometry": { "type": "Polygon", "coordinates": [ [ [ -66.377545, -17.412378 ], [ -66.381514, -17.415528 ], [ -66.380871, -17.420415 ], [ -66.37626, -17.422152 ], [ -66.372292, -17.419001 ], [ -66.372934, -17.414115 ], [ -66.377545, -17.412378 ] ] ] } },
{ "type": "Feature", "properties": { "h3_cell": "888b2c874dfffff", "lat": -17.422473654569647, "lon": -66.363070836738984, "population": 429, "query_count": 21, "expected_count": 17.594240837696333, "p_low": 0.74005749922707786, "pearson_residual": 0.12397648422964214, "gap_category": "esperado", "gtfs_covered": 1, "dist_stop_m": 299.75180257900359, "in_test": true, "model_id": "B1", "model_date": "2026-09-27", "edge_cell": false, "queries_per_1000": 48.951048951048953 }, "geometry": { "type": "Polygon", "coordinates": [ [ [ -66.363713, -17.417587 ], [ -66.367681, -17.420738 ], [ -66.367039, -17.425624 ], [ -66.362428, -17.42736 ], [ -66.358461, -17.424209 ], [ -66.359103, -17.419323 ], [ -66.363713, -17.417587 ] ] ] } },
{ "type": "Feature", "properties": { "h3_cell": "888b2c8751fffff", "lat": -17.404016585390668, "lon": -66.387408977612552, "population": 10, "query_count": 0, "expected_count": 0.14678899082568808, "p_low": 0.88171437672537156, "pearson_residual": -0.32980640821248997, "gap_category": "esperado", "gtfs_covered": 0, "dist_stop_m": 1375.3371374858739, "in_test": true, "model_id": "B1", "model_date": "2026-09-27", "edge_cell": true, "queries_per_1000": 0.0 }, "geometry": { "type": "Polygon", "coordinates": [ [ [ -66.388051, -17.399129 ], [ -66.39202, -17.402279 ], [ -66.391378, -17.407167 ], [ -66.386767, -17.408904 ], [ -66.382798, -17.405754 ], [ -66.38344, -17.400866 ], [ -66.388051, -17.399129 ] ] ] } },
{ "type": "Feature", "properties": { "h3_cell": "888b2c8755fffff", "lat": -17.402603515139432, "lon": -66.378829293089183, "population": 344, "query_count": 1, "expected_count": 5.04954128440367, "p_low": 0.47221683337215681, "pearson_residual": -0.49937106602095432, "gap_category": "esperado", "gtfs_covered": 0, "dist_stop_m": 1148.5995010947447, "in_test": true, "model_id": "B1", "model_date": "2026-09-27", "edge_cell": false, "queries_per_1000": 2.9069767441860463 }, "geometry": { "type": "Polygon", "coordinates": [ [ [ -66.379471, -17.397716 ], [ -66.38344, -17.400866 ], [ -66.382798, -17.405754 ], [ -66.378187, -17.407491 ], [ -66.374219, -17.40434 ], [ -66.374861, -17.399453 ], [ -66.379471, -17.397716 ] ] ] } },
{ "type": "Feature", "properties": { "h3_cell": "888b2c8757fffff", "lat": -17.39597875885346, "lon": -66.38408222383039, "population": 19, "query_count": 0, "expected_count": 0.27889908256880735, "p_low": 0.80744173674944475, "pearson_residual": -0.40939119293610343, "gap_category": "esperado", "gtfs_covered": 0, "dist_stop_m": 2035.0613005932776, "in_test": true, "model_id": "B1", "model_date": "2026-09-27", "edge_cell": true, "queries_per_1000": 0.0 }, "geometry": { "type": "Polygon", "coordinates": [ [ [ -66.384724, -17.391091 ], [ -66.388693, -17.394241 ], [ -66.388051, -17.399129 ], [ -66.38344, -17.400866 ], [ -66.379471, -17.397716 ], [ -66.380114, -17.392829 ], [ -66.384724, -17.391091 ] ] ] } },
{ "type": "Feature", "properties": { "h3_cell": "888b2c8759fffff", "lat": -17.412054356060768, "lon": -66.390736023684696, "population": 135, "query_count": 1, "expected_count": 1.9816513761467891, "p_low": 0.64740389845708546, "pearson_residual": -0.29161390926071595, "gap_category": "esperado", "gtfs_covered": 0, "dist_stop_m": 542.0089050952015, "in_test": true, "model_id": "B1", "model_date": "2026-09-27", "edge_cell": true, "queries_per_1000": 7.4074074074074074 }, "geometry": { "type": "Polygon", "coordinates": [ [ [ -66.391378, -17.407167 ], [ -66.395347, -17.410317 ], [ -66.394705, -17.415205 ], [ -66.390094, -17.416942 ], [ -66.386125, -17.413791 ], [ -66.386767, -17.408904 ], [ -66.391378, -17.407167 ] ] ] } },
{ "type": "Feature", "properties": { "h3_cell": "888b2c875dfffff", "lat": -17.410641094436659, "lon": -66.382155798411802, "population": 743, "query_count": 4, "expected_count": 10.906422018348625, "p_low": 0.51945291894243106, "pearson_residual": -0.4027024850490612, "gap_category": "esperado", "gtfs_covered": 0, "dist_stop_m": 701.85490833882272, "in_test": true, "model_id": "B1", "model_date": "2026-09-27", "edge_cell": false, "queries_per_1000": 5.3835800807537009 }, "geometry": { "type": "Polygon", "coordinates": [ [ [ -66.382798, -17.405754 ], [ -66.386767, -17.408904 ], [ -66.386125, -17.413791 ], [ -66.381514, -17.415528 ], [ -66.377545, -17.412378 ], [ -66.378187, -17.407491 ], [ -66.382798, -17.405754 ] ] ] } },
{ "type": "Feature", "properties": { "h3_cell": "888b2c8761fffff", "lat": -17.404985555032251, "lon": -66.347843351214422, "population": 563, "query_count": 4, "expected_count": 27.358634538152611, "p_low": 0.36561249698741044, "pearson_residual": -0.54911508749394167, "gap_category": "esperado", "gtfs_covered": 1, "dist_stop_m": 308.64798358687108, "in_test": true, "model_id": "B1", "model_date": "2026-09-27", "edge_cell": false, "queries_per_1000": 7.1047957371225579 }, "geometry": { "type": "Polygon", "coordinates": [ [ [ -66.348486, -17.400099 ], [ -66.352453, -17.403249 ], [ -66.35181, -17.408136 ], [ -66.347201, -17.409872 ], [ -66.343234, -17.406721 ], [ -66.343877, -17.401835 ], [ -66.348486, -17.400099 ] ] ] } },
{ "type": "Feature", "properties": { "h3_cell": "888b2c8763fffff", "lat": -17.398362809556364, "lon": -66.353095311688691, "population": 310, "query_count": 6, "expected_count": 15.064257028112451, "p_low": 0.52625339149173411, "pearson_residual": -0.38461996347873456, "gap_category": "esperado", "gtfs_covered": 0, "dist_stop_m": 1148.02604868567, "in_test": true, "model_id": "B1", "model_date": "2026-09-27", "edge_cell": false, "queries_per_1000": 19.35483870967742 }, "geometry": { "type": "Polygon", "coordinates": [ [ [ -66.353738, -17.393476 ], [ -66.357705, -17.396626 ], [ -66.357063, -17.401513 ], [ -66.352453, -17.403249 ], [ -66.348486, -17.400099 ], [ -66.349128, -17.395212 ], [ -66.353738, -17.393476 ] ] ] } },
{ "type": "Feature", "properties": { "h3_cell": "888b2c8765fffff", "lat": -17.403571047821956, "lon": -66.339267354186134, "population": 567, "query_count": 6, "expected_count": 25.365051903114185, "p_low": 0.43282846608313919, "pearson_residual": -0.49072182148122501, "gap_category": "esperado", "gtfs_covered": 1, "dist_stop_m": 45.016126141821978, "in_test": true, "model_id": "B1", "model_date": "2026-09-27", "edge_cell": false, "queries_per_1000": 10.582010582010582 }, "geometry": { "type": "Polygon", "coordinates": [ [ [ -66.33991, -17.398685 ], [ -66.343877, -17.401835 ], [ -66.343234, -17.406721 ], [ -66.338625, -17.408457 ], [ -66.334658, -17.405307 ], [ -66.335301, -17.400421 ], [ -66.33991, -17.398685 ] ] ] } },
{ "type": "Feature", "properties": { "h3_cell": "888b2c8767fffff", "lat": -17.396948743330555, "lon": -66.344519009476713, "population": 640, "query_count": 7, "expected_count": 28.585258525852588, "p_low": 0.43622210204517664, "pearson_residual": -0.48580994261561922, "gap_category": "esperado", "gtfs_covered": 0, "dist_stop_m": 650.5385891835615, "in_test": true, "model_id": "B1", "model_date": "2026-09-27", "edge_cell": false, "queries_per_1000": 10.9375 }, "geometry": { "type": "Polygon", "coordinates": [ [ [ -66.345161, -17.392062 ], [ -66.349128, -17.395212 ], [ -66.348486, -17.400099 ], [ -66.343877, -17.401835 ], [ -66.33991, -17.398685 ], [ -66.340552, -17.393798 ], [ -66.345161, -17.392062 ] ] ] } },
{ "type": "Feature", "properties": { "h3_cell": "888b2c8769fffff", "lat": -17.413022311492764, "lon": -66.351167985237524, "population": 667, "query_count": 5, "expected_count": 27.522292993630575, "p_low": 0.39366056223860063, "pearson_residual": -0.52632967431041822, "gap_category": "esperado", "gtfs_covered": 1, "dist_stop_m": 238.79362877545609, "in_test": true, "model_id": "B1", "model_date": "2026-09-27", "edge_cell": false, "queries_per_1000": 7.4962518740629687 }, "geometry": { "type": "Polygon", "coordinates": [ [ [ -66.35181, -17.408136 ], [ -66.355778, -17.411286 ], [ -66.355135, -17.416173 ], [ -66.350526, -17.417909 ], [ -66.346558, -17.414758 ], [ -66.347201, -17.409872 ], [ -66.35181, -17.408136 ] ] ] } },
{ "type": "Feature", "properties": { "h3_cell": "888b2c876bfffff", "lat": -17.406399813472436, "lon": -66.356420194410418, "population": 639, "query_count": 4, "expected_count": 24.341321897073662, "p_low": 0.38287436491896987, "pearson_residual": -0.53695608923134475, "gap_category": "esperado", "gtfs_covered": 1, "dist_stop_m": 344.15876553565238, "in_test": true, "model_id": "B1", "model_date": "2026-09-27", "edge_cell": false, "queries_per_1000": 6.2597809076682314 }, "geometry": { "type": "Polygon", "coordinates": [ [ [ -66.357063, -17.401513 ], [ -66.36103, -17.404663 ], [ -66.360388, -17.40955 ], [ -66.355778, -17.411286 ], [ -66.35181, -17.408136 ], [ -66.352453, -17.403249 ], [ -66.357063, -17.401513 ] ] ] } },
{ "type": "Feature", "properties": { "h3_cell": "888b2c876dfffff", "lat": -17.411607612062447, "lon": -66.342591447162562, "population": 858, "query_count": 13, "expected_count": 42.66298342541436, "p_low": 0.46699964586992126, "pearson_residual": -0.44838892859346197, "gap_category": "esperado", "gtfs_covered": 1, "dist_stop_m": 121.64949108294991, "in_test": true, "model_id": "B1", "model_date": "2026-09-27", "edge_cell": false, "queries_per_1000": 15.151515151515152 }, "geometry": { "type": "Polygon", "coordinates": [ [ [ -66.343234, -17.406721 ], [ -66.347201, -17.409872 ], [ -66.346558, -17.414758 ], [ -66.341949, -17.416494 ], [ -66.337982, -17.413343 ], [ -66.338625, -17.408457 ], [ -66.343234, -17.406721 ] ] ] } },
{ "type": "Feature", "properties": { "h3_cell": "888b2c8807fffff", "lat": -17.345452731683366, "lon": -66.123766427380161, "population": 11, "query_count": 1, "expected_count": 37.619706685289827, "p_low": 0.21327869322269857, "pearson_residual": -0.62734600213241287, "gap_category": "esperado", "gtfs_covered": 0, "dist_stop_m": 2077.6665418321222, "in_test": false, "model_id": "B1", "model_date": "2026-09-27", "edge_cell": false, "queries_per_1000": 90.909090909090907 }, "geometry": { "type": "Polygon", "coordinates": [ [ [ -66.124411, -17.340571 ], [ -66.128366, -17.343722 ], [ -66.127721, -17.348603 ], [ -66.123122, -17.350334 ], [ -66.119167, -17.347183 ], [ -66.119812, -17.342302 ], [ -66.124411, -17.340571 ] ] ] } },
{ "type": "Feature", "properties": { "h3_cell": "888b2c8809fffff", "lat": -17.36151675683583, "lon": -66.130387147780468, "population": 1344, "query_count": 624, "expected_count": 7406.4696282864916, "p_low": 0.27452682541224005, "pearson_residual": -0.59344815773032522, "gap_category": "esperado", "gtfs_covered": 1, "dist_stop_m": 303.22210737399388, "in_test": false, "model_id": "B1", "model_date": "2026-09-27", "edge_cell": false, "queries_per_1000": 464.28571428571428 }, "geometry": { "type": "Polygon", "coordinates": [ [ [ -66.131032, -17.356635 ], [ -66.134987, -17.359786 ], [ -66.134342, -17.364668 ], [ -66.129743, -17.366398 ], [ -66.125788, -17.363247 ], [ -66.126432, -17.358366 ], [ -66.131032, -17.356635 ] ] ] } },
{ "type": "Feature", "properties": { "h3_cell": "888b2c880bfffff", "lat": -17.354904799447244, "lon": -66.135631168459369, "population": 734, "query_count": 27, "expected_count": 7778.0113045960607, "p_low": 0.073407165719971551, "pearson_residual": -0.64579780267576359, "gap_category": "esperado", "gtfs_covered": 0, "dist_stop_m": 973.09675583159253, "in_test": false, "model_id": "B1", "model_date": "2026-09-27", "edge_cell": false, "queries_per_1000": 36.78474114441417 }, "geometry": { "type": "Polygon", "coordinates": [ [ [ -66.136276, -17.350023 ], [ -66.140231, -17.353174 ], [ -66.139587, -17.358056 ], [ -66.134987, -17.359786 ], [ -66.131032, -17.356635 ], [ -66.131676, -17.351754 ], [ -66.136276, -17.350023 ] ] ] } },
{ "type": "Feature", "properties": { "h3_cell": "888b2c880dfffff", "lat": -17.360096284442051, "lon": -66.121832931063636, "population": 477, "query_count": 67, "expected_count": 1298.3419267854224, "p_low": 0.2252109900248859, "pearson_residual": -0.61452257497993223, "gap_category": "esperado", "gtfs_covered": 1, "dist_stop_m": 468.78823328538567, "in_test": false, "model_id": "B1", "model_date": "2026-09-27", "edge_cell": false, "queries_per_1000": 140.46121593291406 }, "geometry": { "type": "Polygon", "coordinates": [ [ [ -66.122477, -17.355215 ], [ -66.126432, -17.358366 ], [ -66.125788, -17.363247 ], [ -66.121188, -17.364977 ], [ -66.117234, -17.361826 ], [ -66.117878, -17.356946 ], [ -66.122477, -17.355215 ] ] ] } },
{ "type": "Feature", "properties": { "h3_cell": "888b2c8817fffff", "lat": -17.333646088840883, "lon": -66.142808132266993, "population": 58, "query_count": 1, "expected_count": 8.4348746911401342, "p_low": 0.38914194409672187, "pearson_residual": -0.55752186664127223, "gap_category": "esperado", "gtfs_covered": 0, "dist_stop_m": 2062.2229064526309, "in_test": false, "model_id": "B1", "model_date": "2026-09-27", "edge_cell": false, "queries_per_1000": 17.241379310344826 }, "geometry": { "type": "Polygon", "coordinates": [ [ [ -66.143452, -17.328764 ], [ -66.147408, -17.331914 ], [ -66.146764, -17.336797 ], [ -66.142164, -17.338528 ], [ -66.138209, -17.335378 ], [ -66.138853, -17.330496 ], [ -66.143452, -17.328764 ] ] ] } },
{ "type": "Feature", "properties": { "h3_cell": "888b2c8819fffff", "lat": -17.349711497536788, "lon": -66.149430938239362, "population": 943, "query_count": 130, "expected_count": 138.06538734896944, "p_low": 0.68509097251738604, "pearson_residual": -0.037800657429232873, "gap_category": "esperado", "gtfs_covered": 0, "dist_stop_m": 611.04999627393761, "in_test": false, "model_id": "B1", "model_date": "2026-09-27", "edge_cell": false, "queries_per_1000": 137.8579003181336 }, "geometry": { "type": "Polygon", "coordinates": [ [ [ -66.150075, -17.344829 ], [ -66.154031, -17.34798 ], [ -66.153387, -17.352862 ], [ -66.148787, -17.354593 ], [ -66.144831, -17.351443 ], [ -66.145475, -17.346561 ], [ -66.150075, -17.344829 ] ] ] } },
{ "type": "Feature", "properties": { "h3_cell": "888b2c881bfffff", "lat": -17.343097720532715, "lon": -66.154675388231809, "population": 2945, "query_count": 230, "expected_count": 431.179815209666, "p_low": 0.56503570113158141, "pearson_residual": -0.30222686240274876, "gap_category": "esperado", "gtfs_covered": 0, "dist_stop_m": 666.59412969866582, "in_test": false, "model_id": "B1", "model_date": "2026-09-27", "edge_cell": false, "queries_per_1000": 78.098471986417664 }, "geometry": { "type": "Polygon", "coordinates": [ [ [ -66.15532, -17.338215 ], [ -66.159276, -17.341366 ], [ -66.158632, -17.346248 ], [ -66.154031, -17.34798 ], [ -66.150075, -17.344829 ], [ -66.150719, -17.339947 ], [ -66.15532, -17.338215 ] ] ] } },
{ "type": "Feature", "properties": { "h3_cell": "888b2c881dfffff", "lat": -17.348292153012697, "lon": -66.140875248959901, "population": 624, "query_count": 26, "expected_count": 5693.8523286633845, "p_low": 0.08238817780951084, "pearson_residual": -0.64508181352498972, "gap_category": "esperado", "gtfs_covered": 0, "dist_stop_m": 1387.2953852429771, "in_test": false, "model_id": "B1", "model_date": "2026-09-27", "edge_cell": false, "queries_per_1000": 41.666666666666664 }, "geometry": { "type": "Polygon", "coordinates": [ [ [ -66.14152, -17.34341 ], [ -66.145475, -17.346561 ], [ -66.144831, -17.351443 ], [ -66.140231, -17.353174 ], [ -66.136276, -17.350023 ], [ -66.13692, -17.345142 ], [ -66.14152, -17.34341 ] ] ] } },
{ "type": "Feature", "properties": { "h3_cell": "888b2c8823fffff", "lat": -17.336000767297723, "lon": -66.111903916025099, "population": 52, "query_count": 0, "expected_count": 0.82539682539682535, "p_low": 0.63348690113200856, "pearson_residual": -0.52759185729837976, "gap_category": "esperado", "gtfs_covered": 0, "dist_stop_m": 3316.989837069691, "in_test": false, "model_id": "B1", "model_date": "2026-09-27", "edge_cell": false, "queries_per_1000": 0.0 }, "geometry": { "type": "Polygon", "coordinates": [ [ [ -66.112548, -17.331119 ], [ -66.116502, -17.33427 ], [ -66.115858, -17.339151 ], [ -66.111259, -17.340882 ], [ -66.107306, -17.337731 ], [ -66.10795, -17.33285 ], [ -66.112548, -17.331119 ] ] ] } },
{ "type": "Feature", "properties": { "h3_cell": "888b2c8835fffff", "lat": -17.329388510729277, "lon": -66.117146875446508, "population": 31, "query_count": 2, "expected_count": 9.9999999999999995e-07, "p_low": 1.0, "pearson_residual": 1999.9966189855452, "gap_category": "exceso", "gtfs_covered": 0, "dist_stop_m": 3904.1787536524048, "in_test": false, "model_id": "B1", "model_date": "2026-09-27", "edge_cell": false, "queries_per_1000": 64.516129032258064 }, "geometry": { "type": "Polygon", "coordinates": [ [ [ -66.117791, -17.324507 ], [ -66.121745, -17.327657 ], [ -66.121101, -17.332539 ], [ -66.116502, -17.33427 ], [ -66.112548, -17.331119 ], [ -66.113193, -17.326238 ], [ -66.117791, -17.324507 ] ] ] } },
{ "type": "Feature", "properties": { "h3_cell": "888b2c8841fffff", "lat": -17.376159715501728, "lon": -66.128453735117446, "population": 2425, "query_count": 7594, "expected_count": 9657.9573238497433, "p_low": 0.64547302182479793, "pearson_residual": -0.13849193273523158, "gap_category": "esperado", "gtfs_covered": 1, "dist_stop_m": 54.681264707936386, "in_test": false, "model_id": "B1", "model_date": "2026-09-27", "edge_cell": false, "queries_per_1000": 3131.5463917525772 }, "geometry": { "type": "Polygon", "coordinates": [ [ [ -66.129098, -17.371279 ], [ -66.133054, -17.37443 ], [ -66.132409, -17.379311 ], [ -66.127809, -17.38104 ], [ -66.123854, -17.37789 ], [ -66.124499, -17.373009 ], [ -66.129098, -17.371279 ] ] ] } },
{ "type": "Feature", "properties": { "h3_cell": "888b2c8843fffff", "lat": -17.369548694995892, "lon": -66.133697946197046, "population": 3529, "query_count": 9679, "expected_count": 33610.436120159247, "p_low": 0.44857817153760249, "pearson_residual": -0.46143484590169381, "gap_category": "esperado", "gtfs_covered": 1, "dist_stop_m": 145.1086992934537, "in_test": false, "model_id": "B1", "model_date": "2026-09-27", "edge_cell": false, "queries_per_1000": 2742.7033153867951 }, "geometry": { "type": "Polygon", "coordinates": [ [ [ -66.134342, -17.364668 ], [ -66.138298, -17.367818 ], [ -66.137653, -17.3727 ], [ -66.133054, -17.37443 ], [ -66.129098, -17.371279 ], [ -66.129743, -17.366398 ], [ -66.134342, -17.364668 ] ] ] } },
{ "type": "Feature", "properties": { "h3_cell": "888b2c8845fffff", "lat": -17.374738603520157, "lon": -66.11989928623484, "population": 3548, "query_count": 6771, "expected_count": 3651.2044025157234, "p_low": 0.82675915369251518, "pearson_residual": 0.55371145192635729, "gap_category": "esperado", "gtfs_covered": 1, "dist_stop_m": 140.3197144938357, "in_test": false, "model_id": "B1", "model_date": "2026-09-27", "edge_cell": false, "queries_per_1000": 1908.3990980834274 }, "geometry": { "type": "Polygon", "coordinates": [ [ [ -66.120544, -17.369858 ], [ -66.124499, -17.373009 ], [ -66.123854, -17.37789 ], [ -66.119255, -17.379619 ], [ -66.1153, -17.376468 ], [ -66.115945, -17.371588 ], [ -66.120544, -17.369858 ] ] ] } },
{ "type": "Feature", "properties": { "h3_cell": "888b2c8847fffff", "lat": -17.368128024939661, "lon": -66.125143187010011, "population": 3423, "query_count": 3137, "expected_count": 10806.857187001082, "p_low": 0.44998108018504196, "pearson_residual": -0.45993654019494584, "gap_category": "esperado", "gtfs_covered": 1, "dist_stop_m": 72.788980334450955, "in_test": false, "model_id": "B1", "model_date": "2026-09-27", "edge_cell": false, "queries_per_1000": 916.4475606193397 }, "geometry": { "type": "Polygon", "coordinates": [ [ [ -66.125788, -17.363247 ], [ -66.129743, -17.366398 ], [ -66.129098, -17.371279 ], [ -66.124499, -17.373009 ], [ -66.120544, -17.369858 ], [ -66.121188, -17.364977 ], [ -66.125788, -17.363247 ] ] ] } },
{ "type": "Feature", "properties": { "h3_cell": "888b2c8849fffff", "lat": -17.384191355732074, "lon": -66.131764575402514, "population": 131, "query_count": 424, "expected_count": 571.83462819089902, "p_low": 0.63321899570088003, "pearson_residual": -0.16748070606928037, "gap_category": "esperado", "gtfs_covered": 1, "dist_stop_m": 428.43364463996755, "in_test": false, "model_id": "B1", "model_date": "2026-09-27", "edge_cell": false, "queries_per_1000": 3236.6412213740459 }, "geometry": { "type": "Polygon", "coordinates": [ [ [ -66.132409, -17.379311 ], [ -66.136365, -17.382462 ], [ -66.13572, -17.387342 ], [ -66.13112, -17.389072 ], [ -66.127165, -17.385921 ], [ -66.127809, -17.38104 ], [ -66.132409, -17.379311 ] ] ] } },
{ "type": "Feature", "properties": { "h3_cell": "888b2c884bfffff", "lat": -17.377580583016879, "lon": -66.137009036780015, "population": 2367, "query_count": 7343, "expected_count": 30240.961444984532, "p_low": 0.41984441878056794, "pearson_residual": -0.49070072227785749, "gap_category": "esperado", "gtfs_covered": 1, "dist_stop_m": 165.64758709507706, "in_test": false, "model_id": "B1", "model_date": "2026-09-27", "edge_cell": false, "queries_per_1000": 3102.2391212505281 }, "geometry": { "type": "Polygon", "coordinates": [ [ [ -66.137653, -17.3727 ], [ -66.141609, -17.37585 ], [ -66.140965, -17.380731 ], [ -66.136365, -17.382462 ], [ -66.132409, -17.379311 ], [ -66.133054, -17.37443 ], [ -66.137653, -17.3727 ] ] ] } },
{ "type": "Feature", "properties": { "h3_cell": "888b2c884dfffff", "lat": -17.382770046286286, "lon": -66.123209583983154, "population": 1507, "query_count": 3384, "expected_count": 1228.205, "p_low": 0.89747915345322671, "pearson_residual": 1.1373152054512534, "gap_category": "esperado", "gtfs_covered": 1, "dist_stop_m": 328.5880580228287, "in_test": false, "model_id": "B1", "model_date": "2026-09-27", "edge_cell": false, "queries_per_1000": 2245.5209024552091 }, "geometry": { "type": "Polygon", "coordinates": [ [ [ -66.123854, -17.37789 ], [ -66.127809, -17.38104 ], [ -66.127165, -17.385921 ], [ -66.122565, -17.38765 ], [ -66.11861, -17.384499 ], [ -66.119255, -17.379619 ], [ -66.123854, -17.37789 ] ] ] } },
{ "type": "Feature", "properties": { "h3_cell": "888b2c8851fffff", "lat": -17.364356968782996, "lon": -66.14749813887363, "population": 3972, "query_count": 8745, "expected_count": 66818.088746569076, "p_low": 0.32829117535073393, "pearson_residual": -0.563245848494627, "gap_category": "esperado", "gtfs_covered": 1, "dist_stop_m": 90.968175232673772, "in_test": false, "model_id": "B1", "model_date": "2026-09-27", "edge_cell": false, "queries_per_1000": 2201.6616314199396 }, "geometry": { "type": "Polygon", "coordinates": [ [ [ -66.148142, -17.359475 ], [ -66.152099, -17.362626 ], [ -66.151454, -17.367508 ], [ -66.146854, -17.369239 ], [ -66.142898, -17.366088 ], [ -66.143542, -17.361206 ], [ -66.148142, -17.359475 ] ] ] } },
{ "type": "Feature", "properties": { "h3_cell": "888b2c8853fffff", "lat": -17.35774412774169, "lon": -66.152742779416016, "population": 3992, "query_count": 4164, "expected_count": 36515.927880053139, "p_low": 0.31048371531000662, "pearson_residual": -0.57416116611486712, "gap_category": "esperado", "gtfs_covered": 1, "dist_stop_m": 140.80704163053829, "in_test": false, "model_id": "B1", "model_date": "2026-09-27", "edge_cell": false, "queries_per_1000": 1043.0861723446894 }, "geometry": { "type": "Polygon", "coordinates": [ [ [ -66.153387, -17.352862 ], [ -66.157343, -17.356013 ], [ -66.156699, -17.360895 ], [ -66.152099, -17.362626 ], [ -66.148142, -17.359475 ], [ -66.148787, -17.354593 ], [ -66.153387, -17.352862 ] ] ] } },
{ "type": "Feature", "properties": { "h3_cell": "888b2c8855fffff", "lat": -17.362936985007305, "lon": -66.138942217135138, "population": 2002, "query_count": 1521, "expected_count": 27471.17533398747, "p_low": 0.23090962582014751, "pearson_residual": -0.61217871246211664, "gap_category": "esperado", "gtfs_covered": 1, "dist_stop_m": 60.181714841094113, "in_test": false, "model_id": "B1", "model_date": "2026-09-27", "edge_cell": false, "queries_per_1000": 759.74025974025972 }, "geometry": { "type": "Polygon", "coordinates": [ [ [ -66.139587, -17.358056 ], [ -66.143542, -17.361206 ], [ -66.142898, -17.366088 ], [ -66.138298, -17.367818 ], [ -66.134342, -17.364668 ], [ -66.134987, -17.359786 ], [ -66.139587, -17.358056 ] ] ] } },
{ "type": "Feature", "properties": { "h3_cell": "888b2c8857fffff", "lat": -17.356324585774651, "lon": -66.144186547844868, "population": 1352, "query_count": 376, "expected_count": 15216.810684161199, "p_low": 0.16526692422132713, "pearson_residual": -0.63204279074514658, "gap_category": "esperado", "gtfs_covered": 0, "dist_stop_m": 522.44526984864297, "in_test": false, "model_id": "B1", "model_date": "2026-09-27", "edge_cell": false, "queries_per_1000": 278.10650887573962 }, "geometry": { "type": "Polygon", "coordinates": [ [ [ -66.144831, -17.351443 ], [ -66.148787, -17.354593 ], [ -66.148142, -17.359475 ], [ -66.143542, -17.361206 ], [ -66.139587, -17.358056 ], [ -66.140231, -17.353174 ], [ -66.144831, -17.351443 ] ] ] } },
{ "type": "Feature", "properties": { "h3_cell": "888b2c8859fffff", "lat": -17.372389301641384, "lon": -66.150810022062743, "population": 4350, "query_count": 49786, "expected_count": 73176.909881061292, "p_low": 0.61474456380644649, "pearson_residual": -0.20715255346181047, "gap_category": "esperado", "gtfs_covered": 1, "dist_stop_m": 66.002166421506217, "in_test": false, "model_id": "B1", "model_date": "2026-09-27", "edge_cell": false, "queries_per_1000": 11445.057471264368 }, "geometry": { "type": "Polygon", "coordinates": [ [ [ -66.151454, -17.367508 ], [ -66.155411, -17.370658 ], [ -66.154766, -17.37554 ], [ -66.150166, -17.377271 ], [ -66.14621, -17.37412 ], [ -66.146854, -17.369239 ], [ -66.151454, -17.367508 ] ] ] } },
{ "type": "Feature", "properties": { "h3_cell": "888b2c885bfffff", "lat": -17.365776707989394, "lon": -66.156054912741695, "population": 4557, "query_count": 13212, "expected_count": 67978.597453476992, "p_low": 0.38461132278071908, "pearson_residual": -0.52210843076235525, "gap_category": "esperado", "gtfs_covered": 1, "dist_stop_m": 75.58091695843558, "in_test": false, "model_id": "B1", "model_date": "2026-09-27", "edge_cell": false, "queries_per_1000": 2899.2758393680051 }, "geometry": { "type": "Polygon", "coordinates": [ [ [ -66.156699, -17.360895 ], [ -66.160656, -17.364045 ], [ -66.160012, -17.368927 ], [ -66.155411, -17.370658 ], [ -66.151454, -17.367508 ], [ -66.152099, -17.362626 ], [ -66.156699, -17.360895 ] ] ] } },
{ "type": "Feature", "properties": { "h3_cell": "888b2c885dfffff", "lat": -17.370969120620988, "lon": -66.142253557966001, "population": 4278, "query_count": 44854, "expected_count": 58702.1418975017, "p_low": 0.63934365965379891, "pearson_residual": -0.15288134370736703, "gap_category": "esperado", "gtfs_covered": 1, "dist_stop_m": 24.549106880781753, "in_test": false, "model_id": "B1", "model_date": "2026-09-27", "edge_cell": false, "queries_per_1000": 10484.805984104722 }, "geometry": { "type": "Polygon", "coordinates": [ [ [ -66.142898, -17.366088 ], [ -66.146854, -17.369239 ], [ -66.14621, -17.37412 ], [ -66.141609, -17.37585 ], [ -66.137653, -17.3727 ], [ -66.138298, -17.367818 ], [ -66.142898, -17.366088 ] ] ] } },
{ "type": "Feature", "properties": { "h3_cell": "888b2c8861fffff", "lat": -17.365285952227993, "lon": -66.108036227397179, "population": 932, "query_count": 179, "expected_count": 870.30547064403913, "p_low": 0.39389528603295271, "pearson_residual": -0.51465003096047357, "gap_category": "esperado", "gtfs_covered": 0, "dist_stop_m": 528.28000081491507, "in_test": false, "model_id": "B1", "model_date": "2026-09-27", "edge_cell": false, "queries_per_1000": 192.06008583690988 }, "geometry": { "type": "Polygon", "coordinates": [ [ [ -66.108681, -17.360405 ], [ -66.112635, -17.363556 ], [ -66.11199, -17.368437 ], [ -66.107392, -17.370166 ], [ -66.103438, -17.367015 ], [ -66.104082, -17.362135 ], [ -66.108681, -17.360405 ] ] ] } },
{ "type": "Feature", "properties": { "h3_cell": "888b2c8865fffff", "lat": -17.363864549919644, "lon": -66.099484027478667, "population": 653, "query_count": 8, "expected_count": 521.42771373679159, "p_low": 0.14023999524370995, "pearson_residual": -0.63786511670650592, "gap_category": "esperado", "gtfs_covered": 1, "dist_stop_m": 438.64282907945409, "in_test": false, "model_id": "B1", "model_date": "2026-09-27", "edge_cell": false, "queries_per_1000": 12.251148545176111 }, "geometry": { "type": "Polygon", "coordinates": [ [ [ -66.100129, -17.358984 ], [ -66.104082, -17.362135 ], [ -66.103438, -17.367015 ], [ -66.098839, -17.368745 ], [ -66.094886, -17.365594 ], [ -66.095531, -17.360714 ], [ -66.100129, -17.358984 ] ] ] } },
{ "type": "Feature", "properties": { "h3_cell": "888b2c8867fffff", "lat": -17.357254607681597, "lon": -66.104727056558687, "population": 15, "query_count": 6, "expected_count": 13.177308572882218, "p_low": 0.55219910335970035, "pearson_residual": -0.34748852003396269, "gap_category": "esperado", "gtfs_covered": 0, "dist_stop_m": 1003.0260289003163, "in_test": false, "model_id": "B1", "model_date": "2026-09-27", "edge_cell": false, "queries_per_1000": 400.0 }, "geometry": { "type": "Polygon", "coordinates": [ [ [ -66.105372, -17.352374 ], [ -66.109326, -17.355525 ], [ -66.108681, -17.360405 ], [ -66.104082, -17.362135 ], [ -66.100129, -17.358984 ], [ -66.100773, -17.354104 ], [ -66.105372, -17.352374 ] ] ] } },
{ "type": "Feature", "properties": { "h3_cell": "888b2c8869fffff", "lat": -17.373317247245772, "lon": -66.111345690386017, "population": 1782, "query_count": 2394, "expected_count": 1848.4910382144067, "p_low": 0.75294309826896577, "pearson_residual": 0.19122897467674424, "gap_category": "esperado", "gtfs_covered": 1, "dist_stop_m": 48.136675883328664, "in_test": false, "model_id": "B1", "model_date": "2026-09-27", "edge_cell": false, "queries_per_1000": 1343.4343434343434 }, "geometry": { "type": "Polygon", "coordinates": [ [ [ -66.11199, -17.368437 ], [ -66.115945, -17.371588 ], [ -66.1153, -17.376468 ], [ -66.110701, -17.378198 ], [ -66.106747, -17.375047 ], [ -66.107392, -17.370166 ], [ -66.11199, -17.368437 ] ] ] } },
{ "type": "Feature", "properties": { "h3_cell": "888b2c886bfffff", "lat": -17.366707110625843, "lon": -66.116589280658815, "population": 2983, "query_count": 2000, "expected_count": 3088.7027954328141, "p_low": 0.60443179937949254, "pearson_residual": -0.22841371630682358, "gap_category": "esperado", "gtfs_covered": 1, "dist_stop_m": 73.523586302431937, "in_test": false, "model_id": "B1", "model_date": "2026-09-27", "edge_cell": false, "queries_per_1000": 670.46597385182702 }, "geometry": { "type": "Polygon", "coordinates": [ [ [ -66.117234, -17.361826 ], [ -66.121188, -17.364977 ], [ -66.120544, -17.369858 ], [ -66.115945, -17.371588 ], [ -66.11199, -17.368437 ], [ -66.112635, -17.363556 ], [ -66.117234, -17.361826 ] ] ] } },
{ "type": "Feature", "properties": { "h3_cell": "888b2c886dfffff", "lat": -17.371895646852174, "lon": -66.102792947824582, "population": 2263, "query_count": 1405, "expected_count": 1931.4084203547156, "p_low": 0.62896963834092967, "pearson_residual": -0.17661190738218341, "gap_category": "esperado", "gtfs_covered": 1, "dist_stop_m": 202.40893999821009, "in_test": false, "model_id": "B1", "model_date": "2026-09-27", "edge_cell": false, "queries_per_1000": 620.85726911179847 }, "geometry": { "type": "Polygon", "coordinates": [ [ [ -66.103438, -17.367015 ], [ -66.107392, -17.370166 ], [ -66.106747, -17.375047 ], [ -66.102148, -17.376776 ], [ -66.098195, -17.373625 ], [ -66.098839, -17.368745 ], [ -66.103438, -17.367015 ] ] ] } },
{ "type": "Feature", "properties": { "h3_cell": "888b2c8881fffff", "lat": -17.307184879327533, "lon": -66.163784288637245, "population": 46, "query_count": 0, "expected_count": 13.402759994309289, "p_low": 0.23053026819698605, "pearson_residual": -0.63814359027914325, "gap_category": "esperado", "gtfs_covered": 0, "dist_stop_m": 3279.4939138121777, "in_test": false, "model_id": "B1", "model_date": "2026-09-27", "edge_cell": true, "queries_per_1000": 0.0 }, "geometry": { "type": "Polygon", "coordinates": [ [ [ -66.164428, -17.302301 ], [ -66.168385, -17.305452 ], [ -66.167741, -17.310335 ], [ -66.16314, -17.312068 ], [ -66.159184, -17.308918 ], [ -66.159828, -17.304035 ], [ -66.164428, -17.302301 ] ] ] } },
{ "type": "Feature", "properties": { "h3_cell": "888b2c8889fffff", "lat": -17.315218593517866, "lon": -66.167096545747313, "population": 19, "query_count": 1, "expected_count": 8.2693035835023654, "p_low": 0.39213275713459655, "pearson_residual": -0.55575661197820714, "gap_category": "esperado", "gtfs_covered": 0, "dist_stop_m": 2418.9472910756203, "in_test": false, "model_id": "B1", "model_date": "2026-09-27", "edge_cell": false, "queries_per_1000": 52.631578947368418 }, "geometry": { "type": "Polygon", "coordinates": [ [ [ -66.167741, -17.310335 ], [ -66.171697, -17.313485 ], [ -66.171053, -17.318369 ], [ -66.166453, -17.320102 ], [ -66.162496, -17.316952 ], [ -66.16314, -17.312068 ], [ -66.167741, -17.310335 ] ] ] } },
{ "type": "Feature", "properties": { "h3_cell": "888b2c889dfffff", "lat": -17.301984354772433, "lon": -66.177585480173846, "population": 16, "query_count": 0, "expected_count": 1.938819065686507, "p_low": 0.48443736356067491, "pearson_residual": -0.58754469620772021, "gap_category": "esperado", "gtfs_covered": 0, "dist_stop_m": 3055.3111122208747, "in_test": false, "model_id": "B1", "model_date": "2026-09-27", "edge_cell": true, "queries_per_1000": 0.0 }, "geometry": { "type": "Polygon", "coordinates": [ [ [ -66.178229, -17.2971 ], [ -66.182186, -17.30025 ], [ -66.181542, -17.305135 ], [ -66.176942, -17.306868 ], [ -66.172985, -17.303718 ], [ -66.173629, -17.298834 ], [ -66.178229, -17.2971 ] ] ] } },
{ "type": "Feature", "properties": { "h3_cell": "888b2c88c5fffff", "lat": -17.328450081823096, "lon": -66.15660784852281, "population": 26, "query_count": 0, "expected_count": 4.7320566713373813, "p_low": 0.34893220307371098, "pearson_residual": -0.62108872089710321, "gap_category": "esperado", "gtfs_covered": 0, "dist_stop_m": 1263.2425296213805, "in_test": false, "model_id": "B1", "model_date": "2026-09-27", "edge_cell": false, "queries_per_1000": 0.0 }, "geometry": { "type": "Polygon", "coordinates": [ [ [ -66.157252, -17.323567 ], [ -66.161208, -17.326718 ], [ -66.160564, -17.331601 ], [ -66.155964, -17.333333 ], [ -66.152008, -17.330182 ], [ -66.152652, -17.3253 ], [ -66.157252, -17.323567 ] ] ] } },
{ "type": "Feature", "properties": { "h3_cell": "888b2c88c9fffff", "lat": -17.337901471788001, "lon": -66.168477057983083, "population": 2002, "query_count": 321, "expected_count": 1405.1409966024914, "p_low": 0.41025201143224377, "pearson_residual": -0.49994180732316018, "gap_category": "esperado", "gtfs_covered": 1, "dist_stop_m": 377.82048906788771, "in_test": false, "model_id": "B1", "model_date": "2026-09-27", "edge_cell": false, "queries_per_1000": 160.33966033966036 }, "geometry": { "type": "Polygon", "coordinates": [ [ [ -66.169121, -17.333019 ], [ -66.173078, -17.336169 ], [ -66.172434, -17.341052 ], [ -66.167833, -17.342784 ], [ -66.163876, -17.339634 ], [ -66.16452, -17.334751 ], [ -66.169121, -17.333019 ] ] ] } },
{ "type": "Feature", "properties": { "h3_cell": "888b2c88cbfffff", "lat": -17.331285876324362, "lon": -66.173721936195776, "population": 312, "query_count": 35, "expected_count": 160.15690168818273, "p_low": 0.40582736487158633, "pearson_residual": -0.50577684261070133, "gap_category": "esperado", "gtfs_covered": 0, "dist_stop_m": 686.49127697160623, "in_test": false, "model_id": "B1", "model_date": "2026-09-27", "edge_cell": false, "queries_per_1000": 112.17948717948718 }, "geometry": { "type": "Polygon", "coordinates": [ [ [ -66.174366, -17.326403 ], [ -66.178323, -17.329553 ], [ -66.177679, -17.334436 ], [ -66.173078, -17.336169 ], [ -66.169121, -17.333019 ], [ -66.169765, -17.328135 ], [ -66.174366, -17.326403 ] ] ] } },
{ "type": "Feature", "properties": { "h3_cell": "888b2c88cdfffff", "lat": -17.336483255001589, "lon": -66.159919897735307, "population": 786, "query_count": 91, "expected_count": 493.48548513643101, "p_low": 0.37776257074561714, "pearson_residual": -0.52833526489545335, "gap_category": "esperado", "gtfs_covered": 1, "dist_stop_m": 309.39127386701898, "in_test": false, "model_id": "B1", "model_date": "2026-09-27", "edge_cell": false, "queries_per_1000": 115.77608142493638 }, "geometry": { "type": "Polygon", "coordinates": [ [ [ -66.160564, -17.331601 ], [ -66.16452, -17.334751 ], [ -66.163876, -17.339634 ], [ -66.159276, -17.341366 ], [ -66.15532, -17.338215 ], [ -66.155964, -17.333333 ], [ -66.160564, -17.331601 ] ] ] } },
{ "type": "Feature", "properties": { "h3_cell": "888b2c88d7fffff", "lat": -17.310018512395487, "lon": -66.180898529122416, "population": 13, "query_count": 0, "expected_count": 1.5915189266890273, "p_low": 0.5179508852864021, "pearson_residual": -0.57645261753738564, "gap_category": "esperado", "gtfs_covered": 0, "dist_stop_m": 2107.3197291993556, "in_test": false, "model_id": "B1", "model_date": "2026-09-27", "edge_cell": false, "queries_per_1000": 0.0 }, "geometry": { "type": "Polygon", "coordinates": [ [ [ -66.181542, -17.305135 ], [ -66.1855, -17.308285 ], [ -66.184856, -17.313169 ], [ -66.180255, -17.314902 ], [ -66.176298, -17.311752 ], [ -66.176942, -17.306868 ], [ -66.181542, -17.305135 ] ] ] } },
{ "type": "Feature", "properties": { "h3_cell": "888b2c88d9fffff", "lat": -17.326086682036234, "lon": -66.187525503228969, "population": 1132, "query_count": 65, "expected_count": 142.10212765957445, "p_low": 0.53578108025333415, "pearson_residual": -0.35111018663996257, "gap_category": "esperado", "gtfs_covered": 1, "dist_stop_m": 385.15826143059547, "in_test": false, "model_id": "B1", "model_date": "2026-09-27", "edge_cell": false, "queries_per_1000": 57.420494699646639 }, "geometry": { "type": "Polygon", "coordinates": [ [ [ -66.188169, -17.321203 ], [ -66.192127, -17.324353 ], [ -66.191483, -17.329237 ], [ -66.186882, -17.33097 ], [ -66.182924, -17.32782 ], [ -66.183568, -17.322936 ], [ -66.188169, -17.321203 ] ] ] } },
{ "type": "Feature", "properties": { "h3_cell": "888b2c88dbfffff", "lat": -17.31946926927175, "lon": -66.192770808567957, "population": 52, "query_count": 0, "expected_count": 9.5632631657802083, "p_low": 0.26429057570660158, "pearson_residual": -0.63428660570067352, "gap_category": "esperado", "gtfs_covered": 0, "dist_stop_m": 1304.8503277897851, "in_test": false, "model_id": "B1", "model_date": "2026-09-27", "edge_cell": false, "queries_per_1000": 0.0 }, "geometry": { "type": "Polygon", "coordinates": [ [ [ -66.193415, -17.314585 ], [ -66.197372, -17.317735 ], [ -66.196729, -17.32262 ], [ -66.192127, -17.324353 ], [ -66.188169, -17.321203 ], [ -66.188813, -17.316319 ], [ -66.193415, -17.314585 ] ] ] } },
{ "type": "Feature", "properties": { "h3_cell": "888b2c88ddfffff", "lat": -17.324669592853663, "lon": -66.178966873608815, "population": 78, "query_count": 1, "expected_count": 18.789431222267044, "p_low": 0.28325038138335079, "pearson_residual": -0.60682940229063398, "gap_category": "esperado", "gtfs_covered": 0, "dist_stop_m": 781.26047022113278, "in_test": false, "model_id": "B1", "model_date": "2026-09-27", "edge_cell": false, "queries_per_1000": 12.820512820512819 }, "geometry": { "type": "Polygon", "coordinates": [ [ [ -66.179611, -17.319786 ], [ -66.183568, -17.322936 ], [ -66.182924, -17.32782 ], [ -66.178323, -17.329553 ], [ -66.174366, -17.326403 ], [ -66.17501, -17.321519 ], [ -66.179611, -17.319786 ] ] ] } },
{ "type": "Feature", "properties": { "h3_cell": "888b2c88e7fffff", "lat": -17.310965722003992, "lon": -66.141429944180175, "population": 19, "query_count": 0, "expected_count": 1.4591298615688859, "p_low": 0.53297468541933879, "pearson_residual": -0.57106880822438899, "gap_category": "esperado", "gtfs_covered": 0, "dist_stop_m": 3751.9909848825155, "in_test": false, "model_id": "B1", "model_date": "2026-09-27", "edge_cell": true, "queries_per_1000": 0.0 }, "geometry": { "type": "Polygon", "coordinates": [ [ [ -66.142074, -17.306083 ], [ -66.146029, -17.309233 ], [ -66.145385, -17.314116 ], [ -66.140786, -17.315848 ], [ -66.136831, -17.312698 ], [ -66.137475, -17.307815 ], [ -66.142074, -17.306083 ] ] ] } },
{ "type": "Feature", "properties": { "h3_cell": "888b2c8901fffff", "lat": -17.34353773266723, "lon": -66.067218842513981, "population": 228, "query_count": 0, "expected_count": 62.264331210191088, "p_low": 0.12217396712160264, "pearson_residual": -0.64589019897921551, "gap_category": "esperado", "gtfs_covered": 0, "dist_stop_m": 3164.975625329856, "in_test": false, "model_id": "B1", "model_date": "2026-09-27", "edge_cell": true, "queries_per_1000": 0.0 }, "geometry": { "type": "Polygon", "coordinates": [ [ [ -66.067864, -17.338658 ], [ -66.071815, -17.341809 ], [ -66.071171, -17.346689 ], [ -66.066574, -17.348417 ], [ -66.062622, -17.345267 ], [ -66.063267, -17.340387 ], [ -66.067864, -17.338658 ] ] ] } },
{ "type": "Feature", "properties": { "h3_cell": "888b2c8903fffff", "lat": -17.336928621929975, "lon": -66.072460436740258, "population": 26, "query_count": 1, "expected_count": 11.141635137358117, "p_low": 0.34906163802339774, "pearson_residual": -0.57908537573353658, "gap_category": "esperado", "gtfs_covered": 0, "dist_stop_m": 3860.5027560535113, "in_test": false, "model_id": "B1", "model_date": "2026-09-27", "edge_cell": true, "queries_per_1000": 38.461538461538467 }, "geometry": { "type": "Polygon", "coordinates": [ [ [ -66.073105, -17.332048 ], [ -66.077057, -17.335199 ], [ -66.076412, -17.340079 ], [ -66.071815, -17.341809 ], [ -66.067864, -17.338658 ], [ -66.068509, -17.333778 ], [ -66.073105, -17.332048 ] ] ] } },
{ "type": "Feature", "properties": { "h3_cell": "888b2c8905fffff", "lat": -17.34211575490118, "lon": -66.058671144211587, "population": 357, "query_count": 0, "expected_count": 75.145775102128567, "p_low": 0.1129509416950433, "pearson_residual": -0.64626142724050872, "gap_category": "esperado", "gtfs_covered": 0, "dist_stop_m": 3568.4281850276175, "in_test": false, "model_id": "B1", "model_date": "2026-09-27", "edge_cell": true, "queries_per_1000": 0.0 }, "geometry": { "type": "Polygon", "coordinates": [ [ [ -66.059316, -17.337236 ], [ -66.063267, -17.340387 ], [ -66.062622, -17.345267 ], [ -66.058026, -17.346995 ], [ -66.054075, -17.343844 ], [ -66.05472, -17.338965 ], [ -66.059316, -17.337236 ] ] ] } },
{ "type": "Feature", "properties": { "h3_cell": "888b2c890bfffff", "lat": -17.344959467633842, "lon": -66.075767395282028, "population": 31, "query_count": 0, "expected_count": 13.682504666553537, "p_low": 0.22859852953781187, "pearson_residual": -0.63834189343050252, "gap_category": "esperado", "gtfs_covered": 0, "dist_stop_m": 3000.6012396212177, "in_test": false, "model_id": "B1", "model_date": "2026-09-27", "edge_cell": false, "queries_per_1000": 0.0 }, "geometry": { "type": "Polygon", "coordinates": [ [ [ -66.076412, -17.340079 ], [ -66.080364, -17.34323 ], [ -66.07972, -17.34811 ], [ -66.075122, -17.349839 ], [ -66.071171, -17.346689 ], [ -66.071815, -17.341809 ], [ -66.076412, -17.340079 ] ] ] } },
{ "type": "Feature", "properties": { "h3_cell": "888b2c890dfffff", "lat": -17.350146154034835, "lon": -66.061977309202234, "population": 104, "query_count": 0, "expected_count": 22.41408915795267, "p_low": 0.18671325112845022, "pearson_residual": -0.64207727947226745, "gap_category": "esperado", "gtfs_covered": 0, "dist_stop_m": 2612.3494824933241, "in_test": false, "model_id": "B1", "model_date": "2026-09-27", "edge_cell": false, "queries_per_1000": 0.0 }, "geometry": { "type": "Polygon", "coordinates": [ [ [ -66.062622, -17.345267 ], [ -66.066574, -17.348417 ], [ -66.065929, -17.353297 ], [ -66.061332, -17.355026 ], [ -66.057381, -17.351875 ], [ -66.058026, -17.346995 ], [ -66.062622, -17.345267 ] ] ] } },
{ "type": "Feature", "properties": { "h3_cell": "888b2c8911fffff", "lat": -17.331739672897797, "lon": -66.086251267377477, "population": 31, "query_count": 0, "expected_count": 0.77791718946047683, "p_low": 0.64391346894397905, "pearson_residual": -0.52224456883378789, "gap_category": "esperado", "gtfs_covered": 0, "dist_stop_m": 4199.2638295048273, "in_test": false, "model_id": "B1", "model_date": "2026-09-27", "edge_cell": true, "queries_per_1000": 0.0 }, "geometry": { "type": "Polygon", "coordinates": [ [ [ -66.086896, -17.326859 ], [ -66.090849, -17.33001 ], [ -66.090204, -17.33489 ], [ -66.085606, -17.33662 ], [ -66.081654, -17.33347 ], [ -66.082299, -17.328589 ], [ -66.086896, -17.326859 ] ] ] } },
{ "type": "Feature", "properties": { "h3_cell": "888b2c8919fffff", "lat": -17.339770964754951, "lon": -66.089559019243637, "population": 11, "query_count": 0, "expected_count": 0.25848563968668409, "p_low": 0.81755717604694988, "pearson_residual": -0.40000938381903367, "gap_category": "esperado", "gtfs_covered": 0, "dist_stop_m": 3244.7127352879534, "in_test": false, "model_id": "B1", "model_date": "2026-09-27", "edge_cell": false, "queries_per_1000": 0.0 }, "geometry": { "type": "Polygon", "coordinates": [ [ [ -66.090204, -17.33489 ], [ -66.094157, -17.338041 ], [ -66.093512, -17.342922 ], [ -66.088914, -17.344651 ], [ -66.084962, -17.341501 ], [ -66.085606, -17.33662 ], [ -66.090204, -17.33489 ] ] ] } },
{ "type": "Feature", "properties": { "h3_cell": "888b2c891dfffff", "lat": -17.338349914811385, "lon": -66.08100930098405, "population": 21, "query_count": 1, "expected_count": 4.3511852502194905, "p_low": 0.49839926864422446, "pearson_residual": -0.47665103366302713, "gap_category": "esperado", "gtfs_covered": 0, "dist_stop_m": 3822.7247270367898, "in_test": false, "model_id": "B1", "model_date": "2026-09-27", "edge_cell": true, "queries_per_1000": 47.619047619047613 }, "geometry": { "type": "Polygon", "coordinates": [ [ [ -66.081654, -17.33347 ], [ -66.085606, -17.33662 ], [ -66.084962, -17.341501 ], [ -66.080364, -17.34323 ], [ -66.076412, -17.340079 ], [ -66.077057, -17.335199 ], [ -66.081654, -17.33347 ] ] ] } },
{ "type": "Feature", "properties": { "h3_cell": "888b2c8941fffff", "lat": -17.366206807557791, "lon": -66.068590515518366, "population": 40, "query_count": 1, "expected_count": 10.15068675823443, "p_low": 0.36207956896526539, "pearson_residual": -0.57249685679946682, "gap_category": "esperado", "gtfs_covered": 0, "dist_stop_m": 703.39898619546864, "in_test": false, "model_id": "B1", "model_date": "2026-09-27", "edge_cell": false, "queries_per_1000": 25.0 }, "geometry": { "type": "Polygon", "coordinates": [ [ [ -66.069236, -17.361327 ], [ -66.073188, -17.364478 ], [ -66.072543, -17.369358 ], [ -66.067945, -17.371086 ], [ -66.063994, -17.367935 ], [ -66.064639, -17.363056 ], [ -66.069236, -17.361327 ] ] ] } },
{ "type": "Feature", "properties": { "h3_cell": "888b2c8949fffff", "lat": -17.374237061155416, "lon": -66.07189755687719, "population": 1487, "query_count": 223, "expected_count": 481.4502406159769, "p_low": 0.53693312148334471, "pearson_residual": -0.34774002167572587, "gap_category": "esperado", "gtfs_covered": 1, "dist_stop_m": 31.834603129708757, "in_test": false, "model_id": "B1", "model_date": "2026-09-27", "edge_cell": false, "queries_per_1000": 149.96637525218563 }, "geometry": { "type": "Polygon", "coordinates": [ [ [ -66.072543, -17.369358 ], [ -66.076495, -17.372509 ], [ -66.07585, -17.377388 ], [ -66.071253, -17.379116 ], [ -66.0673, -17.375965 ], [ -66.067945, -17.371086 ], [ -66.072543, -17.369358 ] ] ] } },
{ "type": "Feature", "properties": { "h3_cell": "888b2c894bfffff", "lat": -17.367629382692193, "lon": -66.077139842397969, "population": 243, "query_count": 14, "expected_count": 110.13861386138615, "p_low": 0.33074800005279453, "pearson_residual": -0.56461221744153134, "gap_category": "esperado", "gtfs_covered": 0, "dist_stop_m": 733.12063183156386, "in_test": false, "model_id": "B1", "model_date": "2026-09-27", "edge_cell": false, "queries_per_1000": 57.613168724279838 }, "geometry": { "type": "Polygon", "coordinates": [ [ [ -66.077785, -17.36275 ], [ -66.081737, -17.365901 ], [ -66.081092, -17.37078 ], [ -66.076495, -17.372509 ], [ -66.072543, -17.369358 ], [ -66.073188, -17.364478 ], [ -66.077785, -17.36275 ] ] ] } },
{ "type": "Feature", "properties": { "h3_cell": "888b2c894dfffff", "lat": -17.372814043845068, "lon": -66.063348541624563, "population": 476, "query_count": 4, "expected_count": 79.906137184115522, "p_low": 0.23680826129543295, "pearson_residual": -0.61401205995090846, "gap_category": "esperado", "gtfs_covered": 0, "dist_stop_m": 593.69343484396825, "in_test": false, "model_id": "B1", "model_date": "2026-09-27", "edge_cell": false, "queries_per_1000": 8.4033613445378155 }, "geometry": { "type": "Polygon", "coordinates": [ [ [ -66.063994, -17.367935 ], [ -66.067945, -17.371086 ], [ -66.0673, -17.375965 ], [ -66.062703, -17.377693 ], [ -66.058752, -17.374542 ], [ -66.059397, -17.369663 ], [ -66.063994, -17.367935 ] ] ] } },
{ "type": "Feature", "properties": { "h3_cell": "888b2c8961fffff", "lat": -17.355331023667922, "lon": -66.048188762344424, "population": 26, "query_count": 0, "expected_count": 1.7963374028856827, "p_low": 0.49728120531278852, "pearson_residual": -0.58343929136331685, "gap_category": "esperado", "gtfs_covered": 0, "dist_stop_m": 2611.1619956355603, "in_test": false, "model_id": "B1", "model_date": "2026-09-27", "edge_cell": true, "queries_per_1000": 0.0 }, "geometry": { "type": "Polygon", "coordinates": [ [ [ -66.048834, -17.350452 ], [ -66.052785, -17.353603 ], [ -66.05214, -17.358482 ], [ -66.047544, -17.36021 ], [ -66.043593, -17.357059 ], [ -66.044238, -17.35218 ], [ -66.048834, -17.350452 ] ] ] } },
{ "type": "Feature", "properties": { "h3_cell": "888b2c8963fffff", "lat": -17.348723734108443, "lon": -66.053429922709213, "population": 233, "query_count": 0, "expected_count": 27.858201677394188, "p_low": 0.17067567492609587, "pearson_residual": -0.64323434388877543, "gap_category": "esperado", "gtfs_covered": 0, "dist_stop_m": 3211.2027549160325, "in_test": false, "model_id": "B1", "model_date": "2026-09-27", "edge_cell": true, "queries_per_1000": 0.0 }, "geometry": { "type": "Polygon", "coordinates": [ [ [ -66.054075, -17.343844 ], [ -66.058026, -17.346995 ], [ -66.057381, -17.351875 ], [ -66.052785, -17.353603 ], [ -66.048834, -17.350452 ], [ -66.049479, -17.345573 ], [ -66.054075, -17.343844 ] ] ] } },
{ "type": "Feature", "properties": { "h3_cell": "888b2c8967fffff", "lat": -17.347301071521159, "lon": -66.044883391131265, "population": 78, "query_count": 0, "expected_count": 5.388228792484111, "p_low": 0.33179904347063316, "pearson_residual": -0.62419471810012528, "gap_category": "esperado", "gtfs_covered": 0, "dist_stop_m": 3566.9969617084384, "in_test": false, "model_id": "B1", "model_date": "2026-09-27", "edge_cell": true, "queries_per_1000": 0.0 }, "geometry": { "type": "Polygon", "coordinates": [ [ [ -66.045529, -17.342422 ], [ -66.049479, -17.345573 ], [ -66.048834, -17.350452 ], [ -66.044238, -17.35218 ], [ -66.040288, -17.349029 ], [ -66.040933, -17.34415 ], [ -66.045529, -17.342422 ] ] ] } },
{ "type": "Feature", "properties": { "h3_cell": "888b2c896bfffff", "lat": -17.356753885794735, "lon": -66.05673583689169, "population": 35, "query_count": 7, "expected_count": 4.3696537678207736, "p_low": 0.80782424398027042, "pearson_residual": 0.37261160113956826, "gap_category": "esperado", "gtfs_covered": 0, "dist_stop_m": 2303.7906940439284, "in_test": false, "model_id": "B1", "model_date": "2026-09-27", "edge_cell": false, "queries_per_1000": 200.0 }, "geometry": { "type": "Polygon", "coordinates": [ [ [ -66.057381, -17.351875 ], [ -66.061332, -17.355026 ], [ -66.060687, -17.359905 ], [ -66.056091, -17.361633 ], [ -66.05214, -17.358482 ], [ -66.052785, -17.353603 ], [ -66.057381, -17.351875 ] ] ] } },
{ "type": "Feature", "properties": { "h3_cell": "888b2c89c9fffff", "lat": -17.327968831019689, "lon": -66.108594828557159, "population": 46, "query_count": 4, "expected_count": 0.73015873015873012, "p_low": 0.97056112552534313, "pearson_residual": 2.3123835748000494, "gap_category": "esperado", "gtfs_covered": 0, "dist_stop_m": 4268.3202385787999, "in_test": false, "model_id": "B1", "model_date": "2026-09-27", "edge_cell": true, "queries_per_1000": 86.956521739130437 }, "geometry": { "type": "Polygon", "coordinates": [ [ [ -66.109239, -17.323087 ], [ -66.113193, -17.326238 ], [ -66.112548, -17.331119 ], [ -66.10795, -17.33285 ], [ -66.103997, -17.3297 ], [ -66.104641, -17.324818 ], [ -66.109239, -17.323087 ] ] ] } },
{ "type": "Feature", "properties": { "h3_cell": "888b2c8a01fffff", "lat": -17.409707625785551, "lon": -66.150256321106639, "population": 4804, "query_count": 28314, "expected_count": 15381.584457142857, "p_low": 0.82530012999961322, "pearson_residual": 0.54486778976914396, "gap_category": "esperado", "gtfs_covered": 1, "dist_stop_m": 6.7645702321183991, "in_test": false, "model_id": "B1", "model_date": "2026-09-27", "edge_cell": false, "queries_per_1000": 5893.8384679433802 }, "geometry": { "type": "Polygon", "coordinates": [ [ [ -66.150901, -17.404827 ], [ -66.154858, -17.407978 ], [ -66.154213, -17.412859 ], [ -66.149612, -17.414588 ], [ -66.145655, -17.411437 ], [ -66.1463, -17.406557 ], [ -66.150901, -17.404827 ] ] ] } },
{ "type": "Feature", "properties": { "h3_cell": "888b2c8a03fffff", "lat": -17.403097155686417, "lon": -66.155501843171237, "population": 3914, "query_count": 79798, "expected_count": 31835.177800009093, "p_low": 0.88198604017241522, "pearson_residual": 0.97636695618835678, "gap_category": "esperado", "gtfs_covered": 1, "dist_stop_m": 15.042211062143824, "in_test": false, "model_id": "B1", "model_date": "2026-09-27", "edge_cell": false, "queries_per_1000": 20387.838528359734 }, "geometry": { "type": "Polygon", "coordinates": [ [ [ -66.156146, -17.398216 ], [ -66.160103, -17.401367 ], [ -66.159459, -17.406248 ], [ -66.154858, -17.407978 ], [ -66.150901, -17.404827 ], [ -66.151545, -17.399946 ], [ -66.156146, -17.398216 ] ] ] } },
{ "type": "Feature", "properties": { "h3_cell": "888b2c8a05fffff", "lat": -17.408285970470999, "lon": -66.141698849489217, "population": 1157, "query_count": 3551, "expected_count": 2392.0740091196071, "p_low": 0.78169857530010478, "pearson_residual": 0.31395070012112719, "gap_category": "esperado", "gtfs_covered": 1, "dist_stop_m": 150.98459661516262, "in_test": false, "model_id": "B1", "model_date": "2026-09-27", "edge_cell": false, "queries_per_1000": 3069.1443388072603 }, "geometry": { "type": "Polygon", "coordinates": [ [ [ -66.142343, -17.403406 ], [ -66.1463, -17.406557 ], [ -66.145655, -17.411437 ], [ -66.141054, -17.413166 ], [ -66.137098, -17.410015 ], [ -66.137743, -17.405135 ], [ -66.142343, -17.403406 ] ] ] } },
{ "type": "Feature", "properties": { "h3_cell": "888b2c8a07fffff", "lat": -17.401675942283131, "lon": -66.146944061692679, "population": 3082, "query_count": 25981, "expected_count": 27459.482182985554, "p_low": 0.68529336340001124, "pearson_residual": -0.034893048850110443, "gap_category": "esperado", "gtfs_covered": 1, "dist_stop_m": 9.597679421764223, "in_test": false, "model_id": "B1", "model_date": "2026-09-27", "edge_cell": false, "queries_per_1000": 8429.9156391953275 }, "geometry": { "type": "Polygon", "coordinates": [ [ [ -66.147588, -17.396795 ], [ -66.151545, -17.399946 ], [ -66.150901, -17.404827 ], [ -66.1463, -17.406557 ], [ -66.142343, -17.403406 ], [ -66.142988, -17.398525 ], [ -66.147588, -17.396795 ] ] ] } },
{ "type": "Feature", "properties": { "h3_cell": "888b2c8a09fffff", "lat": -17.417739257167753, "lon": -66.153568872769725, "population": 4863, "query_count": 10546, "expected_count": 1600.4941001381949, "p_low": 0.98585473585526162, "pearson_residual": 3.6216989077995381, "gap_category": "exceso", "gtfs_covered": 1, "dist_stop_m": 139.90347011055917, "in_test": false, "model_id": "B1", "model_date": "2026-09-27", "edge_cell": false, "queries_per_1000": 2168.620193296319 }, "geometry": { "type": "Polygon", "coordinates": [ [ [ -66.154213, -17.412859 ], [ -66.15817, -17.41601 ], [ -66.157526, -17.42089 ], [ -66.152925, -17.42262 ], [ -66.148968, -17.419469 ], [ -66.149612, -17.414588 ], [ -66.154213, -17.412859 ] ] ] } },
{ "type": "Feature", "properties": { "h3_cell": "888b2c8a0bfffff", "lat": -17.411129035624089, "lon": -66.158814645025643, "population": 3595, "query_count": 23163, "expected_count": 15570.218588821446, "p_low": 0.78212188370144031, "pearson_residual": 0.31602309202420087, "gap_category": "esperado", "gtfs_covered": 1, "dist_stop_m": 104.46442261165856, "in_test": false, "model_id": "B1", "model_date": "2026-09-27", "edge_cell": false, "queries_per_1000": 6443.1154381084843 }, "geometry": { "type": "Polygon", "coordinates": [ [ [ -66.159459, -17.406248 ], [ -66.163416, -17.409399 ], [ -66.162772, -17.41428 ], [ -66.15817, -17.41601 ], [ -66.154213, -17.412859 ], [ -66.154858, -17.407978 ], [ -66.159459, -17.406248 ] ] ] } },
{ "type": "Feature", "properties": { "h3_cell": "888b2c8a0dfffff", "lat": -17.416317405412666, "lon": -66.14501085865048, "population": 4843, "query_count": 6751, "expected_count": 2393.3170990816593, "p_low": 0.90116609517747726, "pearson_residual": 1.1798743666533884, "gap_category": "esperado", "gtfs_covered": 1, "dist_stop_m": 45.207800504196555, "in_test": false, "model_id": "B1", "model_date": "2026-09-27", "edge_cell": false, "queries_per_1000": 1393.9706793309931 }, "geometry": { "type": "Polygon", "coordinates": [ [ [ -66.145655, -17.411437 ], [ -66.149612, -17.414588 ], [ -66.148968, -17.419469 ], [ -66.144366, -17.421198 ], [ -66.14041, -17.418046 ], [ -66.141054, -17.413166 ], [ -66.145655, -17.411437 ] ] ] } },
{ "type": "Feature", "properties": { "h3_cell": "888b2c8a11fffff", "lat": -17.397906521480873, "lon": -66.169306367864806, "population": 4031, "query_count": 19494, "expected_count": 29246.860199456027, "p_low": 0.61043703195977861, "pearson_residual": -0.21610664406582247, "gap_category": "esperado", "gtfs_covered": 1, "dist_stop_m": 48.974287457362884, "in_test": false, "model_id": "B1", "model_date": "2026-09-27", "edge_cell": false, "queries_per_1000": 4836.0208385016122 }, "geometry": { "type": "Polygon", "coordinates": [ [ [ -66.169951, -17.393025 ], [ -66.173908, -17.396176 ], [ -66.173264, -17.401057 ], [ -66.168662, -17.402788 ], [ -66.164705, -17.399637 ], [ -66.165349, -17.394756 ], [ -66.169951, -17.393025 ] ] ] } },
{ "type": "Feature", "properties": { "h3_cell": "888b2c8a13fffff", "lat": -17.391294229358309, "lon": -66.174552318274152, "population": 4401, "query_count": 17293, "expected_count": 24834.238819948492, "p_low": 0.61964302458464471, "pearson_residual": -0.19679164526503298, "gap_category": "esperado", "gtfs_covered": 1, "dist_stop_m": 81.71984908288745, "in_test": false, "model_id": "B1", "model_date": "2026-09-27", "edge_cell": false, "queries_per_1000": 3929.3342422176779 }, "geometry": { "type": "Polygon", "coordinates": [ [ [ -66.175196, -17.386412 ], [ -66.179154, -17.389563 ], [ -66.17851, -17.394445 ], [ -66.173908, -17.396176 ], [ -66.169951, -17.393025 ], [ -66.170595, -17.388143 ], [ -66.175196, -17.386412 ] ] ] } },
{ "type": "Feature", "properties": { "h3_cell": "888b2c8a15fffff", "lat": -17.396485995353625, "lon": -66.160747424757304, "population": 4746, "query_count": 90464, "expected_count": 40565.84693877551, "p_low": 0.86153326710772582, "pearson_residual": 0.79715020609100984, "gap_category": "esperado", "gtfs_covered": 1, "dist_stop_m": 55.464486043860809, "in_test": false, "model_id": "B1", "model_date": "2026-09-27", "edge_cell": false, "queries_per_1000": 19061.104087652762 }, "geometry": { "type": "Polygon", "coordinates": [ [ [ -66.161392, -17.391605 ], [ -66.165349, -17.394756 ], [ -66.164705, -17.399637 ], [ -66.160103, -17.401367 ], [ -66.156146, -17.398216 ], [ -66.15679, -17.393335 ], [ -66.161392, -17.391605 ] ] ] } },
{ "type": "Feature", "properties": { "h3_cell": "888b2c8a17fffff", "lat": -17.38987414502564, "lon": -66.16599306577794, "population": 3953, "query_count": 25656, "expected_count": 32196.97171317285, "p_low": 0.64831431704195297, "pearson_residual": -0.13165668026270613, "gap_category": "esperado", "gtfs_covered": 1, "dist_stop_m": 128.21459321764334, "in_test": false, "model_id": "B1", "model_date": "2026-09-27", "edge_cell": false, "queries_per_1000": 6490.260561598785 }, "geometry": { "type": "Polygon", "coordinates": [ [ [ -66.166637, -17.384993 ], [ -66.170595, -17.388143 ], [ -66.169951, -17.393025 ], [ -66.165349, -17.394756 ], [ -66.161392, -17.391605 ], [ -66.162036, -17.386723 ], [ -66.166637, -17.384993 ] ] ] } },
{ "type": "Feature", "properties": { "h3_cell": "888b2c8a19fffff", "lat": -17.405938845997063, "lon": -66.172619962183234, "population": 4290, "query_count": 11093, "expected_count": 23286.362172112287, "p_low": 0.5419297117141505, "pearson_residual": -0.3393410482842007, "gap_category": "esperado", "gtfs_covered": 1, "dist_stop_m": 120.40428026904286, "in_test": false, "model_id": "B1", "model_date": "2026-09-27", "edge_cell": false, "queries_per_1000": 2585.7808857808859 }, "geometry": { "type": "Polygon", "coordinates": [ [ [ -66.173264, -17.401057 ], [ -66.177222, -17.404208 ], [ -66.176578, -17.40909 ], [ -66.171976, -17.41082 ], [ -66.168018, -17.407669 ], [ -66.168662, -17.402788 ], [ -66.173264, -17.401057 ] ] ] } },
{ "type": "Feature", "properties": { "h3_cell": "888b2c8a1bfffff", "lat": -17.39932680202903, "lon": -66.177866162622266, "population": 4499, "query_count": 9028, "expected_count": 18887.182151808091, "p_low": 0.54260363729808125, "pearson_residual": -0.33828861404496285, "gap_category": "esperado", "gtfs_covered": 1, "dist_stop_m": 159.17889932017462, "in_test": false, "model_id": "B1", "model_date": "2026-09-27", "edge_cell": false, "queries_per_1000": 2006.6681484774397 }, "geometry": { "type": "Polygon", "coordinates": [ [ [ -66.17851, -17.394445 ], [ -66.182468, -17.397596 ], [ -66.181824, -17.402478 ], [ -66.177222, -17.404208 ], [ -66.173264, -17.401057 ], [ -66.173908, -17.396176 ], [ -66.17851, -17.394445 ] ] ] } },
{ "type": "Feature", "properties": { "h3_cell": "888b2c8a1dfffff", "lat": -17.404518123648991, "lon": -66.164060476752994, "population": 3316, "query_count": 7648, "expected_count": 24059.188395285586, "p_low": 0.4659166183183624, "pearson_residual": -0.44205240250483802, "gap_category": "esperado", "gtfs_covered": 1, "dist_stop_m": 67.56693348113923, "in_test": false, "model_id": "B1", "model_date": "2026-09-27", "edge_cell": false, "queries_per_1000": 2306.3932448733417 }, "geometry": { "type": "Polygon", "coordinates": [ [ [ -66.164705, -17.399637 ], [ -66.168662, -17.402788 ], [ -66.168018, -17.407669 ], [ -66.163416, -17.409399 ], [ -66.159459, -17.406248 ], [ -66.160103, -17.401367 ], [ -66.164705, -17.399637 ] ] ] } },
{ "type": "Feature", "properties": { "h3_cell": "888b2c8a21fffff", "lat": -17.398832779849478, "lon": -66.129831056063068, "population": 370, "query_count": 71, "expected_count": 304.90611216131066, "p_low": 0.41450916046813624, "pearson_residual": -0.4968153750196993, "gap_category": "esperado", "gtfs_covered": 1, "dist_stop_m": 454.39448079422971, "in_test": false, "model_id": "B1", "model_date": "2026-09-27", "edge_cell": false, "queries_per_1000": 191.8918918918919 }, "geometry": { "type": "Polygon", "coordinates": [ [ [ -66.130476, -17.393952 ], [ -66.134431, -17.397103 ], [ -66.133787, -17.401984 ], [ -66.129187, -17.403713 ], [ -66.125231, -17.400562 ], [ -66.125876, -17.395682 ], [ -66.130476, -17.393952 ] ] ] } },
{ "type": "Feature", "properties": { "h3_cell": "888b2c8a23fffff", "lat": -17.392222945234519, "lon": -66.135075707881796, "population": 1327, "query_count": 3295, "expected_count": 2803.064380326522, "p_low": 0.73218903652931289, "pearson_residual": 0.1137263632882755, "gap_category": "esperado", "gtfs_covered": 1, "dist_stop_m": 141.61635345086751, "in_test": false, "model_id": "B1", "model_date": "2026-09-27", "edge_cell": false, "queries_per_1000": 2483.0444611906555 }, "geometry": { "type": "Polygon", "coordinates": [ [ [ -66.13572, -17.387342 ], [ -66.139676, -17.390493 ], [ -66.139032, -17.395374 ], [ -66.134431, -17.397103 ], [ -66.130476, -17.393952 ], [ -66.13112, -17.389072 ], [ -66.13572, -17.387342 ] ] ] } },
{ "type": "Feature", "properties": { "h3_cell": "888b2c8a25fffff", "lat": -17.397410831166678, "lon": -66.121275832420451, "population": 167, "query_count": 44, "expected_count": 72.427663966968396, "p_low": 0.5938280453853807, "pearson_residual": -0.25362942815459577, "gap_category": "esperado", "gtfs_covered": 0, "dist_stop_m": 643.86521334454756, "in_test": false, "model_id": "B1", "model_date": "2026-09-27", "edge_cell": false, "queries_per_1000": 263.4730538922156 }, "geometry": { "type": "Polygon", "coordinates": [ [ [ -66.12192, -17.392531 ], [ -66.125876, -17.395682 ], [ -66.125231, -17.400562 ], [ -66.120631, -17.402291 ], [ -66.116676, -17.39914 ], [ -66.117321, -17.39426 ], [ -66.12192, -17.392531 ] ] ] } },
{ "type": "Feature", "properties": { "h3_cell": "888b2c8a27fffff", "lat": -17.390801438528097, "lon": -66.126520173920383, "population": 37, "query_count": 5, "expected_count": 42.145744895896499, "p_low": 0.33237560015582751, "pearson_residual": -0.56835624231535697, "gap_category": "esperado", "gtfs_covered": 0, "dist_stop_m": 872.08072243279878, "in_test": false, "model_id": "B1", "model_date": "2026-09-27", "edge_cell": false, "queries_per_1000": 135.13513513513513 }, "geometry": { "type": "Polygon", "coordinates": [ [ [ -66.127165, -17.385921 ], [ -66.13112, -17.389072 ], [ -66.130476, -17.393952 ], [ -66.125876, -17.395682 ], [ -66.12192, -17.392531 ], [ -66.122565, -17.38765 ], [ -66.127165, -17.385921 ] ] ] } },
{ "type": "Feature", "properties": { "h3_cell": "888b2c8a29fffff", "lat": -17.406864069854279, "lon": -66.133142230427779, "population": 182, "query_count": 290, "expected_count": 104.61572832886506, "p_low": 0.89850385111357556, "pearson_residual": 1.1461049289710981, "gap_category": "esperado", "gtfs_covered": 1, "dist_stop_m": 435.05909127482761, "in_test": false, "model_id": "B1", "model_date": "2026-09-27", "edge_cell": false, "queries_per_1000": 1593.4065934065934 }, "geometry": { "type": "Polygon", "coordinates": [ [ [ -66.133787, -17.401984 ], [ -66.137743, -17.405135 ], [ -66.137098, -17.410015 ], [ -66.132498, -17.411744 ], [ -66.128542, -17.408593 ], [ -66.129187, -17.403713 ], [ -66.133787, -17.401984 ] ] ] } },
{ "type": "Feature", "properties": { "h3_cell": "888b2c8a2bfffff", "lat": -17.400254483612887, "lon": -66.13838713257185, "population": 1463, "query_count": 6447, "expected_count": 2468.7191011235955, "p_low": 0.88882451636491033, "pearson_residual": 1.044252001051956, "gap_category": "esperado", "gtfs_covered": 1, "dist_stop_m": 82.444917139288705, "in_test": false, "model_id": "B1", "model_date": "2026-09-27", "edge_cell": false, "queries_per_1000": 4406.6985645933019 }, "geometry": { "type": "Polygon", "coordinates": [ [ [ -66.139032, -17.395374 ], [ -66.142988, -17.398525 ], [ -66.142343, -17.403406 ], [ -66.137743, -17.405135 ], [ -66.133787, -17.401984 ], [ -66.134431, -17.397103 ], [ -66.139032, -17.395374 ] ] ] } },
{ "type": "Feature", "properties": { "h3_cell": "888b2c8a2dfffff", "lat": -17.405441924109212, "lon": -66.124586464176545, "population": 332, "query_count": 456, "expected_count": 129.62831173854187, "p_low": 0.93246612027807241, "pearson_residual": 1.6290285427984845, "gap_category": "esperado", "gtfs_covered": 1, "dist_stop_m": 382.65081517916241, "in_test": false, "model_id": "B1", "model_date": "2026-09-27", "edge_cell": false, "queries_per_1000": 1373.4939759036145 }, "geometry": { "type": "Polygon", "coordinates": [ [ [ -66.125231, -17.400562 ], [ -66.129187, -17.403713 ], [ -66.128542, -17.408593 ], [ -66.123942, -17.410322 ], [ -66.119987, -17.407171 ], [ -66.120631, -17.402291 ], [ -66.125231, -17.400562 ] ] ] } },
{ "type": "Feature", "properties": { "h3_cell": "888b2c8a31fffff", "lat": -17.387033240424103, "lon": -66.148877116159184, "population": 4160, "query_count": 77320, "expected_count": 51164.280052840164, "p_low": 0.78538596988845699, "pearson_residual": 0.33129624724363715, "gap_category": "esperado", "gtfs_covered": 1, "dist_stop_m": 53.121465806869544, "in_test": false, "model_id": "B1", "model_date": "2026-09-27", "edge_cell": false, "queries_per_1000": 18586.538461538461 }, "geometry": { "type": "Polygon", "coordinates": [ [ [ -66.149521, -17.382152 ], [ -66.153478, -17.385303 ], [ -66.152834, -17.390184 ], [ -66.148233, -17.391914 ], [ -66.144276, -17.388763 ], [ -66.144921, -17.383882 ], [ -66.149521, -17.382152 ] ] ] } },
{ "type": "Feature", "properties": { "h3_cell": "888b2c8a33fffff", "lat": -17.380421583953499, "lon": -66.154122197428691, "population": 3719, "query_count": 59564, "expected_count": 54592.015341701532, "p_low": 0.71609851970187466, "pearson_residual": 0.059022482192784699, "gap_category": "esperado", "gtfs_covered": 1, "dist_stop_m": 80.43193277454931, "in_test": false, "model_id": "B1", "model_date": "2026-09-27", "edge_cell": false, "queries_per_1000": 16016.133369185265 }, "geometry": { "type": "Polygon", "coordinates": [ [ [ -66.154766, -17.37554 ], [ -66.158723, -17.378691 ], [ -66.158079, -17.383572 ], [ -66.153478, -17.385303 ], [ -66.149521, -17.382152 ], [ -66.150166, -17.377271 ], [ -66.154766, -17.37554 ] ] ] } },
{ "type": "Feature", "properties": { "h3_cell": "888b2c8a35fffff", "lat": -17.385612420502571, "lon": -66.140320419545901, "population": 1339, "query_count": 8499, "expected_count": 8865.4810351320812, "p_low": 0.68814011579365786, "pearson_residual": -0.026789055454303559, "gap_category": "esperado", "gtfs_covered": 1, "dist_stop_m": 77.023088898086414, "in_test": false, "model_id": "B1", "model_date": "2026-09-27", "edge_cell": false, "queries_per_1000": 6347.2740851381632 }, "geometry": { "type": "Polygon", "coordinates": [ [ [ -66.140965, -17.380731 ], [ -66.144921, -17.383882 ], [ -66.144276, -17.388763 ], [ -66.139676, -17.390493 ], [ -66.13572, -17.387342 ], [ -66.136365, -17.382462 ], [ -66.140965, -17.380731 ] ] ] } },
{ "type": "Feature", "properties": { "h3_cell": "888b2c8a37fffff", "lat": -17.379001205892006, "lon": -66.145565190968512, "population": 4031, "query_count": 36418, "expected_count": 37389.128967712597, "p_low": 0.6915679705326444, "pearson_residual": -0.016832460715677563, "gap_category": "esperado", "gtfs_covered": 1, "dist_stop_m": 81.328423555603521, "in_test": false, "model_id": "B1", "model_date": "2026-09-27", "edge_cell": false, "queries_per_1000": 9034.4827586206902 }, "geometry": { "type": "Polygon", "coordinates": [ [ [ -66.14621, -17.37412 ], [ -66.150166, -17.377271 ], [ -66.149521, -17.382152 ], [ -66.144921, -17.383882 ], [ -66.140965, -17.380731 ], [ -66.141609, -17.37585 ], [ -66.14621, -17.37412 ] ] ] } },
{ "type": "Feature", "properties": { "h3_cell": "888b2c8a39fffff", "lat": -17.395065223820993, "lon": -66.152189333554588, "population": 4538, "query_count": 152201, "expected_count": 44308.904959935084, "p_low": 0.92940300181280189, "pearson_residual": 1.5780292123995399, "gap_category": "esperado", "gtfs_covered": 1, "dist_stop_m": 67.902212809471905, "in_test": false, "model_id": "B1", "model_date": "2026-09-27", "edge_cell": false, "queries_per_1000": 33539.224327897748 }, "geometry": { "type": "Polygon", "coordinates": [ [ [ -66.152834, -17.390184 ], [ -66.15679, -17.393335 ], [ -66.156146, -17.398216 ], [ -66.151545, -17.399946 ], [ -66.147588, -17.396795 ], [ -66.148233, -17.391914 ], [ -66.152834, -17.390184 ] ] ] } },
{ "type": "Feature", "properties": { "h3_cell": "888b2c8a3bfffff", "lat": -17.388453815323018, "lon": -66.157434664988045, "population": 4239, "query_count": 112387, "expected_count": 43906.677426428665, "p_low": 0.88550303647996598, "pearson_residual": 1.0107683493903794, "gap_category": "esperado", "gtfs_covered": 1, "dist_stop_m": 57.054316602233612, "in_test": false, "model_id": "B1", "model_date": "2026-09-27", "edge_cell": false, "queries_per_1000": 26512.620901155933 }, "geometry": { "type": "Polygon", "coordinates": [ [ [ -66.158079, -17.383572 ], [ -66.162036, -17.386723 ], [ -66.161392, -17.391605 ], [ -66.15679, -17.393335 ], [ -66.152834, -17.390184 ], [ -66.153478, -17.385303 ], [ -66.158079, -17.383572 ] ] ] } },
{ "type": "Feature", "properties": { "h3_cell": "888b2c8a3dfffff", "lat": -17.39364420705672, "lon": -66.143632094511275, "population": 3491, "query_count": 46197, "expected_count": 30328.435078155788, "p_low": 0.78702844326955457, "pearson_residual": 0.33908074756532902, "gap_category": "esperado", "gtfs_covered": 1, "dist_stop_m": 162.64660899130882, "in_test": false, "model_id": "B1", "model_date": "2026-09-27", "edge_cell": false, "queries_per_1000": 13233.171011171584 }, "geometry": { "type": "Polygon", "coordinates": [ [ [ -66.144276, -17.388763 ], [ -66.148233, -17.391914 ], [ -66.147588, -17.396795 ], [ -66.142988, -17.398525 ], [ -66.139032, -17.395374 ], [ -66.139676, -17.390493 ], [ -66.144276, -17.388763 ] ] ] } },
{ "type": "Feature", "properties": { "h3_cell": "888b2c8a41fffff", "lat": -17.432380117961966, "lon": -66.15163575377079, "population": 4759, "query_count": 4973, "expected_count": 2519.3205018228605, "p_low": 0.83884469033484532, "pearson_residual": 0.6311269186938917, "gap_category": "esperado", "gtfs_covered": 1, "dist_stop_m": 56.244782516167255, "in_test": false, "model_id": "B1", "model_date": "2026-09-27", "edge_cell": false, "queries_per_1000": 1044.9674301323807 }, "geometry": { "type": "Polygon", "coordinates": [ [ [ -66.15228, -17.4275 ], [ -66.156237, -17.430651 ], [ -66.155593, -17.435531 ], [ -66.150991, -17.43726 ], [ -66.147034, -17.434109 ], [ -66.147679, -17.429229 ], [ -66.15228, -17.4275 ] ] ] } },
{ "type": "Feature", "properties": { "h3_cell": "888b2c8a43fffff", "lat": -17.425770836033514, "lon": -66.15688171669845, "population": 4830, "query_count": 8012, "expected_count": 2317.9135191456107, "p_low": 0.93021724408703721, "pearson_residual": 1.5918640546241571, "gap_category": "esperado", "gtfs_covered": 1, "dist_stop_m": 38.063650998548923, "in_test": false, "model_id": "B1", "model_date": "2026-09-27", "edge_cell": false, "queries_per_1000": 1658.7991718426499 }, "geometry": { "type": "Polygon", "coordinates": [ [ [ -66.157526, -17.42089 ], [ -66.161483, -17.424042 ], [ -66.160839, -17.428922 ], [ -66.156237, -17.430651 ], [ -66.15228, -17.4275 ], [ -66.152925, -17.42262 ], [ -66.157526, -17.42089 ] ] ] } },
{ "type": "Feature", "properties": { "h3_cell": "888b2c8a45fffff", "lat": -17.430957628007889, "lon": -66.143077507019825, "population": 3576, "query_count": 551, "expected_count": 2204.5806235333553, "p_low": 0.42478814290141098, "pearson_residual": -0.4860450361731658, "gap_category": "esperado", "gtfs_covered": 1, "dist_stop_m": 66.934672109640417, "in_test": false, "model_id": "B1", "model_date": "2026-09-27", "edge_cell": false, "queries_per_1000": 154.08277404921699 }, "geometry": { "type": "Polygon", "coordinates": [ [ [ -66.143722, -17.426078 ], [ -66.147679, -17.429229 ], [ -66.147034, -17.434109 ], [ -66.142433, -17.435837 ], [ -66.138476, -17.432686 ], [ -66.139121, -17.427806 ], [ -66.143722, -17.426078 ] ] ] } },
{ "type": "Feature", "properties": { "h3_cell": "888b2c8a47fffff", "lat": -17.424348788041719, "lon": -66.148323160072138, "population": 4706, "query_count": 1894, "expected_count": 2538.0477077897872, "p_low": 0.63436719070729497, "pearson_residual": -0.16443748105941755, "gap_category": "esperado", "gtfs_covered": 1, "dist_stop_m": 25.585045722575373, "in_test": false, "model_id": "B1", "model_date": "2026-09-27", "edge_cell": false, "queries_per_1000": 402.46493837654054 }, "geometry": { "type": "Polygon", "coordinates": [ [ [ -66.148968, -17.419469 ], [ -66.152925, -17.42262 ], [ -66.15228, -17.4275 ], [ -66.147679, -17.429229 ], [ -66.143722, -17.426078 ], [ -66.144366, -17.421198 ], [ -66.148968, -17.419469 ] ] ] } },
{ "type": "Feature", "properties": { "h3_cell": "888b2c8a49fffff", "lat": -17.440411394777232, "lon": -66.154948639762949, "population": 4525, "query_count": 2326, "expected_count": 2287.7257030093738, "p_low": 0.70089060054701602, "pearson_residual": 0.0108413133616031, "gap_category": "esperado", "gtfs_covered": 1, "dist_stop_m": 75.914908280810238, "in_test": false, "model_id": "B1", "model_date": "2026-09-27", "edge_cell": false, "queries_per_1000": 514.03314917127079 }, "geometry": { "type": "Polygon", "coordinates": [ [ [ -66.155593, -17.435531 ], [ -66.159551, -17.438683 ], [ -66.158906, -17.443563 ], [ -66.154304, -17.445291 ], [ -66.150347, -17.44214 ], [ -66.150991, -17.43726 ], [ -66.155593, -17.435531 ] ] ] } },
{ "type": "Feature", "properties": { "h3_cell": "888b2c8a4bfffff", "lat": -17.433802361986608, "lon": -66.160194852909342, "population": 4512, "query_count": 4086, "expected_count": 1831.6735405893712, "p_low": 0.86159964647878173, "pearson_residual": 0.7975123917264707, "gap_category": "esperado", "gtfs_covered": 1, "dist_stop_m": 29.359650770976522, "in_test": false, "model_id": "B1", "model_date": "2026-09-27", "edge_cell": false, "queries_per_1000": 905.58510638297878 }, "geometry": { "type": "Polygon", "coordinates": [ [ [ -66.160839, -17.428922 ], [ -66.164797, -17.432073 ], [ -66.164153, -17.436954 ], [ -66.159551, -17.438683 ], [ -66.155593, -17.435531 ], [ -66.156237, -17.430651 ], [ -66.160839, -17.428922 ] ] ] } },
{ "type": "Feature", "properties": { "h3_cell": "888b2c8a4dfffff", "lat": -17.438988708785057, "lon": -66.146389850438339, "population": 4271, "query_count": 2935, "expected_count": 2828.878395061728, "p_low": 0.70525626314949308, "pearson_residual": 0.024309486323811677, "gap_category": "esperado", "gtfs_covered": 1, "dist_stop_m": 81.876211070882306, "in_test": false, "model_id": "B1", "model_date": "2026-09-27", "edge_cell": false, "queries_per_1000": 687.19269491922262 }, "geometry": { "type": "Polygon", "coordinates": [ [ [ -66.147034, -17.434109 ], [ -66.150991, -17.43726 ], [ -66.150347, -17.44214 ], [ -66.145745, -17.443868 ], [ -66.141789, -17.440717 ], [ -66.142433, -17.435837 ], [ -66.147034, -17.434109 ] ] ] } },
{ "type": "Feature", "properties": { "h3_cell": "888b2c8a51fffff", "lat": -17.420582223448722, "lon": -66.170687457489706, "population": 2581, "query_count": 2071, "expected_count": 862.52882496230143, "p_low": 0.87463847833874486, "pearson_residual": 0.90776922821456585, "gap_category": "esperado", "gtfs_covered": 1, "dist_stop_m": 81.870865029831634, "in_test": false, "model_id": "B1", "model_date": "2026-09-27", "edge_cell": false, "queries_per_1000": 802.40216970166603 }, "geometry": { "type": "Polygon", "coordinates": [ [ [ -66.171332, -17.415701 ], [ -66.17529, -17.418852 ], [ -66.174646, -17.423733 ], [ -66.170043, -17.425463 ], [ -66.166085, -17.422312 ], [ -66.16673, -17.417431 ], [ -66.171332, -17.415701 ] ] ] } },
{ "type": "Feature", "properties": { "h3_cell": "888b2c8a53fffff", "lat": -17.413971118177837, "lon": -66.175933848749722, "population": 1365, "query_count": 2225, "expected_count": 3611.5950515100822, "p_low": 0.59406266733867452, "pearson_residual": -0.24879625221751406, "gap_category": "esperado", "gtfs_covered": 1, "dist_stop_m": 158.51750501542278, "in_test": false, "model_id": "B1", "model_date": "2026-09-27", "edge_cell": false, "queries_per_1000": 1630.03663003663 }, "geometry": { "type": "Polygon", "coordinates": [ [ [ -66.176578, -17.40909 ], [ -66.180536, -17.412241 ], [ -66.179892, -17.417122 ], [ -66.17529, -17.418852 ], [ -66.171332, -17.415701 ], [ -66.171976, -17.41082 ], [ -66.176578, -17.40909 ] ] ] } },
{ "type": "Feature", "properties": { "h3_cell": "888b2c8a55fffff", "lat": -17.419160863237735, "lon": -66.162127739134377, "population": 4772, "query_count": 5132, "expected_count": 1681.8037371612422, "p_low": 0.91302410838018078, "pearson_residual": 1.3293298429722562, "gap_category": "esperado", "gtfs_covered": 1, "dist_stop_m": 91.503987868277832, "in_test": false, "model_id": "B1", "model_date": "2026-09-27", "edge_cell": false, "queries_per_1000": 1075.4400670578375 }, "geometry": { "type": "Polygon", "coordinates": [ [ [ -66.162772, -17.41428 ], [ -66.16673, -17.417431 ], [ -66.166085, -17.422312 ], [ -66.161483, -17.424042 ], [ -66.157526, -17.42089 ], [ -66.15817, -17.41601 ], [ -66.162772, -17.41428 ] ] ] } },
{ "type": "Feature", "properties": { "h3_cell": "888b2c8a57fffff", "lat": -17.412550199812802, "lon": -66.167373820991628, "population": 3920, "query_count": 9906, "expected_count": 13026.04814283437, "p_low": 0.6383407018184365, "pearson_residual": -0.1552244403994652, "gap_category": "esperado", "gtfs_covered": 1, "dist_stop_m": 230.43584170355766, "in_test": false, "model_id": "B1", "model_date": "2026-09-27", "edge_cell": false, "queries_per_1000": 2527.0408163265306 }, "geometry": { "type": "Polygon", "coordinates": [ [ [ -66.168018, -17.407669 ], [ -66.171976, -17.41082 ], [ -66.171332, -17.415701 ], [ -66.16673, -17.417431 ], [ -66.162772, -17.41428 ], [ -66.163416, -17.409399 ], [ -66.168018, -17.407669 ] ] ] } },
{ "type": "Feature", "properties": { "h3_cell": "888b2c8a59fffff", "lat": -17.428614194160431, "lon": -66.174001386263711, "population": 1203, "query_count": 322, "expected_count": 402.02331516065425, "p_low": 0.6497698116386792, "pearson_residual": -0.12893091180270164, "gap_category": "esperado", "gtfs_covered": 1, "dist_stop_m": 51.213101040336539, "in_test": false, "model_id": "B1", "model_date": "2026-09-27", "edge_cell": false, "queries_per_1000": 267.66417290108063 }, "geometry": { "type": "Polygon", "coordinates": [ [ [ -66.174646, -17.423733 ], [ -66.178604, -17.426884 ], [ -66.17796, -17.431765 ], [ -66.173357, -17.433495 ], [ -66.169399, -17.430344 ], [ -66.170043, -17.425463 ], [ -66.174646, -17.423733 ] ] ] } },
{ "type": "Feature", "properties": { "h3_cell": "888b2c8a5bfffff", "lat": -17.42200333762683, "lon": -66.179248027580755, "population": 592, "query_count": 637, "expected_count": 179.22031428868769, "p_low": 0.93377603716901736, "pearson_residual": 1.6534059582215463, "gap_category": "esperado", "gtfs_covered": 0, "dist_stop_m": 538.40253655541301, "in_test": false, "model_id": "B1", "model_date": "2026-09-27", "edge_cell": false, "queries_per_1000": 1076.0135135135135 }, "geometry": { "type": "Polygon", "coordinates": [ [ [ -66.179892, -17.417122 ], [ -66.183851, -17.420273 ], [ -66.183207, -17.425154 ], [ -66.178604, -17.426884 ], [ -66.174646, -17.423733 ], [ -66.17529, -17.418852 ], [ -66.179892, -17.417122 ] ] ] } },
{ "type": "Feature", "properties": { "h3_cell": "888b2c8a5dfffff", "lat": -17.427192638131071, "lon": -66.165441125513922, "population": 2802, "query_count": 1867, "expected_count": 987.51342655611927, "p_low": 0.83054921212691402, "pearson_residual": 0.57704855718997994, "gap_category": "esperado", "gtfs_covered": 1, "dist_stop_m": 16.845625450160963, "in_test": false, "model_id": "B1", "model_date": "2026-09-27", "edge_cell": false, "queries_per_1000": 666.30977872947892 }, "geometry": { "type": "Polygon", "coordinates": [ [ [ -66.166085, -17.422312 ], [ -66.170043, -17.425463 ], [ -66.169399, -17.430344 ], [ -66.164797, -17.432073 ], [ -66.160839, -17.428922 ], [ -66.161483, -17.424042 ], [ -66.166085, -17.422312 ] ] ] } },
{ "type": "Feature", "properties": { "h3_cell": "888b2c8a61fffff", "lat": -17.421503955071152, "lon": -66.131208604405231, "population": 3010, "query_count": 9502, "expected_count": 1087.0560747663551, "p_low": 0.99498246620125574, "pearson_residual": 5.0157269639247168, "gap_category": "exceso", "gtfs_covered": 1, "dist_stop_m": 70.362978244372002, "in_test": false, "model_id": "B1", "model_date": "2026-09-27", "edge_cell": false, "queries_per_1000": 3156.8106312292357 }, "geometry": { "type": "Polygon", "coordinates": [ [ [ -66.131853, -17.416624 ], [ -66.135809, -17.419775 ], [ -66.135165, -17.424655 ], [ -66.130564, -17.426384 ], [ -66.126608, -17.423232 ], [ -66.127253, -17.418353 ], [ -66.131853, -17.416624 ] ] ] } },
{ "type": "Feature", "properties": { "h3_cell": "888b2c8a63fffff", "lat": -17.41489530814636, "lon": -66.136453697031087, "population": 507, "query_count": 824, "expected_count": 174.74566301096709, "p_low": 0.96388525859812324, "pearson_residual": 2.4049478881573929, "gap_category": "exceso", "gtfs_covered": 1, "dist_stop_m": 297.69484726740518, "in_test": false, "model_id": "B1", "model_date": "2026-09-27", "edge_cell": false, "queries_per_1000": 1625.2465483234714 }, "geometry": { "type": "Polygon", "coordinates": [ [ [ -66.137098, -17.410015 ], [ -66.141054, -17.413166 ], [ -66.14041, -17.418046 ], [ -66.135809, -17.419775 ], [ -66.131853, -17.416624 ], [ -66.132498, -17.411744 ], [ -66.137098, -17.410015 ] ] ] } },
{ "type": "Feature", "properties": { "h3_cell": "888b2c8a65fffff", "lat": -17.420081170440262, "lon": -66.122652605873256, "population": 2893, "query_count": 2486, "expected_count": 1102.6344091786405, "p_low": 0.86352226983509295, "pearson_residual": 0.81290766959418892, "gap_category": "esperado", "gtfs_covered": 1, "dist_stop_m": 62.666594315397738, "in_test": false, "model_id": "B1", "model_date": "2026-09-27", "edge_cell": false, "queries_per_1000": 859.31558935361215 }, "geometry": { "type": "Polygon", "coordinates": [ [ [ -66.123297, -17.415202 ], [ -66.127253, -17.418353 ], [ -66.126608, -17.423232 ], [ -66.122008, -17.424961 ], [ -66.118053, -17.421809 ], [ -66.118697, -17.41693 ], [ -66.123297, -17.415202 ] ] ] } },
{ "type": "Feature", "properties": { "h3_cell": "888b2c8a67fffff", "lat": -17.413472965542727, "lon": -66.127897388165948, "population": 644, "query_count": 1238, "expected_count": 176.43467371643246, "p_low": 0.98849688622686704, "pearson_residual": 3.894619079536326, "gap_category": "exceso", "gtfs_covered": 1, "dist_stop_m": 172.3656137580235, "in_test": false, "model_id": "B1", "model_date": "2026-09-27", "edge_cell": false, "queries_per_1000": 1922.3602484472049 }, "geometry": { "type": "Polygon", "coordinates": [ [ [ -66.128542, -17.408593 ], [ -66.132498, -17.411744 ], [ -66.131853, -17.416624 ], [ -66.127253, -17.418353 ], [ -66.123297, -17.415202 ], [ -66.123942, -17.410322 ], [ -66.128542, -17.408593 ] ] ] } },
{ "type": "Feature", "properties": { "h3_cell": "888b2c8a69fffff", "lat": -17.429534892298381, "lon": -66.134520112910963, "population": 4505, "query_count": 1439, "expected_count": 2391.3561608396776, "p_low": 0.58922526441331491, "pearson_residual": -0.25806879040692821, "gap_category": "esperado", "gtfs_covered": 1, "dist_stop_m": 85.886730266294535, "in_test": false, "model_id": "B1", "model_date": "2026-09-27", "edge_cell": false, "queries_per_1000": 319.42286348501665 }, "geometry": { "type": "Polygon", "coordinates": [ [ [ -66.135165, -17.424655 ], [ -66.139121, -17.427806 ], [ -66.138476, -17.432686 ], [ -66.133876, -17.434414 ], [ -66.129919, -17.431263 ], [ -66.130564, -17.426384 ], [ -66.135165, -17.424655 ] ] ] } },
{ "type": "Feature", "properties": { "h3_cell": "888b2c8a6bfffff", "lat": -17.422926494329612, "lon": -66.139765455889602, "population": 4746, "query_count": 8160, "expected_count": 2531.8994617454823, "p_low": 0.92081007439089257, "pearson_residual": 1.4404489157550833, "gap_category": "esperado", "gtfs_covered": 1, "dist_stop_m": 80.979483054199676, "in_test": false, "model_id": "B1", "model_date": "2026-09-27", "edge_cell": false, "queries_per_1000": 1719.3426042983567 }, "geometry": { "type": "Polygon", "coordinates": [ [ [ -66.14041, -17.418046 ], [ -66.144366, -17.421198 ], [ -66.143722, -17.426078 ], [ -66.139121, -17.427806 ], [ -66.135165, -17.424655 ], [ -66.135809, -17.419775 ], [ -66.14041, -17.418046 ] ] ] } },
{ "type": "Feature", "properties": { "h3_cell": "888b2c8a6dfffff", "lat": -17.428111911007427, "lon": -66.125963571698492, "population": 5058, "query_count": 4303, "expected_count": 2214.7691579943235, "p_low": 0.83580348685010275, "pearson_residual": 0.61098050413664462, "gap_category": "esperado", "gtfs_covered": 1, "dist_stop_m": 16.513655109962041, "in_test": false, "model_id": "B1", "model_date": "2026-09-27", "edge_cell": false, "queries_per_1000": 850.73151443258212 }, "geometry": { "type": "Polygon", "coordinates": [ [ [ -66.126608, -17.423232 ], [ -66.130564, -17.426384 ], [ -66.129919, -17.431263 ], [ -66.125319, -17.432991 ], [ -66.121363, -17.42984 ], [ -66.122008, -17.424961 ], [ -66.126608, -17.423232 ] ] ] } },
{ "type": "Feature", "properties": { "h3_cell": "888b2c8a81fffff", "lat": -17.363419848537163, "lon": -66.186976222467436, "population": 4830, "query_count": 5929, "expected_count": 12991.435880089637, "p_low": 0.53351664293353074, "pearson_residual": -0.35229690800574293, "gap_category": "esperado", "gtfs_covered": 1, "dist_stop_m": 97.900327647350153, "in_test": false, "model_id": "B1", "model_date": "2026-09-27", "edge_cell": false, "queries_per_1000": 1227.536231884058 }, "geometry": { "type": "Polygon", "coordinates": [ [ [ -66.18762, -17.358537 ], [ -66.191578, -17.361688 ], [ -66.190934, -17.36657 ], [ -66.186332, -17.368303 ], [ -66.182374, -17.365152 ], [ -66.183018, -17.360269 ], [ -66.18762, -17.358537 ] ] ] } },
{ "type": "Feature", "properties": { "h3_cell": "888b2c8a83fffff", "lat": -17.356804551816129, "lon": -66.192222159356817, "population": 3605, "query_count": 3191, "expected_count": 1264.3093306288033, "p_low": 0.88315540775777912, "pearson_residual": 0.98742704276876625, "gap_category": "esperado", "gtfs_covered": 1, "dist_stop_m": 142.16287083962345, "in_test": false, "model_id": "B1", "model_date": "2026-09-27", "edge_cell": false, "queries_per_1000": 885.15950069348128 }, "geometry": { "type": "Polygon", "coordinates": [ [ [ -66.192866, -17.351921 ], [ -66.196824, -17.355072 ], [ -66.196181, -17.359955 ], [ -66.191578, -17.361688 ], [ -66.18762, -17.358537 ], [ -66.188264, -17.353654 ], [ -66.192866, -17.351921 ] ] ] } },
{ "type": "Feature", "properties": { "h3_cell": "888b2c8a85fffff", "lat": -17.362001285746079, "lon": -66.178416584699065, "population": 5097, "query_count": 19244, "expected_count": 49609.546689456642, "p_low": 0.50233715648800481, "pearson_residual": -0.39667286696351778, "gap_category": "esperado", "gtfs_covered": 1, "dist_stop_m": 57.425458316042473, "in_test": false, "model_id": "B1", "model_date": "2026-09-27", "edge_cell": false, "queries_per_1000": 3775.5542475966254 }, "geometry": { "type": "Polygon", "coordinates": [ [ [ -66.179061, -17.357119 ], [ -66.183018, -17.360269 ], [ -66.182374, -17.365152 ], [ -66.177773, -17.366884 ], [ -66.173815, -17.363733 ], [ -66.174459, -17.358851 ], [ -66.179061, -17.357119 ] ] ] } },
{ "type": "Feature", "properties": { "h3_cell": "888b2c8a87fffff", "lat": -17.355386430650377, "lon": -66.1836622126865, "population": 4024, "query_count": 14759, "expected_count": 1093.3930658356057, "p_low": 0.99945083392537415, "pearson_residual": 8.098185186846738, "gap_category": "exceso", "gtfs_covered": 1, "dist_stop_m": 16.307237879652376, "in_test": false, "model_id": "B1", "model_date": "2026-09-27", "edge_cell": false, "queries_per_1000": 3667.7435387673959 }, "geometry": { "type": "Polygon", "coordinates": [ [ [ -66.184306, -17.350503 ], [ -66.188264, -17.353654 ], [ -66.18762, -17.358537 ], [ -66.183018, -17.360269 ], [ -66.179061, -17.357119 ], [ -66.179705, -17.352236 ], [ -66.184306, -17.350503 ] ] ] } },
{ "type": "Feature", "properties": { "h3_cell": "888b2c8a89fffff", "lat": -17.371453215652064, "lon": -66.190290524417833, "population": 4791, "query_count": 9361, "expected_count": 14524.239251861882, "p_low": 0.60341076788085646, "pearson_residual": -0.23037803202763357, "gap_category": "esperado", "gtfs_covered": 1, "dist_stop_m": 67.602989244884895, "in_test": false, "model_id": "B1", "model_date": "2026-09-27", "edge_cell": false, "queries_per_1000": 1953.8718430390315 }, "geometry": { "type": "Polygon", "coordinates": [ [ [ -66.190934, -17.36657 ], [ -66.194893, -17.369721 ], [ -66.194249, -17.374604 ], [ -66.189647, -17.376336 ], [ -66.185688, -17.373185 ], [ -66.186332, -17.368303 ], [ -66.190934, -17.36657 ] ] ] } },
{ "type": "Feature", "properties": { "h3_cell": "888b2c8a8bfffff", "lat": -17.364838166100647, "lon": -66.19553671114771, "population": 3360, "query_count": 1711, "expected_count": 6716.3286713286716, "p_low": 0.4278248850415427, "pearson_residual": -0.48295377943353185, "gap_category": "esperado", "gtfs_covered": 1, "dist_stop_m": 23.462259192790135, "in_test": false, "model_id": "B1", "model_date": "2026-09-27", "edge_cell": false, "queries_per_1000": 509.22619047619042 }, "geometry": { "type": "Polygon", "coordinates": [ [ [ -66.196181, -17.359955 ], [ -66.200139, -17.363106 ], [ -66.199495, -17.367989 ], [ -66.194893, -17.369721 ], [ -66.190934, -17.36657 ], [ -66.191578, -17.361688 ], [ -66.196181, -17.359955 ] ] ] } },
{ "type": "Feature", "properties": { "h3_cell": "888b2c8a8dfffff", "lat": -17.37003445645783, "lon": -66.1817303445779, "population": 4759, "query_count": 19887, "expected_count": 35932.721492281664, "p_low": 0.571992197353687, "pearson_residual": -0.28939104507564728, "gap_category": "esperado", "gtfs_covered": 1, "dist_stop_m": 135.96551314951623, "in_test": false, "model_id": "B1", "model_date": "2026-09-27", "edge_cell": false, "queries_per_1000": 4178.8190796385788 }, "geometry": { "type": "Polygon", "coordinates": [ [ [ -66.182374, -17.365152 ], [ -66.186332, -17.368303 ], [ -66.185688, -17.373185 ], [ -66.181086, -17.374917 ], [ -66.177129, -17.371766 ], [ -66.177773, -17.366884 ], [ -66.182374, -17.365152 ] ] ] } },
{ "type": "Feature", "properties": { "h3_cell": "888b2c8a91fffff", "lat": -17.351606000959787, "lon": -66.206029261108682, "population": 2544, "query_count": 803, "expected_count": 2949.0440499671272, "p_low": 0.43910277598641939, "pearson_residual": -0.47156866292721206, "gap_category": "esperado", "gtfs_covered": 1, "dist_stop_m": 69.482328381639434, "in_test": false, "model_id": "B1", "model_date": "2026-09-27", "edge_cell": false, "queries_per_1000": 315.64465408805029 }, "geometry": { "type": "Polygon", "coordinates": [ [ [ -66.206673, -17.346722 ], [ -66.210632, -17.349873 ], [ -66.209988, -17.354756 ], [ -66.205386, -17.35649 ], [ -66.201427, -17.353339 ], [ -66.20207, -17.348456 ], [ -66.206673, -17.346722 ] ] ] } },
{ "type": "Feature", "properties": { "h3_cell": "888b2c8a93fffff", "lat": -17.344988885849567, "lon": -66.211275624165779, "population": 1228, "query_count": 2124, "expected_count": 2713.5176786149723, "p_low": 0.64454593507292346, "pearson_residual": -0.1407826251122852, "gap_category": "esperado", "gtfs_covered": 1, "dist_stop_m": 60.695902134936482, "in_test": false, "model_id": "B1", "model_date": "2026-09-27", "edge_cell": false, "queries_per_1000": 1729.6416938110751 }, "geometry": { "type": "Polygon", "coordinates": [ [ [ -66.211919, -17.340105 ], [ -66.215878, -17.343255 ], [ -66.215235, -17.348139 ], [ -66.210632, -17.349873 ], [ -66.206673, -17.346722 ], [ -66.207317, -17.341838 ], [ -66.211919, -17.340105 ] ] ] } },
{ "type": "Feature", "properties": { "h3_cell": "888b2c8a95fffff", "lat": -17.350188566534179, "lon": -66.197468155159086, "population": 2872, "query_count": 3643, "expected_count": 2243.4135776759686, "p_low": 0.80020320143766654, "pearson_residual": 0.40426692968730626, "gap_category": "esperado", "gtfs_covered": 1, "dist_stop_m": 192.89822634109709, "in_test": false, "model_id": "B1", "model_date": "2026-09-27", "edge_cell": false, "queries_per_1000": 1268.4540389972146 }, "geometry": { "type": "Polygon", "coordinates": [ [ [ -66.198112, -17.345305 ], [ -66.20207, -17.348456 ], [ -66.201427, -17.353339 ], [ -66.196824, -17.355072 ], [ -66.192866, -17.351921 ], [ -66.19351, -17.347038 ], [ -66.198112, -17.345305 ] ] ] } },
{ "type": "Feature", "properties": { "h3_cell": "888b2c8a97fffff", "lat": -17.343571892930917, "lon": -66.202714209787302, "population": 2778, "query_count": 3436, "expected_count": 2687.9013461017253, "p_low": 0.75015026421858433, "pearson_residual": 0.18035579837231544, "gap_category": "esperado", "gtfs_covered": 1, "dist_stop_m": 77.17948363698433, "in_test": false, "model_id": "B1", "model_date": "2026-09-27", "edge_cell": false, "queries_per_1000": 1236.8610511159109 }, "geometry": { "type": "Polygon", "coordinates": [ [ [ -66.203358, -17.338688 ], [ -66.207317, -17.341838 ], [ -66.206673, -17.346722 ], [ -66.20207, -17.348456 ], [ -66.198112, -17.345305 ], [ -66.198756, -17.340421 ], [ -66.203358, -17.338688 ] ] ] } },
{ "type": "Feature", "properties": { "h3_cell": "888b2c8a99fffff", "lat": -17.359640058398721, "lon": -66.209344604581588, "population": 2110, "query_count": 465, "expected_count": 544.66891133557795, "p_low": 0.66335820772544341, "pearson_residual": -0.094756150215227, "gap_category": "esperado", "gtfs_covered": 1, "dist_stop_m": 281.15190287843546, "in_test": false, "model_id": "B1", "model_date": "2026-09-27", "edge_cell": false, "queries_per_1000": 220.37914691943129 }, "geometry": { "type": "Polygon", "coordinates": [ [ [ -66.209988, -17.354756 ], [ -66.213948, -17.357907 ], [ -66.213304, -17.362791 ], [ -66.208701, -17.364524 ], [ -66.204742, -17.361373 ], [ -66.205386, -17.35649 ], [ -66.209988, -17.354756 ] ] ] } },
{ "type": "Feature", "properties": { "h3_cell": "888b2c8a9bfffff", "lat": -17.353023190056039, "lon": -66.214591217317121, "population": 809, "query_count": 217, "expected_count": 175.5638000620925, "p_low": 0.74337462604217919, "pearson_residual": 0.15277229064074568, "gap_category": "esperado", "gtfs_covered": 1, "dist_stop_m": 170.75628199947411, "in_test": false, "model_id": "B1", "model_date": "2026-09-27", "edge_cell": false, "queries_per_1000": 268.23238566131022 }, "geometry": { "type": "Polygon", "coordinates": [ [ [ -66.215235, -17.348139 ], [ -66.219194, -17.35129 ], [ -66.218551, -17.356174 ], [ -66.213948, -17.357907 ], [ -66.209988, -17.354756 ], [ -66.210632, -17.349873 ], [ -66.215235, -17.348139 ] ] ] } },
{ "type": "Feature", "properties": { "h3_cell": "888b2c8a9dfffff", "lat": -17.358222427790039, "lon": -66.200782956740326, "population": 2332, "query_count": 559, "expected_count": 2333.8654341836282, "p_low": 0.41778299306573258, "pearson_residual": -0.49279811088532038, "gap_category": "esperado", "gtfs_covered": 1, "dist_stop_m": 278.26980911851717, "in_test": false, "model_id": "B1", "model_date": "2026-09-27", "edge_cell": false, "queries_per_1000": 239.70840480274441 }, "geometry": { "type": "Polygon", "coordinates": [ [ [ -66.201427, -17.353339 ], [ -66.205386, -17.35649 ], [ -66.204742, -17.361373 ], [ -66.200139, -17.363106 ], [ -66.196181, -17.359955 ], [ -66.196824, -17.355072 ], [ -66.201427, -17.353339 ] ] ] } },
{ "type": "Feature", "properties": { "h3_cell": "888b2c8aa1fffff", "lat": -17.352549453436925, "lon": -66.166544872506293, "population": 4252, "query_count": 3932, "expected_count": 608.01151631477921, "p_low": 0.98497611920682504, "pearson_residual": 3.5417365121617337, "gap_category": "exceso", "gtfs_covered": 1, "dist_stop_m": 88.32492081162799, "in_test": false, "model_id": "B1", "model_date": "2026-09-27", "edge_cell": false, "queries_per_1000": 924.7412982126059 }, "geometry": { "type": "Polygon", "coordinates": [ [ [ -66.167189, -17.347667 ], [ -66.171146, -17.350817 ], [ -66.170502, -17.3557 ], [ -66.165901, -17.357432 ], [ -66.161944, -17.354281 ], [ -66.162588, -17.349399 ], [ -66.167189, -17.347667 ] ] ] } },
{ "type": "Feature", "properties": { "h3_cell": "888b2c8aa3fffff", "lat": -17.345934793014649, "lon": -66.17178994141814, "population": 3627, "query_count": 4876, "expected_count": 522.99, "p_low": 0.99618894711421413, "pearson_residual": 5.3918829674225845, "gap_category": "exceso", "gtfs_covered": 1, "dist_stop_m": 125.08510834074025, "in_test": false, "model_id": "B1", "model_date": "2026-09-27", "edge_cell": false, "queries_per_1000": 1344.3617314585056 }, "geometry": { "type": "Polygon", "coordinates": [ [ [ -66.172434, -17.341052 ], [ -66.176391, -17.344202 ], [ -66.175747, -17.349085 ], [ -66.171146, -17.350817 ], [ -66.167189, -17.347667 ], [ -66.167833, -17.342784 ], [ -66.172434, -17.341052 ] ] ] } },
{ "type": "Feature", "properties": { "h3_cell": "888b2c8aa5fffff", "lat": -17.351130597735995, "lon": -66.157987479506332, "population": 4148, "query_count": 2674, "expected_count": 593.14011516314781, "p_low": 0.95985312117198707, "pearson_residual": 2.2727429858468446, "gap_category": "exceso", "gtfs_covered": 1, "dist_stop_m": 20.268939914124395, "in_test": false, "model_id": "B1", "model_date": "2026-09-27", "edge_cell": false, "queries_per_1000": 644.64802314368376 }, "geometry": { "type": "Polygon", "coordinates": [ [ [ -66.158632, -17.346248 ], [ -66.162588, -17.349399 ], [ -66.161944, -17.354281 ], [ -66.157343, -17.356013 ], [ -66.153387, -17.352862 ], [ -66.154031, -17.34798 ], [ -66.158632, -17.346248 ] ] ] } },
{ "type": "Feature", "properties": { "h3_cell": "888b2c8aa7fffff", "lat": -17.344516379005018, "lon": -66.163232239057635, "population": 3420, "query_count": 938, "expected_count": 489.04030710172742, "p_low": 0.83337318311891928, "pearson_residual": 0.59469567261108436, "gap_category": "esperado", "gtfs_covered": 1, "dist_stop_m": 52.537449491031488, "in_test": false, "model_id": "B1", "model_date": "2026-09-27", "edge_cell": false, "queries_per_1000": 274.26900584795322 }, "geometry": { "type": "Polygon", "coordinates": [ [ [ -66.163876, -17.339634 ], [ -66.167833, -17.342784 ], [ -66.167189, -17.347667 ], [ -66.162588, -17.349399 ], [ -66.158632, -17.346248 ], [ -66.159276, -17.341366 ], [ -66.163876, -17.339634 ] ] ] } },
{ "type": "Feature", "properties": { "h3_cell": "888b2c8aa9fffff", "lat": -17.360582477900845, "lon": -66.16985779809778, "population": 4576, "query_count": 11564, "expected_count": 42177.681881051169, "p_low": 0.4401462823320455, "pearson_residual": -0.47038036361162289, "gap_category": "esperado", "gtfs_covered": 1, "dist_stop_m": 58.674737459564291, "in_test": false, "model_id": "B1", "model_date": "2026-09-27", "edge_cell": false, "queries_per_1000": 2527.0979020979021 }, "geometry": { "type": "Polygon", "coordinates": [ [ [ -66.170502, -17.3557 ], [ -66.174459, -17.358851 ], [ -66.173815, -17.363733 ], [ -66.169214, -17.365465 ], [ -66.165257, -17.362314 ], [ -66.165901, -17.357432 ], [ -66.170502, -17.3557 ] ] ] } },
{ "type": "Feature", "properties": { "h3_cell": "888b2c8aabfffff", "lat": -17.353968064466184, "lon": -66.17510311698463, "population": 4220, "query_count": 7758, "expected_count": 608.49677419354839, "p_low": 0.99922538925379034, "pearson_residual": 7.6117803798372092, "gap_category": "exceso", "gtfs_covered": 1, "dist_stop_m": 41.206210624833929, "in_test": false, "model_id": "B1", "model_date": "2026-09-27", "edge_cell": false, "queries_per_1000": 1838.3886255924172 }, "geometry": { "type": "Polygon", "coordinates": [ [ [ -66.175747, -17.349085 ], [ -66.179705, -17.352236 ], [ -66.179061, -17.357119 ], [ -66.174459, -17.358851 ], [ -66.170502, -17.3557 ], [ -66.171146, -17.350817 ], [ -66.175747, -17.349085 ] ] ] } },
{ "type": "Feature", "properties": { "h3_cell": "888b2c8aadfffff", "lat": -17.359163425174888, "lon": -66.161299862918511, "population": 5240, "query_count": 6446, "expected_count": 47931.728980831278, "p_low": 0.33191673988435177, "pearson_residual": -0.56090875114769723, "gap_category": "esperado", "gtfs_covered": 1, "dist_stop_m": 61.567162351804043, "in_test": false, "model_id": "B1", "model_date": "2026-09-27", "edge_cell": false, "queries_per_1000": 1230.1526717557251 }, "geometry": { "type": "Polygon", "coordinates": [ [ [ -66.161944, -17.354281 ], [ -66.165901, -17.357432 ], [ -66.165257, -17.362314 ], [ -66.160656, -17.364045 ], [ -66.156699, -17.360895 ], [ -66.157343, -17.356013 ], [ -66.161944, -17.354281 ] ] ] } },
{ "type": "Feature", "properties": { "h3_cell": "888b2c8ab1fffff", "lat": -17.340737171906568, "lon": -66.185593932232592, "population": 3335, "query_count": 957, "expected_count": 665.89608700792064, "p_low": 0.77499444886193503, "pearson_residual": 0.28321950148561204, "gap_category": "esperado", "gtfs_covered": 1, "dist_stop_m": 220.86854880893722, "in_test": false, "model_id": "B1", "model_date": "2026-09-27", "edge_cell": false, "queries_per_1000": 286.95652173913044 }, "geometry": { "type": "Polygon", "coordinates": [ [ [ -66.186238, -17.335854 ], [ -66.190196, -17.339004 ], [ -66.189552, -17.343888 ], [ -66.18495, -17.34562 ], [ -66.180992, -17.34247 ], [ -66.181636, -17.337587 ], [ -66.186238, -17.335854 ] ] ] } },
{ "type": "Feature", "properties": { "h3_cell": "888b2c8ab3fffff", "lat": -17.334120693260626, "lon": -66.190839428419849, "population": 2453, "query_count": 351, "expected_count": 538.55216746332621, "p_low": 0.60607300734131231, "pearson_residual": -0.2256022992574887, "gap_category": "esperado", "gtfs_covered": 1, "dist_stop_m": 224.47428685695894, "in_test": false, "model_id": "B1", "model_date": "2026-09-27", "edge_cell": false, "queries_per_1000": 143.09009376273951 }, "geometry": { "type": "Polygon", "coordinates": [ [ [ -66.191483, -17.329237 ], [ -66.195441, -17.332387 ], [ -66.194797, -17.337271 ], [ -66.190196, -17.339004 ], [ -66.186238, -17.335854 ], [ -66.186882, -17.33097 ], [ -66.191483, -17.329237 ] ] ] } },
{ "type": "Feature", "properties": { "h3_cell": "888b2c8ab5fffff", "lat": -17.339319444147424, "lon": -66.17703506956714, "population": 3549, "query_count": 1623, "expected_count": 422.42157772621806, "p_low": 0.94317632325992973, "pearson_residual": 1.8409718080943227, "gap_category": "esperado", "gtfs_covered": 1, "dist_stop_m": 21.408238453112947, "in_test": false, "model_id": "B1", "model_date": "2026-09-27", "edge_cell": false, "queries_per_1000": 457.31191885038038 }, "geometry": { "type": "Polygon", "coordinates": [ [ [ -66.177679, -17.334436 ], [ -66.181636, -17.337587 ], [ -66.180992, -17.34247 ], [ -66.176391, -17.344202 ], [ -66.172434, -17.341052 ], [ -66.173078, -17.336169 ], [ -66.177679, -17.334436 ] ] ] } },
{ "type": "Feature", "properties": { "h3_cell": "888b2c8ab7fffff", "lat": -17.332703407074725, "lon": -66.182280256866392, "population": 3422, "query_count": 424, "expected_count": 227.08409986859394, "p_low": 0.82823012911298044, "pearson_residual": 0.56145028550226039, "gap_category": "esperado", "gtfs_covered": 1, "dist_stop_m": 105.54264935655435, "in_test": false, "model_id": "B1", "model_date": "2026-09-27", "edge_cell": false, "queries_per_1000": 123.90414962010522 }, "geometry": { "type": "Polygon", "coordinates": [ [ [ -66.182924, -17.32782 ], [ -66.186882, -17.33097 ], [ -66.186238, -17.335854 ], [ -66.181636, -17.337587 ], [ -66.177679, -17.334436 ], [ -66.178323, -17.329553 ], [ -66.182924, -17.32782 ] ] ] } },
{ "type": "Feature", "properties": { "h3_cell": "888b2c8ab9fffff", "lat": -17.348770886952572, "lon": -66.18890789972393, "population": 3861, "query_count": 6371, "expected_count": 870.0485106382979, "p_low": 0.99009903397049925, "pearson_residual": 4.0964535927418773, "gap_category": "exceso", "gtfs_covered": 1, "dist_stop_m": 23.006834106944634, "in_test": false, "model_id": "B1", "model_date": "2026-09-27", "edge_cell": false, "queries_per_1000": 1650.0906500906501 }, "geometry": { "type": "Polygon", "coordinates": [ [ [ -66.189552, -17.343888 ], [ -66.19351, -17.347038 ], [ -66.192866, -17.351921 ], [ -66.188264, -17.353654 ], [ -66.184306, -17.350503 ], [ -66.18495, -17.34562 ], [ -66.189552, -17.343888 ] ] ] } },
{ "type": "Feature", "properties": { "h3_cell": "888b2c8abbfffff", "lat": -17.342154654892163, "lon": -66.194153645724413, "population": 2907, "query_count": 1237, "expected_count": 719.73383844555781, "p_low": 0.81172710110103063, "pearson_residual": 0.46562250102372016, "gap_category": "esperado", "gtfs_covered": 1, "dist_stop_m": 150.45583753188609, "in_test": false, "model_id": "B1", "model_date": "2026-09-27", "edge_cell": false, "queries_per_1000": 425.52459580323358 }, "geometry": { "type": "Polygon", "coordinates": [ [ [ -66.194797, -17.337271 ], [ -66.198756, -17.340421 ], [ -66.198112, -17.345305 ], [ -66.19351, -17.347038 ], [ -66.189552, -17.343888 ], [ -66.190196, -17.339004 ], [ -66.194797, -17.337271 ] ] ] } },
{ "type": "Feature", "properties": { "h3_cell": "888b2c8abdfffff", "lat": -17.347352962388282, "lon": -66.180348495058553, "population": 4362, "query_count": 3237, "expected_count": 839.84424012979991, "p_low": 0.94354333564689297, "pearson_residual": 1.8493002576116049, "gap_category": "esperado", "gtfs_covered": 1, "dist_stop_m": 20.82424990942717, "in_test": false, "model_id": "B1", "model_date": "2026-09-27", "edge_cell": false, "queries_per_1000": 742.09078404401657 }, "geometry": { "type": "Polygon", "coordinates": [ [ [ -66.180992, -17.34247 ], [ -66.18495, -17.34562 ], [ -66.184306, -17.350503 ], [ -66.179705, -17.352236 ], [ -66.175747, -17.349085 ], [ -66.176391, -17.344202 ], [ -66.180992, -17.34247 ] ] ] } },
{ "type": "Feature", "properties": { "h3_cell": "888b2c8ac1fffff", "lat": -17.386100644590858, "lon": -66.188358740894685, "population": 4447, "query_count": 12296, "expected_count": 9461.1986657665893, "p_low": 0.75365248428070752, "pearson_residual": 0.19417142381916772, "gap_category": "esperado", "gtfs_covered": 1, "dist_stop_m": 18.980977560150961, "in_test": false, "model_id": "B1", "model_date": "2026-09-27", "edge_cell": false, "queries_per_1000": 2765.0101191814706 }, "geometry": { "type": "Polygon", "coordinates": [ [ [ -66.189003, -17.381218 ], [ -66.192961, -17.384369 ], [ -66.192317, -17.389251 ], [ -66.187715, -17.390983 ], [ -66.183756, -17.387832 ], [ -66.1844, -17.38295 ], [ -66.189003, -17.381218 ] ] ] } },
{ "type": "Feature", "properties": { "h3_cell": "888b2c8ac3fffff", "lat": -17.379486531598527, "lon": -66.193605118554117, "population": 4362, "query_count": 6882, "expected_count": 7739.926463912846, "p_low": 0.67188853049247155, "pearson_residual": -0.071832326894830184, "gap_category": "esperado", "gtfs_covered": 1, "dist_stop_m": 76.166139934630309, "in_test": false, "model_id": "B1", "model_date": "2026-09-27", "edge_cell": false, "queries_per_1000": 1577.716643741403 }, "geometry": { "type": "Polygon", "coordinates": [ [ [ -66.194249, -17.374604 ], [ -66.198208, -17.377755 ], [ -66.197564, -17.382637 ], [ -66.192961, -17.384369 ], [ -66.189003, -17.381218 ], [ -66.189647, -17.376336 ], [ -66.194249, -17.374604 ] ] ] } },
{ "type": "Feature", "properties": { "h3_cell": "888b2c8ac5fffff", "lat": -17.384681247520025, "lon": -66.179798327894076, "population": 4154, "query_count": 28700, "expected_count": 15030.853048246625, "p_low": 0.83243864442240911, "pearson_residual": 0.58934581496757377, "gap_category": "esperado", "gtfs_covered": 1, "dist_stop_m": 62.226487277234476, "in_test": false, "model_id": "B1", "model_date": "2026-09-27", "edge_cell": false, "queries_per_1000": 6909.0033702455466 }, "geometry": { "type": "Polygon", "coordinates": [ [ [ -66.180442, -17.379799 ], [ -66.1844, -17.38295 ], [ -66.183756, -17.387832 ], [ -66.179154, -17.389563 ], [ -66.175196, -17.386412 ], [ -66.17584, -17.38153 ], [ -66.180442, -17.379799 ] ] ] } },
{ "type": "Feature", "properties": { "h3_cell": "888b2c8ac7fffff", "lat": -17.378067576204927, "lon": -66.185044396637608, "population": 4707, "query_count": 15319, "expected_count": 14011.297253293937, "p_low": 0.71654965170383034, "pearson_residual": 0.060484301263055901, "gap_category": "esperado", "gtfs_covered": 1, "dist_stop_m": 71.995030538989255, "in_test": false, "model_id": "B1", "model_date": "2026-09-27", "edge_cell": false, "queries_per_1000": 3254.5145527937116 }, "geometry": { "type": "Polygon", "coordinates": [ [ [ -66.185688, -17.373185 ], [ -66.189647, -17.376336 ], [ -66.189003, -17.381218 ], [ -66.1844, -17.38295 ], [ -66.180442, -17.379799 ], [ -66.181086, -17.374917 ], [ -66.185688, -17.373185 ] ] ] } },
{ "type": "Feature", "properties": { "h3_cell": "888b2c8ac9fffff", "lat": -17.394133661219108, "lon": -66.191673377365547, "population": 5084, "query_count": 9204, "expected_count": 6958.0264408793819, "p_low": 0.75741172661043277, "pearson_residual": 0.20918182393078749, "gap_category": "esperado", "gtfs_covered": 1, "dist_stop_m": 121.68308780334711, "in_test": false, "model_id": "B1", "model_date": "2026-09-27", "edge_cell": false, "queries_per_1000": 1810.3855232100707 }, "geometry": { "type": "Polygon", "coordinates": [ [ [ -66.192317, -17.389251 ], [ -66.196276, -17.392402 ], [ -66.195632, -17.397284 ], [ -66.191029, -17.399016 ], [ -66.187071, -17.395865 ], [ -66.187715, -17.390983 ], [ -66.192317, -17.389251 ] ] ] } },
{ "type": "Feature", "properties": { "h3_cell": "888b2c8acbfffff", "lat": -17.387519795979994, "lon": -66.196920004892775, "population": 3979, "query_count": 7760, "expected_count": 5585.459150388062, "p_low": 0.76779908466337654, "pearson_residual": 0.25229628219629258, "gap_category": "esperado", "gtfs_covered": 1, "dist_stop_m": 56.896000241968807, "in_test": false, "model_id": "B1", "model_date": "2026-09-27", "edge_cell": false, "queries_per_1000": 1950.2387534556419 }, "geometry": { "type": "Polygon", "coordinates": [ [ [ -66.197564, -17.382637 ], [ -66.201523, -17.385788 ], [ -66.200879, -17.390671 ], [ -66.196276, -17.392402 ], [ -66.192317, -17.389251 ], [ -66.192961, -17.384369 ], [ -66.197564, -17.382637 ] ] ] } },
{ "type": "Feature", "properties": { "h3_cell": "888b2c8acdfffff", "lat": -17.392714068147349, "lon": -66.18311242222174, "population": 3783, "query_count": 20589, "expected_count": 9203.9118611941394, "p_low": 0.8620950836497463, "pearson_residual": 0.80162734826298598, "gap_category": "esperado", "gtfs_covered": 1, "dist_stop_m": 58.498469030281548, "in_test": false, "model_id": "B1", "model_date": "2026-09-27", "edge_cell": false, "queries_per_1000": 5442.5059476605875 }, "geometry": { "type": "Polygon", "coordinates": [ [ [ -66.183756, -17.387832 ], [ -66.187715, -17.390983 ], [ -66.187071, -17.395865 ], [ -66.182468, -17.397596 ], [ -66.17851, -17.394445 ], [ -66.179154, -17.389563 ], [ -66.183756, -17.387832 ] ] ] } },
{ "type": "Feature", "properties": { "h3_cell": "888b2c8ad1fffff", "lat": -17.374289997556652, "lon": -66.207413436408217, "population": 1914, "query_count": 772, "expected_count": 3179.8471156578576, "p_low": 0.41994441863330001, "pearson_residual": -0.49069595448158493, "gap_category": "esperado", "gtfs_covered": 1, "dist_stop_m": 99.166067594308174, "in_test": false, "model_id": "B1", "model_date": "2026-09-27", "edge_cell": false, "queries_per_1000": 403.34378265412744 }, "geometry": { "type": "Polygon", "coordinates": [ [ [ -66.208057, -17.369407 ], [ -66.212017, -17.372557 ], [ -66.211373, -17.377441 ], [ -66.20677, -17.379173 ], [ -66.20281, -17.376022 ], [ -66.203454, -17.371139 ], [ -66.208057, -17.369407 ] ] ] } },
{ "type": "Feature", "properties": { "h3_cell": "888b2c8ad3fffff", "lat": -17.367674064851027, "lon": -66.212660240222405, "population": 1539, "query_count": 650, "expected_count": 789.79726890756297, "p_low": 0.6554099025206831, "pearson_residual": -0.11467958326295374, "gap_category": "esperado", "gtfs_covered": 1, "dist_stop_m": 1.2446334118462574, "in_test": false, "model_id": "B1", "model_date": "2026-09-27", "edge_cell": false, "queries_per_1000": 422.35217673814162 }, "geometry": { "type": "Polygon", "coordinates": [ [ [ -66.213304, -17.362791 ], [ -66.217263, -17.365941 ], [ -66.21662, -17.370825 ], [ -66.212017, -17.372557 ], [ -66.208057, -17.369407 ], [ -66.208701, -17.364524 ], [ -66.213304, -17.362791 ] ] ] } },
{ "type": "Feature", "properties": { "h3_cell": "888b2c8ad5fffff", "lat": -17.372871729409503, "lon": -66.19885155511308, "population": 2591, "query_count": 1521, "expected_count": 4040.9497625593599, "p_low": 0.49676955324846095, "pearson_residual": -0.40411442369979828, "gap_category": "esperado", "gtfs_covered": 1, "dist_stop_m": 125.23058170536628, "in_test": false, "model_id": "B1", "model_date": "2026-09-27", "edge_cell": false, "queries_per_1000": 587.03203396372066 }, "geometry": { "type": "Polygon", "coordinates": [ [ [ -66.199495, -17.367989 ], [ -66.203454, -17.371139 ], [ -66.20281, -17.376022 ], [ -66.198208, -17.377755 ], [ -66.194249, -17.374604 ], [ -66.194893, -17.369721 ], [ -66.199495, -17.367989 ] ] ] } },
{ "type": "Feature", "properties": { "h3_cell": "888b2c8ad7fffff", "lat": -17.36625623826308, "lon": -66.204098050484561, "population": 2115, "query_count": 645, "expected_count": 2601.6821458725726, "p_low": 0.42341900931633192, "pearson_residual": -0.4873595516916287, "gap_category": "esperado", "gtfs_covered": 1, "dist_stop_m": 111.47028204130889, "in_test": false, "model_id": "B1", "model_date": "2026-09-27", "edge_cell": false, "queries_per_1000": 304.96453900709218 }, "geometry": { "type": "Polygon", "coordinates": [ [ [ -66.204742, -17.361373 ], [ -66.208701, -17.364524 ], [ -66.208057, -17.369407 ], [ -66.203454, -17.371139 ], [ -66.199495, -17.367989 ], [ -66.200139, -17.363106 ], [ -66.204742, -17.361373 ] ] ] } },
{ "type": "Feature", "properties": { "h3_cell": "888b2c8ad9fffff", "lat": -17.382323705274079, "lon": -66.210729114527709, "population": 2425, "query_count": 2528, "expected_count": 5363.4960353568176, "p_low": 0.53987025993223769, "pearson_residual": -0.34259621856503397, "gap_category": "esperado", "gtfs_covered": 1, "dist_stop_m": 109.70110540163311, "in_test": false, "model_id": "B1", "model_date": "2026-09-27", "edge_cell": false, "queries_per_1000": 1042.4742268041236 }, "geometry": { "type": "Polygon", "coordinates": [ [ [ -66.211373, -17.377441 ], [ -66.215332, -17.380591 ], [ -66.214689, -17.385474 ], [ -66.210085, -17.387207 ], [ -66.206126, -17.384056 ], [ -66.20677, -17.379173 ], [ -66.211373, -17.377441 ] ] ] } },
{ "type": "Feature", "properties": { "h3_cell": "888b2c8adbfffff", "lat": -17.37570801991999, "lon": -66.215976168047561, "population": 1156, "query_count": 337, "expected_count": 941.70151724137929, "p_low": 0.48768756741495567, "pearson_residual": -0.41605376096855884, "gap_category": "esperado", "gtfs_covered": 1, "dist_stop_m": 370.31203253214915, "in_test": false, "model_id": "B1", "model_date": "2026-09-27", "edge_cell": false, "queries_per_1000": 291.52249134948102 }, "geometry": { "type": "Polygon", "coordinates": [ [ [ -66.21662, -17.370825 ], [ -66.22058, -17.373975 ], [ -66.219936, -17.378859 ], [ -66.215332, -17.380591 ], [ -66.211373, -17.377441 ], [ -66.212017, -17.372557 ], [ -66.21662, -17.370825 ] ] ] } },
{ "type": "Feature", "properties": { "h3_cell": "888b2c8addfffff", "lat": -17.380905241346099, "lon": -66.202166691269341, "population": 3550, "query_count": 3734, "expected_count": 6353.1765941310305, "p_low": 0.58431701811826864, "pearson_residual": -0.26716403072824113, "gap_category": "esperado", "gtfs_covered": 1, "dist_stop_m": 16.011862167502514, "in_test": false, "model_id": "B1", "model_date": "2026-09-27", "edge_cell": false, "queries_per_1000": 1051.8309859154931 }, "geometry": { "type": "Polygon", "coordinates": [ [ [ -66.20281, -17.376022 ], [ -66.20677, -17.379173 ], [ -66.206126, -17.384056 ], [ -66.201523, -17.385788 ], [ -66.197564, -17.382637 ], [ -66.198208, -17.377755 ], [ -66.20281, -17.376022 ] ] ] } },
{ "type": "Feature", "properties": { "h3_cell": "888b2c8ae1fffff", "lat": -17.375228929173872, "lon": -66.167925506221948, "population": 5019, "query_count": 23705, "expected_count": 66122.063511525252, "p_low": 0.48767537554347357, "pearson_residual": -0.41572994658439932, "gap_category": "esperado", "gtfs_covered": 1, "dist_stop_m": 116.3761852501369, "in_test": false, "model_id": "B1", "model_date": "2026-09-27", "edge_cell": false, "queries_per_1000": 4723.0524008766688 }, "geometry": { "type": "Polygon", "coordinates": [ [ [ -66.16857, -17.370347 ], [ -66.172527, -17.373498 ], [ -66.171883, -17.37838 ], [ -66.167281, -17.380111 ], [ -66.163324, -17.37696 ], [ -66.163968, -17.372078 ], [ -66.16857, -17.370347 ] ] ] } },
{ "type": "Feature", "properties": { "h3_cell": "888b2c8ae3fffff", "lat": -17.368615452000309, "lon": -66.173171015848581, "population": 4557, "query_count": 30653, "expected_count": 60035.513732221676, "p_low": 0.55571146924591008, "pearson_residual": -0.31717407727042446, "gap_category": "esperado", "gtfs_covered": 1, "dist_stop_m": 81.199091794697452, "in_test": false, "model_id": "B1", "model_date": "2026-09-27", "edge_cell": false, "queries_per_1000": 6726.5745007680498 }, "geometry": { "type": "Polygon", "coordinates": [ [ [ -66.173815, -17.363733 ], [ -66.177773, -17.366884 ], [ -66.177129, -17.371766 ], [ -66.172527, -17.373498 ], [ -66.16857, -17.370347 ], [ -66.169214, -17.365465 ], [ -66.173815, -17.363733 ] ] ] } },
{ "type": "Feature", "properties": { "h3_cell": "888b2c8ae5fffff", "lat": -17.373809237883535, "lon": -66.159367338232897, "population": 4824, "query_count": 91924, "expected_count": 74715.365635260168, "p_low": 0.74194301947653707, "pearson_residual": 0.149263543700483, "gap_category": "esperado", "gtfs_covered": 1, "dist_stop_m": 116.62875089390138, "in_test": false, "model_id": "B1", "model_date": "2026-09-27", "edge_cell": false, "queries_per_1000": 19055.555555555558 }, "geometry": { "type": "Polygon", "coordinates": [ [ [ -66.160012, -17.368927 ], [ -66.163968, -17.372078 ], [ -66.163324, -17.37696 ], [ -66.158723, -17.378691 ], [ -66.154766, -17.37554 ], [ -66.155411, -17.370658 ], [ -66.160012, -17.368927 ] ] ] } },
{ "type": "Feature", "properties": { "h3_cell": "888b2c8ae7fffff", "lat": -17.367196202452995, "lon": -66.164612538484889, "population": 4603, "query_count": 30336, "expected_count": 61736.143084520256, "p_low": 0.54806530356483107, "pearson_residual": -0.3296166519113598, "gap_category": "esperado", "gtfs_covered": 1, "dist_stop_m": 53.999844279106433, "in_test": false, "model_id": "B1", "model_date": "2026-09-27", "edge_cell": false, "queries_per_1000": 6590.484466652184 }, "geometry": { "type": "Polygon", "coordinates": [ [ [ -66.165257, -17.362314 ], [ -66.169214, -17.365465 ], [ -66.16857, -17.370347 ], [ -66.163968, -17.372078 ], [ -66.160012, -17.368927 ], [ -66.160656, -17.364045 ], [ -66.165257, -17.362314 ] ] ] } },
{ "type": "Feature", "properties": { "h3_cell": "888b2c8ae9fffff", "lat": -17.383261604941115, "lon": -66.171238766146217, "population": 4876, "query_count": 23013, "expected_count": 55023.257266459375, "p_low": 0.51661766359126937, "pearson_residual": -0.3770159281262605, "gap_category": "esperado", "gtfs_covered": 1, "dist_stop_m": 48.714265166610126, "in_test": false, "model_id": "B1", "model_date": "2026-09-27", "edge_cell": false, "queries_per_1000": 4719.6472518457758 }, "geometry": { "type": "Polygon", "coordinates": [ [ [ -66.171883, -17.37838 ], [ -66.17584, -17.38153 ], [ -66.175196, -17.386412 ], [ -66.170595, -17.388143 ], [ -66.166637, -17.384993 ], [ -66.167281, -17.380111 ], [ -66.171883, -17.37838 ] ] ] } },
{ "type": "Feature", "properties": { "h3_cell": "888b2c8aebfffff", "lat": -17.376648375338853, "lon": -66.176484525775194, "population": 4934, "query_count": 19445, "expected_count": 48893.709984013949, "p_low": 0.50703532923946049, "pearson_residual": -0.39032817885800392, "gap_category": "esperado", "gtfs_covered": 1, "dist_stop_m": 36.102812783543875, "in_test": false, "model_id": "B1", "model_date": "2026-09-27", "edge_cell": false, "queries_per_1000": 3941.0214835832999 }, "geometry": { "type": "Polygon", "coordinates": [ [ [ -66.177129, -17.371766 ], [ -66.181086, -17.374917 ], [ -66.180442, -17.379799 ], [ -66.17584, -17.38153 ], [ -66.171883, -17.37838 ], [ -66.172527, -17.373498 ], [ -66.177129, -17.371766 ] ] ] } },
{ "type": "Feature", "properties": { "h3_cell": "888b2c8aedfffff", "lat": -17.381841717027729, "lon": -66.162680055906137, "population": 3732, "query_count": 47740, "expected_count": 61914.979766602308, "p_low": 0.6412789855968164, "pearson_residual": -0.14836919044153812, "gap_category": "esperado", "gtfs_covered": 1, "dist_stop_m": 37.940747754184507, "in_test": false, "model_id": "B1", "model_date": "2026-09-27", "edge_cell": false, "queries_per_1000": 12792.068595927116 }, "geometry": { "type": "Polygon", "coordinates": [ [ [ -66.163324, -17.37696 ], [ -66.167281, -17.380111 ], [ -66.166637, -17.384993 ], [ -66.162036, -17.386723 ], [ -66.158079, -17.383572 ], [ -66.158723, -17.378691 ], [ -66.163324, -17.37696 ] ] ] } },
{ "type": "Feature", "properties": { "h3_cell": "888b2c8b01fffff", "lat": -17.399750893322128, "lon": -66.090371932351005, "population": 694, "query_count": 30, "expected_count": 432.03699854500104, "p_low": 0.25586439520300569, "pearson_residual": -0.60277132051628857, "gap_category": "esperado", "gtfs_covered": 0, "dist_stop_m": 774.10484123173865, "in_test": false, "model_id": "B1", "model_date": "2026-09-27", "edge_cell": false, "queries_per_1000": 43.227665706051873 }, "geometry": { "type": "Polygon", "coordinates": [ [ [ -66.091017, -17.394872 ], [ -66.09497, -17.398023 ], [ -66.094326, -17.402902 ], [ -66.089727, -17.40463 ], [ -66.085774, -17.401479 ], [ -66.086419, -17.3966 ], [ -66.091017, -17.394872 ] ] ] } },
{ "type": "Feature", "properties": { "h3_cell": "888b2c8b03fffff", "lat": -17.39314351733961, "lon": -66.095615281227751, "population": 1600, "query_count": 563, "expected_count": 1459.8290598290598, "p_low": 0.50144949940685402, "pearson_residual": -0.39807388900346646, "gap_category": "esperado", "gtfs_covered": 1, "dist_stop_m": 58.703280513103898, "in_test": false, "model_id": "B1", "model_date": "2026-09-27", "edge_cell": false, "queries_per_1000": 351.875 }, "geometry": { "type": "Polygon", "coordinates": [ [ [ -66.09626, -17.388264 ], [ -66.100214, -17.391415 ], [ -66.099569, -17.396295 ], [ -66.09497, -17.398023 ], [ -66.091017, -17.394872 ], [ -66.091662, -17.389992 ], [ -66.09626, -17.388264 ] ] ] } },
{ "type": "Feature", "properties": { "h3_cell": "888b2c8b05fffff", "lat": -17.398327524542786, "lon": -66.081820433956977, "population": 891, "query_count": 135, "expected_count": 327.77182770663563, "p_low": 0.51455893732169333, "pearson_residual": -0.38090122370765678, "gap_category": "esperado", "gtfs_covered": 1, "dist_stop_m": 78.922904230215238, "in_test": false, "model_id": "B1", "model_date": "2026-09-27", "edge_cell": false, "queries_per_1000": 151.51515151515153 }, "geometry": { "type": "Polygon", "coordinates": [ [ [ -66.082465, -17.393449 ], [ -66.086419, -17.3966 ], [ -66.085774, -17.401479 ], [ -66.081175, -17.403206 ], [ -66.077222, -17.400055 ], [ -66.077868, -17.395176 ], [ -66.082465, -17.393449 ] ] ] } },
{ "type": "Feature", "properties": { "h3_cell": "888b2c8b07fffff", "lat": -17.39172059071695, "lon": -66.087063471586944, "population": 1870, "query_count": 1612, "expected_count": 768.98071625344346, "p_low": 0.85021289480776052, "pearson_residual": 0.71026756453633844, "gap_category": "esperado", "gtfs_covered": 1, "dist_stop_m": 147.70185416317926, "in_test": false, "model_id": "B1", "model_date": "2026-09-27", "edge_cell": false, "queries_per_1000": 862.0320855614973 }, "geometry": { "type": "Polygon", "coordinates": [ [ [ -66.087708, -17.386841 ], [ -66.091662, -17.389992 ], [ -66.091017, -17.394872 ], [ -66.086419, -17.3966 ], [ -66.082465, -17.393449 ], [ -66.08311, -17.388569 ], [ -66.087708, -17.386841 ] ] ] } },
{ "type": "Feature", "properties": { "h3_cell": "888b2c8b09fffff", "lat": -17.407781145232608, "lon": -66.093680685326689, "population": 1393, "query_count": 202, "expected_count": 727.82466389244564, "p_low": 0.44277027325401042, "pearson_residual": -0.46806633294646932, "gap_category": "esperado", "gtfs_covered": 1, "dist_stop_m": 18.771563391709325, "in_test": false, "model_id": "B1", "model_date": "2026-09-27", "edge_cell": false, "queries_per_1000": 145.01076812634602 }, "geometry": { "type": "Polygon", "coordinates": [ [ [ -66.094326, -17.402902 ], [ -66.098279, -17.406053 ], [ -66.097635, -17.410932 ], [ -66.093036, -17.41266 ], [ -66.089082, -17.409509 ], [ -66.089727, -17.40463 ], [ -66.094326, -17.402902 ] ] ] } },
{ "type": "Feature", "properties": { "h3_cell": "888b2c8b0bfffff", "lat": -17.401174017842262, "lon": -66.098924284823283, "population": 1031, "query_count": 115, "expected_count": 682.38026607538802, "p_low": 0.36423617879001552, "pearson_residual": -0.53868222813093758, "gap_category": "esperado", "gtfs_covered": 1, "dist_stop_m": 70.853509453152157, "in_test": false, "model_id": "B1", "model_date": "2026-09-27", "edge_cell": false, "queries_per_1000": 111.54219204655675 }, "geometry": { "type": "Polygon", "coordinates": [ [ [ -66.099569, -17.396295 ], [ -66.103523, -17.399446 ], [ -66.102878, -17.404325 ], [ -66.098279, -17.406053 ], [ -66.094326, -17.402902 ], [ -66.09497, -17.398023 ], [ -66.099569, -17.396295 ] ] ] } },
{ "type": "Feature", "properties": { "h3_cell": "888b2c8b0dfffff", "lat": -17.406357578550594, "lon": -66.085128644040225, "population": 1331, "query_count": 127, "expected_count": 591.32794664614596, "p_low": 0.40091406742149549, "pearson_residual": -0.5086988237241078, "gap_category": "esperado", "gtfs_covered": 1, "dist_stop_m": 64.274863482967049, "in_test": false, "model_id": "B1", "model_date": "2026-09-27", "edge_cell": false, "queries_per_1000": 95.416979714500371 }, "geometry": { "type": "Polygon", "coordinates": [ [ [ -66.085774, -17.401479 ], [ -66.089727, -17.40463 ], [ -66.089082, -17.409509 ], [ -66.084484, -17.411236 ], [ -66.08053, -17.408085 ], [ -66.081175, -17.403206 ], [ -66.085774, -17.401479 ] ] ] } },
{ "type": "Feature", "properties": { "h3_cell": "888b2c8b11fffff", "lat": -17.387957691157506, "lon": -66.109411665017618, "population": 2926, "query_count": 4929, "expected_count": 4403.7809544282027, "p_low": 0.7216223266389642, "pearson_residual": 0.07728808320169292, "gap_category": "esperado", "gtfs_covered": 1, "dist_stop_m": 114.50982245685165, "in_test": false, "model_id": "B1", "model_date": "2026-09-27", "edge_cell": false, "queries_per_1000": 1684.5522898154477 }, "geometry": { "type": "Polygon", "coordinates": [ [ [ -66.110056, -17.383078 ], [ -66.114011, -17.386229 ], [ -66.113366, -17.391109 ], [ -66.108767, -17.392838 ], [ -66.104813, -17.389687 ], [ -66.105457, -17.384807 ], [ -66.110056, -17.383078 ] ] ] } },
{ "type": "Feature", "properties": { "h3_cell": "888b2c8b13fffff", "lat": -17.381348492338862, "lon": -66.114655445541771, "population": 3454, "query_count": 3710, "expected_count": 6339.6586222027199, "p_low": 0.58342928892649693, "pearson_residual": -0.26880516097617452, "gap_category": "esperado", "gtfs_covered": 1, "dist_stop_m": 149.27113435673482, "in_test": false, "model_id": "B1", "model_date": "2026-09-27", "edge_cell": false, "queries_per_1000": 1074.1169658367112 }, "geometry": { "type": "Polygon", "coordinates": [ [ [ -66.1153, -17.376468 ], [ -66.119255, -17.379619 ], [ -66.11861, -17.384499 ], [ -66.114011, -17.386229 ], [ -66.110056, -17.383078 ], [ -66.110701, -17.378198 ], [ -66.1153, -17.376468 ] ] ] } },
{ "type": "Feature", "properties": { "h3_cell": "888b2c8b15fffff", "lat": -17.386535450840768, "lon": -66.100858690583706, "population": 2020, "query_count": 2789, "expected_count": 2357.540369088812, "p_low": 0.73356400606205618, "pearson_residual": 0.11859348640151395, "gap_category": "esperado", "gtfs_covered": 1, "dist_stop_m": 98.115230073873278, "in_test": false, "model_id": "B1", "model_date": "2026-09-27", "edge_cell": false, "queries_per_1000": 1380.6930693069305 }, "geometry": { "type": "Polygon", "coordinates": [ [ [ -66.101503, -17.381656 ], [ -66.105457, -17.384807 ], [ -66.104813, -17.389687 ], [ -66.100214, -17.391415 ], [ -66.09626, -17.388264 ], [ -66.096905, -17.383384 ], [ -66.101503, -17.381656 ] ] ] } },
{ "type": "Feature", "properties": { "h3_cell": "888b2c8b17fffff", "lat": -17.379926694063482, "lon": -66.106102160332043, "population": 2994, "query_count": 2619, "expected_count": 3535.7151009657596, "p_low": 0.63277224460825487, "pearson_residual": -0.16801568139470233, "gap_category": "esperado", "gtfs_covered": 1, "dist_stop_m": 172.35799408707615, "in_test": false, "model_id": "B1", "model_date": "2026-09-27", "edge_cell": false, "queries_per_1000": 874.74949899799606 }, "geometry": { "type": "Polygon", "coordinates": [ [ [ -66.106747, -17.375047 ], [ -66.110701, -17.378198 ], [ -66.110056, -17.383078 ], [ -66.105457, -17.384807 ], [ -66.101503, -17.381656 ], [ -66.102148, -17.376776 ], [ -66.106747, -17.375047 ] ] ] } },
{ "type": "Feature", "properties": { "h3_cell": "888b2c8b19fffff", "lat": -17.395988637738242, "lon": -66.11272146189792, "population": 1906, "query_count": 687, "expected_count": 3127.9569001243262, "p_low": 0.40378491045641079, "pearson_residual": -0.50569502874175687, "gap_category": "esperado", "gtfs_covered": 1, "dist_stop_m": 26.154422820919343, "in_test": false, "model_id": "B1", "model_date": "2026-09-27", "edge_cell": false, "queries_per_1000": 360.44071353620149 }, "geometry": { "type": "Polygon", "coordinates": [ [ [ -66.113366, -17.391109 ], [ -66.117321, -17.39426 ], [ -66.116676, -17.39914 ], [ -66.112077, -17.400868 ], [ -66.108122, -17.397717 ], [ -66.108767, -17.392838 ], [ -66.113366, -17.391109 ] ] ] } },
{ "type": "Feature", "properties": { "h3_cell": "888b2c8b1bfffff", "lat": -17.389379687111191, "lon": -66.117965492881041, "population": 3309, "query_count": 1827, "expected_count": 6639.2735242548224, "p_low": 0.44082261699274056, "pearson_residual": -0.46971507099120519, "gap_category": "esperado", "gtfs_covered": 1, "dist_stop_m": 196.62988841566914, "in_test": false, "model_id": "B1", "model_date": "2026-09-27", "edge_cell": false, "queries_per_1000": 552.13055303717135 }, "geometry": { "type": "Polygon", "coordinates": [ [ [ -66.11861, -17.384499 ], [ -66.122565, -17.38765 ], [ -66.12192, -17.392531 ], [ -66.117321, -17.39426 ], [ -66.113366, -17.391109 ], [ -66.114011, -17.386229 ], [ -66.11861, -17.384499 ] ] ] } },
{ "type": "Feature", "properties": { "h3_cell": "888b2c8b1dfffff", "lat": -17.394566199737962, "lon": -66.104167944749193, "population": 1730, "query_count": 479, "expected_count": 2512.1826903857686, "p_low": 0.38190680600319532, "pearson_residual": -0.52445396446278603, "gap_category": "esperado", "gtfs_covered": 1, "dist_stop_m": 354.16091479406072, "in_test": false, "model_id": "B1", "model_date": "2026-09-27", "edge_cell": false, "queries_per_1000": 276.87861271676303 }, "geometry": { "type": "Polygon", "coordinates": [ [ [ -66.104813, -17.389687 ], [ -66.108767, -17.392838 ], [ -66.108122, -17.397717 ], [ -66.103523, -17.399446 ], [ -66.099569, -17.396295 ], [ -66.100214, -17.391415 ], [ -66.104813, -17.389687 ] ] ] } },
{ "type": "Feature", "properties": { "h3_cell": "888b2c8b21fffff", "lat": -17.38887400549379, "lon": -66.069962414959363, "population": 1989, "query_count": 7848, "expected_count": 473.54754098360661, "p_low": 0.99986383925331845, "pearson_residual": 10.087700509424501, "gap_category": "exceso", "gtfs_covered": 1, "dist_stop_m": 322.94645065360169, "in_test": false, "model_id": "B1", "model_date": "2026-09-27", "edge_cell": false, "queries_per_1000": 3945.7013574660637 }, "geometry": { "type": "Polygon", "coordinates": [ [ [ -66.070607, -17.383995 ], [ -66.07456, -17.387146 ], [ -66.073915, -17.392025 ], [ -66.069317, -17.393753 ], [ -66.065365, -17.390602 ], [ -66.06601, -17.385723 ], [ -66.070607, -17.383995 ] ] ] } },
{ "type": "Feature", "properties": { "h3_cell": "888b2c8b23fffff", "lat": -17.382267265449347, "lon": -66.075204890392143, "population": 2061, "query_count": 659, "expected_count": 240.45919186513245, "p_low": 0.89665940741977046, "pearson_residual": 1.1270312873491484, "gap_category": "esperado", "gtfs_covered": 1, "dist_stop_m": 21.510367620236309, "in_test": false, "model_id": "B1", "model_date": "2026-09-27", "edge_cell": false, "queries_per_1000": 319.74769529354677 }, "geometry": { "type": "Polygon", "coordinates": [ [ [ -66.07585, -17.377388 ], [ -66.079802, -17.380539 ], [ -66.079158, -17.385418 ], [ -66.07456, -17.387146 ], [ -66.070607, -17.383995 ], [ -66.071253, -17.379116 ], [ -66.07585, -17.377388 ] ] ] } },
{ "type": "Feature", "properties": { "h3_cell": "888b2c8b25fffff", "lat": -17.387450347240822, "lon": -66.061413168478197, "population": 1782, "query_count": 400, "expected_count": 572.90750584733155, "p_low": 0.6204950964003475, "pearson_residual": -0.19551887668180878, "gap_category": "esperado", "gtfs_covered": 1, "dist_stop_m": 86.635219295152922, "in_test": false, "model_id": "B1", "model_date": "2026-09-27", "edge_cell": false, "queries_per_1000": 224.46689113355779 }, "geometry": { "type": "Polygon", "coordinates": [ [ [ -66.062058, -17.382572 ], [ -66.06601, -17.385723 ], [ -66.065365, -17.390602 ], [ -66.060768, -17.392329 ], [ -66.056816, -17.389178 ], [ -66.057461, -17.384299 ], [ -66.062058, -17.382572 ] ] ] } },
{ "type": "Feature", "properties": { "h3_cell": "888b2c8b27fffff", "lat": -17.380844049417522, "lon": -66.066655332208384, "population": 1523, "query_count": 364, "expected_count": 185.63491603937464, "p_low": 0.8377150405967837, "pearson_residual": 0.62198217167212155, "gap_category": "esperado", "gtfs_covered": 1, "dist_stop_m": 233.9657093110113, "in_test": false, "model_id": "B1", "model_date": "2026-09-27", "edge_cell": false, "queries_per_1000": 239.00196979645435 }, "geometry": { "type": "Polygon", "coordinates": [ [ [ -66.0673, -17.375965 ], [ -66.071253, -17.379116 ], [ -66.070607, -17.383995 ], [ -66.06601, -17.385723 ], [ -66.062058, -17.382572 ], [ -66.062703, -17.377693 ], [ -66.0673, -17.375965 ] ] ] } },
{ "type": "Feature", "properties": { "h3_cell": "888b2c8b29fffff", "lat": -17.396903911678066, "lon": -66.073269789894198, "population": 922, "query_count": 225, "expected_count": 292.22580101180438, "p_low": 0.64148987398962776, "pearson_residual": -0.14897865694345738, "gap_category": "esperado", "gtfs_covered": 0, "dist_stop_m": 613.87996615052464, "in_test": false, "model_id": "B1", "model_date": "2026-09-27", "edge_cell": false, "queries_per_1000": 244.03470715835141 }, "geometry": { "type": "Polygon", "coordinates": [ [ [ -66.073915, -17.392025 ], [ -66.077868, -17.395176 ], [ -66.077222, -17.400055 ], [ -66.072625, -17.401783 ], [ -66.068672, -17.398631 ], [ -66.069317, -17.393753 ], [ -66.073915, -17.392025 ] ] ] } },
{ "type": "Feature", "properties": { "h3_cell": "888b2c8b2bfffff", "lat": -17.390297420043758, "lon": -66.07851251607984, "population": 2278, "query_count": 3020, "expected_count": 527.82588579081948, "p_low": 0.9782788681879615, "pearson_residual": 3.0586759556593153, "gap_category": "exceso", "gtfs_covered": 1, "dist_stop_m": 49.785998532085358, "in_test": false, "model_id": "B1", "model_date": "2026-09-27", "edge_cell": false, "queries_per_1000": 1325.7243195785777 }, "geometry": { "type": "Polygon", "coordinates": [ [ [ -66.079158, -17.385418 ], [ -66.08311, -17.388569 ], [ -66.082465, -17.393449 ], [ -66.077868, -17.395176 ], [ -66.073915, -17.392025 ], [ -66.07456, -17.387146 ], [ -66.079158, -17.385418 ] ] ] } },
{ "type": "Feature", "properties": { "h3_cell": "888b2c8b2dfffff", "lat": -17.395480054901792, "lon": -66.064720000415463, "population": 1187, "query_count": 1500, "expected_count": 423.61159947458822, "p_low": 0.93330678944916712, "pearson_residual": 1.6459038835654261, "gap_category": "esperado", "gtfs_covered": 1, "dist_stop_m": 269.02819369189575, "in_test": false, "model_id": "B1", "model_date": "2026-09-27", "edge_cell": false, "queries_per_1000": 1263.6899747262005 }, "geometry": { "type": "Polygon", "coordinates": [ [ [ -66.065365, -17.390602 ], [ -66.069317, -17.393753 ], [ -66.068672, -17.398631 ], [ -66.064075, -17.400358 ], [ -66.060123, -17.397207 ], [ -66.060768, -17.392329 ], [ -66.065365, -17.390602 ] ] ] } },
{ "type": "Feature", "properties": { "h3_cell": "888b2c8b31fffff", "lat": -17.37708236522343, "lon": -66.088998150621478, "population": 1792, "query_count": 1474, "expected_count": 636.41842445114082, "p_low": 0.86833122402369156, "pearson_residual": 0.85262802939538473, "gap_category": "esperado", "gtfs_covered": 1, "dist_stop_m": 18.652307820510636, "in_test": false, "model_id": "B1", "model_date": "2026-09-27", "edge_cell": false, "queries_per_1000": 822.54464285714289 }, "geometry": { "type": "Polygon", "coordinates": [ [ [ -66.089643, -17.372203 ], [ -66.093596, -17.375354 ], [ -66.092951, -17.380233 ], [ -66.088353, -17.381962 ], [ -66.0844, -17.378811 ], [ -66.085045, -17.373931 ], [ -66.089643, -17.372203 ] ] ] } },
{ "type": "Feature", "properties": { "h3_cell": "888b2c8b33fffff", "lat": -17.370473802512976, "lon": -66.094241058804016, "population": 1009, "query_count": 427, "expected_count": 686.49014945652175, "p_low": 0.59627889611131457, "pearson_residual": -0.24489067371957168, "gap_category": "esperado", "gtfs_covered": 1, "dist_stop_m": 264.22996751864719, "in_test": false, "model_id": "B1", "model_date": "2026-09-27", "edge_cell": false, "queries_per_1000": 423.191278493558 }, "geometry": { "type": "Polygon", "coordinates": [ [ [ -66.094886, -17.365594 ], [ -66.098839, -17.368745 ], [ -66.098195, -17.373625 ], [ -66.093596, -17.375354 ], [ -66.089643, -17.372203 ], [ -66.090288, -17.367323 ], [ -66.094886, -17.365594 ] ] ] } },
{ "type": "Feature", "properties": { "h3_cell": "888b2c8b35fffff", "lat": -17.375659835006097, "lon": -66.080447426627089, "population": 1611, "query_count": 659, "expected_count": 173.58058771148708, "p_low": 0.94177969452468113, "pearson_residual": 1.8101297567846508, "gap_category": "esperado", "gtfs_covered": 1, "dist_stop_m": 52.573174992897926, "in_test": false, "model_id": "B1", "model_date": "2026-09-27", "edge_cell": false, "queries_per_1000": 409.06269397889508 }, "geometry": { "type": "Polygon", "coordinates": [ [ [ -66.081092, -17.37078 ], [ -66.085045, -17.373931 ], [ -66.0844, -17.378811 ], [ -66.079802, -17.380539 ], [ -66.07585, -17.377388 ], [ -66.076495, -17.372509 ], [ -66.081092, -17.37078 ] ] ] } },
{ "type": "Feature", "properties": { "h3_cell": "888b2c8b37fffff", "lat": -17.369051714401785, "lon": -66.08569002357747, "population": 503, "query_count": 27, "expected_count": 177.22001707212974, "p_low": 0.3524878945232528, "pearson_residual": -0.54868049160467935, "gap_category": "esperado", "gtfs_covered": 1, "dist_stop_m": 483.04733731947249, "in_test": false, "model_id": "B1", "model_date": "2026-09-27", "edge_cell": false, "queries_per_1000": 53.677932405566601 }, "geometry": { "type": "Polygon", "coordinates": [ [ [ -66.086335, -17.364172 ], [ -66.090288, -17.367323 ], [ -66.089643, -17.372203 ], [ -66.085045, -17.373931 ], [ -66.081092, -17.37078 ], [ -66.081737, -17.365901 ], [ -66.086335, -17.364172 ] ] ] } },
{ "type": "Feature", "properties": { "h3_cell": "888b2c8b39fffff", "lat": -17.385112966334681, "lon": -66.092306569832701, "population": 2356, "query_count": 1909, "expected_count": 1351.8190217391304, "p_low": 0.77126799716048844, "pearson_residual": 0.26707224823896186, "gap_category": "esperado", "gtfs_covered": 1, "dist_stop_m": 249.68082081793574, "in_test": false, "model_id": "B1", "model_date": "2026-09-27", "edge_cell": false, "queries_per_1000": 810.27164685908315 }, "geometry": { "type": "Polygon", "coordinates": [ [ [ -66.092951, -17.380233 ], [ -66.096905, -17.383384 ], [ -66.09626, -17.388264 ], [ -66.091662, -17.389992 ], [ -66.087708, -17.386841 ], [ -66.088353, -17.381962 ], [ -66.092951, -17.380233 ] ] ] } },
{ "type": "Feature", "properties": { "h3_cell": "888b2c8b3bfffff", "lat": -17.378504651633783, "lon": -66.097549728607504, "population": 2030, "query_count": 2103, "expected_count": 1437.2255772646536, "p_low": 0.77870759881296159, "pearson_residual": 0.30016303721747428, "gap_category": "esperado", "gtfs_covered": 1, "dist_stop_m": 43.451083140490709, "in_test": false, "model_id": "B1", "model_date": "2026-09-27", "edge_cell": false, "queries_per_1000": 1035.960591133005 }, "geometry": { "type": "Polygon", "coordinates": [ [ [ -66.098195, -17.373625 ], [ -66.102148, -17.376776 ], [ -66.101503, -17.381656 ], [ -66.096905, -17.383384 ], [ -66.092951, -17.380233 ], [ -66.093596, -17.375354 ], [ -66.098195, -17.373625 ] ] ] } },
{ "type": "Feature", "properties": { "h3_cell": "888b2c8b3dfffff", "lat": -17.383690237812974, "lon": -66.083755303017838, "population": 2409, "query_count": 1334, "expected_count": 669.50864271757109, "p_low": 0.84066054089334885, "pearson_residual": 0.64300664511139582, "gap_category": "esperado", "gtfs_covered": 1, "dist_stop_m": 84.164653128964204, "in_test": false, "model_id": "B1", "model_date": "2026-09-27", "edge_cell": false, "queries_per_1000": 553.75674553756744 }, "geometry": { "type": "Polygon", "coordinates": [ [ [ -66.0844, -17.378811 ], [ -66.088353, -17.381962 ], [ -66.087708, -17.386841 ], [ -66.08311, -17.388569 ], [ -66.079158, -17.385418 ], [ -66.079802, -17.380539 ], [ -66.0844, -17.378811 ] ] ] } },
{ "type": "Feature", "properties": { "h3_cell": "888b2c8b41fffff", "lat": -17.42241753350919, "lon": -66.091745940891627, "population": 1719, "query_count": 76, "expected_count": 321.93286219081273, "p_low": 0.41663988371126565, "pearson_residual": -0.49475095267970015, "gap_category": "esperado", "gtfs_covered": 1, "dist_stop_m": 130.02509198818149, "in_test": false, "model_id": "B1", "model_date": "2026-09-27", "edge_cell": false, "queries_per_1000": 44.211751018033745 }, "geometry": { "type": "Polygon", "coordinates": [ [ [ -66.092391, -17.417539 ], [ -66.096345, -17.42069 ], [ -66.0957, -17.425569 ], [ -66.091101, -17.427296 ], [ -66.087147, -17.424145 ], [ -66.087792, -17.419266 ], [ -66.092391, -17.417539 ] ] ] } },
{ "type": "Feature", "properties": { "h3_cell": "888b2c8b43fffff", "lat": -17.415811346052504, "lon": -66.096989730530638, "population": 1797, "query_count": 307, "expected_count": 826.80880166517989, "p_low": 0.49454083609171817, "pearson_residual": -0.40733033153490833, "gap_category": "esperado", "gtfs_covered": 1, "dist_stop_m": 114.37253679950338, "in_test": false, "model_id": "B1", "model_date": "2026-09-27", "edge_cell": false, "queries_per_1000": 170.84028937117418 }, "geometry": { "type": "Polygon", "coordinates": [ [ [ -66.097635, -17.410932 ], [ -66.101589, -17.414084 ], [ -66.100944, -17.418963 ], [ -66.096345, -17.42069 ], [ -66.092391, -17.417539 ], [ -66.093036, -17.41266 ], [ -66.097635, -17.410932 ] ] ] } },
{ "type": "Feature", "properties": { "h3_cell": "888b2c8b45fffff", "lat": -17.420993326920996, "lon": -66.083193667968629, "population": 622, "query_count": 46, "expected_count": 116.48763250883393, "p_low": 0.50824975528781513, "pearson_residual": -0.39144440643338424, "gap_category": "esperado", "gtfs_covered": 1, "dist_stop_m": 415.31678811443754, "in_test": false, "model_id": "B1", "model_date": "2026-09-27", "edge_cell": false, "queries_per_1000": 73.954983922829584 }, "geometry": { "type": "Polygon", "coordinates": [ [ [ -66.083839, -17.416115 ], [ -66.087792, -17.419266 ], [ -66.087147, -17.424145 ], [ -66.082549, -17.425872 ], [ -66.078595, -17.42272 ], [ -66.07924, -17.417842 ], [ -66.083839, -17.416115 ] ] ] } },
{ "type": "Feature", "properties": { "h3_cell": "888b2c8b47fffff", "lat": -17.414387581671352, "lon": -66.088437146346209, "population": 1647, "query_count": 328, "expected_count": 308.44876325088342, "p_low": 0.71086437336093256, "pearson_residual": 0.04105010001235819, "gap_category": "esperado", "gtfs_covered": 1, "dist_stop_m": 42.974462786667956, "in_test": false, "model_id": "B1", "model_date": "2026-09-27", "edge_cell": false, "queries_per_1000": 199.14996964177291 }, "geometry": { "type": "Polygon", "coordinates": [ [ [ -66.089082, -17.409509 ], [ -66.093036, -17.41266 ], [ -66.092391, -17.417539 ], [ -66.087792, -17.419266 ], [ -66.083839, -17.416115 ], [ -66.084484, -17.411236 ], [ -66.089082, -17.409509 ] ] ] } },
{ "type": "Feature", "properties": { "h3_cell": "888b2c8b49fffff", "lat": -17.430447433668292, "lon": -66.095055027693107, "population": 145, "query_count": 10, "expected_count": 33.654246461282263, "p_low": 0.46505327803704388, "pearson_residual": -0.45268344835030494, "gap_category": "esperado", "gtfs_covered": 0, "dist_stop_m": 619.21331868714401, "in_test": false, "model_id": "B1", "model_date": "2026-09-27", "edge_cell": false, "queries_per_1000": 68.965517241379303 }, "geometry": { "type": "Polygon", "coordinates": [ [ [ -66.0957, -17.425569 ], [ -66.099654, -17.42872 ], [ -66.099009, -17.433599 ], [ -66.09441, -17.435326 ], [ -66.090456, -17.432174 ], [ -66.091101, -17.427296 ], [ -66.0957, -17.425569 ] ] ] } },
{ "type": "Feature", "properties": { "h3_cell": "888b2c8b4bfffff", "lat": -17.423841495385926, "lon": -66.100299067979492, "population": 192, "query_count": 5, "expected_count": 57.525291828793769, "p_low": 0.29311481093647002, "pearson_residual": -0.58958783459686348, "gap_category": "esperado", "gtfs_covered": 0, "dist_stop_m": 522.61285879462628, "in_test": false, "model_id": "B1", "model_date": "2026-09-27", "edge_cell": false, "queries_per_1000": 26.041666666666668 }, "geometry": { "type": "Polygon", "coordinates": [ [ [ -66.100944, -17.418963 ], [ -66.104898, -17.422114 ], [ -66.104254, -17.426993 ], [ -66.099654, -17.42872 ], [ -66.0957, -17.425569 ], [ -66.096345, -17.42069 ], [ -66.100944, -17.418963 ] ] ] } },
{ "type": "Feature", "properties": { "h3_cell": "888b2c8b4dfffff", "lat": -17.429023029579348, "lon": -66.086502211805637, "population": 46, "query_count": 0, "expected_count": 10.020691001366387, "p_low": 0.25936422695997646, "pearson_residual": -0.63489652377040162, "gap_category": "esperado", "gtfs_covered": 0, "dist_stop_m": 530.73680391137964, "in_test": false, "model_id": "B1", "model_date": "2026-09-27", "edge_cell": false, "queries_per_1000": 0.0 }, "geometry": { "type": "Polygon", "coordinates": [ [ [ -66.087147, -17.424145 ], [ -66.091101, -17.427296 ], [ -66.090456, -17.432174 ], [ -66.085857, -17.433901 ], [ -66.081904, -17.43075 ], [ -66.082549, -17.425872 ], [ -66.087147, -17.424145 ] ] ] } },
{ "type": "Feature", "properties": { "h3_cell": "888b2c8b51fffff", "lat": -17.410627545019018, "lon": -66.110787329714555, "population": 1002, "query_count": 205, "expected_count": 675.81046153846148, "p_low": 0.4581758846581086, "pearson_residual": -0.45134098843021087, "gap_category": "esperado", "gtfs_covered": 1, "dist_stop_m": 140.89342152310161, "in_test": false, "model_id": "B1", "model_date": "2026-09-27", "edge_cell": false, "queries_per_1000": 204.59081836327346 }, "geometry": { "type": "Polygon", "coordinates": [ [ [ -66.111432, -17.405748 ], [ -66.115387, -17.408899 ], [ -66.114742, -17.413779 ], [ -66.110143, -17.415507 ], [ -66.106188, -17.412356 ], [ -66.106833, -17.407476 ], [ -66.111432, -17.405748 ] ] ] } },
{ "type": "Feature", "properties": { "h3_cell": "888b2c8b53fffff", "lat": -17.404019533409635, "lon": -66.116031550989561, "population": 1082, "query_count": 217, "expected_count": 1073.8118918918919, "p_low": 0.39106283152262861, "pearson_residual": -0.51700036559177476, "gap_category": "esperado", "gtfs_covered": 1, "dist_stop_m": 135.05555381192269, "in_test": false, "model_id": "B1", "model_date": "2026-09-27", "edge_cell": false, "queries_per_1000": 200.55452865064697 }, "geometry": { "type": "Polygon", "coordinates": [ [ [ -66.116676, -17.39914 ], [ -66.120631, -17.402291 ], [ -66.119987, -17.407171 ], [ -66.115387, -17.408899 ], [ -66.111432, -17.405748 ], [ -66.112077, -17.400868 ], [ -66.116676, -17.39914 ] ] ] } },
{ "type": "Feature", "properties": { "h3_cell": "888b2c8b55fffff", "lat": -17.409204467446713, "lon": -66.102233580635897, "population": 1181, "query_count": 241, "expected_count": 711.66115947764138, "p_low": 0.47774348183451226, "pearson_residual": -0.42847498489130942, "gap_category": "esperado", "gtfs_covered": 1, "dist_stop_m": 103.28362357216328, "in_test": false, "model_id": "B1", "model_date": "2026-09-27", "edge_cell": false, "queries_per_1000": 204.06435224386112 }, "geometry": { "type": "Polygon", "coordinates": [ [ [ -66.102878, -17.404325 ], [ -66.106833, -17.407476 ], [ -66.106188, -17.412356 ], [ -66.101589, -17.414084 ], [ -66.097635, -17.410932 ], [ -66.098279, -17.406053 ], [ -66.102878, -17.404325 ] ] ] } },
{ "type": "Feature", "properties": { "h3_cell": "888b2c8b57fffff", "lat": -17.402596897929378, "lon": -66.107477491120605, "population": 1626, "query_count": 714, "expected_count": 1468.3475198121514, "p_low": 0.54615104580150664, "pearson_residual": -0.33288865864541239, "gap_category": "esperado", "gtfs_covered": 1, "dist_stop_m": 7.6592597899941541, "in_test": false, "model_id": "B1", "model_date": "2026-09-27", "edge_cell": false, "queries_per_1000": 439.1143911439114 }, "geometry": { "type": "Polygon", "coordinates": [ [ [ -66.108122, -17.397717 ], [ -66.112077, -17.400868 ], [ -66.111432, -17.405748 ], [ -66.106833, -17.407476 ], [ -66.102878, -17.404325 ], [ -66.103523, -17.399446 ], [ -66.108122, -17.397717 ] ] ] } },
{ "type": "Feature", "properties": { "h3_cell": "888b2c8b59fffff", "lat": -17.418658140610905, "lon": -66.114097460547654, "population": 1417, "query_count": 388, "expected_count": 759.44056144371245, "p_low": 0.5561444658517577, "pearson_residual": -0.31687937413267281, "gap_category": "esperado", "gtfs_covered": 1, "dist_stop_m": 284.33771582881116, "in_test": false, "model_id": "B1", "model_date": "2026-09-27", "edge_cell": false, "queries_per_1000": 273.81792519407202 }, "geometry": { "type": "Polygon", "coordinates": [ [ [ -66.114742, -17.413779 ], [ -66.118697, -17.41693 ], [ -66.118053, -17.421809 ], [ -66.113453, -17.423537 ], [ -66.109498, -17.420386 ], [ -66.110143, -17.415507 ], [ -66.114742, -17.413779 ] ] ] } },
{ "type": "Feature", "properties": { "h3_cell": "888b2c8b5dfffff", "lat": -17.417234865757006, "lon": -66.10554316868226, "population": 218, "query_count": 37, "expected_count": 105.85097601784717, "p_low": 0.48615487653859102, "pearson_residual": -0.42070129131228462, "gap_category": "esperado", "gtfs_covered": 1, "dist_stop_m": 436.26906302934447, "in_test": false, "model_id": "B1", "model_date": "2026-09-27", "edge_cell": false, "queries_per_1000": 169.72477064220183 }, "geometry": { "type": "Polygon", "coordinates": [ [ [ -66.106188, -17.412356 ], [ -66.110143, -17.415507 ], [ -66.109498, -17.420386 ], [ -66.104898, -17.422114 ], [ -66.100944, -17.418963 ], [ -66.101589, -17.414084 ], [ -66.106188, -17.412356 ] ] ] } },
{ "type": "Feature", "properties": { "h3_cell": "888b2c8b61fffff", "lat": -17.411539319574782, "lon": -66.071334540891499, "population": 1030, "query_count": 104, "expected_count": 560.03200614517993, "p_low": 0.37868119124063199, "pearson_residual": -0.52751908750283238, "gap_category": "esperado", "gtfs_covered": 1, "dist_stop_m": 104.36350544058152, "in_test": false, "model_id": "B1", "model_date": "2026-09-27", "edge_cell": false, "queries_per_1000": 100.97087378640776 }, "geometry": { "type": "Polygon", "coordinates": [ [ [ -66.07198, -17.406661 ], [ -66.075932, -17.409812 ], [ -66.075287, -17.414691 ], [ -66.070689, -17.416418 ], [ -66.066737, -17.413266 ], [ -66.067382, -17.408388 ], [ -66.07198, -17.406661 ] ] ] } },
{ "type": "Feature", "properties": { "h3_cell": "888b2c8b63fffff", "lat": -17.404933767574551, "lon": -66.076577457029572, "population": 1544, "query_count": 134, "expected_count": 842.69498607242349, "p_low": 0.35575291558152417, "pearson_residual": -0.54487796033729297, "gap_category": "esperado", "gtfs_covered": 1, "dist_stop_m": 187.03311989231298, "in_test": false, "model_id": "B1", "model_date": "2026-09-27", "edge_cell": false, "queries_per_1000": 86.787564766839381 }, "geometry": { "type": "Polygon", "coordinates": [ [ [ -66.077222, -17.400055 ], [ -66.081175, -17.403206 ], [ -66.08053, -17.408085 ], [ -66.075932, -17.409812 ], [ -66.07198, -17.406661 ], [ -66.072625, -17.401783 ], [ -66.077222, -17.400055 ] ] ] } },
{ "type": "Feature", "properties": { "h3_cell": "888b2c8b65fffff", "lat": -17.410114822207255, "lon": -66.062784520126968, "population": 720, "query_count": 32, "expected_count": 391.4786839073102, "p_low": 0.27341524740712897, "pearson_residual": -0.59477221894028176, "gap_category": "esperado", "gtfs_covered": 1, "dist_stop_m": 370.42580516214457, "in_test": false, "model_id": "B1", "model_date": "2026-09-27", "edge_cell": false, "queries_per_1000": 44.444444444444443 }, "geometry": { "type": "Polygon", "coordinates": [ [ [ -66.06343, -17.405237 ], [ -66.067382, -17.408388 ], [ -66.066737, -17.413266 ], [ -66.062139, -17.414993 ], [ -66.058187, -17.411841 ], [ -66.058832, -17.406963 ], [ -66.06343, -17.405237 ] ] ] } },
{ "type": "Feature", "properties": { "h3_cell": "888b2c8b67fffff", "lat": -17.403509712478357, "lon": -66.068027124547669, "population": 953, "query_count": 108, "expected_count": 520.13492339832874, "p_low": 0.39575584855611773, "pearson_residual": -0.51329451491516853, "gap_category": "esperado", "gtfs_covered": 1, "dist_stop_m": 195.40358021153014, "in_test": false, "model_id": "B1", "model_date": "2026-09-27", "edge_cell": false, "queries_per_1000": 113.32633788037775 }, "geometry": { "type": "Polygon", "coordinates": [ [ [ -66.068672, -17.398631 ], [ -66.072625, -17.401783 ], [ -66.07198, -17.406661 ], [ -66.067382, -17.408388 ], [ -66.06343, -17.405237 ], [ -66.064075, -17.400358 ], [ -66.068672, -17.398631 ] ] ] } },
{ "type": "Feature", "properties": { "h3_cell": "888b2c8b69fffff", "lat": -17.419568875795328, "lon": -66.074642249463608, "population": 730, "query_count": 25, "expected_count": 318.46284420973217, "p_low": 0.26957841863352139, "pearson_residual": -0.59679703375627613, "gap_category": "esperado", "gtfs_covered": 1, "dist_stop_m": 109.01531391850551, "in_test": false, "model_id": "B1", "model_date": "2026-09-27", "edge_cell": false, "queries_per_1000": 34.246575342465754 }, "geometry": { "type": "Polygon", "coordinates": [ [ [ -66.075287, -17.414691 ], [ -66.07924, -17.417842 ], [ -66.078595, -17.42272 ], [ -66.073997, -17.424447 ], [ -66.070044, -17.421296 ], [ -66.070689, -17.416418 ], [ -66.075287, -17.414691 ] ] ] } },
{ "type": "Feature", "properties": { "h3_cell": "888b2c8b6bfffff", "lat": -17.412963572787465, "lon": -66.079885416382169, "population": 1372, "query_count": 237, "expected_count": 712.9421033782977, "p_low": 0.47440042134436206, "pearson_residual": -0.43250433848236691, "gap_category": "esperado", "gtfs_covered": 1, "dist_stop_m": 67.969363799970523, "in_test": false, "model_id": "B1", "model_date": "2026-09-27", "edge_cell": false, "queries_per_1000": 172.74052478134112 }, "geometry": { "type": "Polygon", "coordinates": [ [ [ -66.08053, -17.408085 ], [ -66.084484, -17.411236 ], [ -66.083839, -17.416115 ], [ -66.07924, -17.417842 ], [ -66.075287, -17.414691 ], [ -66.075932, -17.409812 ], [ -66.08053, -17.408085 ] ] ] } },
{ "type": "Feature", "properties": { "h3_cell": "888b2c8b6dfffff", "lat": -17.418144180306172, "lon": -66.066091685629445, "population": 585, "query_count": 20, "expected_count": 263.41900777047221, "p_low": 0.2666516321771023, "pearson_residual": -0.59838393861066397, "gap_category": "esperado", "gtfs_covered": 1, "dist_stop_m": 207.46762624268254, "in_test": false, "model_id": "B1", "model_date": "2026-09-27", "edge_cell": false, "queries_per_1000": 34.188034188034194 }, "geometry": { "type": "Polygon", "coordinates": [ [ [ -66.066737, -17.413266 ], [ -66.070689, -17.416418 ], [ -66.070044, -17.421296 ], [ -66.065447, -17.423022 ], [ -66.061494, -17.419871 ], [ -66.062139, -17.414993 ], [ -66.066737, -17.413266 ] ] ] } },
{ "type": "Feature", "properties": { "h3_cell": "888b2c8c4bfffff", "lat": -17.294853405245686, "lon": -66.270378929858794, "population": 48, "query_count": 0, "expected_count": 0.20689655172413793, "p_low": 0.84516751594672146, "pearson_residual": -0.37230708313535221, "gap_category": "esperado", "gtfs_covered": 0, "dist_stop_m": 2457.1099617150708, "in_test": false, "model_id": "B1", "model_date": "2026-09-27", "edge_cell": false, "queries_per_1000": 0.0 }, "geometry": { "type": "Polygon", "coordinates": [ [ [ -66.271022, -17.289966 ], [ -66.274984, -17.293116 ], [ -66.274341, -17.298003 ], [ -66.269736, -17.29974 ], [ -66.265775, -17.29659 ], [ -66.266418, -17.291704 ], [ -66.271022, -17.289966 ] ] ] } },
{ "type": "Feature", "properties": { "h3_cell": "888b2c8c51fffff", "lat": -17.281604357516759, "lon": -66.280873989660719, "population": 52, "query_count": 0, "expected_count": 4.5021645021645016, "p_low": 0.35568629301195376, "pearson_residual": -0.61980008400188125, "gap_category": "esperado", "gtfs_covered": 0, "dist_stop_m": 1384.248800639667, "in_test": false, "model_id": "B1", "model_date": "2026-09-27", "edge_cell": true, "queries_per_1000": 0.0 }, "geometry": { "type": "Polygon", "coordinates": [ [ [ -66.281517, -17.276717 ], [ -66.285479, -17.279867 ], [ -66.284836, -17.284754 ], [ -66.280231, -17.286492 ], [ -66.276269, -17.283342 ], [ -66.276912, -17.278455 ], [ -66.281517, -17.276717 ] ] ] } },
{ "type": "Feature", "properties": { "h3_cell": "888b2c8c59fffff", "lat": -17.28964151008876, "lon": -66.28419315908171, "population": 100, "query_count": 0, "expected_count": 8.6580086580086579, "p_low": 0.27505504579319806, "pearson_residual": -0.63289619419452336, "gap_category": "esperado", "gtfs_covered": 0, "dist_stop_m": 882.79884909233863, "in_test": false, "model_id": "B1", "model_date": "2026-09-27", "edge_cell": false, "queries_per_1000": 0.0 }, "geometry": { "type": "Polygon", "coordinates": [ [ [ -66.284836, -17.284754 ], [ -66.288798, -17.287904 ], [ -66.288155, -17.292791 ], [ -66.28355, -17.294529 ], [ -66.279588, -17.291379 ], [ -66.280231, -17.286492 ], [ -66.284836, -17.284754 ] ] ] } },
{ "type": "Feature", "properties": { "h3_cell": "888b2c8c5bfffff", "lat": -17.283016202350904, "lon": -66.289441024211968, "population": 26, "query_count": 0, "expected_count": 2.2510822510822508, "p_low": 0.45979184241637056, "pearson_residual": -0.59493772303273662, "gap_category": "esperado", "gtfs_covered": 0, "dist_stop_m": 595.06182002404478, "in_test": false, "model_id": "B1", "model_date": "2026-09-27", "edge_cell": true, "queries_per_1000": 0.0 }, "geometry": { "type": "Polygon", "coordinates": [ [ [ -66.290084, -17.278128 ], [ -66.294046, -17.281278 ], [ -66.293403, -17.286166 ], [ -66.288798, -17.287904 ], [ -66.284836, -17.284754 ], [ -66.285479, -17.279867 ], [ -66.290084, -17.278128 ] ] ] } },
{ "type": "Feature", "properties": { "h3_cell": "888b2c8c5dfffff", "lat": -17.288229224276055, "lon": -66.275626430987913, "population": 21, "query_count": 0, "expected_count": 0.21, "p_low": 0.84341640541931784, "pearson_residual": -0.37416397032898319, "gap_category": "esperado", "gtfs_covered": 0, "dist_stop_m": 1768.5071110002791, "in_test": false, "model_id": "B1", "model_date": "2026-09-27", "edge_cell": true, "queries_per_1000": 0.0 }, "geometry": { "type": "Polygon", "coordinates": [ [ [ -66.276269, -17.283342 ], [ -66.280231, -17.286492 ], [ -66.279588, -17.291379 ], [ -66.274984, -17.293116 ], [ -66.271022, -17.289966 ], [ -66.271665, -17.285079 ], [ -66.276269, -17.283342 ] ] ] } },
{ "type": "Feature", "properties": { "h3_cell": "888b2c8c69fffff", "lat": -17.290613753342065, "lon": -66.244684754108476, "population": 73, "query_count": 0, "expected_count": 4.8323943661971827, "p_low": 0.34611700110451621, "pearson_residual": -0.6216150222591269, "gap_category": "esperado", "gtfs_covered": 0, "dist_stop_m": 3440.6464056313184, "in_test": false, "model_id": "B1", "model_date": "2026-09-27", "edge_cell": true, "queries_per_1000": 0.0 }, "geometry": { "type": "Polygon", "coordinates": [ [ [ -66.245328, -17.285727 ], [ -66.249288, -17.288877 ], [ -66.248645, -17.293764 ], [ -66.244042, -17.2955 ], [ -66.240082, -17.29235 ], [ -66.240725, -17.287464 ], [ -66.245328, -17.285727 ] ] ] } },
{ "type": "Feature", "properties": { "h3_cell": "888b2c8c6dfffff", "lat": -17.289200046149467, "lon": -66.236121725962803, "population": 284, "query_count": 0, "expected_count": 28.330900243309003, "p_low": 0.16949147379810042, "pearson_residual": -0.64331405690337051, "gap_category": "esperado", "gtfs_covered": 0, "dist_stop_m": 3238.5053237106099, "in_test": false, "model_id": "B1", "model_date": "2026-09-27", "edge_cell": true, "queries_per_1000": 0.0 }, "geometry": { "type": "Polygon", "coordinates": [ [ [ -66.236765, -17.284314 ], [ -66.240725, -17.287464 ], [ -66.240082, -17.29235 ], [ -66.235478, -17.294086 ], [ -66.231519, -17.290936 ], [ -66.232162, -17.28605 ], [ -66.236765, -17.284314 ] ] ] } },
{ "type": "Feature", "properties": { "h3_cell": "888b2c8e01fffff", "lat": -17.326999757060797, "lon": -66.283655367434221, "population": 1631, "query_count": 37, "expected_count": 101.82137161084529, "p_low": 0.49330449495356893, "pearson_residual": -0.41172185832196639, "gap_category": "esperado", "gtfs_covered": 1, "dist_stop_m": 298.93712142829918, "in_test": true, "model_id": "B1", "model_date": "2026-09-27", "edge_cell": false, "queries_per_1000": 22.685469037400367 }, "geometry": { "type": "Polygon", "coordinates": [ [ [ -66.284298, -17.322113 ], [ -66.288261, -17.325263 ], [ -66.287618, -17.33015 ], [ -66.283012, -17.331886 ], [ -66.27905, -17.328736 ], [ -66.279693, -17.32385 ], [ -66.284298, -17.322113 ] ] ] } },
{ "type": "Feature", "properties": { "h3_cell": "888b2c8e03fffff", "lat": -17.320376557122454, "lon": -66.288903864900064, "population": 1099, "query_count": 6, "expected_count": 43.817887931034484, "p_low": 0.34915408182079882, "pearson_residual": -0.55666370329107007, "gap_category": "esperado", "gtfs_covered": 0, "dist_stop_m": 643.95991241609704, "in_test": true, "model_id": "B1", "model_date": "2026-09-27", "edge_cell": false, "queries_per_1000": 5.4595086442220202 }, "geometry": { "type": "Polygon", "coordinates": [ [ [ -66.289547, -17.31549 ], [ -66.29351, -17.31864 ], [ -66.292867, -17.323527 ], [ -66.288261, -17.325263 ], [ -66.284298, -17.322113 ], [ -66.284941, -17.317227 ], [ -66.289547, -17.31549 ] ] ] } },
{ "type": "Feature", "properties": { "h3_cell": "888b2c8e05fffff", "lat": -17.325586003244041, "lon": -66.275087628978397, "population": 973, "query_count": 24, "expected_count": 95.61009441659867, "p_low": 0.42980681673958254, "pearson_residual": -0.4843253594694007, "gap_category": "esperado", "gtfs_covered": 0, "dist_stop_m": 748.54378284733707, "in_test": true, "model_id": "B1", "model_date": "2026-09-27", "edge_cell": false, "queries_per_1000": 24.665981500513873 }, "geometry": { "type": "Polygon", "coordinates": [ [ [ -66.275731, -17.3207 ], [ -66.279693, -17.32385 ], [ -66.27905, -17.328736 ], [ -66.274445, -17.330472 ], [ -66.270483, -17.327322 ], [ -66.271126, -17.322436 ], [ -66.275731, -17.3207 ] ] ] } },
{ "type": "Feature", "properties": { "h3_cell": "888b2c8e07fffff", "lat": -17.318963244385984, "lon": -66.280335819898141, "population": 1453, "query_count": 66, "expected_count": 124.19383465670248, "p_low": 0.56557793032838699, "pearson_residual": -0.30315332474801171, "gap_category": "esperado", "gtfs_covered": 1, "dist_stop_m": 150.13370082731146, "in_test": true, "model_id": "B1", "model_date": "2026-09-27", "edge_cell": false, "queries_per_1000": 45.423262216104611 }, "geometry": { "type": "Polygon", "coordinates": [ [ [ -66.280979, -17.314077 ], [ -66.284941, -17.317227 ], [ -66.284298, -17.322113 ], [ -66.279693, -17.32385 ], [ -66.275731, -17.3207 ], [ -66.276374, -17.315813 ], [ -66.280979, -17.314077 ] ] ] } },
{ "type": "Feature", "properties": { "h3_cell": "888b2c8e09fffff", "lat": -17.335036218887598, "lon": -66.286975207092198, "population": 1586, "query_count": 83, "expected_count": 83.495656751776778, "p_low": 0.69726925703505482, "pearson_residual": -0.003837479809350806, "gap_category": "esperado", "gtfs_covered": 1, "dist_stop_m": 324.63154394620625, "in_test": true, "model_id": "B1", "model_date": "2026-09-27", "edge_cell": false, "queries_per_1000": 52.332912988650691 }, "geometry": { "type": "Polygon", "coordinates": [ [ [ -66.287618, -17.33015 ], [ -66.291581, -17.3333 ], [ -66.290938, -17.338186 ], [ -66.286332, -17.339922 ], [ -66.282369, -17.336772 ], [ -66.283012, -17.331886 ], [ -66.287618, -17.33015 ] ] ] } },
{ "type": "Feature", "properties": { "h3_cell": "888b2c8e0bfffff", "lat": -17.32841326469028, "lon": -66.292223953612933, "population": 1482, "query_count": 7, "expected_count": 31.974110032362461, "p_low": 0.41772217250418325, "pearson_residual": -0.5028938554087361, "gap_category": "esperado", "gtfs_covered": 0, "dist_stop_m": 1018.3463051188193, "in_test": true, "model_id": "B1", "model_date": "2026-09-27", "edge_cell": false, "queries_per_1000": 4.7233468286099871 }, "geometry": { "type": "Polygon", "coordinates": [ [ [ -66.292867, -17.323527 ], [ -66.29683, -17.326677 ], [ -66.296187, -17.331563 ], [ -66.291581, -17.3333 ], [ -66.287618, -17.33015 ], [ -66.288261, -17.325263 ], [ -66.292867, -17.323527 ] ] ] } },
{ "type": "Feature", "properties": { "h3_cell": "888b2c8e0dfffff", "lat": -17.333622270172178, "lon": -66.278406927397384, "population": 748, "query_count": 18, "expected_count": 50.647077610986905, "p_low": 0.49246635130491001, "pearson_residual": -0.41602090237794714, "gap_category": "esperado", "gtfs_covered": 0, "dist_stop_m": 524.45857888601756, "in_test": true, "model_id": "B1", "model_date": "2026-09-27", "edge_cell": false, "queries_per_1000": 24.064171122994651 }, "geometry": { "type": "Polygon", "coordinates": [ [ [ -66.27905, -17.328736 ], [ -66.283012, -17.331886 ], [ -66.282369, -17.336772 ], [ -66.277764, -17.338508 ], [ -66.273802, -17.335358 ], [ -66.274445, -17.330472 ], [ -66.27905, -17.328736 ] ] ] } },
{ "type": "Feature", "properties": { "h3_cell": "888b2c8e11fffff", "lat": -17.31516529618284, "lon": -66.302721618441467, "population": 58, "query_count": 0, "expected_count": 2.8274044795783926, "p_low": 0.42357029550812919, "pearson_residual": -0.60470709221807262, "gap_category": "esperado", "gtfs_covered": 0, "dist_stop_m": 1020.0730717920411, "in_test": true, "model_id": "B1", "model_date": "2026-09-27", "edge_cell": false, "queries_per_1000": 0.0 }, "geometry": { "type": "Polygon", "coordinates": [ [ [ -66.303364, -17.310278 ], [ -66.307328, -17.313428 ], [ -66.306685, -17.318315 ], [ -66.302079, -17.320053 ], [ -66.298116, -17.316903 ], [ -66.298758, -17.312015 ], [ -66.303364, -17.310278 ] ] ] } },
{ "type": "Feature", "properties": { "h3_cell": "888b2c8e15fffff", "lat": -17.313752670598319, "lon": -66.2941524197078, "population": 881, "query_count": 23, "expected_count": 58.276264591439691, "p_low": 0.51067546440063627, "pearson_residual": -0.39088592980566711, "gap_category": "esperado", "gtfs_covered": 1, "dist_stop_m": 326.32965313431947, "in_test": true, "model_id": "B1", "model_date": "2026-09-27", "edge_cell": false, "queries_per_1000": 26.106696935300793 }, "geometry": { "type": "Polygon", "coordinates": [ [ [ -66.294795, -17.308866 ], [ -66.298758, -17.312015 ], [ -66.298116, -17.316903 ], [ -66.29351, -17.31864 ], [ -66.289547, -17.31549 ], [ -66.29019, -17.310603 ], [ -66.294795, -17.308866 ] ] ] } },
{ "type": "Feature", "properties": { "h3_cell": "888b2c8e19fffff", "lat": -17.323202443970462, "lon": -66.306042497215586, "population": 935, "query_count": 0, "expected_count": 5.7835051546391751, "p_low": 0.3227499657989466, "pearson_residual": -0.62574284777544842, "gap_category": "esperado", "gtfs_covered": 0, "dist_stop_m": 1458.5782277576598, "in_test": true, "model_id": "B1", "model_date": "2026-09-27", "edge_cell": false, "queries_per_1000": 0.0 }, "geometry": { "type": "Polygon", "coordinates": [ [ [ -66.306685, -17.318315 ], [ -66.310649, -17.321465 ], [ -66.310006, -17.326352 ], [ -66.3054, -17.32809 ], [ -66.301436, -17.32494 ], [ -66.302079, -17.320053 ], [ -66.306685, -17.318315 ] ] ] } },
{ "type": "Feature", "properties": { "h3_cell": "888b2c8e1dfffff", "lat": -17.321789623708284, "lon": -66.297472757425069, "population": 494, "query_count": 0, "expected_count": 14.939516129032258, "p_low": 0.2205462729442712, "pearson_residual": -0.63914317337649051, "gap_category": "esperado", "gtfs_covered": 0, "dist_stop_m": 1267.6257896986774, "in_test": true, "model_id": "B1", "model_date": "2026-09-27", "edge_cell": false, "queries_per_1000": 0.0 }, "geometry": { "type": "Polygon", "coordinates": [ [ [ -66.298116, -17.316903 ], [ -66.302079, -17.320053 ], [ -66.301436, -17.32494 ], [ -66.29683, -17.326677 ], [ -66.292867, -17.323527 ], [ -66.29351, -17.31864 ], [ -66.298116, -17.316903 ] ] ] } },
{ "type": "Feature", "properties": { "h3_cell": "888b2c8e21fffff", "lat": -17.316135881153137, "lon": -66.263202273493107, "population": 589, "query_count": 44, "expected_count": 56.329268292682926, "p_low": 0.64667936963367645, "pearson_residual": -0.1413216334051037, "gap_category": "esperado", "gtfs_covered": 0, "dist_stop_m": 1999.3612086926125, "in_test": true, "model_id": "B1", "model_date": "2026-09-27", "edge_cell": false, "queries_per_1000": 74.702886247877757 }, "geometry": { "type": "Polygon", "coordinates": [ [ [ -66.263845, -17.31125 ], [ -66.267807, -17.3144 ], [ -66.267164, -17.319286 ], [ -66.262559, -17.321022 ], [ -66.258598, -17.317872 ], [ -66.259241, -17.312986 ], [ -66.263845, -17.31125 ] ] ] } },
{ "type": "Feature", "properties": { "h3_cell": "888b2c8e23fffff", "lat": -17.309513317852865, "lon": -66.2684499084762, "population": 37, "query_count": 0, "expected_count": 3.1922408801389692, "p_low": 0.4050466508898421, "pearson_residual": -0.60922635060779429, "gap_category": "esperado", "gtfs_covered": 0, "dist_stop_m": 1742.1125526945057, "in_test": true, "model_id": "B1", "model_date": "2026-09-27", "edge_cell": false, "queries_per_1000": 0.0 }, "geometry": { "type": "Polygon", "coordinates": [ [ [ -66.269093, -17.304627 ], [ -66.273055, -17.307777 ], [ -66.272412, -17.312663 ], [ -66.267807, -17.3144 ], [ -66.263845, -17.31125 ], [ -66.264488, -17.306363 ], [ -66.269093, -17.304627 ] ] ] } },
{ "type": "Feature", "properties": { "h3_cell": "888b2c8e25fffff", "lat": -17.314721831002782, "lon": -66.254636772604215, "population": 399, "query_count": 13, "expected_count": 44.024748646558393, "p_low": 0.46144939472438451, "pearson_residual": -0.45453585556327208, "gap_category": "esperado", "gtfs_covered": 0, "dist_stop_m": 1767.2307639719195, "in_test": true, "model_id": "B1", "model_date": "2026-09-27", "edge_cell": false, "queries_per_1000": 32.581453634085214 }, "geometry": { "type": "Polygon", "coordinates": [ [ [ -66.25528, -17.309836 ], [ -66.259241, -17.312986 ], [ -66.258598, -17.317872 ], [ -66.253994, -17.319608 ], [ -66.250033, -17.316458 ], [ -66.250676, -17.311572 ], [ -66.25528, -17.309836 ] ] ] } },
{ "type": "Feature", "properties": { "h3_cell": "888b2c8e29fffff", "lat": -17.324172003413072, "lon": -66.26652073850282, "population": 810, "query_count": 18, "expected_count": 75.009019843656048, "p_low": 0.42381642605351244, "pearson_residual": -0.49117484726993343, "gap_category": "esperado", "gtfs_covered": 0, "dist_stop_m": 1461.2308363182558, "in_test": true, "model_id": "B1", "model_date": "2026-09-27", "edge_cell": false, "queries_per_1000": 22.222222222222221 }, "geometry": { "type": "Polygon", "coordinates": [ [ [ -66.267164, -17.319286 ], [ -66.271126, -17.322436 ], [ -66.270483, -17.327322 ], [ -66.265878, -17.329058 ], [ -66.261916, -17.325908 ], [ -66.262559, -17.321022 ], [ -66.267164, -17.319286 ] ] ] } },
{ "type": "Feature", "properties": { "h3_cell": "888b2c8e2bfffff", "lat": -17.317549685671882, "lon": -66.27176862267676, "population": 1516, "query_count": 25, "expected_count": 140.65006226650061, "p_low": 0.3751358314463209, "pearson_residual": -0.53208005967833905, "gap_category": "esperado", "gtfs_covered": 0, "dist_stop_m": 1074.7752623678939, "in_test": true, "model_id": "B1", "model_date": "2026-09-27", "edge_cell": false, "queries_per_1000": 16.490765171503959 }, "geometry": { "type": "Polygon", "coordinates": [ [ [ -66.272412, -17.312663 ], [ -66.276374, -17.315813 ], [ -66.275731, -17.3207 ], [ -66.271126, -17.322436 ], [ -66.267164, -17.319286 ], [ -66.267807, -17.3144 ], [ -66.272412, -17.312663 ] ] ] } },
{ "type": "Feature", "properties": { "h3_cell": "888b2c8e2dfffff", "lat": -17.322757757740963, "lon": -66.257954696264548, "population": 941, "query_count": 26, "expected_count": 100.57707222491517, "p_low": 0.43438727931737259, "pearson_residual": -0.47953460853926666, "gap_category": "esperado", "gtfs_covered": 0, "dist_stop_m": 1265.8376150457796, "in_test": true, "model_id": "B1", "model_date": "2026-09-27", "edge_cell": false, "queries_per_1000": 27.630180658873538 }, "geometry": { "type": "Polygon", "coordinates": [ [ [ -66.258598, -17.317872 ], [ -66.262559, -17.321022 ], [ -66.261916, -17.325908 ], [ -66.257312, -17.327644 ], [ -66.25335, -17.324493 ], [ -66.253994, -17.319608 ], [ -66.258598, -17.317872 ] ] ] } },
{ "type": "Feature", "properties": { "h3_cell": "888b2c8e33fffff", "lat": -17.297678613391231, "lon": -66.287512620552363, "population": 63, "query_count": 1, "expected_count": 10.398058252427186, "p_low": 0.35867643070189481, "pearson_residual": -0.57425670992947253, "gap_category": "esperado", "gtfs_covered": 0, "dist_stop_m": 914.08507457314681, "in_test": true, "model_id": "B1", "model_date": "2026-09-27", "edge_cell": false, "queries_per_1000": 15.873015873015872 }, "geometry": { "type": "Polygon", "coordinates": [ [ [ -66.288155, -17.292791 ], [ -66.292118, -17.295941 ], [ -66.291475, -17.300828 ], [ -66.28687, -17.302566 ], [ -66.282907, -17.299416 ], [ -66.28355, -17.294529 ], [ -66.288155, -17.292791 ] ] ] } },
{ "type": "Feature", "properties": { "h3_cell": "888b2c8e35fffff", "lat": -17.302890068081208, "lon": -66.273697601126713, "population": 10, "query_count": 0, "expected_count": 9.9999999999999995e-07, "p_low": 0.99999900000169051, "pearson_residual": -0.00099999880949217727, "gap_category": "esperado", "gtfs_covered": 0, "dist_stop_m": 1770.3110386775684, "in_test": true, "model_id": "B1", "model_date": "2026-09-27", "edge_cell": false, "queries_per_1000": 0.0 }, "geometry": { "type": "Polygon", "coordinates": [ [ [ -66.274341, -17.298003 ], [ -66.278302, -17.301153 ], [ -66.27766, -17.30604 ], [ -66.273055, -17.307777 ], [ -66.269093, -17.304627 ], [ -66.269736, -17.29974 ], [ -66.274341, -17.298003 ] ] ] } },
{ "type": "Feature", "properties": { "h3_cell": "888b2c8e37fffff", "lat": -17.296266132079374, "lon": -66.278945351357578, "population": 27, "query_count": 0, "expected_count": 9.9999999999999995e-07, "p_low": 0.99999900000169051, "pearson_residual": -0.00099999880949217727, "gap_category": "esperado", "gtfs_covered": 0, "dist_stop_m": 1698.9779983197425, "in_test": true, "model_id": "B1", "model_date": "2026-09-27", "edge_cell": false, "queries_per_1000": 0.0 }, "geometry": { "type": "Polygon", "coordinates": [ [ [ -66.279588, -17.291379 ], [ -66.28355, -17.294529 ], [ -66.282907, -17.299416 ], [ -66.278302, -17.301153 ], [ -66.274341, -17.298003 ], [ -66.274984, -17.293116 ], [ -66.279588, -17.291379 ] ] ] } },
{ "type": "Feature", "properties": { "h3_cell": "888b2c8e39fffff", "lat": -17.312339798899846, "lon": -66.285584068297382, "population": 1004, "query_count": 14, "expected_count": 77.056433408577874, "p_low": 0.38148969712616321, "pearson_residual": -0.52888184823300821, "gap_category": "esperado", "gtfs_covered": 1, "dist_stop_m": 205.44319839272657, "in_test": true, "model_id": "B1", "model_date": "2026-09-27", "edge_cell": false, "queries_per_1000": 13.944223107569721 }, "geometry": { "type": "Polygon", "coordinates": [ [ [ -66.286227, -17.307453 ], [ -66.29019, -17.310603 ], [ -66.289547, -17.31549 ], [ -66.284941, -17.317227 ], [ -66.280979, -17.314077 ], [ -66.281622, -17.30919 ], [ -66.286227, -17.307453 ] ] ] } },
{ "type": "Feature", "properties": { "h3_cell": "888b2c8e3bfffff", "lat": -17.305715667026863, "lon": -66.290832374088978, "population": 131, "query_count": 19, "expected_count": 11.90909090909091, "p_low": 0.80054278609268414, "pearson_residual": 0.37924143591823306, "gap_category": "esperado", "gtfs_covered": 1, "dist_stop_m": 399.16027375598122, "in_test": true, "model_id": "B1", "model_date": "2026-09-27", "edge_cell": false, "queries_per_1000": 145.03816793893128 }, "geometry": { "type": "Polygon", "coordinates": [ [ [ -66.291475, -17.300828 ], [ -66.295438, -17.303978 ], [ -66.294795, -17.308866 ], [ -66.29019, -17.310603 ], [ -66.286227, -17.307453 ], [ -66.28687, -17.302566 ], [ -66.291475, -17.300828 ] ] ] } },
{ "type": "Feature", "properties": { "h3_cell": "888b2c8e3dfffff", "lat": -17.31092668126038, "lon": -66.277016564467743, "population": 95, "query_count": 0, "expected_count": 11.745454545454546, "p_low": 0.2432334028770608, "pearson_residual": -0.63678004354171336, "gap_category": "esperado", "gtfs_covered": 0, "dist_stop_m": 934.40425226231685, "in_test": true, "model_id": "B1", "model_date": "2026-09-27", "edge_cell": false, "queries_per_1000": 0.0 }, "geometry": { "type": "Polygon", "coordinates": [ [ [ -66.27766, -17.30604 ], [ -66.281622, -17.30919 ], [ -66.280979, -17.314077 ], [ -66.276374, -17.315813 ], [ -66.272412, -17.312663 ], [ -66.273055, -17.307777 ], [ -66.27766, -17.30604 ] ] ] } },
{ "type": "Feature", "properties": { "h3_cell": "888b2c8e41fffff", "lat": -17.349694650507661, "lon": -66.285046400652604, "population": 1120, "query_count": 69, "expected_count": 52.31677852348993, "p_low": 0.75810113046219796, "pearson_residual": 0.20583591606074247, "gap_category": "esperado", "gtfs_covered": 1, "dist_stop_m": 254.47142425828793, "in_test": true, "model_id": "B1", "model_date": "2026-09-27", "edge_cell": false, "queries_per_1000": 61.607142857142861 }, "geometry": { "type": "Polygon", "coordinates": [ [ [ -66.285689, -17.344809 ], [ -66.289652, -17.347959 ], [ -66.28901, -17.352845 ], [ -66.284403, -17.354581 ], [ -66.280441, -17.35143 ], [ -66.281084, -17.346544 ], [ -66.285689, -17.344809 ] ] ] } },
{ "type": "Feature", "properties": { "h3_cell": "888b2c8e43fffff", "lat": -17.343072629469145, "lon": -66.290295338888399, "population": 1552, "query_count": 63, "expected_count": 73.238600212089068, "p_low": 0.66653806602693988, "pearson_residual": -0.090339432880663886, "gap_category": "esperado", "gtfs_covered": 1, "dist_stop_m": 236.19758334538247, "in_test": true, "model_id": "B1", "model_date": "2026-09-27", "edge_cell": false, "queries_per_1000": 40.592783505154642 }, "geometry": { "type": "Polygon", "coordinates": [ [ [ -66.290938, -17.338186 ], [ -66.294901, -17.341336 ], [ -66.294259, -17.346223 ], [ -66.289652, -17.347959 ], [ -66.285689, -17.344809 ], [ -66.286332, -17.339922 ], [ -66.290938, -17.338186 ] ] ] } },
{ "type": "Feature", "properties": { "h3_cell": "888b2c8e45fffff", "lat": -17.348280065963902, "lon": -66.276477886273597, "population": 368, "query_count": 9, "expected_count": 20.767346938775511, "p_low": 0.53635378400749856, "pearson_residual": -0.36355353307634064, "gap_category": "esperado", "gtfs_covered": 0, "dist_stop_m": 1051.7941333319595, "in_test": true, "model_id": "B1", "model_date": "2026-09-27", "edge_cell": false, "queries_per_1000": 24.456521739130437 }, "geometry": { "type": "Polygon", "coordinates": [ [ [ -66.277121, -17.343394 ], [ -66.281084, -17.346544 ], [ -66.280441, -17.35143 ], [ -66.275835, -17.353166 ], [ -66.271872, -17.350015 ], [ -66.272515, -17.34513 ], [ -66.277121, -17.343394 ] ] ] } },
{ "type": "Feature", "properties": { "h3_cell": "888b2c8e47fffff", "lat": -17.341658486059117, "lon": -66.281726517950034, "population": 1294, "query_count": 32, "expected_count": 73.024312333629098, "p_low": 0.52930240217148095, "pearson_residual": -0.36303375725633069, "gap_category": "esperado", "gtfs_covered": 1, "dist_stop_m": 395.54286689237597, "in_test": true, "model_id": "B1", "model_date": "2026-09-27", "edge_cell": false, "queries_per_1000": 24.729520865533228 }, "geometry": { "type": "Polygon", "coordinates": [ [ [ -66.282369, -17.336772 ], [ -66.286332, -17.339922 ], [ -66.285689, -17.344809 ], [ -66.281084, -17.346544 ], [ -66.277121, -17.343394 ], [ -66.277764, -17.338508 ], [ -66.282369, -17.336772 ] ] ] } },
{ "type": "Feature", "properties": { "h3_cell": "888b2c8e49fffff", "lat": -17.357730763120642, "lon": -66.288366575521366, "population": 1905, "query_count": 112, "expected_count": 121.10024449877751, "p_low": 0.68136014552697866, "pearson_residual": -0.048615498397987532, "gap_category": "esperado", "gtfs_covered": 1, "dist_stop_m": 243.8963914430478, "in_test": true, "model_id": "B1", "model_date": "2026-09-27", "edge_cell": false, "queries_per_1000": 58.792650918635168 }, "geometry": { "type": "Polygon", "coordinates": [ [ [ -66.28901, -17.352845 ], [ -66.292973, -17.355995 ], [ -66.29233, -17.360881 ], [ -66.287724, -17.362617 ], [ -66.28376, -17.359466 ], [ -66.284403, -17.354581 ], [ -66.28901, -17.352845 ] ] ] } },
{ "type": "Feature", "properties": { "h3_cell": "888b2c8e4bfffff", "lat": -17.351108988408221, "lon": -66.293615762839039, "population": 689, "query_count": 3, "expected_count": 31.917960662525878, "p_low": 0.31237674011915295, "pearson_residual": -0.58332736230040383, "gap_category": "esperado", "gtfs_covered": 1, "dist_stop_m": 110.23606345204539, "in_test": true, "model_id": "B1", "model_date": "2026-09-27", "edge_cell": false, "queries_per_1000": 4.3541364296081273 }, "geometry": { "type": "Polygon", "coordinates": [ [ [ -66.294259, -17.346223 ], [ -66.298222, -17.349373 ], [ -66.297579, -17.354259 ], [ -66.292973, -17.355995 ], [ -66.28901, -17.352845 ], [ -66.289652, -17.347959 ], [ -66.294259, -17.346223 ] ] ] } },
{ "type": "Feature", "properties": { "h3_cell": "888b2c8e4dfffff", "lat": -17.356315984080748, "lon": -66.279797519832073, "population": 1410, "query_count": 75, "expected_count": 65.863087248322145, "p_low": 0.72666391619211246, "pearson_residual": 0.089618072418642933, "gap_category": "esperado", "gtfs_covered": 1, "dist_stop_m": 417.60151165936935, "in_test": true, "model_id": "B1", "model_date": "2026-09-27", "edge_cell": false, "queries_per_1000": 53.191489361702125 }, "geometry": { "type": "Polygon", "coordinates": [ [ [ -66.280441, -17.35143 ], [ -66.284403, -17.354581 ], [ -66.28376, -17.359466 ], [ -66.279154, -17.361202 ], [ -66.275192, -17.358051 ], [ -66.275835, -17.353166 ], [ -66.280441, -17.35143 ] ] ] } },
{ "type": "Feature", "properties": { "h3_cell": "888b2c8e51fffff", "lat": -17.337863376954473, "lon": -66.304114309219983, "population": 490, "query_count": 4, "expected_count": 4.9804534792806887, "p_low": 0.67680127512536381, "pearson_residual": -0.12251701298116807, "gap_category": "esperado", "gtfs_covered": 1, "dist_stop_m": 488.88783607371323, "in_test": true, "model_id": "B1", "model_date": "2026-09-27", "edge_cell": false, "queries_per_1000": 8.1632653061224492 }, "geometry": { "type": "Polygon", "coordinates": [ [ [ -66.304757, -17.332977 ], [ -66.308721, -17.336127 ], [ -66.308078, -17.341013 ], [ -66.303472, -17.34275 ], [ -66.299508, -17.3396 ], [ -66.300151, -17.334713 ], [ -66.304757, -17.332977 ] ] ] } },
{ "type": "Feature", "properties": { "h3_cell": "888b2c8e53fffff", "lat": -17.331239540695204, "lon": -66.309363668108873, "population": 591, "query_count": 0, "expected_count": 5.0646011865524061, "p_low": 0.33988523072998683, "pearson_residual": -0.62275763223439173, "gap_category": "esperado", "gtfs_covered": 0, "dist_stop_m": 1047.2867816803471, "in_test": true, "model_id": "B1", "model_date": "2026-09-27", "edge_cell": false, "queries_per_1000": 0.0 }, "geometry": { "type": "Polygon", "coordinates": [ [ [ -66.310006, -17.326352 ], [ -66.31397, -17.329502 ], [ -66.313328, -17.33439 ], [ -66.308721, -17.336127 ], [ -66.304757, -17.332977 ], [ -66.3054, -17.32809 ], [ -66.310006, -17.326352 ] ] ] } },
{ "type": "Feature", "properties": { "h3_cell": "888b2c8e55fffff", "lat": -17.336449921206068, "lon": -66.295544334452273, "population": 1220, "query_count": 6, "expected_count": 12.40031274433151, "p_low": 0.56420817178392357, "pearson_residual": -0.32896845573191924, "gap_category": "esperado", "gtfs_covered": 1, "dist_stop_m": 463.18493729819272, "in_test": true, "model_id": "B1", "model_date": "2026-09-27", "edge_cell": false, "queries_per_1000": 4.918032786885246 }, "geometry": { "type": "Polygon", "coordinates": [ [ [ -66.296187, -17.331563 ], [ -66.300151, -17.334713 ], [ -66.299508, -17.3396 ], [ -66.294901, -17.341336 ], [ -66.290938, -17.338186 ], [ -66.291581, -17.3333 ], [ -66.296187, -17.331563 ] ] ] } },
{ "type": "Feature", "properties": { "h3_cell": "888b2c8e57fffff", "lat": -17.329826525959437, "lon": -66.300793387257059, "population": 809, "query_count": 28, "expected_count": 6.9327620303230066, "p_low": 0.94828964840226682, "pearson_residual": 1.9122648341004063, "gap_category": "esperado", "gtfs_covered": 0, "dist_stop_m": 598.60283878597249, "in_test": true, "model_id": "B1", "model_date": "2026-09-27", "edge_cell": false, "queries_per_1000": 34.610630407911003 }, "geometry": { "type": "Polygon", "coordinates": [ [ [ -66.301436, -17.32494 ], [ -66.3054, -17.32809 ], [ -66.304757, -17.332977 ], [ -66.300151, -17.334713 ], [ -66.296187, -17.331563 ], [ -66.29683, -17.326677 ], [ -66.301436, -17.32494 ] ] ] } },
{ "type": "Feature", "properties": { "h3_cell": "888b2c8e59fffff", "lat": -17.345900176296041, "lon": -66.307435523330085, "population": 146, "query_count": 0, "expected_count": 4.1015667206915181, "p_low": 0.3685962775579692, "pearson_residual": -0.61723348434066494, "gap_category": "esperado", "gtfs_covered": 0, "dist_stop_m": 1046.2474192847235, "in_test": true, "model_id": "B1", "model_date": "2026-09-27", "edge_cell": false, "queries_per_1000": 0.0 }, "geometry": { "type": "Polygon", "coordinates": [ [ [ -66.308078, -17.341013 ], [ -66.312042, -17.344164 ], [ -66.3114, -17.34905 ], [ -66.306793, -17.350787 ], [ -66.302829, -17.347637 ], [ -66.303472, -17.34275 ], [ -66.308078, -17.341013 ] ] ] } },
{ "type": "Feature", "properties": { "h3_cell": "888b2c8e5bfffff", "lat": -17.339276585959688, "lon": -66.312685131137556, "population": 562, "query_count": 3, "expected_count": 6.4143985952589988, "p_low": 0.57505545645343548, "pearson_residual": -0.33419885775012614, "gap_category": "esperado", "gtfs_covered": 0, "dist_stop_m": 1378.4318933655654, "in_test": true, "model_id": "B1", "model_date": "2026-09-27", "edge_cell": false, "queries_per_1000": 5.3380782918149468 }, "geometry": { "type": "Polygon", "coordinates": [ [ [ -66.313328, -17.33439 ], [ -66.317292, -17.33754 ], [ -66.31665, -17.342427 ], [ -66.312042, -17.344164 ], [ -66.308078, -17.341013 ], [ -66.308721, -17.336127 ], [ -66.313328, -17.33439 ] ] ] } },
{ "type": "Feature", "properties": { "h3_cell": "888b2c8e5dfffff", "lat": -17.344486526272515, "lon": -66.298865007434316, "population": 814, "query_count": 3, "expected_count": 21.259668508287291, "p_low": 0.36742187810703725, "pearson_residual": -0.55119711144882744, "gap_category": "esperado", "gtfs_covered": 1, "dist_stop_m": 153.07532289761679, "in_test": true, "model_id": "B1", "model_date": "2026-09-27", "edge_cell": false, "queries_per_1000": 3.6855036855036856 }, "geometry": { "type": "Polygon", "coordinates": [ [ [ -66.299508, -17.3396 ], [ -66.303472, -17.34275 ], [ -66.302829, -17.347637 ], [ -66.298222, -17.349373 ], [ -66.294259, -17.346223 ], [ -66.294901, -17.341336 ], [ -66.299508, -17.3396 ] ] ] } },
{ "type": "Feature", "properties": { "h3_cell": "888b2c8e61fffff", "lat": -17.338829460111743, "lon": -66.264591419925864, "population": 2494, "query_count": 1041, "expected_count": 220.00410294666167, "p_low": 0.96419120967794714, "pearson_residual": 2.416098050947884, "gap_category": "exceso", "gtfs_covered": 1, "dist_stop_m": 61.038581257510124, "in_test": true, "model_id": "B1", "model_date": "2026-09-27", "edge_cell": false, "queries_per_1000": 417.40176423416199 }, "geometry": { "type": "Polygon", "coordinates": [ [ [ -66.265235, -17.333944 ], [ -66.269196, -17.337094 ], [ -66.268553, -17.34198 ], [ -66.263948, -17.343715 ], [ -66.259987, -17.340565 ], [ -66.26063, -17.335679 ], [ -66.265235, -17.333944 ] ] ] } },
{ "type": "Feature", "properties": { "h3_cell": "888b2c8e63fffff", "lat": -17.332208075232934, "lon": -66.269839495625249, "population": 1605, "query_count": 93, "expected_count": 148.70472440944883, "p_low": 0.59841750273565519, "pearson_residual": -0.24242272277875648, "gap_category": "esperado", "gtfs_covered": 0, "dist_stop_m": 651.48769366359306, "in_test": true, "model_id": "B1", "model_date": "2026-09-27", "edge_cell": false, "queries_per_1000": 57.943925233644862 }, "geometry": { "type": "Polygon", "coordinates": [ [ [ -66.270483, -17.327322 ], [ -66.274445, -17.330472 ], [ -66.273802, -17.335358 ], [ -66.269196, -17.337094 ], [ -66.265235, -17.333944 ], [ -66.265878, -17.329058 ], [ -66.270483, -17.327322 ] ] ] } },
{ "type": "Feature", "properties": { "h3_cell": "888b2c8e65fffff", "lat": -17.337414577920747, "lon": -66.256025143354407, "population": 1115, "query_count": 66, "expected_count": 63.331512834516658, "p_low": 0.70778137290439724, "pearson_residual": 0.027216261420961316, "gap_category": "esperado", "gtfs_covered": 1, "dist_stop_m": 209.27108623523657, "in_test": true, "model_id": "B1", "model_date": "2026-09-27", "edge_cell": false, "queries_per_1000": 59.192825112107627 }, "geometry": { "type": "Polygon", "coordinates": [ [ [ -66.256668, -17.332529 ], [ -66.26063, -17.335679 ], [ -66.259987, -17.340565 ], [ -66.255382, -17.3423 ], [ -66.251421, -17.33915 ], [ -66.252064, -17.334264 ], [ -66.256668, -17.332529 ] ] ] } },
{ "type": "Feature", "properties": { "h3_cell": "888b2c8e67fffff", "lat": -17.330793634242973, "lon": -66.261272912033007, "population": 1468, "query_count": 55, "expected_count": 120.98703839569578, "p_low": 0.53490300995393436, "pearson_residual": -0.35284648097174676, "gap_category": "esperado", "gtfs_covered": 0, "dist_stop_m": 623.55642196579515, "in_test": true, "model_id": "B1", "model_date": "2026-09-27", "edge_cell": false, "queries_per_1000": 37.46594005449591 }, "geometry": { "type": "Polygon", "coordinates": [ [ [ -66.261916, -17.325908 ], [ -66.265878, -17.329058 ], [ -66.265235, -17.333944 ], [ -66.26063, -17.335679 ], [ -66.256668, -17.332529 ], [ -66.257312, -17.327644 ], [ -66.261916, -17.325908 ] ] ] } },
{ "type": "Feature", "properties": { "h3_cell": "888b2c8e69fffff", "lat": -17.346865234950169, "lon": -66.267910219959418, "population": 1426, "query_count": 164, "expected_count": 110.21135646687698, "p_low": 0.78267816696290882, "pearson_residual": 0.31568708192969402, "gap_category": "esperado", "gtfs_covered": 0, "dist_stop_m": 818.37912528980212, "in_test": true, "model_id": "B1", "model_date": "2026-09-27", "edge_cell": false, "queries_per_1000": 115.00701262272089 }, "geometry": { "type": "Polygon", "coordinates": [ [ [ -66.268553, -17.34198 ], [ -66.272515, -17.34513 ], [ -66.271872, -17.350015 ], [ -66.267267, -17.351751 ], [ -66.263305, -17.3486 ], [ -66.263948, -17.343715 ], [ -66.268553, -17.34198 ] ] ] } },
{ "type": "Feature", "properties": { "h3_cell": "888b2c8e6bfffff", "lat": -17.340244096215585, "lon": -66.27315854487675, "population": 931, "query_count": 21, "expected_count": 72.728464039008529, "p_low": 0.45432085295544805, "pearson_residual": -0.45961404626890606, "gap_category": "esperado", "gtfs_covered": 0, "dist_stop_m": 617.50011301907625, "in_test": true, "model_id": "B1", "model_date": "2026-09-27", "edge_cell": false, "queries_per_1000": 22.556390977443609 }, "geometry": { "type": "Polygon", "coordinates": [ [ [ -66.273802, -17.335358 ], [ -66.277764, -17.338508 ], [ -66.277121, -17.343394 ], [ -66.272515, -17.34513 ], [ -66.268553, -17.34198 ], [ -66.269196, -17.337094 ], [ -66.273802, -17.335358 ] ] ] } },
{ "type": "Feature", "properties": { "h3_cell": "888b2c8e6dfffff", "lat": -17.3454501576397, "lon": -66.259343401967271, "population": 1457, "query_count": 128, "expected_count": 164.67207895574657, "p_low": 0.6439094543622329, "pearson_residual": -0.14413880987858801, "gap_category": "esperado", "gtfs_covered": 1, "dist_stop_m": 14.975675436489132, "in_test": true, "model_id": "B1", "model_date": "2026-09-27", "edge_cell": false, "queries_per_1000": 87.851750171585451 }, "geometry": { "type": "Polygon", "coordinates": [ [ [ -66.259987, -17.340565 ], [ -66.263948, -17.343715 ], [ -66.263305, -17.3486 ], [ -66.2587, -17.350335 ], [ -66.254739, -17.347185 ], [ -66.255382, -17.3423 ], [ -66.259987, -17.340565 ] ] ] } },
{ "type": "Feature", "properties": { "h3_cell": "888b2c8ee1fffff", "lat": -17.292465345086107, "lon": -66.301329157500717, "population": 168, "query_count": 0, "expected_count": 4.4251386321626622, "p_low": 0.35805028144699119, "pearson_residual": -0.61934032543591089, "gap_category": "esperado", "gtfs_covered": 1, "dist_stop_m": 341.84073637051029, "in_test": false, "model_id": "B1", "model_date": "2026-09-27", "edge_cell": true, "queries_per_1000": 0.0 }, "geometry": { "type": "Polygon", "coordinates": [ [ [ -66.301972, -17.287577 ], [ -66.305935, -17.290727 ], [ -66.305292, -17.295615 ], [ -66.300686, -17.297353 ], [ -66.296723, -17.294203 ], [ -66.297366, -17.289316 ], [ -66.301972, -17.287577 ] ] ] } },
{ "type": "Feature", "properties": { "h3_cell": "888b2c8ee3fffff", "lat": -17.285839155501616, "lon": -66.306577634946578, "population": 116, "query_count": 0, "expected_count": 3.0554528650646953, "p_low": 0.41166722864839644, "pearson_residual": -0.60764695309875327, "gap_category": "esperado", "gtfs_covered": 0, "dist_stop_m": 963.29674806767707, "in_test": false, "model_id": "B1", "model_date": "2026-09-27", "edge_cell": true, "queries_per_1000": 0.0 }, "geometry": { "type": "Polygon", "coordinates": [ [ [ -66.30722, -17.280951 ], [ -66.311184, -17.284101 ], [ -66.310541, -17.288989 ], [ -66.305935, -17.290727 ], [ -66.301972, -17.287577 ], [ -66.302614, -17.282689 ], [ -66.30722, -17.280951 ] ] ] } },
{ "type": "Feature", "properties": { "h3_cell": "888b2c8ee5fffff", "lat": -17.291053550416368, "lon": -66.292760734671774, "population": 95, "query_count": 22, "expected_count": 8.5972850678733028, "p_low": 0.88677510365877055, "pearson_residual": 0.98649069147721924, "gap_category": "esperado", "gtfs_covered": 1, "dist_stop_m": 285.19366262941935, "in_test": false, "model_id": "B1", "model_date": "2026-09-27", "edge_cell": false, "queries_per_1000": 231.57894736842104 }, "geometry": { "type": "Polygon", "coordinates": [ [ [ -66.293403, -17.286166 ], [ -66.297366, -17.289316 ], [ -66.296723, -17.294203 ], [ -66.292118, -17.295941 ], [ -66.288155, -17.292791 ], [ -66.288798, -17.287904 ], [ -66.293403, -17.286166 ] ] ] } },
{ "type": "Feature", "properties": { "h3_cell": "888b2c8ee7fffff", "lat": -17.284427801736761, "lon": -66.298008906059749, "population": 168, "query_count": 1, "expected_count": 15.203619909502262, "p_low": 0.30846650327870417, "pearson_residual": -0.59724615281064508, "gap_category": "esperado", "gtfs_covered": 1, "dist_stop_m": 483.41364328021996, "in_test": false, "model_id": "B1", "model_date": "2026-09-27", "edge_cell": true, "queries_per_1000": 5.9523809523809517 }, "geometry": { "type": "Polygon", "coordinates": [ [ [ -66.298652, -17.27954 ], [ -66.302614, -17.282689 ], [ -66.301972, -17.287577 ], [ -66.297366, -17.289316 ], [ -66.293403, -17.286166 ], [ -66.294046, -17.281278 ], [ -66.298652, -17.27954 ] ] ] } },
{ "type": "Feature", "properties": { "h3_cell": "888b2c8eedfffff", "lat": -17.299090849008433, "lon": -66.296080737185804, "population": 11, "query_count": 12, "expected_count": 0.28974121996303143, "p_low": 0.99999877599623399, "pearson_residual": 16.735298666141944, "gap_category": "exceso", "gtfs_covered": 1, "dist_stop_m": 48.333849558368371, "in_test": false, "model_id": "B1", "model_date": "2026-09-27", "edge_cell": false, "queries_per_1000": 1090.9090909090908 }, "geometry": { "type": "Polygon", "coordinates": [ [ [ -66.296723, -17.294203 ], [ -66.300686, -17.297353 ], [ -66.300044, -17.302241 ], [ -66.295438, -17.303978 ], [ -66.291475, -17.300828 ], [ -66.292118, -17.295941 ], [ -66.296723, -17.294203 ] ] ] } },
{ "type": "Feature", "properties": { "h3_cell": "888b2c8f01fffff", "lat": -17.317098320102289, "lon": -66.223699014819871, "population": 562, "query_count": 56, "expected_count": 448.43767467859141, "p_low": 0.32369684850354169, "pearson_residual": -0.56687044349356053, "gap_category": "esperado", "gtfs_covered": 1, "dist_stop_m": 251.63977272083861, "in_test": true, "model_id": "B1", "model_date": "2026-09-27", "edge_cell": false, "queries_per_1000": 99.644128113879006 }, "geometry": { "type": "Polygon", "coordinates": [ [ [ -66.224342, -17.312213 ], [ -66.228302, -17.315363 ], [ -66.227659, -17.320248 ], [ -66.223056, -17.321983 ], [ -66.219096, -17.318833 ], [ -66.21974, -17.313948 ], [ -66.224342, -17.312213 ] ] ] } },
{ "type": "Feature", "properties": { "h3_cell": "888b2c8f05fffff", "lat": -17.315682847820373, "lon": -66.215137217617766, "population": 112, "query_count": 3, "expected_count": 74.477367013920897, "p_low": 0.22096453079650949, "pearson_residual": -0.62021410066355653, "gap_category": "esperado", "gtfs_covered": 0, "dist_stop_m": 552.70536125152546, "in_test": true, "model_id": "B1", "model_date": "2026-09-27", "edge_cell": false, "queries_per_1000": 26.785714285714285 }, "geometry": { "type": "Polygon", "coordinates": [ [ [ -66.215781, -17.310798 ], [ -66.21974, -17.313948 ], [ -66.219096, -17.318833 ], [ -66.214494, -17.320568 ], [ -66.210535, -17.317417 ], [ -66.211178, -17.312533 ], [ -66.215781, -17.310798 ] ] ] } },
{ "type": "Feature", "properties": { "h3_cell": "888b2c8f07fffff", "lat": -17.309063177545241, "lon": -66.220383257129129, "population": 48, "query_count": 0, "expected_count": 0.7722772277227723, "p_low": 0.6451910045485193, "pearson_residual": -0.52157725774062513, "gap_category": "esperado", "gtfs_covered": 0, "dist_stop_m": 1159.6798330878723, "in_test": true, "model_id": "B1", "model_date": "2026-09-27", "edge_cell": false, "queries_per_1000": 0.0 }, "geometry": { "type": "Polygon", "coordinates": [ [ [ -66.221027, -17.304178 ], [ -66.224986, -17.307328 ], [ -66.224342, -17.312213 ], [ -66.21974, -17.313948 ], [ -66.215781, -17.310798 ], [ -66.216424, -17.305913 ], [ -66.221027, -17.304178 ] ] ] } },
{ "type": "Feature", "properties": { "h3_cell": "888b2c8f09fffff", "lat": -17.32513341323838, "lon": -66.227015064599655, "population": 1064, "query_count": 323, "expected_count": 904.5416508178015, "p_low": 0.48730329486708157, "pearson_residual": -0.41655268960954556, "gap_category": "esperado", "gtfs_covered": 1, "dist_stop_m": 366.91109328166067, "in_test": true, "model_id": "B1", "model_date": "2026-09-27", "edge_cell": false, "queries_per_1000": 303.57142857142856 }, "geometry": { "type": "Polygon", "coordinates": [ [ [ -66.227659, -17.320248 ], [ -66.231618, -17.323399 ], [ -66.230975, -17.328284 ], [ -66.226372, -17.330018 ], [ -66.222412, -17.326868 ], [ -66.223056, -17.321983 ], [ -66.227659, -17.320248 ] ] ] } },
{ "type": "Feature", "properties": { "h3_cell": "888b2c8f0bfffff", "lat": -17.318513547408365, "lon": -66.232261661541784, "population": 581, "query_count": 23, "expected_count": 18.913192461450599, "p_low": 0.74362103482649511, "pearson_residual": 0.13850600379153538, "gap_category": "esperado", "gtfs_covered": 1, "dist_stop_m": 415.44145748875962, "in_test": true, "model_id": "B1", "model_date": "2026-09-27", "edge_cell": false, "queries_per_1000": 39.586919104991395 }, "geometry": { "type": "Polygon", "coordinates": [ [ [ -66.232905, -17.313628 ], [ -66.236865, -17.316778 ], [ -66.236222, -17.321664 ], [ -66.231618, -17.323399 ], [ -66.227659, -17.320248 ], [ -66.228302, -17.315363 ], [ -66.232905, -17.313628 ] ] ] } },
{ "type": "Feature", "properties": { "h3_cell": "888b2c8f0dfffff", "lat": -17.323717744591626, "lon": -66.218452725757729, "population": 1237, "query_count": 159, "expected_count": 1694.8546081813702, "p_low": 0.28724707633169549, "pearson_residual": -0.5871949899565585, "gap_category": "esperado", "gtfs_covered": 1, "dist_stop_m": 117.62364225506975, "in_test": true, "model_id": "B1", "model_date": "2026-09-27", "edge_cell": false, "queries_per_1000": 128.53678253839934 }, "geometry": { "type": "Polygon", "coordinates": [ [ [ -66.219096, -17.318833 ], [ -66.223056, -17.321983 ], [ -66.222412, -17.326868 ], [ -66.217809, -17.328602 ], [ -66.21385, -17.325452 ], [ -66.214494, -17.320568 ], [ -66.219096, -17.318833 ] ] ] } },
{ "type": "Feature", "properties": { "h3_cell": "888b2c8f17fffff", "lat": -17.297235924871124, "lon": -66.239438232004332, "population": 84, "query_count": 0, "expected_count": 1.4444444444444444, "p_low": 0.53473379987102798, "pearson_residual": -0.57042108800960734, "gap_category": "esperado", "gtfs_covered": 0, "dist_stop_m": 2529.049015504921, "in_test": true, "model_id": "B1", "model_date": "2026-09-27", "edge_cell": true, "queries_per_1000": 0.0 }, "geometry": { "type": "Polygon", "coordinates": [ [ [ -66.240082, -17.29235 ], [ -66.244042, -17.2955 ], [ -66.243398, -17.300386 ], [ -66.238795, -17.302122 ], [ -66.234835, -17.298972 ], [ -66.235478, -17.294086 ], [ -66.240082, -17.29235 ] ] ] } },
{ "type": "Feature", "properties": { "h3_cell": "888b2c8f19fffff", "lat": -17.313307535393811, "lon": -66.246072120266845, "population": 48, "query_count": 33, "expected_count": 2.0653188180404358, "p_low": 0.99970511836851128, "pearson_residual": 8.8487223353668458, "gap_category": "exceso", "gtfs_covered": 0, "dist_stop_m": 1707.4784334376213, "in_test": true, "model_id": "B1", "model_date": "2026-09-27", "edge_cell": false, "queries_per_1000": 687.5 }, "geometry": { "type": "Polygon", "coordinates": [ [ [ -66.246715, -17.308422 ], [ -66.250676, -17.311572 ], [ -66.250033, -17.316458 ], [ -66.245429, -17.318193 ], [ -66.241468, -17.315043 ], [ -66.242112, -17.310157 ], [ -66.246715, -17.308422 ] ] ] } },
{ "type": "Feature", "properties": { "h3_cell": "888b2c8f1dfffff", "lat": -17.311892994499225, "lon": -66.237508316737646, "population": 37, "query_count": 1, "expected_count": 1.3433945756780403, "p_low": 0.72253976457726754, "pearson_residual": -0.14458952781795464, "gap_category": "esperado", "gtfs_covered": 0, "dist_stop_m": 1142.6708951591363, "in_test": true, "model_id": "B1", "model_date": "2026-09-27", "edge_cell": false, "queries_per_1000": 27.027027027027028 }, "geometry": { "type": "Polygon", "coordinates": [ [ [ -66.238152, -17.307007 ], [ -66.242112, -17.310157 ], [ -66.241468, -17.315043 ], [ -66.236865, -17.316778 ], [ -66.232905, -17.313628 ], [ -66.233548, -17.308743 ], [ -66.238152, -17.307007 ] ] ] } },
{ "type": "Feature", "properties": { "h3_cell": "888b2c8f21fffff", "lat": -17.306232381524886, "lon": -66.203261595827399, "population": 17, "query_count": 0, "expected_count": 0.910964550700742, "p_low": 0.6160517596971814, "pearson_residual": -0.53615199343521203, "gap_category": "esperado", "gtfs_covered": 0, "dist_stop_m": 1640.24518810572, "in_test": true, "model_id": "B1", "model_date": "2026-09-27", "edge_cell": false, "queries_per_1000": 0.0 }, "geometry": { "type": "Polygon", "coordinates": [ [ [ -66.203905, -17.301348 ], [ -66.207863, -17.304498 ], [ -66.20722, -17.309383 ], [ -66.202618, -17.311117 ], [ -66.19866, -17.307967 ], [ -66.199304, -17.303082 ], [ -66.203905, -17.301348 ] ] ] } },
{ "type": "Feature", "properties": { "h3_cell": "888b2c8f23fffff", "lat": -17.299612907022919, "lon": -66.208507077574012, "population": 65, "query_count": 0, "expected_count": 2.8223112892451567, "p_low": 0.42384961518847941, "pearson_residual": -0.60463653747257262, "gap_category": "esperado", "gtfs_covered": 0, "dist_stop_m": 2160.8948108024506, "in_test": true, "model_id": "B1", "model_date": "2026-09-27", "edge_cell": true, "queries_per_1000": 0.0 }, "geometry": { "type": "Polygon", "coordinates": [ [ [ -66.209151, -17.294728 ], [ -66.213109, -17.297878 ], [ -66.212466, -17.302763 ], [ -66.207863, -17.304498 ], [ -66.203905, -17.301348 ], [ -66.204549, -17.296463 ], [ -66.209151, -17.294728 ] ] ] } },
{ "type": "Feature", "properties": { "h3_cell": "888b2c8f29fffff", "lat": -17.314267130735672, "lon": -66.206576270191391, "population": 47, "query_count": 10, "expected_count": 5.3567123287671228, "p_low": 0.83408502480678881, "pearson_residual": 0.54094734516571541, "gap_category": "esperado", "gtfs_covered": 0, "dist_stop_m": 711.69144725434001, "in_test": true, "model_id": "B1", "model_date": "2026-09-27", "edge_cell": false, "queries_per_1000": 212.7659574468085 }, "geometry": { "type": "Polygon", "coordinates": [ [ [ -66.20722, -17.309383 ], [ -66.211178, -17.312533 ], [ -66.210535, -17.317417 ], [ -66.205933, -17.319152 ], [ -66.201974, -17.316001 ], [ -66.202618, -17.311117 ], [ -66.20722, -17.309383 ] ] ] } },
{ "type": "Feature", "properties": { "h3_cell": "888b2c8f2bfffff", "lat": -17.307647901831864, "lon": -66.211822001561984, "population": 21, "query_count": 0, "expected_count": 2.211645569620253, "p_low": 0.462673195380365, "pearson_residual": -0.59410544979118107, "gap_category": "esperado", "gtfs_covered": 0, "dist_stop_m": 1253.565682227319, "in_test": true, "model_id": "B1", "model_date": "2026-09-27", "edge_cell": false, "queries_per_1000": 0.0 }, "geometry": { "type": "Polygon", "coordinates": [ [ [ -66.212466, -17.302763 ], [ -66.216424, -17.305913 ], [ -66.215781, -17.310798 ], [ -66.211178, -17.312533 ], [ -66.20722, -17.309383 ], [ -66.207863, -17.304498 ], [ -66.212466, -17.302763 ] ] ] } },
{ "type": "Feature", "properties": { "h3_cell": "888b2c8f39fffff", "lat": -17.302442820347938, "lon": -66.225629355081736, "population": 142, "query_count": 0, "expected_count": 2.4417989417989419, "p_low": 0.44666485717466564, "pearson_residual": -0.59862490697461845, "gap_category": "esperado", "gtfs_covered": 0, "dist_stop_m": 1675.768482170718, "in_test": true, "model_id": "B1", "model_date": "2026-09-27", "edge_cell": false, "queries_per_1000": 0.0 }, "geometry": { "type": "Polygon", "coordinates": [ [ [ -66.226273, -17.297557 ], [ -66.230232, -17.300707 ], [ -66.229589, -17.305593 ], [ -66.224986, -17.307328 ], [ -66.221027, -17.304178 ], [ -66.22167, -17.299293 ], [ -66.226273, -17.297557 ] ] ] } },
{ "type": "Feature", "properties": { "h3_cell": "888b2c8f3dfffff", "lat": -17.301027985964129, "lon": -66.21706779151107, "population": 52, "query_count": 7, "expected_count": 9.9999999999999995e-07, "p_low": 1.0, "pearson_residual": 6999.9906664464315, "gap_category": "exceso", "gtfs_covered": 0, "dist_stop_m": 2080.502088753306, "in_test": true, "model_id": "B1", "model_date": "2026-09-27", "edge_cell": true, "queries_per_1000": 134.61538461538461 }, "geometry": { "type": "Polygon", "coordinates": [ [ [ -66.217711, -17.296143 ], [ -66.22167, -17.299293 ], [ -66.221027, -17.304178 ], [ -66.216424, -17.305913 ], [ -66.212466, -17.302763 ], [ -66.213109, -17.297878 ], [ -66.217711, -17.296143 ] ] ] } },
{ "type": "Feature", "properties": { "h3_cell": "888b2c8f41fffff", "lat": -17.339787388894983, "lon": -66.22508461835578, "population": 2262, "query_count": 4651, "expected_count": 1291.147606649309, "p_low": 0.93545792109701065, "pearson_residual": 1.6861343212079609, "gap_category": "esperado", "gtfs_covered": 1, "dist_stop_m": 245.32171144620295, "in_test": true, "model_id": "B1", "model_date": "2026-09-27", "edge_cell": false, "queries_per_1000": 2056.1450044208668 }, "geometry": { "type": "Polygon", "coordinates": [ [ [ -66.225728, -17.334903 ], [ -66.229688, -17.338053 ], [ -66.229044, -17.342938 ], [ -66.224441, -17.344672 ], [ -66.220481, -17.341521 ], [ -66.221125, -17.336637 ], [ -66.225728, -17.334903 ] ] ] } },
{ "type": "Feature", "properties": { "h3_cell": "888b2c8f43fffff", "lat": -17.333168456556628, "lon": -66.230331406484879, "population": 1181, "query_count": 4242, "expected_count": 452.84711080106968, "p_low": 0.99626672397945837, "pearson_residual": 5.420105225403903, "gap_category": "exceso", "gtfs_covered": 1, "dist_stop_m": 232.12562336595695, "in_test": true, "model_id": "B1", "model_date": "2026-09-27", "edge_cell": false, "queries_per_1000": 3591.8712955122774 }, "geometry": { "type": "Polygon", "coordinates": [ [ [ -66.230975, -17.328284 ], [ -66.234935, -17.331434 ], [ -66.234291, -17.336319 ], [ -66.229688, -17.338053 ], [ -66.225728, -17.334903 ], [ -66.226372, -17.330018 ], [ -66.230975, -17.328284 ] ] ] } },
{ "type": "Feature", "properties": { "h3_cell": "888b2c8f45fffff", "lat": -17.338371082699226, "lon": -66.216522045824647, "population": 2094, "query_count": 8415, "expected_count": 1684.6223801065721, "p_low": 0.96870907845066956, "pearson_residual": 2.5888162374849482, "gap_category": "exceso", "gtfs_covered": 1, "dist_stop_m": 21.477310875166118, "in_test": true, "model_id": "B1", "model_date": "2026-09-27", "edge_cell": false, "queries_per_1000": 4018.624641833811 }, "geometry": { "type": "Polygon", "coordinates": [ [ [ -66.217166, -17.333487 ], [ -66.221125, -17.336637 ], [ -66.220481, -17.341521 ], [ -66.215878, -17.343255 ], [ -66.211919, -17.340105 ], [ -66.212563, -17.335221 ], [ -66.217166, -17.333487 ] ] ] } },
{ "type": "Feature", "properties": { "h3_cell": "888b2c8f47fffff", "lat": -17.331752591748778, "lon": -66.221768525998272, "population": 1522, "query_count": 2089, "expected_count": 1045.9968977217645, "p_low": 0.84108731056574848, "pearson_residual": 0.64608033140927157, "gap_category": "esperado", "gtfs_covered": 1, "dist_stop_m": 105.6158511578881, "in_test": true, "model_id": "B1", "model_date": "2026-09-27", "edge_cell": false, "queries_per_1000": 1372.5361366622863 }, "geometry": { "type": "Polygon", "coordinates": [ [ [ -66.222412, -17.326868 ], [ -66.226372, -17.330018 ], [ -66.225728, -17.334903 ], [ -66.221125, -17.336637 ], [ -66.217166, -17.333487 ], [ -66.217809, -17.328602 ], [ -66.222412, -17.326868 ] ] ] } },
{ "type": "Feature", "properties": { "h3_cell": "888b2c8f49fffff", "lat": -17.34782213563339, "lon": -66.228401002846695, "population": 1099, "query_count": 159, "expected_count": 212.0271119842829, "p_low": 0.63608487154085669, "pearson_residual": -0.16191808539639779, "gap_category": "esperado", "gtfs_covered": 1, "dist_stop_m": 407.75407691597519, "in_test": true, "model_id": "B1", "model_date": "2026-09-27", "edge_cell": false, "queries_per_1000": 144.67697907188355 }, "geometry": { "type": "Polygon", "coordinates": [ [ [ -66.229044, -17.342938 ], [ -66.233005, -17.346088 ], [ -66.232361, -17.350973 ], [ -66.227758, -17.352706 ], [ -66.223798, -17.349556 ], [ -66.224441, -17.344672 ], [ -66.229044, -17.342938 ] ] ] } },
{ "type": "Feature", "properties": { "h3_cell": "888b2c8f4bfffff", "lat": -17.341203449660135, "lon": -66.233648040491914, "population": 982, "query_count": 81, "expected_count": 160.57294916498438, "p_low": 0.55477329146577492, "pearson_residual": -0.32073351074481277, "gap_category": "esperado", "gtfs_covered": 1, "dist_stop_m": 223.58530983646762, "in_test": true, "model_id": "B1", "model_date": "2026-09-27", "edge_cell": false, "queries_per_1000": 82.484725050916495 }, "geometry": { "type": "Polygon", "coordinates": [ [ [ -66.234291, -17.336319 ], [ -66.238252, -17.339469 ], [ -66.237608, -17.344354 ], [ -66.233005, -17.346088 ], [ -66.229044, -17.342938 ], [ -66.229688, -17.338053 ], [ -66.234291, -17.336319 ] ] ] } },
{ "type": "Feature", "properties": { "h3_cell": "888b2c8f4dfffff", "lat": -17.346405633474816, "lon": -66.219837888604204, "population": 1016, "query_count": 221, "expected_count": 831.21357668908104, "p_low": 0.43542520232743587, "pearson_residual": -0.47563963269355541, "gap_category": "esperado", "gtfs_covered": 1, "dist_stop_m": 417.64809751864607, "in_test": true, "model_id": "B1", "model_date": "2026-09-27", "edge_cell": false, "queries_per_1000": 217.51968503937007 }, "geometry": { "type": "Polygon", "coordinates": [ [ [ -66.220481, -17.341521 ], [ -66.224441, -17.344672 ], [ -66.223798, -17.349556 ], [ -66.219194, -17.35129 ], [ -66.215235, -17.348139 ], [ -66.215878, -17.343255 ], [ -66.220481, -17.341521 ] ] ] } },
{ "type": "Feature", "properties": { "h3_cell": "888b2c8f51fffff", "lat": -17.327964014803403, "lon": -66.244142290415894, "population": 1432, "query_count": 186, "expected_count": 54.833172984414084, "p_low": 0.92775077002450534, "pearson_residual": 1.5443376062184448, "gap_category": "esperado", "gtfs_covered": 1, "dist_stop_m": 116.06394755878804, "in_test": true, "model_id": "B1", "model_date": "2026-09-27", "edge_cell": false, "queries_per_1000": 129.88826815642457 }, "geometry": { "type": "Polygon", "coordinates": [ [ [ -66.244786, -17.323079 ], [ -66.248746, -17.326229 ], [ -66.248103, -17.331114 ], [ -66.243499, -17.332849 ], [ -66.239538, -17.329699 ], [ -66.240182, -17.324814 ], [ -66.244786, -17.323079 ] ] ] } },
{ "type": "Feature", "properties": { "h3_cell": "888b2c8f53fffff", "lat": -17.321343266400774, "lon": -66.249389502520529, "population": 826, "query_count": 47, "expected_count": 34.455467869222097, "p_low": 0.76580741835774091, "pearson_residual": 0.23452218565226443, "gap_category": "esperado", "gtfs_covered": 0, "dist_stop_m": 869.22395959525579, "in_test": true, "model_id": "B1", "model_date": "2026-09-27", "edge_cell": false, "queries_per_1000": 56.900726392251812 }, "geometry": { "type": "Polygon", "coordinates": [ [ [ -66.250033, -17.316458 ], [ -66.253994, -17.319608 ], [ -66.25335, -17.324493 ], [ -66.248746, -17.326229 ], [ -66.244786, -17.323079 ], [ -66.245429, -17.318193 ], [ -66.250033, -17.316458 ] ] ] } },
{ "type": "Feature", "properties": { "h3_cell": "888b2c8f55fffff", "lat": -17.32654883670001, "lon": -66.235578252904432, "population": 653, "query_count": 164, "expected_count": 39.869636963696372, "p_low": 0.95063533867031069, "pearson_residual": 2.0071450548571734, "gap_category": "esperado", "gtfs_covered": 1, "dist_stop_m": 378.62515564732291, "in_test": true, "model_id": "B1", "model_date": "2026-09-27", "edge_cell": false, "queries_per_1000": 251.14854517611025 }, "geometry": { "type": "Polygon", "coordinates": [ [ [ -66.236222, -17.321664 ], [ -66.240182, -17.324814 ], [ -66.239538, -17.329699 ], [ -66.234935, -17.331434 ], [ -66.230975, -17.328284 ], [ -66.231618, -17.323399 ], [ -66.236222, -17.321664 ] ] ] } },
{ "type": "Feature", "properties": { "h3_cell": "888b2c8f57fffff", "lat": -17.319928529565548, "lon": -66.240825157527439, "population": 852, "query_count": 92, "expected_count": 33.713159490600361, "p_low": 0.89618530866257395, "pearson_residual": 1.1135279064563923, "gap_category": "esperado", "gtfs_covered": 0, "dist_stop_m": 1051.5684278406311, "in_test": true, "model_id": "B1", "model_date": "2026-09-27", "edge_cell": false, "queries_per_1000": 107.98122065727699 }, "geometry": { "type": "Polygon", "coordinates": [ [ [ -66.241468, -17.315043 ], [ -66.245429, -17.318193 ], [ -66.244786, -17.323079 ], [ -66.240182, -17.324814 ], [ -66.236222, -17.321664 ], [ -66.236865, -17.316778 ], [ -66.241468, -17.315043 ] ] ] } },
{ "type": "Feature", "properties": { "h3_cell": "888b2c8f59fffff", "lat": -17.335999449815791, "lon": -66.247459715419339, "population": 284, "query_count": 14, "expected_count": 12.482210129761405, "p_low": 0.72917940105859336, "pearson_residual": 0.077509072159728021, "gap_category": "esperado", "gtfs_covered": 0, "dist_stop_m": 519.09950266173189, "in_test": true, "model_id": "B1", "model_date": "2026-09-27", "edge_cell": false, "queries_per_1000": 49.29577464788732 }, "geometry": { "type": "Polygon", "coordinates": [ [ [ -66.248103, -17.331114 ], [ -66.252064, -17.334264 ], [ -66.251421, -17.33915 ], [ -66.246816, -17.340885 ], [ -66.242856, -17.337734 ], [ -66.243499, -17.332849 ], [ -66.248103, -17.331114 ] ] ] } },
{ "type": "Feature", "properties": { "h3_cell": "888b2c8f5bfffff", "lat": -17.329378947375432, "lon": -66.252707176877607, "population": 684, "query_count": 69, "expected_count": 28.532349602724175, "p_low": 0.87636521134463086, "pearson_residual": 0.9124643192465085, "gap_category": "esperado", "gtfs_covered": 1, "dist_stop_m": 375.51568937389192, "in_test": true, "model_id": "B1", "model_date": "2026-09-27", "edge_cell": false, "queries_per_1000": 100.87719298245614 }, "geometry": { "type": "Polygon", "coordinates": [ [ [ -66.25335, -17.324493 ], [ -66.257312, -17.327644 ], [ -66.256668, -17.332529 ], [ -66.252064, -17.334264 ], [ -66.248103, -17.331114 ], [ -66.248746, -17.326229 ], [ -66.25335, -17.324493 ] ] ] } },
{ "type": "Feature", "properties": { "h3_cell": "888b2c8f5dfffff", "lat": -17.334584075970021, "lon": -66.238895136377323, "population": 1045, "query_count": 266, "expected_count": 81.933243727598565, "p_low": 0.92183812508211538, "pearson_residual": 1.4521900231339229, "gap_category": "esperado", "gtfs_covered": 1, "dist_stop_m": 246.1514391962107, "in_test": true, "model_id": "B1", "model_date": "2026-09-27", "edge_cell": false, "queries_per_1000": 254.54545454545453 }, "geometry": { "type": "Polygon", "coordinates": [ [ [ -66.239538, -17.329699 ], [ -66.243499, -17.332849 ], [ -66.242856, -17.337734 ], [ -66.238252, -17.339469 ], [ -66.234291, -17.336319 ], [ -66.234935, -17.331434 ], [ -66.239538, -17.329699 ] ] ] } },
{ "type": "Feature", "properties": { "h3_cell": "888b2c8f61fffff", "lat": -17.328920126642391, "lon": -66.204645314266713, "population": 1125, "query_count": 268, "expected_count": 769.15876777251196, "p_low": 0.48288035402799201, "pearson_residual": -0.42214270398908676, "gap_category": "esperado", "gtfs_covered": 1, "dist_stop_m": 92.274589711510558, "in_test": true, "model_id": "B1", "model_date": "2026-09-27", "edge_cell": false, "queries_per_1000": 238.22222222222223 }, "geometry": { "type": "Polygon", "coordinates": [ [ [ -66.205289, -17.324036 ], [ -66.209248, -17.327186 ], [ -66.208604, -17.33207 ], [ -66.204002, -17.333804 ], [ -66.200043, -17.330654 ], [ -66.200687, -17.32577 ], [ -66.205289, -17.324036 ] ] ] } },
{ "type": "Feature", "properties": { "h3_cell": "888b2c8f63fffff", "lat": -17.322301830932862, "lon": -66.209891236634633, "population": 1056, "query_count": 126, "expected_count": 721.98369668246448, "p_low": 0.36927235466755981, "pearson_residual": -0.53480960159538893, "gap_category": "esperado", "gtfs_covered": 1, "dist_stop_m": 86.601667147709207, "in_test": true, "model_id": "B1", "model_date": "2026-09-27", "edge_cell": false, "queries_per_1000": 119.31818181818183 }, "geometry": { "type": "Polygon", "coordinates": [ [ [ -66.210535, -17.317417 ], [ -66.214494, -17.320568 ], [ -66.21385, -17.325452 ], [ -66.209248, -17.327186 ], [ -66.205289, -17.324036 ], [ -66.205933, -17.319152 ], [ -66.210535, -17.317417 ] ] ] } },
{ "type": "Feature", "properties": { "h3_cell": "888b2c8f65fffff", "lat": -17.327503526690201, "lon": -66.196084983533353, "population": 2115, "query_count": 228, "expected_count": 241.91366510860601, "p_low": 0.68493322156718739, "pearson_residual": -0.037241140129700326, "gap_category": "esperado", "gtfs_covered": 1, "dist_stop_m": 471.00541275253693, "in_test": true, "model_id": "B1", "model_date": "2026-09-27", "edge_cell": false, "queries_per_1000": 107.80141843971631 }, "geometry": { "type": "Polygon", "coordinates": [ [ [ -66.196729, -17.32262 ], [ -66.200687, -17.32577 ], [ -66.200043, -17.330654 ], [ -66.195441, -17.332387 ], [ -66.191483, -17.329237 ], [ -66.192127, -17.324353 ], [ -66.196729, -17.32262 ] ] ] } },
{ "type": "Feature", "properties": { "h3_cell": "888b2c8f67fffff", "lat": -17.320885672435203, "lon": -66.201330597486191, "population": 294, "query_count": 9, "expected_count": 33.627715149848775, "p_low": 0.44802475422454935, "pearson_residual": -0.47168277727208191, "gap_category": "esperado", "gtfs_covered": 0, "dist_stop_m": 811.26172423202922, "in_test": true, "model_id": "B1", "model_date": "2026-09-27", "edge_cell": false, "queries_per_1000": 30.612244897959183 }, "geometry": { "type": "Polygon", "coordinates": [ [ [ -66.201974, -17.316001 ], [ -66.205933, -17.319152 ], [ -66.205289, -17.324036 ], [ -66.200687, -17.32577 ], [ -66.196729, -17.32262 ], [ -66.197372, -17.317735 ], [ -66.201974, -17.316001 ] ] ] } },
{ "type": "Feature", "properties": { "h3_cell": "888b2c8f69fffff", "lat": -17.336954531246096, "lon": -66.207960323154452, "population": 991, "query_count": 426, "expected_count": 750.73446218972492, "p_low": 0.57736225028625277, "pearson_residual": -0.28024577210018503, "gap_category": "esperado", "gtfs_covered": 1, "dist_stop_m": 198.54788276186895, "in_test": true, "model_id": "B1", "model_date": "2026-09-27", "edge_cell": false, "queries_per_1000": 429.86881937436931 }, "geometry": { "type": "Polygon", "coordinates": [ [ [ -66.208604, -17.33207 ], [ -66.212563, -17.335221 ], [ -66.211919, -17.340105 ], [ -66.207317, -17.341838 ], [ -66.203358, -17.338688 ], [ -66.204002, -17.333804 ], [ -66.208604, -17.33207 ] ] ] } },
{ "type": "Feature", "properties": { "h3_cell": "888b2c8f6bfffff", "lat": -17.330336481719645, "lon": -66.213206495173594, "population": 908, "query_count": 113, "expected_count": 614.61956217457032, "p_low": 0.37710130697985178, "pearson_residual": -0.52873522055464139, "gap_category": "esperado", "gtfs_covered": 1, "dist_stop_m": 217.78325506707921, "in_test": true, "model_id": "B1", "model_date": "2026-09-27", "edge_cell": false, "queries_per_1000": 124.44933920704845 }, "geometry": { "type": "Polygon", "coordinates": [ [ [ -66.21385, -17.325452 ], [ -66.217809, -17.328602 ], [ -66.217166, -17.333487 ], [ -66.212563, -17.335221 ], [ -66.208604, -17.33207 ], [ -66.209248, -17.327186 ], [ -66.21385, -17.325452 ] ] ] } },
{ "type": "Feature", "properties": { "h3_cell": "888b2c8f6dfffff", "lat": -17.335537734708819, "lon": -66.199399450600993, "population": 2820, "query_count": 1039, "expected_count": 1740.9289751781764, "p_low": 0.58755524014612004, "pearson_residual": -0.26126319000005122, "gap_category": "esperado", "gtfs_covered": 1, "dist_stop_m": 39.110296668732431, "in_test": true, "model_id": "B1", "model_date": "2026-09-27", "edge_cell": false, "queries_per_1000": 368.43971631205676 }, "geometry": { "type": "Polygon", "coordinates": [ [ [ -66.200043, -17.330654 ], [ -66.204002, -17.333804 ], [ -66.203358, -17.338688 ], [ -66.198756, -17.340421 ], [ -66.194797, -17.337271 ], [ -66.195441, -17.332387 ], [ -66.200043, -17.330654 ] ] ] } },
{ "type": "Feature", "properties": { "h3_cell": "888b2c9521fffff", "lat": -17.484883328008731, "lon": -66.332951404022623, "population": 47, "query_count": 0, "expected_count": 1.8860009119927041, "p_low": 0.48906693382632038, "pearson_residual": -0.58608528962376294, "gap_category": "esperado", "gtfs_covered": 1, "dist_stop_m": 484.58441681008486, "in_test": false, "model_id": "B1", "model_date": "2026-09-27", "edge_cell": false, "queries_per_1000": 0.0 }, "geometry": { "type": "Polygon", "coordinates": [ [ [ -66.333594, -17.479999 ], [ -66.337562, -17.48315 ], [ -66.336919, -17.488034 ], [ -66.332309, -17.489767 ], [ -66.328341, -17.486616 ], [ -66.328984, -17.481732 ], [ -66.333594, -17.479999 ] ] ] } },
{ "type": "Feature", "properties": { "h3_cell": "888b2c9523fffff", "lat": -17.478265961963935, "lon": -66.338204269547177, "population": 393, "query_count": 10, "expected_count": 16.425076452599388, "p_low": 0.60326010556859022, "pearson_residual": -0.25032645427532602, "gap_category": "esperado", "gtfs_covered": 1, "dist_stop_m": 176.05368624933703, "in_test": false, "model_id": "B1", "model_date": "2026-09-27", "edge_cell": false, "queries_per_1000": 25.445292620865139 }, "geometry": { "type": "Polygon", "coordinates": [ [ [ -66.338847, -17.473382 ], [ -66.342815, -17.476532 ], [ -66.342172, -17.481417 ], [ -66.337562, -17.48315 ], [ -66.333594, -17.479999 ], [ -66.334237, -17.475115 ], [ -66.338847, -17.473382 ] ] ] } },
{ "type": "Feature", "properties": { "h3_cell": "888b2c9527fffff", "lat": -17.476848290005663, "lon": -66.329627093666716, "population": 122, "query_count": 30, "expected_count": 4.8955768353853166, "p_low": 0.98127193640393096, "pearson_residual": 3.1892758580367868, "gap_category": "exceso", "gtfs_covered": 1, "dist_stop_m": 457.02441818944857, "in_test": false, "model_id": "B1", "model_date": "2026-09-27", "edge_cell": false, "queries_per_1000": 245.90163934426229 }, "geometry": { "type": "Polygon", "coordinates": [ [ [ -66.33027, -17.471964 ], [ -66.334237, -17.475115 ], [ -66.333594, -17.479999 ], [ -66.328984, -17.481732 ], [ -66.325017, -17.478581 ], [ -66.32566, -17.473697 ], [ -66.33027, -17.471964 ] ] ] } },
{ "type": "Feature", "properties": { "h3_cell": "888b2c9529fffff", "lat": -17.492918307629076, "lon": -66.336276006816334, "population": 198, "query_count": 2, "expected_count": 7.9452804377564981, "p_low": 0.47479233310045399, "pearson_residual": -0.47260278228709274, "gap_category": "esperado", "gtfs_covered": 1, "dist_stop_m": 79.774100468663235, "in_test": false, "model_id": "B1", "model_date": "2026-09-27", "edge_cell": true, "queries_per_1000": 10.101010101010102 }, "geometry": { "type": "Polygon", "coordinates": [ [ [ -66.336919, -17.488034 ], [ -66.340886, -17.491185 ], [ -66.340244, -17.496069 ], [ -66.335633, -17.497802 ], [ -66.331666, -17.494651 ], [ -66.332309, -17.489767 ], [ -66.336919, -17.488034 ] ] ] } },
{ "type": "Feature", "properties": { "h3_cell": "888b2c952bfffff", "lat": -17.486301191191178, "lon": -66.341529121284239, "population": 92, "query_count": 0, "expected_count": 3.8450560652395516, "p_low": 0.3777492715225102, "pearson_residual": -0.6153299586312897, "gap_category": "esperado", "gtfs_covered": 1, "dist_stop_m": 360.12993683028509, "in_test": false, "model_id": "B1", "model_date": "2026-09-27", "edge_cell": false, "queries_per_1000": 0.0 }, "geometry": { "type": "Polygon", "coordinates": [ [ [ -66.342172, -17.481417 ], [ -66.34614, -17.484568 ], [ -66.345497, -17.489452 ], [ -66.340886, -17.491185 ], [ -66.336919, -17.488034 ], [ -66.337562, -17.48315 ], [ -66.342172, -17.481417 ] ] ] } },
{ "type": "Feature", "properties": { "h3_cell": "888b2c9531fffff", "lat": -17.47306488604919, "lon": -66.352035519797568, "population": 143, "query_count": 0, "expected_count": 6.2701555869872703, "p_low": 0.31267341750001731, "pearson_residual": -0.62739336866106321, "gap_category": "esperado", "gtfs_covered": 0, "dist_stop_m": 1293.6923949141728, "in_test": false, "model_id": "B1", "model_date": "2026-09-27", "edge_cell": false, "queries_per_1000": 0.0 }, "geometry": { "type": "Polygon", "coordinates": [ [ [ -66.352678, -17.46818 ], [ -66.356646, -17.471331 ], [ -66.356004, -17.476216 ], [ -66.351393, -17.47795 ], [ -66.347425, -17.474799 ], [ -66.348068, -17.469914 ], [ -66.352678, -17.46818 ] ] ] } },
{ "type": "Feature", "properties": { "h3_cell": "888b2c9533fffff", "lat": -17.466445697824565, "lon": -66.357288803668169, "population": 345, "query_count": 0, "expected_count": 12.321428571428571, "p_low": 0.23855346979170056, "pearson_residual": -0.63729448550027556, "gap_category": "esperado", "gtfs_covered": 0, "dist_stop_m": 1334.2692030836004, "in_test": false, "model_id": "B1", "model_date": "2026-09-27", "edge_cell": false, "queries_per_1000": 0.0 }, "geometry": { "type": "Polygon", "coordinates": [ [ [ -66.357931, -17.46156 ], [ -66.3619, -17.464711 ], [ -66.361257, -17.469596 ], [ -66.356646, -17.471331 ], [ -66.352678, -17.46818 ], [ -66.353321, -17.463295 ], [ -66.357931, -17.46156 ] ] ] } },
{ "type": "Feature", "properties": { "h3_cell": "888b2c9535fffff", "lat": -17.471647905281664, "lon": -66.343457191677444, "population": 566, "query_count": 34, "expected_count": 28.073398576512457, "p_low": 0.74141365223756861, "pearson_residual": 0.13580153439798215, "gap_category": "esperado", "gtfs_covered": 1, "dist_stop_m": 391.07434606594973, "in_test": false, "model_id": "B1", "model_date": "2026-09-27", "edge_cell": false, "queries_per_1000": 60.070671378091866 }, "geometry": { "type": "Polygon", "coordinates": [ [ [ -66.3441, -17.466763 ], [ -66.348068, -17.469914 ], [ -66.347425, -17.474799 ], [ -66.342815, -17.476532 ], [ -66.338847, -17.473382 ], [ -66.33949, -17.468497 ], [ -66.3441, -17.466763 ] ] ] } },
{ "type": "Feature", "properties": { "h3_cell": "888b2c9537fffff", "lat": -17.465029158201624, "lon": -66.348710170326015, "population": 360, "query_count": 6, "expected_count": 14.438502673796792, "p_low": 0.53440110992048995, "pearson_residual": -0.37336658874105982, "gap_category": "esperado", "gtfs_covered": 0, "dist_stop_m": 538.71220030276618, "in_test": false, "model_id": "B1", "model_date": "2026-09-27", "edge_cell": false, "queries_per_1000": 16.666666666666668 }, "geometry": { "type": "Polygon", "coordinates": [ [ [ -66.349353, -17.460144 ], [ -66.353321, -17.463295 ], [ -66.352678, -17.46818 ], [ -66.348068, -17.469914 ], [ -66.3441, -17.466763 ], [ -66.344742, -17.461878 ], [ -66.349353, -17.460144 ] ] ] } },
{ "type": "Feature", "properties": { "h3_cell": "888b2c9539fffff", "lat": -17.481100555693743, "lon": -66.355361161687341, "population": 37, "query_count": 0, "expected_count": 1.5472122302158273, "p_low": 0.52281869650905066, "pearson_residual": -0.57473697689080572, "gap_category": "esperado", "gtfs_covered": 0, "dist_stop_m": 1687.7343391428531, "in_test": false, "model_id": "B1", "model_date": "2026-09-27", "edge_cell": false, "queries_per_1000": 0.0 }, "geometry": { "type": "Polygon", "coordinates": [ [ [ -66.356004, -17.476216 ], [ -66.359972, -17.479367 ], [ -66.35933, -17.484251 ], [ -66.354719, -17.485985 ], [ -66.35075, -17.482834 ], [ -66.351393, -17.47795 ], [ -66.356004, -17.476216 ] ] ] } },
{ "type": "Feature", "properties": { "h3_cell": "888b2c953dfffff", "lat": -17.479683383917997, "lon": -66.346782292307125, "population": 132, "query_count": 8, "expected_count": 5.9403712732045753, "p_low": 0.77203391745423622, "pearson_residual": 0.21714998639881014, "gap_category": "esperado", "gtfs_covered": 0, "dist_stop_m": 764.19668052617999, "in_test": false, "model_id": "B1", "model_date": "2026-09-27", "edge_cell": false, "queries_per_1000": 60.606060606060609 }, "geometry": { "type": "Polygon", "coordinates": [ [ [ -66.347425, -17.474799 ], [ -66.351393, -17.47795 ], [ -66.35075, -17.482834 ], [ -66.34614, -17.484568 ], [ -66.342172, -17.481417 ], [ -66.342815, -17.476532 ], [ -66.347425, -17.474799 ] ] ] } },
{ "type": "Feature", "properties": { "h3_cell": "888b2c9567fffff", "lat": -17.49953473299221, "lon": -66.331022948990807, "population": 232, "query_count": 3, "expected_count": 15.615384615384615, "p_low": 0.41453595783573488, "pearson_residual": -0.51665794393713571, "gap_category": "esperado", "gtfs_covered": 1, "dist_stop_m": 286.15866585578158, "in_test": false, "model_id": "B1", "model_date": "2026-09-27", "edge_cell": true, "queries_per_1000": 12.931034482758621 }, "geometry": { "type": "Polygon", "coordinates": [ [ [ -66.331666, -17.494651 ], [ -66.335633, -17.497802 ], [ -66.33499, -17.502686 ], [ -66.33038, -17.504418 ], [ -66.326413, -17.501267 ], [ -66.327056, -17.496384 ], [ -66.331666, -17.494651 ] ] ] } },
{ "type": "Feature", "properties": { "h3_cell": "888b2c9585fffff", "lat": -17.447998959861994, "lon": -66.38162938648135, "population": 106, "query_count": 0, "expected_count": 1.2228631358154169, "p_low": 0.56391717920835294, "pearson_residual": -0.55912420807195751, "gap_category": "esperado", "gtfs_covered": 0, "dist_stop_m": 745.03033097363584, "in_test": false, "model_id": "B1", "model_date": "2026-09-27", "edge_cell": false, "queries_per_1000": 0.0 }, "geometry": { "type": "Polygon", "coordinates": [ [ [ -66.382272, -17.443113 ], [ -66.386241, -17.446263 ], [ -66.385599, -17.45115 ], [ -66.380987, -17.452885 ], [ -66.377018, -17.449735 ], [ -66.37766, -17.444848 ], [ -66.382272, -17.443113 ] ] ] } },
{ "type": "Feature", "properties": { "h3_cell": "888b2c9587fffff", "lat": -17.441376571676024, "lon": -66.386883199466453, "population": 217, "query_count": 2, "expected_count": 2.2239130434782606, "p_low": 0.72232435398941786, "pearson_residual": -0.059843415729213256, "gap_category": "esperado", "gtfs_covered": 0, "dist_stop_m": 1109.2820777410384, "in_test": false, "model_id": "B1", "model_date": "2026-09-27", "edge_cell": false, "queries_per_1000": 9.2165898617511512 }, "geometry": { "type": "Polygon", "coordinates": [ [ [ -66.387525, -17.43649 ], [ -66.391495, -17.43964 ], [ -66.390853, -17.444527 ], [ -66.386241, -17.446263 ], [ -66.382272, -17.443113 ], [ -66.382914, -17.438226 ], [ -66.387525, -17.43649 ] ] ] } },
{ "type": "Feature", "properties": { "h3_cell": "888b2c95a1fffff", "lat": -17.43854727070385, "lon": -66.369722648355307, "population": 172, "query_count": 2, "expected_count": 2.0589318600368327, "p_low": 0.73753106481947106, "pearson_residual": -0.016905047604104797, "gap_category": "esperado", "gtfs_covered": 0, "dist_stop_m": 644.79740648027666, "in_test": false, "model_id": "B1", "model_date": "2026-09-27", "edge_cell": false, "queries_per_1000": 11.627906976744185 }, "geometry": { "type": "Polygon", "coordinates": [ [ [ -66.370365, -17.433661 ], [ -66.374334, -17.436812 ], [ -66.373691, -17.441698 ], [ -66.36908, -17.443433 ], [ -66.365112, -17.440283 ], [ -66.365754, -17.435397 ], [ -66.370365, -17.433661 ] ] ] } },
{ "type": "Feature", "properties": { "h3_cell": "888b2c95a3fffff", "lat": -17.431925075236357, "lon": -66.374975908284341, "population": 133, "query_count": 0, "expected_count": 1.8732394366197183, "p_low": 0.49020812819132487, "pearson_residual": -0.58572203240622511, "gap_category": "esperado", "gtfs_covered": 1, "dist_stop_m": 396.34755209659914, "in_test": false, "model_id": "B1", "model_date": "2026-09-27", "edge_cell": false, "queries_per_1000": 0.0 }, "geometry": { "type": "Polygon", "coordinates": [ [ [ -66.375618, -17.427038 ], [ -66.379587, -17.430189 ], [ -66.378945, -17.435076 ], [ -66.374334, -17.436812 ], [ -66.370365, -17.433661 ], [ -66.371007, -17.428775 ], [ -66.375618, -17.427038 ] ] ] } },
{ "type": "Feature", "properties": { "h3_cell": "888b2c95a5fffff", "lat": -17.437132245452979, "lon": -66.361143641181116, "population": 565, "query_count": 1, "expected_count": 6.1694258541740048, "p_low": 0.43840715083344312, "pearson_residual": -0.52543019681315706, "gap_category": "esperado", "gtfs_covered": 1, "dist_stop_m": 73.932735274565772, "in_test": false, "model_id": "B1", "model_date": "2026-09-27", "edge_cell": false, "queries_per_1000": 1.7699115044247788 }, "geometry": { "type": "Polygon", "coordinates": [ [ [ -66.361786, -17.432246 ], [ -66.365754, -17.435397 ], [ -66.365112, -17.440283 ], [ -66.360501, -17.442018 ], [ -66.356533, -17.438868 ], [ -66.357176, -17.433982 ], [ -66.361786, -17.432246 ] ] ] } },
{ "type": "Feature", "properties": { "h3_cell": "888b2c95a7fffff", "lat": -17.430510490955854, "lon": -66.36639659637811, "population": 353, "query_count": 2, "expected_count": 4.2255985267034992, "p_low": 0.59355876203380642, "pearson_residual": -0.32553741881611503, "gap_category": "esperado", "gtfs_covered": 1, "dist_stop_m": 80.64480861897249, "in_test": false, "model_id": "B1", "model_date": "2026-09-27", "edge_cell": false, "queries_per_1000": 5.6657223796034 }, "geometry": { "type": "Polygon", "coordinates": [ [ [ -66.367039, -17.425624 ], [ -66.371007, -17.428775 ], [ -66.370365, -17.433661 ], [ -66.365754, -17.435397 ], [ -66.361786, -17.432246 ], [ -66.362428, -17.42736 ], [ -66.367039, -17.425624 ] ] ] } },
{ "type": "Feature", "properties": { "h3_cell": "888b2c95a9fffff", "lat": -17.446583993416155, "lon": -66.373048992686691, "population": 419, "query_count": 0, "expected_count": 10.425355450236967, "p_low": 0.25525493913567737, "pearson_residual": -0.63539276666921485, "gap_category": "esperado", "gtfs_covered": 1, "dist_stop_m": 26.74128759876962, "in_test": false, "model_id": "B1", "model_date": "2026-09-27", "edge_cell": false, "queries_per_1000": 0.0 }, "geometry": { "type": "Polygon", "coordinates": [ [ [ -66.373691, -17.441698 ], [ -66.37766, -17.444848 ], [ -66.377018, -17.449735 ], [ -66.372407, -17.45147 ], [ -66.368438, -17.448319 ], [ -66.36908, -17.443433 ], [ -66.373691, -17.441698 ] ] ] } },
{ "type": "Feature", "properties": { "h3_cell": "888b2c95abfffff", "lat": -17.439962046169452, "lon": -66.378302501203692, "population": 293, "query_count": 5, "expected_count": 4.126760563380282, "p_low": 0.7568892187082582, "pearson_residual": 0.13064618102215303, "gap_category": "esperado", "gtfs_covered": 1, "dist_stop_m": 193.69873449269659, "in_test": false, "model_id": "B1", "model_date": "2026-09-27", "edge_cell": false, "queries_per_1000": 17.064846416382252 }, "geometry": { "type": "Polygon", "coordinates": [ [ [ -66.378945, -17.435076 ], [ -66.382914, -17.438226 ], [ -66.382272, -17.443113 ], [ -66.37766, -17.444848 ], [ -66.373691, -17.441698 ], [ -66.374334, -17.436812 ], [ -66.378945, -17.435076 ] ] ] } },
{ "type": "Feature", "properties": { "h3_cell": "888b2c95adfffff", "lat": -17.445168776974548, "lon": -66.364469444507563, "population": 596, "query_count": 1, "expected_count": 13.365448504983389, "p_low": 0.32476897954630884, "pearson_residual": -0.59037278589818643, "gap_category": "esperado", "gtfs_covered": 1, "dist_stop_m": 28.147032766577439, "in_test": false, "model_id": "B1", "model_date": "2026-09-27", "edge_cell": false, "queries_per_1000": 1.6778523489932886 }, "geometry": { "type": "Polygon", "coordinates": [ [ [ -66.365112, -17.440283 ], [ -66.36908, -17.443433 ], [ -66.368438, -17.448319 ], [ -66.363827, -17.450055 ], [ -66.359859, -17.446904 ], [ -66.360501, -17.442018 ], [ -66.365112, -17.440283 ] ] ] } },
{ "type": "Feature", "properties": { "h3_cell": "888b2c95b1fffff", "lat": -17.426716084453584, "lon": -66.388809685979254, "population": 348, "query_count": 1, "expected_count": 1.1662198391420913, "p_low": 0.74900328023090523, "pearson_residual": -0.079201074662072407, "gap_category": "esperado", "gtfs_covered": 0, "dist_stop_m": 1078.5652458867371, "in_test": false, "model_id": "B1", "model_date": "2026-09-27", "edge_cell": false, "queries_per_1000": 2.8735632183908044 }, "geometry": { "type": "Polygon", "coordinates": [ [ [ -66.389452, -17.421829 ], [ -66.393421, -17.424979 ], [ -66.392779, -17.429866 ], [ -66.388168, -17.431603 ], [ -66.384198, -17.428453 ], [ -66.38484, -17.423566 ], [ -66.389452, -17.421829 ] ] ] } },
{ "type": "Feature", "properties": { "h3_cell": "888b2c95b3fffff", "lat": -17.420092070466101, "lon": -66.394063362062951, "population": 173, "query_count": 0, "expected_count": 0.60405027932960886, "p_low": 0.68775114669332393, "pearson_residual": -0.49773355235056543, "gap_category": "esperado", "gtfs_covered": 0, "dist_stop_m": 715.16020225980071, "in_test": false, "model_id": "B1", "model_date": "2026-09-27", "edge_cell": true, "queries_per_1000": 0.0 }, "geometry": { "type": "Polygon", "coordinates": [ [ [ -66.394705, -17.415205 ], [ -66.398675, -17.418355 ], [ -66.398033, -17.423242 ], [ -66.393421, -17.424979 ], [ -66.389452, -17.421829 ], [ -66.390094, -17.416942 ], [ -66.394705, -17.415205 ] ] ] } },
{ "type": "Feature", "properties": { "h3_cell": "888b2c95b5fffff", "lat": -17.425302190812772, "lon": -66.380229224207199, "population": 169, "query_count": 0, "expected_count": 1.7319875776397515, "p_low": 0.50347312233305297, "pearson_residual": -0.58139620923022539, "gap_category": "esperado", "gtfs_covered": 1, "dist_stop_m": 164.86870192948362, "in_test": false, "model_id": "B1", "model_date": "2026-09-27", "edge_cell": false, "queries_per_1000": 0.0 }, "geometry": { "type": "Polygon", "coordinates": [ [ [ -66.380871, -17.420415 ], [ -66.38484, -17.423566 ], [ -66.384198, -17.428453 ], [ -66.379587, -17.430189 ], [ -66.375618, -17.427038 ], [ -66.37626, -17.422152 ], [ -66.380871, -17.420415 ] ] ] } },
{ "type": "Feature", "properties": { "h3_cell": "888b2c95b7fffff", "lat": -17.418678617673908, "lon": -66.385482596036454, "population": 400, "query_count": 15, "expected_count": 1.4064697609001406, "p_low": 0.99692877560243154, "pearson_residual": 5.4964302153844455, "gap_category": "exceso", "gtfs_covered": 1, "dist_stop_m": 130.74941808326781, "in_test": false, "model_id": "B1", "model_date": "2026-09-27", "edge_cell": false, "queries_per_1000": 37.5 }, "geometry": { "type": "Polygon", "coordinates": [ [ [ -66.386125, -17.413791 ], [ -66.390094, -17.416942 ], [ -66.389452, -17.421829 ], [ -66.38484, -17.423566 ], [ -66.380871, -17.420415 ], [ -66.381514, -17.415528 ], [ -66.386125, -17.413791 ] ] ] } },
{ "type": "Feature", "properties": { "h3_cell": "888b2c95b9fffff", "lat": -17.434753494378079, "lon": -66.392137068256275, "population": 70, "query_count": 0, "expected_count": 0.23458445040214479, "p_low": 0.82996457519120148, "pearson_residual": -0.3879620155031428, "gap_category": "esperado", "gtfs_covered": 0, "dist_stop_m": 1708.9115696181714, "in_test": false, "model_id": "B1", "model_date": "2026-09-27", "edge_cell": true, "queries_per_1000": 0.0 }, "geometry": { "type": "Polygon", "coordinates": [ [ [ -66.392779, -17.429866 ], [ -66.396749, -17.433017 ], [ -66.396107, -17.437904 ], [ -66.391495, -17.43964 ], [ -66.387525, -17.43649 ], [ -66.388168, -17.431603 ], [ -66.392779, -17.429866 ] ] ] } },
{ "type": "Feature", "properties": { "h3_cell": "888b2c95bdfffff", "lat": -17.433339409768347, "lon": -66.383556065663683, "population": 11, "query_count": 0, "expected_count": 0.11273291925465838, "p_low": 0.90496302038954091, "pearson_residual": -0.29812194900973998, "gap_category": "esperado", "gtfs_covered": 0, "dist_stop_m": 950.83301742921196, "in_test": false, "model_id": "B1", "model_date": "2026-09-27", "edge_cell": false, "queries_per_1000": 0.0 }, "geometry": { "type": "Polygon", "coordinates": [ [ [ -66.384198, -17.428453 ], [ -66.388168, -17.431603 ], [ -66.387525, -17.43649 ], [ -66.382914, -17.438226 ], [ -66.378945, -17.435076 ], [ -66.379587, -17.430189 ], [ -66.384198, -17.428453 ] ] ] } },
{ "type": "Feature", "properties": { "h3_cell": "888b2c95e1fffff", "lat": -17.461241667935429, "lon": -66.371121928275087, "population": 206, "query_count": 0, "expected_count": 1.3966101694915254, "p_low": 0.5406028973424909, "pearson_residual": -0.5682332474192231, "gap_category": "esperado", "gtfs_covered": 0, "dist_stop_m": 1472.6467354777899, "in_test": false, "model_id": "B1", "model_date": "2026-09-27", "edge_cell": false, "queries_per_1000": 0.0 }, "geometry": { "type": "Polygon", "coordinates": [ [ [ -66.371764, -17.456356 ], [ -66.375733, -17.459507 ], [ -66.375091, -17.464392 ], [ -66.37048, -17.466127 ], [ -66.366511, -17.462977 ], [ -66.367153, -17.458091 ], [ -66.371764, -17.456356 ] ] ] } },
{ "type": "Feature", "properties": { "h3_cell": "888b2c95e3fffff", "lat": -17.454620658695308, "lon": -66.376375629388406, "population": 48, "query_count": 0, "expected_count": 0.93641618497109835, "p_low": 0.61117017193083167, "pearson_residual": -0.53846610196373546, "gap_category": "esperado", "gtfs_covered": 0, "dist_stop_m": 794.39540883955954, "in_test": false, "model_id": "B1", "model_date": "2026-09-27", "edge_cell": false, "queries_per_1000": 0.0 }, "geometry": { "type": "Polygon", "coordinates": [ [ [ -66.377018, -17.449735 ], [ -66.380987, -17.452885 ], [ -66.380345, -17.457771 ], [ -66.375733, -17.459507 ], [ -66.371764, -17.456356 ], [ -66.372407, -17.45147 ], [ -66.377018, -17.449735 ] ] ] } },
{ "type": "Feature", "properties": { "h3_cell": "888b2c95e5fffff", "lat": -17.45982581948407, "lon": -66.362542143831504, "population": 778, "query_count": 17, "expected_count": 5.5047169811320753, "p_low": 0.91535848860900337, "pearson_residual": 1.3044795952385089, "gap_category": "esperado", "gtfs_covered": 0, "dist_stop_m": 861.10034636185242, "in_test": false, "model_id": "B1", "model_date": "2026-09-27", "edge_cell": false, "queries_per_1000": 21.850899742930594 }, "geometry": { "type": "Polygon", "coordinates": [ [ [ -66.363185, -17.45494 ], [ -66.367153, -17.458091 ], [ -66.366511, -17.462977 ], [ -66.3619, -17.464711 ], [ -66.357931, -17.46156 ], [ -66.358574, -17.456675 ], [ -66.363185, -17.45494 ] ] ] } },
{ "type": "Feature", "properties": { "h3_cell": "888b2c95e7fffff", "lat": -17.453205251267839, "lon": -66.367795540200149, "population": 474, "query_count": 0, "expected_count": 3.3537735849056602, "p_low": 0.39767254491825965, "pearson_residual": -0.61093938408375326, "gap_category": "esperado", "gtfs_covered": 0, "dist_stop_m": 542.8675614008082, "in_test": false, "model_id": "B1", "model_date": "2026-09-27", "edge_cell": false, "queries_per_1000": 0.0 }, "geometry": { "type": "Polygon", "coordinates": [ [ [ -66.368438, -17.448319 ], [ -66.372407, -17.45147 ], [ -66.371764, -17.456356 ], [ -66.367153, -17.458091 ], [ -66.363185, -17.45494 ], [ -66.363827, -17.450055 ], [ -66.368438, -17.448319 ] ] ] } },
{ "type": "Feature", "properties": { "h3_cell": "888b2c95edfffff", "lat": -17.467861987341987, "lon": -66.365868283228849, "population": 59, "query_count": 0, "expected_count": 0.4, "p_low": 0.7550293278980279, "pearson_residual": -0.45263143375215992, "gap_category": "esperado", "gtfs_covered": 0, "dist_stop_m": 1806.8645848925003, "in_test": false, "model_id": "B1", "model_date": "2026-09-27", "edge_cell": false, "queries_per_1000": 0.0 }, "geometry": { "type": "Polygon", "coordinates": [ [ [ -66.366511, -17.462977 ], [ -66.37048, -17.466127 ], [ -66.369837, -17.471013 ], [ -66.365226, -17.472747 ], [ -66.361257, -17.469596 ], [ -66.3619, -17.464711 ], [ -66.366511, -17.462977 ] ] ] } },
{ "type": "Feature", "properties": { "h3_cell": "888b2c9803fffff", "lat": -17.505565748516847, "lon": -66.141967929368974, "population": 58, "query_count": 0, "expected_count": 2.7077637348465311, "p_low": 0.43030099914590003, "pearson_residual": -0.60298669335068555, "gap_category": "esperado", "gtfs_covered": 0, "dist_stop_m": 2474.2136874110247, "in_test": false, "model_id": "B1", "model_date": "2026-09-27", "edge_cell": false, "queries_per_1000": 0.0 }, "geometry": { "type": "Polygon", "coordinates": [ [ [ -66.142613, -17.500688 ], [ -66.14657, -17.503839 ], [ -66.145926, -17.508718 ], [ -66.141323, -17.510444 ], [ -66.137366, -17.507292 ], [ -66.13801, -17.502414 ], [ -66.142613, -17.500688 ] ] ] } },
{ "type": "Feature", "properties": { "h3_cell": "888b2c9811fffff", "lat": -17.500386166380412, "lon": -66.155775418611455, "population": 253, "query_count": 1, "expected_count": 21.654100153072381, "p_low": 0.26741336849963782, "pearson_residual": -0.61222816993925899, "gap_category": "esperado", "gtfs_covered": 0, "dist_stop_m": 902.27029110113301, "in_test": false, "model_id": "B1", "model_date": "2026-09-27", "edge_cell": false, "queries_per_1000": 3.9525691699604741 }, "geometry": { "type": "Polygon", "coordinates": [ [ [ -66.15642, -17.495508 ], [ -66.160378, -17.498659 ], [ -66.159734, -17.503538 ], [ -66.155131, -17.505265 ], [ -66.151173, -17.502113 ], [ -66.151817, -17.497234 ], [ -66.15642, -17.495508 ] ] ] } },
{ "type": "Feature", "properties": { "h3_cell": "888b2c9813fffff", "lat": -17.493780459743011, "lon": -66.161022704536393, "population": 1294, "query_count": 22, "expected_count": 110.75259129674174, "p_low": 0.3925628747093744, "pearson_residual": -0.51835076094150268, "gap_category": "esperado", "gtfs_covered": 0, "dist_stop_m": 589.77324836095841, "in_test": false, "model_id": "B1", "model_date": "2026-09-27", "edge_cell": false, "queries_per_1000": 17.001545595054097 }, "geometry": { "type": "Polygon", "coordinates": [ [ [ -66.161667, -17.488902 ], [ -66.165626, -17.492053 ], [ -66.164981, -17.496932 ], [ -66.160378, -17.498659 ], [ -66.15642, -17.495508 ], [ -66.157064, -17.490629 ], [ -66.161667, -17.488902 ] ] ] } },
{ "type": "Feature", "properties": { "h3_cell": "888b2c9817fffff", "lat": -17.492355912512, "lon": -66.152461821690295, "population": 273, "query_count": 4, "expected_count": 23.365886726437786, "p_low": 0.38907488793849776, "pearson_residual": -0.53235970657125464, "gap_category": "esperado", "gtfs_covered": 0, "dist_stop_m": 776.50311109338998, "in_test": false, "model_id": "B1", "model_date": "2026-09-27", "edge_cell": false, "queries_per_1000": 14.652014652014651 }, "geometry": { "type": "Polygon", "coordinates": [ [ [ -66.153106, -17.487477 ], [ -66.157064, -17.490629 ], [ -66.15642, -17.495508 ], [ -66.151817, -17.497234 ], [ -66.147859, -17.494083 ], [ -66.148504, -17.489204 ], [ -66.153106, -17.487477 ] ] ] } },
{ "type": "Feature", "properties": { "h3_cell": "888b2c9819fffff", "lat": -17.508416364190978, "lon": -66.159089307959405, "population": 85, "query_count": 0, "expected_count": 7.6040830370455321, "p_low": 0.28968698541186805, "pearson_residual": -0.63087675833349122, "gap_category": "esperado", "gtfs_covered": 0, "dist_stop_m": 1133.8550171738202, "in_test": false, "model_id": "B1", "model_date": "2026-09-27", "edge_cell": false, "queries_per_1000": 0.0 }, "geometry": { "type": "Polygon", "coordinates": [ [ [ -66.159734, -17.503538 ], [ -66.163692, -17.50669 ], [ -66.163048, -17.511568 ], [ -66.158445, -17.513295 ], [ -66.154486, -17.510143 ], [ -66.155131, -17.505265 ], [ -66.159734, -17.503538 ] ] ] } },
{ "type": "Feature", "properties": { "h3_cell": "888b2c981bfffff", "lat": -17.501810908435658, "lon": -66.164336844185272, "population": 610, "query_count": 14, "expected_count": 52.037537014457413, "p_low": 0.44470473452284276, "pearson_residual": -0.47181159608079604, "gap_category": "esperado", "gtfs_covered": 1, "dist_stop_m": 216.21665406976385, "in_test": false, "model_id": "B1", "model_date": "2026-09-27", "edge_cell": false, "queries_per_1000": 22.950819672131146 }, "geometry": { "type": "Polygon", "coordinates": [ [ [ -66.164981, -17.496932 ], [ -66.16894, -17.500084 ], [ -66.168296, -17.504963 ], [ -66.163692, -17.50669 ], [ -66.159734, -17.503538 ], [ -66.160378, -17.498659 ], [ -66.164981, -17.496932 ] ] ] } },
{ "type": "Feature", "properties": { "h3_cell": "888b2c9821fffff", "lat": -17.501287971814911, "lon": -66.116292260360638, "population": 89, "query_count": 1, "expected_count": 5.4594100756982513, "p_low": 0.45884290848151654, "pearson_residual": -0.51010150360146478, "gap_category": "esperado", "gtfs_covered": 0, "dist_stop_m": 1640.4165190127699, "in_test": false, "model_id": "B1", "model_date": "2026-09-27", "edge_cell": false, "queries_per_1000": 11.235955056179774 }, "geometry": { "type": "Polygon", "coordinates": [ [ [ -66.116937, -17.496411 ], [ -66.120893, -17.499562 ], [ -66.120249, -17.50444 ], [ -66.115647, -17.506165 ], [ -66.111691, -17.503013 ], [ -66.112336, -17.498136 ], [ -66.116937, -17.496411 ] ] ] } },
{ "type": "Feature", "properties": { "h3_cell": "888b2c9823fffff", "lat": -17.494684727004365, "lon": -66.121538245319442, "population": 366, "query_count": 23, "expected_count": 22.052854122621564, "p_low": 0.71089616697175961, "pearson_residual": 0.027572361085063866, "gap_category": "esperado", "gtfs_covered": 0, "dist_stop_m": 941.3854892768511, "in_test": false, "model_id": "B1", "model_date": "2026-09-27", "edge_cell": false, "queries_per_1000": 62.841530054644807 }, "geometry": { "type": "Polygon", "coordinates": [ [ [ -66.122183, -17.489807 ], [ -66.12614, -17.492959 ], [ -66.125495, -17.497836 ], [ -66.120893, -17.499562 ], [ -66.116937, -17.496411 ], [ -66.117582, -17.491533 ], [ -66.122183, -17.489807 ] ] ] } },
{ "type": "Feature", "properties": { "h3_cell": "888b2c9827fffff", "lat": -17.493258750244081, "lon": -66.112981085519579, "population": 691, "query_count": 40, "expected_count": 43.245006657789617, "p_low": 0.68315569125632158, "pearson_residual": -0.048394876907850402, "gap_category": "esperado", "gtfs_covered": 0, "dist_stop_m": 947.83685424097291, "in_test": false, "model_id": "B1", "model_date": "2026-09-27", "edge_cell": false, "queries_per_1000": 57.887120115774238 }, "geometry": { "type": "Polygon", "coordinates": [ [ [ -66.113626, -17.488381 ], [ -66.117582, -17.491533 ], [ -66.116937, -17.496411 ], [ -66.112336, -17.498136 ], [ -66.10838, -17.494984 ], [ -66.109025, -17.490107 ], [ -66.113626, -17.488381 ] ] ] } },
{ "type": "Feature", "properties": { "h3_cell": "888b2c9833fffff", "lat": -17.482901003907841, "lon": -66.140589029813867, "population": 442, "query_count": 3, "expected_count": 38.302109797857064, "p_low": 0.29016057884391677, "pearson_residual": -0.59405733325760113, "gap_category": "esperado", "gtfs_covered": 0, "dist_stop_m": 760.28945820401111, "in_test": false, "model_id": "B1", "model_date": "2026-09-27", "edge_cell": false, "queries_per_1000": 6.7873303167420813 }, "geometry": { "type": "Polygon", "coordinates": [ [ [ -66.141234, -17.478022 ], [ -66.145191, -17.481174 ], [ -66.144546, -17.486053 ], [ -66.139944, -17.487779 ], [ -66.135987, -17.484628 ], [ -66.136632, -17.479749 ], [ -66.141234, -17.478022 ] ] ] } },
{ "type": "Feature", "properties": { "h3_cell": "888b2c9835fffff", "lat": -17.488080789032772, "lon": -66.126784290381906, "population": 599, "query_count": 6, "expected_count": 32.912792252955967, "p_low": 0.3910931433453782, "pearson_residual": -0.52657363688618275, "gap_category": "esperado", "gtfs_covered": 0, "dist_stop_m": 879.21963975363417, "in_test": false, "model_id": "B1", "model_date": "2026-09-27", "edge_cell": false, "queries_per_1000": 10.016694490818029 }, "geometry": { "type": "Polygon", "coordinates": [ [ [ -66.127429, -17.483203 ], [ -66.131386, -17.486354 ], [ -66.130741, -17.491232 ], [ -66.12614, -17.492959 ], [ -66.122183, -17.489807 ], [ -66.122828, -17.484929 ], [ -66.127429, -17.483203 ] ] ] } },
{ "type": "Feature", "properties": { "h3_cell": "888b2c9837fffff", "lat": -17.481476158136907, "lon": -66.132030395461086, "population": 1742, "query_count": 26, "expected_count": 83.311444256756758, "p_low": 0.46698149787275672, "pearson_residual": -0.4446960262322896, "gap_category": "esperado", "gtfs_covered": 0, "dist_stop_m": 566.42694505476925, "in_test": false, "model_id": "B1", "model_date": "2026-09-27", "edge_cell": false, "queries_per_1000": 14.925373134328359 }, "geometry": { "type": "Polygon", "coordinates": [ [ [ -66.132675, -17.476598 ], [ -66.136632, -17.479749 ], [ -66.135987, -17.484628 ], [ -66.131386, -17.486354 ], [ -66.127429, -17.483203 ], [ -66.128074, -17.478325 ], [ -66.132675, -17.476598 ] ] ] } },
{ "type": "Feature", "properties": { "h3_cell": "888b2c983bfffff", "lat": -17.490931118200329, "lon": -66.143901791546085, "population": 45, "query_count": 0, "expected_count": 3.6839378238341967, "p_low": 0.38390832033354705, "pearson_residual": -0.61400919864022763, "gap_category": "esperado", "gtfs_covered": 0, "dist_stop_m": 1088.3625665880302, "in_test": false, "model_id": "B1", "model_date": "2026-09-27", "edge_cell": false, "queries_per_1000": 0.0 }, "geometry": { "type": "Polygon", "coordinates": [ [ [ -66.144546, -17.486053 ], [ -66.148504, -17.489204 ], [ -66.147859, -17.494083 ], [ -66.143257, -17.495809 ], [ -66.1393, -17.492658 ], [ -66.139944, -17.487779 ], [ -66.144546, -17.486053 ] ] ] } },
{ "type": "Feature", "properties": { "h3_cell": "888b2c9853fffff", "lat": -17.51644650554768, "lon": -66.162403489750659, "population": 20, "query_count": 0, "expected_count": 0.40404040404040409, "p_low": 0.75347227963234231, "pearson_residual": -0.45379506768812766, "gap_category": "esperado", "gtfs_covered": 0, "dist_stop_m": 1457.1582076942473, "in_test": false, "model_id": "B1", "model_date": "2026-09-27", "edge_cell": false, "queries_per_1000": 0.0 }, "geometry": { "type": "Polygon", "coordinates": [ [ [ -66.163048, -17.511568 ], [ -66.167007, -17.51472 ], [ -66.166362, -17.519598 ], [ -66.161759, -17.521325 ], [ -66.1578, -17.518173 ], [ -66.158445, -17.513295 ], [ -66.163048, -17.511568 ] ] ] } },
{ "type": "Feature", "properties": { "h3_cell": "888b2c985bfffff", "lat": -17.524476590054476, "lon": -66.165717964001743, "population": 45, "query_count": 0, "expected_count": 0.90909090909090917, "p_low": 0.61641635615703305, "pearson_residual": -0.53597773262153325, "gap_category": "esperado", "gtfs_covered": 0, "dist_stop_m": 1305.4958561036321, "in_test": false, "model_id": "B1", "model_date": "2026-09-27", "edge_cell": false, "queries_per_1000": 0.0 }, "geometry": { "type": "Polygon", "coordinates": [ [ [ -66.166362, -17.519598 ], [ -66.170322, -17.52275 ], [ -66.169677, -17.527628 ], [ -66.165073, -17.529355 ], [ -66.161115, -17.526203 ], [ -66.161759, -17.521325 ], [ -66.166362, -17.519598 ] ] ] } },
{ "type": "Feature", "properties": { "h3_cell": "888b2c9861fffff", "lat": -17.523948296889714, "lon": -66.117669061260216, "population": 93, "query_count": 1, "expected_count": 4.5196261682242991, "p_low": 0.49163724804081477, "pearson_residual": -0.48274440678557967, "gap_category": "esperado", "gtfs_covered": 0, "dist_stop_m": 3289.6627498180469, "in_test": false, "model_id": "B1", "model_date": "2026-09-27", "edge_cell": false, "queries_per_1000": 10.752688172043012 }, "geometry": { "type": "Polygon", "coordinates": [ [ [ -66.118314, -17.519071 ], [ -66.122271, -17.522223 ], [ -66.121626, -17.5271 ], [ -66.117024, -17.528825 ], [ -66.113068, -17.525673 ], [ -66.113713, -17.520796 ], [ -66.118314, -17.519071 ] ] ] } },
{ "type": "Feature", "properties": { "h3_cell": "888b2c9865fffff", "lat": -17.522521044354733, "lon": -66.109111437016736, "population": 224, "query_count": 8, "expected_count": 12.063647490820074, "p_low": 0.62377392093908712, "pearson_residual": -0.21459749815148546, "gap_category": "esperado", "gtfs_covered": 0, "dist_stop_m": 2406.3613969670987, "in_test": false, "model_id": "B1", "model_date": "2026-09-27", "edge_cell": false, "queries_per_1000": 35.714285714285715 }, "geometry": { "type": "Polygon", "coordinates": [ [ [ -66.109756, -17.517644 ], [ -66.113713, -17.520796 ], [ -66.113068, -17.525673 ], [ -66.108466, -17.527398 ], [ -66.10451, -17.524246 ], [ -66.105155, -17.519369 ], [ -66.109756, -17.517644 ] ] ] } },
{ "type": "Feature", "properties": { "h3_cell": "888b2c9867fffff", "lat": -17.51591943806908, "lon": -66.114357552203927, "population": 72, "query_count": 5, "expected_count": 7.6308579668348955, "p_low": 0.62943613251611241, "pearson_residual": -0.21752463254268903, "gap_category": "esperado", "gtfs_covered": 0, "dist_stop_m": 2678.5264086634979, "in_test": false, "model_id": "B1", "model_date": "2026-09-27", "edge_cell": false, "queries_per_1000": 69.444444444444443 }, "geometry": { "type": "Polygon", "coordinates": [ [ [ -66.115002, -17.511042 ], [ -66.118959, -17.514194 ], [ -66.118314, -17.519071 ], [ -66.113713, -17.520796 ], [ -66.109756, -17.517644 ], [ -66.110401, -17.512768 ], [ -66.115002, -17.511042 ] ] ] } },
{ "type": "Feature", "properties": { "h3_cell": "888b2c9869fffff", "lat": -17.531977099293936, "lon": -66.120980862777884, "population": 201, "query_count": 2, "expected_count": 7.0414012738853504, "p_low": 0.49636172889746127, "pearson_residual": -0.4507444161180838, "gap_category": "esperado", "gtfs_covered": 0, "dist_stop_m": 3852.2769894845947, "in_test": false, "model_id": "B1", "model_date": "2026-09-27", "edge_cell": false, "queries_per_1000": 9.9502487562189046 }, "geometry": { "type": "Polygon", "coordinates": [ [ [ -66.121626, -17.5271 ], [ -66.125583, -17.530252 ], [ -66.124938, -17.535129 ], [ -66.120336, -17.536854 ], [ -66.116379, -17.533702 ], [ -66.117024, -17.528825 ], [ -66.121626, -17.5271 ] ] ] } },
{ "type": "Feature", "properties": { "h3_cell": "888b2c986bfffff", "lat": -17.525375302345214, "lon": -66.12622753945179, "population": 64, "query_count": 0, "expected_count": 2.1694915254237288, "p_low": 0.46582167136879904, "pearson_residual": -0.59318644502258588, "gap_category": "esperado", "gtfs_covered": 0, "dist_stop_m": 4188.9998368631086, "in_test": false, "model_id": "B1", "model_date": "2026-09-27", "edge_cell": false, "queries_per_1000": 0.0 }, "geometry": { "type": "Polygon", "coordinates": [ [ [ -66.126872, -17.520498 ], [ -66.130829, -17.52365 ], [ -66.130185, -17.528527 ], [ -66.125583, -17.530252 ], [ -66.121626, -17.5271 ], [ -66.122271, -17.522223 ], [ -66.126872, -17.520498 ] ] ] } },
{ "type": "Feature", "properties": { "h3_cell": "888b2c986dfffff", "lat": -17.530549651490581, "lon": -66.112422695387821, "population": 199, "query_count": 2, "expected_count": 9.9274376417233565, "p_low": 0.43670399728791592, "pearson_residual": -0.50689333319850427, "gap_category": "esperado", "gtfs_covered": 0, "dist_stop_m": 2939.1250337941351, "in_test": false, "model_id": "B1", "model_date": "2026-09-27", "edge_cell": false, "queries_per_1000": 10.050251256281408 }, "geometry": { "type": "Polygon", "coordinates": [ [ [ -66.113068, -17.525673 ], [ -66.117024, -17.528825 ], [ -66.116379, -17.533702 ], [ -66.111778, -17.535426 ], [ -66.107821, -17.532274 ], [ -66.108466, -17.527398 ], [ -66.113068, -17.525673 ] ] ] } },
{ "type": "Feature", "properties": { "h3_cell": "888b2c9881fffff", "lat": -17.465927928747682, "lon": -66.173450320905019, "population": 1567, "query_count": 359, "expected_count": 499.46050452532251, "p_low": 0.62667227167649209, "pearson_residual": -0.18217511039893444, "gap_category": "esperado", "gtfs_covered": 1, "dist_stop_m": 402.58678602137684, "in_test": false, "model_id": "B1", "model_date": "2026-09-27", "edge_cell": false, "queries_per_1000": 229.10019144862795 }, "geometry": { "type": "Polygon", "coordinates": [ [ [ -66.174095, -17.461048 ], [ -66.178053, -17.464199 ], [ -66.177409, -17.469079 ], [ -66.172806, -17.470808 ], [ -66.168847, -17.467656 ], [ -66.169492, -17.462777 ], [ -66.174095, -17.461048 ] ] ] } },
{ "type": "Feature", "properties": { "h3_cell": "888b2c9883fffff", "lat": -17.459319202575806, "lon": -66.178697594070357, "population": 1092, "query_count": 72, "expected_count": 104.76688867745005, "p_low": 0.61851153807875436, "pearson_residual": -0.20228370055581249, "gap_category": "esperado", "gtfs_covered": 1, "dist_stop_m": 273.9671583239267, "in_test": false, "model_id": "B1", "model_date": "2026-09-27", "edge_cell": false, "queries_per_1000": 65.934065934065941 }, "geometry": { "type": "Polygon", "coordinates": [ [ [ -66.179342, -17.454439 ], [ -66.183301, -17.45759 ], [ -66.182657, -17.462471 ], [ -66.178053, -17.464199 ], [ -66.174095, -17.461048 ], [ -66.174739, -17.456168 ], [ -66.179342, -17.454439 ] ] ] } },
{ "type": "Feature", "properties": { "h3_cell": "888b2c9885fffff", "lat": -17.464504902631315, "lon": -66.164889051665824, "population": 1781, "query_count": 292, "expected_count": 495.44040227372102, "p_low": 0.58526982042750031, "pearson_residual": -0.26599916589593903, "gap_category": "esperado", "gtfs_covered": 1, "dist_stop_m": 80.403052213514144, "in_test": false, "model_id": "B1", "model_date": "2026-09-27", "edge_cell": false, "queries_per_1000": 163.95283548568221 }, "geometry": { "type": "Polygon", "coordinates": [ [ [ -66.165533, -17.459625 ], [ -66.169492, -17.462777 ], [ -66.168847, -17.467656 ], [ -66.164245, -17.469385 ], [ -66.160287, -17.466233 ], [ -66.160931, -17.461353 ], [ -66.165533, -17.459625 ] ] ] } },
{ "type": "Feature", "properties": { "h3_cell": "888b2c9887fffff", "lat": -17.457896618407574, "lon": -66.17013601540026, "population": 2211, "query_count": 686, "expected_count": 1327.503622515326, "p_low": 0.5582955078435029, "pearson_residual": -0.31312172221015971, "gap_category": "esperado", "gtfs_covered": 1, "dist_stop_m": 252.97949873002594, "in_test": false, "model_id": "B1", "model_date": "2026-09-27", "edge_cell": false, "queries_per_1000": 310.2668475802804 }, "geometry": { "type": "Polygon", "coordinates": [ [ [ -66.17078, -17.453017 ], [ -66.174739, -17.456168 ], [ -66.174095, -17.461048 ], [ -66.169492, -17.462777 ], [ -66.165533, -17.459625 ], [ -66.166178, -17.454745 ], [ -66.17078, -17.453017 ] ] ] } },
{ "type": "Feature", "properties": { "h3_cell": "888b2c9889fffff", "lat": -17.473959184193973, "lon": -66.176764918774495, "population": 1560, "query_count": 207, "expected_count": 182.83039647577093, "p_low": 0.72456915907316755, "pearson_residual": 0.085573908054057235, "gap_category": "esperado", "gtfs_covered": 1, "dist_stop_m": 111.52812468041985, "in_test": false, "model_id": "B1", "model_date": "2026-09-27", "edge_cell": false, "queries_per_1000": 132.69230769230768 }, "geometry": { "type": "Polygon", "coordinates": [ [ [ -66.177409, -17.469079 ], [ -66.181368, -17.472231 ], [ -66.180724, -17.477111 ], [ -66.176121, -17.478839 ], [ -66.172162, -17.475687 ], [ -66.172806, -17.470808 ], [ -66.177409, -17.469079 ] ] ] } },
{ "type": "Feature", "properties": { "h3_cell": "888b2c988bfffff", "lat": -17.467350707923451, "lon": -66.182012442051558, "population": 1001, "query_count": 33, "expected_count": 87.755932010038791, "p_low": 0.500054370886585, "pearson_residual": -0.40340049023768554, "gap_category": "esperado", "gtfs_covered": 0, "dist_stop_m": 892.33127589957326, "in_test": false, "model_id": "B1", "model_date": "2026-09-27", "edge_cell": false, "queries_per_1000": 32.967032967032971 }, "geometry": { "type": "Polygon", "coordinates": [ [ [ -66.182657, -17.462471 ], [ -66.186616, -17.465622 ], [ -66.185972, -17.470502 ], [ -66.181368, -17.472231 ], [ -66.177409, -17.469079 ], [ -66.178053, -17.464199 ], [ -66.182657, -17.462471 ] ] ] } },
{ "type": "Feature", "properties": { "h3_cell": "888b2c988dfffff", "lat": -17.472535963064821, "lon": -66.168203106997311, "population": 2165, "query_count": 460, "expected_count": 427.3040510239673, "p_low": 0.7134227679210976, "pearson_residual": 0.049563515151846982, "gap_category": "esperado", "gtfs_covered": 1, "dist_stop_m": 201.88656295529211, "in_test": false, "model_id": "B1", "model_date": "2026-09-27", "edge_cell": false, "queries_per_1000": 212.47113163972287 }, "geometry": { "type": "Polygon", "coordinates": [ [ [ -66.168847, -17.467656 ], [ -66.172806, -17.470808 ], [ -66.172162, -17.475687 ], [ -66.167559, -17.477415 ], [ -66.1636, -17.474264 ], [ -66.164245, -17.469385 ], [ -66.168847, -17.467656 ] ] ] } },
{ "type": "Feature", "properties": { "h3_cell": "888b2c9891fffff", "lat": -17.454131680177433, "lon": -66.192507665879987, "population": 657, "query_count": 19, "expected_count": 62.962244802833972, "p_low": 0.46260604967536861, "pearson_residual": -0.45099785748473625, "gap_category": "esperado", "gtfs_covered": 1, "dist_stop_m": 133.41901538137103, "in_test": false, "model_id": "B1", "model_date": "2026-09-27", "edge_cell": false, "queries_per_1000": 28.919330289193301 }, "geometry": { "type": "Polygon", "coordinates": [ [ [ -66.193152, -17.449251 ], [ -66.197111, -17.452402 ], [ -66.196467, -17.457283 ], [ -66.191864, -17.459012 ], [ -66.187904, -17.455861 ], [ -66.188548, -17.45098 ], [ -66.193152, -17.449251 ] ] ] } },
{ "type": "Feature", "properties": { "h3_cell": "888b2c9893fffff", "lat": -17.447521129177915, "lon": -66.197755366257297, "population": 2360, "query_count": 143, "expected_count": 265.91549295774649, "p_low": 0.56699470162178001, "pearson_residual": -0.2993220982235083, "gap_category": "esperado", "gtfs_covered": 1, "dist_stop_m": 208.20671164405167, "in_test": false, "model_id": "B1", "model_date": "2026-09-27", "edge_cell": false, "queries_per_1000": 60.593220338983052 }, "geometry": { "type": "Polygon", "coordinates": [ [ [ -66.198399, -17.44264 ], [ -66.202359, -17.445791 ], [ -66.201715, -17.450672 ], [ -66.197111, -17.452402 ], [ -66.193152, -17.449251 ], [ -66.193796, -17.44437 ], [ -66.198399, -17.44264 ] ] ] } },
{ "type": "Feature", "properties": { "h3_cell": "888b2c9895fffff", "lat": -17.452709784787036, "lon": -66.183944926406355, "population": 663, "query_count": 9, "expected_count": 103.60390838411432, "p_low": 0.28643229250076901, "pearson_residual": -0.59057211663236053, "gap_category": "esperado", "gtfs_covered": 0, "dist_stop_m": 558.42437204704822, "in_test": false, "model_id": "B1", "model_date": "2026-09-27", "edge_cell": false, "queries_per_1000": 13.574660633484163 }, "geometry": { "type": "Polygon", "coordinates": [ [ [ -66.184589, -17.447829 ], [ -66.188548, -17.45098 ], [ -66.187904, -17.455861 ], [ -66.183301, -17.45759 ], [ -66.179342, -17.454439 ], [ -66.179986, -17.449559 ], [ -66.184589, -17.447829 ] ] ] } },
{ "type": "Feature", "properties": { "h3_cell": "888b2c9897fffff", "lat": -17.44609967561933, "lon": -66.189192317825956, "population": 988, "query_count": 28, "expected_count": 160.73775337837836, "p_low": 0.37172312524721318, "pearson_residual": -0.53447625699798762, "gap_category": "esperado", "gtfs_covered": 0, "dist_stop_m": 587.47750814337144, "in_test": false, "model_id": "B1", "model_date": "2026-09-27", "edge_cell": false, "queries_per_1000": 28.340080971659919 }, "geometry": { "type": "Polygon", "coordinates": [ [ [ -66.189836, -17.441219 ], [ -66.193796, -17.44437 ], [ -66.193152, -17.449251 ], [ -66.188548, -17.45098 ], [ -66.184589, -17.447829 ], [ -66.185233, -17.442948 ], [ -66.189836, -17.441219 ] ] ] } },
{ "type": "Feature", "properties": { "h3_cell": "888b2c9899fffff", "lat": -17.462163630021884, "lon": -66.195823306280928, "population": 1086, "query_count": 19, "expected_count": 105.08362271234162, "p_low": 0.37892776320392696, "pearson_residual": -0.52983158339994285, "gap_category": "esperado", "gtfs_covered": 0, "dist_stop_m": 624.82899735117167, "in_test": false, "model_id": "B1", "model_date": "2026-09-27", "edge_cell": false, "queries_per_1000": 17.495395948434624 }, "geometry": { "type": "Polygon", "coordinates": [ [ [ -66.196467, -17.457283 ], [ -66.200427, -17.460434 ], [ -66.199783, -17.465315 ], [ -66.195179, -17.467044 ], [ -66.19122, -17.463893 ], [ -66.191864, -17.459012 ], [ -66.196467, -17.457283 ] ] ] } },
{ "type": "Feature", "properties": { "h3_cell": "888b2c989bfffff", "lat": -17.455553328523571, "lon": -66.201071256607875, "population": 2223, "query_count": 261, "expected_count": 237.9, "p_low": 0.71768167169279351, "pearson_residual": 0.062871382788220381, "gap_category": "esperado", "gtfs_covered": 1, "dist_stop_m": 111.43404196882319, "in_test": false, "model_id": "B1", "model_date": "2026-09-27", "edge_cell": false, "queries_per_1000": 117.4089068825911 }, "geometry": { "type": "Polygon", "coordinates": [ [ [ -66.201715, -17.450672 ], [ -66.205675, -17.453824 ], [ -66.205031, -17.458705 ], [ -66.200427, -17.460434 ], [ -66.196467, -17.457283 ], [ -66.197111, -17.452402 ], [ -66.201715, -17.450672 ] ] ] } },
{ "type": "Feature", "properties": { "h3_cell": "888b2c989dfffff", "lat": -17.460741539838637, "lon": -66.187260024449046, "population": 1508, "query_count": 129, "expected_count": 140.11075559931086, "p_low": 0.68025897703211269, "pearson_residual": -0.051314567451217624, "gap_category": "esperado", "gtfs_covered": 1, "dist_stop_m": 286.66123261739898, "in_test": false, "model_id": "B1", "model_date": "2026-09-27", "edge_cell": false, "queries_per_1000": 85.543766578249333 }, "geometry": { "type": "Polygon", "coordinates": [ [ [ -66.187904, -17.455861 ], [ -66.191864, -17.459012 ], [ -66.19122, -17.463893 ], [ -66.186616, -17.465622 ], [ -66.182657, -17.462471 ], [ -66.183301, -17.45759 ], [ -66.187904, -17.455861 ] ] ] } },
{ "type": "Feature", "properties": { "h3_cell": "888b2c98a1fffff", "lat": -17.45505071005153, "lon": -66.153015414206436, "population": 1983, "query_count": 541, "expected_count": 1036.7402819935376, "p_low": 0.56030432512803119, "pearson_residual": -0.30982379873814569, "gap_category": "esperado", "gtfs_covered": 1, "dist_stop_m": 235.83817788836814, "in_test": false, "model_id": "B1", "model_date": "2026-09-27", "edge_cell": false, "queries_per_1000": 272.81896116994454 }, "geometry": { "type": "Polygon", "coordinates": [ [ [ -66.15366, -17.450171 ], [ -66.157617, -17.453322 ], [ -66.156973, -17.458202 ], [ -66.152371, -17.45993 ], [ -66.148414, -17.456779 ], [ -66.149058, -17.451899 ], [ -66.15366, -17.450171 ] ] ] } },
{ "type": "Feature", "properties": { "h3_cell": "888b2c98a3fffff", "lat": -17.448442618091327, "lon": -66.158261818065171, "population": 3400, "query_count": 890, "expected_count": 2939.655253837072, "p_low": 0.45741275429059486, "pearson_residual": -0.45182669282506888, "gap_category": "esperado", "gtfs_covered": 1, "dist_stop_m": 225.96152373477429, "in_test": false, "model_id": "B1", "model_date": "2026-09-27", "edge_cell": false, "queries_per_1000": 261.76470588235293 }, "geometry": { "type": "Polygon", "coordinates": [ [ [ -66.158906, -17.443563 ], [ -66.162864, -17.446714 ], [ -66.16222, -17.451594 ], [ -66.157617, -17.453322 ], [ -66.15366, -17.450171 ], [ -66.154304, -17.445291 ], [ -66.158906, -17.443563 ] ] ] } },
{ "type": "Feature", "properties": { "h3_cell": "888b2c98a5fffff", "lat": -17.453627386212059, "lon": -66.144456392192524, "population": 1547, "query_count": 488, "expected_count": 1027.3178961748633, "p_low": 0.54160550567320065, "pearson_residual": -0.34014940034930335, "gap_category": "esperado", "gtfs_covered": 1, "dist_stop_m": 215.60957361605043, "in_test": false, "model_id": "B1", "model_date": "2026-09-27", "edge_cell": false, "queries_per_1000": 315.44925662572723 }, "geometry": { "type": "Polygon", "coordinates": [ [ [ -66.145101, -17.448748 ], [ -66.149058, -17.451899 ], [ -66.148414, -17.456779 ], [ -66.143812, -17.458507 ], [ -66.139855, -17.455355 ], [ -66.140499, -17.450476 ], [ -66.145101, -17.448748 ] ] ] } },
{ "type": "Feature", "properties": { "h3_cell": "888b2c98a7fffff", "lat": -17.447019736264981, "lon": -66.149702486161701, "population": 2737, "query_count": 1900, "expected_count": 2126.555191532258, "p_low": 0.67297394405767974, "pearson_residual": -0.069035578085414967, "gap_category": "esperado", "gtfs_covered": 1, "dist_stop_m": 47.650371803172135, "in_test": false, "model_id": "B1", "model_date": "2026-09-27", "edge_cell": false, "queries_per_1000": 694.19071976616726 }, "geometry": { "type": "Polygon", "coordinates": [ [ [ -66.150347, -17.44214 ], [ -66.154304, -17.445291 ], [ -66.15366, -17.450171 ], [ -66.149058, -17.451899 ], [ -66.145101, -17.448748 ], [ -66.145745, -17.443868 ], [ -66.150347, -17.44214 ] ] ] } },
{ "type": "Feature", "properties": { "h3_cell": "888b2c98a9fffff", "lat": -17.463081629748565, "lon": -66.156328634589087, "population": 3895, "query_count": 324, "expected_count": 1452.4272059754398, "p_low": 0.40643412234187315, "pearson_residual": -0.50342511605668594, "gap_category": "esperado", "gtfs_covered": 1, "dist_stop_m": 180.15062782502582, "in_test": false, "model_id": "B1", "model_date": "2026-09-27", "edge_cell": false, "queries_per_1000": 83.183568677792039 }, "geometry": { "type": "Polygon", "coordinates": [ [ [ -66.156973, -17.458202 ], [ -66.160931, -17.461353 ], [ -66.160287, -17.466233 ], [ -66.155684, -17.467961 ], [ -66.151727, -17.46481 ], [ -66.152371, -17.45993 ], [ -66.156973, -17.458202 ] ] ] } },
{ "type": "Feature", "properties": { "h3_cell": "888b2c98abfffff", "lat": -17.456473787508092, "lon": -66.161575288693953, "population": 3783, "query_count": 1030, "expected_count": 2514.3568037175473, "p_low": 0.51276268030304739, "pearson_residual": -0.38255476852398751, "gap_category": "esperado", "gtfs_covered": 1, "dist_stop_m": 51.635229315690822, "in_test": false, "model_id": "B1", "model_date": "2026-09-27", "edge_cell": false, "queries_per_1000": 272.27068464181866 }, "geometry": { "type": "Polygon", "coordinates": [ [ [ -66.16222, -17.451594 ], [ -66.166178, -17.454745 ], [ -66.165533, -17.459625 ], [ -66.160931, -17.461353 ], [ -66.156973, -17.458202 ], [ -66.157617, -17.453322 ], [ -66.16222, -17.451594 ] ] ] } },
{ "type": "Feature", "properties": { "h3_cell": "888b2c98adfffff", "lat": -17.461658110273667, "lon": -66.147769069929694, "population": 3439, "query_count": 456, "expected_count": 983.58416666666665, "p_low": 0.53683886797149938, "pearson_residual": -0.34754097129585226, "gap_category": "esperado", "gtfs_covered": 1, "dist_stop_m": 24.275373403011606, "in_test": false, "model_id": "B1", "model_date": "2026-09-27", "edge_cell": false, "queries_per_1000": 132.59668508287291 }, "geometry": { "type": "Polygon", "coordinates": [ [ [ -66.148414, -17.456779 ], [ -66.152371, -17.45993 ], [ -66.151727, -17.46481 ], [ -66.147125, -17.466537 ], [ -66.143167, -17.463386 ], [ -66.143812, -17.458507 ], [ -66.148414, -17.456779 ] ] ] } },
{ "type": "Feature", "properties": { "h3_cell": "888b2c98b1fffff", "lat": -17.443256028171714, "lon": -66.172068775151473, "population": 1593, "query_count": 258, "expected_count": 879.71641791044783, "p_low": 0.45216508736901839, "pearson_residual": -0.45789350406342466, "gap_category": "esperado", "gtfs_covered": 1, "dist_stop_m": 33.799130135470648, "in_test": false, "model_id": "B1", "model_date": "2026-09-27", "edge_cell": false, "queries_per_1000": 161.95856873822976 }, "geometry": { "type": "Polygon", "coordinates": [ [ [ -66.172713, -17.438376 ], [ -66.176671, -17.441527 ], [ -66.176027, -17.446407 ], [ -66.171425, -17.448136 ], [ -66.167466, -17.444985 ], [ -66.168111, -17.440105 ], [ -66.172713, -17.438376 ] ] ] } },
{ "type": "Feature", "properties": { "h3_cell": "888b2c98b3fffff", "lat": -17.4366461115516, "lon": -66.177315607330158, "population": 956, "query_count": 44, "expected_count": 129.17680881648297, "p_low": 0.48093664742453041, "pearson_residual": -0.42662906866375638, "gap_category": "esperado", "gtfs_covered": 1, "dist_stop_m": 325.21084206259678, "in_test": false, "model_id": "B1", "model_date": "2026-09-27", "edge_cell": false, "queries_per_1000": 46.02510460251046 }, "geometry": { "type": "Polygon", "coordinates": [ [ [ -66.17796, -17.431765 ], [ -66.181918, -17.434916 ], [ -66.181274, -17.439797 ], [ -66.176671, -17.441527 ], [ -66.172713, -17.438376 ], [ -66.173357, -17.433495 ], [ -66.17796, -17.431765 ] ] ] } },
{ "type": "Feature", "properties": { "h3_cell": "888b2c98b5fffff", "lat": -17.441833834630806, "lon": -66.163508281418942, "population": 3998, "query_count": 2334, "expected_count": 3644.1512898669248, "p_low": 0.60214020896385201, "pearson_residual": -0.23297993132380362, "gap_category": "esperado", "gtfs_covered": 1, "dist_stop_m": 45.879858870822666, "in_test": false, "model_id": "B1", "model_date": "2026-09-27", "edge_cell": false, "queries_per_1000": 583.79189594797401 }, "geometry": { "type": "Polygon", "coordinates": [ [ [ -66.164153, -17.436954 ], [ -66.168111, -17.440105 ], [ -66.167466, -17.444985 ], [ -66.162864, -17.446714 ], [ -66.158906, -17.443563 ], [ -66.159551, -17.438683 ], [ -66.164153, -17.436954 ] ] ] } },
{ "type": "Feature", "properties": { "h3_cell": "888b2c98b7fffff", "lat": -17.435224359907821, "lon": -66.168754804180779, "population": 1534, "query_count": 212, "expected_count": 1130.1925560643419, "p_low": 0.37970126114252278, "pearson_residual": -0.52640394355474707, "gap_category": "esperado", "gtfs_covered": 1, "dist_stop_m": 107.46944400242295, "in_test": false, "model_id": "B1", "model_date": "2026-09-27", "edge_cell": false, "queries_per_1000": 138.20078226857888 }, "geometry": { "type": "Polygon", "coordinates": [ [ [ -66.169399, -17.430344 ], [ -66.173357, -17.433495 ], [ -66.172713, -17.438376 ], [ -66.168111, -17.440105 ], [ -66.164153, -17.436954 ], [ -66.164797, -17.432073 ], [ -66.169399, -17.430344 ] ] ] } },
{ "type": "Feature", "properties": { "h3_cell": "888b2c98b9fffff", "lat": -17.451287642526474, "lon": -66.175383038442504, "population": 1138, "query_count": 127, "expected_count": 580.96328451882846, "p_low": 0.40371351214342061, "pearson_residual": -0.50621336558474417, "gap_category": "esperado", "gtfs_covered": 1, "dist_stop_m": 367.49732038225102, "in_test": false, "model_id": "B1", "model_date": "2026-09-27", "edge_cell": false, "queries_per_1000": 111.59929701230229 }, "geometry": { "type": "Polygon", "coordinates": [ [ [ -66.176027, -17.446407 ], [ -66.179986, -17.449559 ], [ -66.179342, -17.454439 ], [ -66.174739, -17.456168 ], [ -66.17078, -17.453017 ], [ -66.171425, -17.448136 ], [ -66.176027, -17.446407 ] ] ] } },
{ "type": "Feature", "properties": { "h3_cell": "888b2c98bbfffff", "lat": -17.444677975225904, "lon": -66.180630120705558, "population": 540, "query_count": 33, "expected_count": 109.91347342398022, "p_low": 0.45922799060323599, "pearson_residual": -0.45262842516579427, "gap_category": "esperado", "gtfs_covered": 1, "dist_stop_m": 357.62334554319165, "in_test": false, "model_id": "B1", "model_date": "2026-09-27", "edge_cell": false, "queries_per_1000": 61.111111111111107 }, "geometry": { "type": "Polygon", "coordinates": [ [ [ -66.181274, -17.439797 ], [ -66.185233, -17.442948 ], [ -66.184589, -17.447829 ], [ -66.179986, -17.449559 ], [ -66.176027, -17.446407 ], [ -66.176671, -17.441527 ], [ -66.181274, -17.439797 ] ] ] } },
{ "type": "Feature", "properties": { "h3_cell": "888b2c98bdfffff", "lat": -17.449865253569865, "lon": -66.166822002243734, "population": 1833, "query_count": 878, "expected_count": 1597.9073709105244, "p_low": 0.57065520805626502, "pearson_residual": -0.29193518522481637, "gap_category": "esperado", "gtfs_covered": 1, "dist_stop_m": 128.03485046101332, "in_test": false, "model_id": "B1", "model_date": "2026-09-27", "edge_cell": false, "queries_per_1000": 478.9961811238407 }, "geometry": { "type": "Polygon", "coordinates": [ [ [ -66.167466, -17.444985 ], [ -66.171425, -17.448136 ], [ -66.17078, -17.453017 ], [ -66.166178, -17.454745 ], [ -66.16222, -17.451594 ], [ -66.162864, -17.446714 ], [ -66.167466, -17.444985 ] ] ] } },
{ "type": "Feature", "properties": { "h3_cell": "888b2c98c1fffff", "lat": -17.488597918277993, "lon": -66.174832094805197, "population": 2015, "query_count": 559, "expected_count": 197.91948068979082, "p_low": 0.90139484498848588, "pearson_residual": 1.1810647338392328, "gap_category": "esperado", "gtfs_covered": 1, "dist_stop_m": 137.63550911221103, "in_test": false, "model_id": "B1", "model_date": "2026-09-27", "edge_cell": false, "queries_per_1000": 277.41935483870964 }, "geometry": { "type": "Polygon", "coordinates": [ [ [ -66.175476, -17.483718 ], [ -66.179436, -17.48687 ], [ -66.178791, -17.491749 ], [ -66.174188, -17.493477 ], [ -66.170229, -17.490326 ], [ -66.170873, -17.485446 ], [ -66.175476, -17.483718 ] ] ] } },
{ "type": "Feature", "properties": { "h3_cell": "888b2c98c3fffff", "lat": -17.481990384350219, "lon": -66.18007980902523, "population": 1255, "query_count": 98, "expected_count": 137.20012146978439, "p_low": 0.62622131377781554, "pearson_residual": -0.1848790508626571, "gap_category": "esperado", "gtfs_covered": 0, "dist_stop_m": 629.54017647859848, "in_test": false, "model_id": "B1", "model_date": "2026-09-27", "edge_cell": false, "queries_per_1000": 78.08764940239044 }, "geometry": { "type": "Polygon", "coordinates": [ [ [ -66.180724, -17.477111 ], [ -66.184683, -17.480262 ], [ -66.184039, -17.485142 ], [ -66.179436, -17.48687 ], [ -66.175476, -17.483718 ], [ -66.176121, -17.478839 ], [ -66.180724, -17.477111 ] ] ] } },
{ "type": "Feature", "properties": { "h3_cell": "888b2c98c5fffff", "lat": -17.487174060341271, "lon": -66.166270049929906, "population": 1846, "query_count": 133, "expected_count": 166.44846904278953, "p_low": 0.64977136958845971, "pearson_residual": -0.1300671740763166, "gap_category": "esperado", "gtfs_covered": 0, "dist_stop_m": 522.65819366215464, "in_test": false, "model_id": "B1", "model_date": "2026-09-27", "edge_cell": false, "queries_per_1000": 72.04767063921993 }, "geometry": { "type": "Polygon", "coordinates": [ [ [ -66.166914, -17.482295 ], [ -66.170873, -17.485446 ], [ -66.170229, -17.490326 ], [ -66.165626, -17.492053 ], [ -66.161667, -17.488902 ], [ -66.162312, -17.484022 ], [ -66.166914, -17.482295 ] ] ] } },
{ "type": "Feature", "properties": { "h3_cell": "888b2c98c7fffff", "lat": -17.480566968412443, "lon": -66.17151745470494, "population": 1879, "query_count": 835, "expected_count": 312.50372166074845, "p_low": 0.89258677737163539, "pearson_residual": 1.0828164802979057, "gap_category": "esperado", "gtfs_covered": 1, "dist_stop_m": 116.12141510332866, "in_test": false, "model_id": "B1", "model_date": "2026-09-27", "edge_cell": false, "queries_per_1000": 444.38531133581694 }, "geometry": { "type": "Polygon", "coordinates": [ [ [ -66.172162, -17.475687 ], [ -66.176121, -17.478839 ], [ -66.175476, -17.483718 ], [ -66.170873, -17.485446 ], [ -66.166914, -17.482295 ], [ -66.167559, -17.477415 ], [ -66.172162, -17.475687 ] ] ] } },
{ "type": "Feature", "properties": { "h3_cell": "888b2c98c9fffff", "lat": -17.496628812265278, "lon": -66.178147027314623, "population": 1606, "query_count": 89, "expected_count": 174.38093801839844, "p_low": 0.55697970696507426, "pearson_residual": -0.31692612461341707, "gap_category": "esperado", "gtfs_covered": 1, "dist_stop_m": 120.18546553012349, "in_test": false, "model_id": "B1", "model_date": "2026-09-27", "edge_cell": false, "queries_per_1000": 55.417185554171851 }, "geometry": { "type": "Polygon", "coordinates": [ [ [ -66.178791, -17.491749 ], [ -66.182751, -17.494901 ], [ -66.182107, -17.49978 ], [ -66.177503, -17.501508 ], [ -66.173543, -17.498356 ], [ -66.174188, -17.493477 ], [ -66.178791, -17.491749 ] ] ] } },
{ "type": "Feature", "properties": { "h3_cell": "888b2c98cbfffff", "lat": -17.490021528820186, "lon": -66.183394991673666, "population": 1235, "query_count": 131, "expected_count": 134.09742120343839, "p_low": 0.69303357129196264, "pearson_residual": -0.014945804404174425, "gap_category": "esperado", "gtfs_covered": 1, "dist_stop_m": 237.22684276897149, "in_test": false, "model_id": "B1", "model_date": "2026-09-27", "edge_cell": false, "queries_per_1000": 106.07287449392712 }, "geometry": { "type": "Polygon", "coordinates": [ [ [ -66.184039, -17.485142 ], [ -66.187999, -17.488293 ], [ -66.187355, -17.493173 ], [ -66.182751, -17.494901 ], [ -66.178791, -17.491749 ], [ -66.179436, -17.48687 ], [ -66.184039, -17.485142 ] ] ] } },
{ "type": "Feature", "properties": { "h3_cell": "888b2c98cdfffff", "lat": -17.49520475971892, "lon": -66.169584439829549, "population": 1118, "query_count": 56, "expected_count": 101.46752101979929, "p_low": 0.57356230781967477, "pearson_residual": -0.28979825519429891, "gap_category": "esperado", "gtfs_covered": 1, "dist_stop_m": 241.73946942694801, "in_test": false, "model_id": "B1", "model_date": "2026-09-27", "edge_cell": false, "queries_per_1000": 50.089445438282652 }, "geometry": { "type": "Polygon", "coordinates": [ [ [ -66.170229, -17.490326 ], [ -66.174188, -17.493477 ], [ -66.173543, -17.498356 ], [ -66.16894, -17.500084 ], [ -66.164981, -17.496932 ], [ -66.165626, -17.492053 ], [ -66.170229, -17.490326 ] ] ] } },
{ "type": "Feature", "properties": { "h3_cell": "888b2c98d1fffff", "lat": -17.476804884828017, "lon": -66.19389109762605, "population": 676, "query_count": 8, "expected_count": 73.902216823565141, "p_low": 0.31434641480329883, "pearson_residual": -0.57627593714932102, "gap_category": "esperado", "gtfs_covered": 0, "dist_stop_m": 896.36336596107833, "in_test": false, "model_id": "B1", "model_date": "2026-09-27", "edge_cell": false, "queries_per_1000": 11.834319526627219 }, "geometry": { "type": "Polygon", "coordinates": [ [ [ -66.194535, -17.471925 ], [ -66.198495, -17.475076 ], [ -66.197851, -17.479956 ], [ -66.193247, -17.481685 ], [ -66.189287, -17.478534 ], [ -66.189931, -17.473653 ], [ -66.194535, -17.471925 ] ] ] } },
{ "type": "Feature", "properties": { "h3_cell": "888b2c98d3fffff", "lat": -17.470195524756313, "lon": -66.199139239045252, "population": 1697, "query_count": 23, "expected_count": 143.00653406361101, "p_low": 0.3608186363427362, "pearson_residual": -0.54303860658190117, "gap_category": "esperado", "gtfs_covered": 1, "dist_stop_m": 490.53130507697819, "in_test": false, "model_id": "B1", "model_date": "2026-09-27", "edge_cell": false, "queries_per_1000": 13.553329404832056 }, "geometry": { "type": "Polygon", "coordinates": [ [ [ -66.199783, -17.465315 ], [ -66.203743, -17.468466 ], [ -66.203099, -17.473347 ], [ -66.198495, -17.475076 ], [ -66.194535, -17.471925 ], [ -66.195179, -17.467044 ], [ -66.199783, -17.465315 ] ] ] } },
{ "type": "Feature", "properties": { "h3_cell": "888b2c98d5fffff", "lat": -17.475382158173129, "lon": -66.185327582402536, "population": 1235, "query_count": 260, "expected_count": 135.01366535074399, "p_low": 0.8343094682647344, "pearson_residual": 0.59900280888807822, "gap_category": "esperado", "gtfs_covered": 1, "dist_stop_m": 8.8640924412760498, "in_test": false, "model_id": "B1", "model_date": "2026-09-27", "edge_cell": false, "queries_per_1000": 210.52631578947367 }, "geometry": { "type": "Polygon", "coordinates": [ [ [ -66.185972, -17.470502 ], [ -66.189931, -17.473653 ], [ -66.189287, -17.478534 ], [ -66.184683, -17.480262 ], [ -66.180724, -17.477111 ], [ -66.181368, -17.472231 ], [ -66.185972, -17.470502 ] ] ] } },
{ "type": "Feature", "properties": { "h3_cell": "888b2c98d7fffff", "lat": -17.468773239984408, "lon": -66.190575414850116, "population": 501, "query_count": 4, "expected_count": 44.412065354000838, "p_low": 0.30105691195941525, "pearson_residual": -0.58692787172038974, "gap_category": "esperado", "gtfs_covered": 0, "dist_stop_m": 816.62363772980711, "in_test": false, "model_id": "B1", "model_date": "2026-09-27", "edge_cell": false, "queries_per_1000": 7.9840319361277441 }, "geometry": { "type": "Polygon", "coordinates": [ [ [ -66.19122, -17.463893 ], [ -66.195179, -17.467044 ], [ -66.194535, -17.471925 ], [ -66.189931, -17.473653 ], [ -66.185972, -17.470502 ], [ -66.186616, -17.465622 ], [ -66.19122, -17.463893 ] ] ] } },
{ "type": "Feature", "properties": { "h3_cell": "888b2c98d9fffff", "lat": -17.484836473973132, "lon": -66.197207072793276, "population": 410, "query_count": 6, "expected_count": 36.157064692629547, "p_low": 0.37686716607786158, "pearson_residual": -0.53741108180851471, "gap_category": "esperado", "gtfs_covered": 0, "dist_stop_m": 1429.2912868016067, "in_test": false, "model_id": "B1", "model_date": "2026-09-27", "edge_cell": false, "queries_per_1000": 14.634146341463415 }, "geometry": { "type": "Polygon", "coordinates": [ [ [ -66.197851, -17.479956 ], [ -66.201811, -17.483108 ], [ -66.201167, -17.487988 ], [ -66.196563, -17.489717 ], [ -66.192603, -17.486565 ], [ -66.193247, -17.481685 ], [ -66.197851, -17.479956 ] ] ] } },
{ "type": "Feature", "properties": { "h3_cell": "888b2c98dbfffff", "lat": -17.478227363984352, "lon": -66.202455464189413, "population": 721, "query_count": 1, "expected_count": 63.891979301423028, "p_low": 0.17129632443160828, "pearson_residual": -0.63583536795518003, "gap_category": "esperado", "gtfs_covered": 0, "dist_stop_m": 514.78617895248055, "in_test": false, "model_id": "B1", "model_date": "2026-09-27", "edge_cell": false, "queries_per_1000": 1.3869625520110958 }, "geometry": { "type": "Polygon", "coordinates": [ [ [ -66.203099, -17.473347 ], [ -66.20706, -17.476498 ], [ -66.206416, -17.481379 ], [ -66.201811, -17.483108 ], [ -66.197851, -17.479956 ], [ -66.198495, -17.475076 ], [ -66.203099, -17.473347 ] ] ] } },
{ "type": "Feature", "properties": { "h3_cell": "888b2c98ddfffff", "lat": -17.48341355292856, "lon": -66.188643015139832, "population": 852, "query_count": 27, "expected_count": 93.143030671120556, "p_low": 0.45383502787947239, "pearson_residual": -0.4591718790643014, "gap_category": "esperado", "gtfs_covered": 0, "dist_stop_m": 749.04715845988824, "in_test": false, "model_id": "B1", "model_date": "2026-09-27", "edge_cell": false, "queries_per_1000": 31.69014084507042 }, "geometry": { "type": "Polygon", "coordinates": [ [ [ -66.189287, -17.478534 ], [ -66.193247, -17.481685 ], [ -66.192603, -17.486565 ], [ -66.187999, -17.488293 ], [ -66.184039, -17.485142 ], [ -66.184683, -17.480262 ], [ -66.189287, -17.478534 ] ] ] } },
{ "type": "Feature", "properties": { "h3_cell": "888b2c98e1fffff", "lat": -17.477719395155926, "lon": -66.154395302468387, "population": 1424, "query_count": 225, "expected_count": 142.97188755020079, "p_low": 0.7941064707642379, "pearson_residual": 0.37127320540644881, "gap_category": "esperado", "gtfs_covered": 1, "dist_stop_m": 236.39372991205181, "in_test": false, "model_id": "B1", "model_date": "2026-09-27", "edge_cell": false, "queries_per_1000": 158.00561797752809 }, "geometry": { "type": "Polygon", "coordinates": [ [ [ -66.15504, -17.47284 ], [ -66.158998, -17.475992 ], [ -66.158353, -17.480871 ], [ -66.153751, -17.482598 ], [ -66.149793, -17.479447 ], [ -66.150438, -17.474568 ], [ -66.15504, -17.47284 ] ] ] } },
{ "type": "Feature", "properties": { "h3_cell": "888b2c98e3fffff", "lat": -17.471112494959957, "lon": -66.159642147326196, "population": 2113, "query_count": 483, "expected_count": 222.25649768399384, "p_low": 0.85692899489562369, "pearson_residual": 0.75956959118860612, "gap_category": "esperado", "gtfs_covered": 1, "dist_stop_m": 176.17206753262471, "in_test": false, "model_id": "B1", "model_date": "2026-09-27", "edge_cell": false, "queries_per_1000": 228.58495030761949 }, "geometry": { "type": "Polygon", "coordinates": [ [ [ -66.160287, -17.466233 ], [ -66.164245, -17.469385 ], [ -66.1636, -17.474264 ], [ -66.158998, -17.475992 ], [ -66.15504, -17.47284 ], [ -66.155684, -17.467961 ], [ -66.160287, -17.466233 ] ] ] } },
{ "type": "Feature", "properties": { "h3_cell": "888b2c98e5fffff", "lat": -17.476295238185852, "lon": -66.145835505062081, "population": 2151, "query_count": 196, "expected_count": 215.96385542168676, "p_low": 0.67686343788648584, "pearson_residual": -0.059849420878992504, "gap_category": "esperado", "gtfs_covered": 1, "dist_stop_m": 285.89143971324279, "in_test": false, "model_id": "B1", "model_date": "2026-09-27", "edge_cell": false, "queries_per_1000": 91.120409112040917 }, "geometry": { "type": "Polygon", "coordinates": [ [ [ -66.14648, -17.471416 ], [ -66.150438, -17.474568 ], [ -66.149793, -17.479447 ], [ -66.145191, -17.481174 ], [ -66.141234, -17.478022 ], [ -66.141878, -17.473144 ], [ -66.14648, -17.471416 ] ] ] } },
{ "type": "Feature", "properties": { "h3_cell": "888b2c98e7fffff", "lat": -17.469688780053648, "lon": -66.151082040016149, "population": 3739, "query_count": 333, "expected_count": 393.28776376737005, "p_low": 0.66167948493766382, "pearson_residual": -0.099289988980440211, "gap_category": "esperado", "gtfs_covered": 1, "dist_stop_m": 88.209676799491149, "in_test": false, "model_id": "B1", "model_date": "2026-09-27", "edge_cell": false, "queries_per_1000": 89.06124632254614 }, "geometry": { "type": "Polygon", "coordinates": [ [ [ -66.151727, -17.46481 ], [ -66.155684, -17.467961 ], [ -66.15504, -17.47284 ], [ -66.150438, -17.474568 ], [ -66.14648, -17.471416 ], [ -66.147125, -17.466537 ], [ -66.151727, -17.46481 ] ] ] } },
{ "type": "Feature", "properties": { "h3_cell": "888b2c98e9fffff", "lat": -17.485749955184414, "lon": -66.15770885730295, "population": 1761, "query_count": 125, "expected_count": 158.78426543031006, "p_low": 0.64664198012346252, "pearson_residual": -0.13770569539299246, "gap_category": "esperado", "gtfs_covered": 1, "dist_stop_m": 149.31032200110343, "in_test": false, "model_id": "B1", "model_date": "2026-09-27", "edge_cell": false, "queries_per_1000": 70.982396365701305 }, "geometry": { "type": "Polygon", "coordinates": [ [ [ -66.158353, -17.480871 ], [ -66.162312, -17.484022 ], [ -66.161667, -17.488902 ], [ -66.157064, -17.490629 ], [ -66.153106, -17.487477 ], [ -66.153751, -17.482598 ], [ -66.158353, -17.480871 ] ] ] } },
{ "type": "Feature", "properties": { "h3_cell": "888b2c98ebfffff", "lat": -17.479143305289575, "lon": -66.162955952434288, "population": 1899, "query_count": 232, "expected_count": 190.66265060240963, "p_low": 0.73999449342030044, "pearson_residual": 0.14035170254739698, "gap_category": "esperado", "gtfs_covered": 1, "dist_stop_m": 73.569447749576725, "in_test": false, "model_id": "B1", "model_date": "2026-09-27", "edge_cell": false, "queries_per_1000": 122.16956292785677 }, "geometry": { "type": "Polygon", "coordinates": [ [ [ -66.1636, -17.474264 ], [ -66.167559, -17.477415 ], [ -66.166914, -17.482295 ], [ -66.162312, -17.484022 ], [ -66.158353, -17.480871 ], [ -66.158998, -17.475992 ], [ -66.1636, -17.474264 ] ] ] } },
{ "type": "Feature", "properties": { "h3_cell": "888b2c98edfffff", "lat": -17.484325602981805, "lon": -66.149148517179341, "population": 877, "query_count": 44, "expected_count": 79.076547860523519, "p_low": 0.57580475095185912, "pearson_residual": -0.28670639444762785, "gap_category": "esperado", "gtfs_covered": 1, "dist_stop_m": 168.782612235096, "in_test": false, "model_id": "B1", "model_date": "2026-09-27", "edge_cell": false, "queries_per_1000": 50.171037628278221 }, "geometry": { "type": "Polygon", "coordinates": [ [ [ -66.149793, -17.479447 ], [ -66.153751, -17.482598 ], [ -66.153106, -17.487477 ], [ -66.148504, -17.489204 ], [ -66.144546, -17.486053 ], [ -66.145191, -17.481174 ], [ -66.149793, -17.479447 ] ] ] } },
{ "type": "Feature", "properties": { "h3_cell": "888b2c9901fffff", "lat": -17.502181599463036, "lon": -66.076825310621885, "population": 68, "query_count": 1, "expected_count": 4.13696117395292, "p_low": 0.50747012400194813, "pearson_residual": -0.46821983976416587, "gap_category": "esperado", "gtfs_covered": 0, "dist_stop_m": 1324.7563655600409, "in_test": false, "model_id": "B1", "model_date": "2026-09-27", "edge_cell": false, "queries_per_1000": 14.705882352941176 }, "geometry": { "type": "Polygon", "coordinates": [ [ [ -66.077471, -17.497305 ], [ -66.081425, -17.500457 ], [ -66.08078, -17.505334 ], [ -66.07618, -17.507058 ], [ -66.072226, -17.503906 ], [ -66.072871, -17.49903 ], [ -66.077471, -17.497305 ] ] ] } },
{ "type": "Feature", "properties": { "h3_cell": "888b2c9903fffff", "lat": -17.495580817587449, "lon": -66.082069990261971, "population": 93, "query_count": 0, "expected_count": 7.6048242237618684, "p_low": 0.28967574789552641, "pearson_residual": -0.63087836748466586, "gap_category": "esperado", "gtfs_covered": 0, "dist_stop_m": 1054.6551578066499, "in_test": false, "model_id": "B1", "model_date": "2026-09-27", "edge_cell": false, "queries_per_1000": 0.0 }, "geometry": { "type": "Polygon", "coordinates": [ [ [ -66.082715, -17.490704 ], [ -66.08667, -17.493856 ], [ -66.086024, -17.498733 ], [ -66.081425, -17.500457 ], [ -66.077471, -17.497305 ], [ -66.078116, -17.492429 ], [ -66.082715, -17.490704 ] ] ] } },
{ "type": "Feature", "properties": { "h3_cell": "888b2c9909fffff", "lat": -17.510209730343863, "lon": -66.080134354356304, "population": 63, "query_count": 0, "expected_count": 3.368983957219251, "p_low": 0.39700129011452612, "pearson_residual": -0.61109292892673672, "gap_category": "esperado", "gtfs_covered": 0, "dist_stop_m": 955.16457360213428, "in_test": false, "model_id": "B1", "model_date": "2026-09-27", "edge_cell": false, "queries_per_1000": 0.0 }, "geometry": { "type": "Polygon", "coordinates": [ [ [ -66.08078, -17.505334 ], [ -66.084734, -17.508486 ], [ -66.084089, -17.513362 ], [ -66.079489, -17.515086 ], [ -66.075535, -17.511934 ], [ -66.07618, -17.507058 ], [ -66.08078, -17.505334 ] ] ] } },
{ "type": "Feature", "properties": { "h3_cell": "888b2c990bfffff", "lat": -17.503609199784872, "lon": -66.085379284887281, "population": 102, "query_count": 14, "expected_count": 8.5384372699547786, "p_low": 0.80734411836967701, "pearson_residual": 0.40469736624723107, "gap_category": "esperado", "gtfs_covered": 1, "dist_stop_m": 404.95129519145735, "in_test": false, "model_id": "B1", "model_date": "2026-09-27", "edge_cell": false, "queries_per_1000": 137.25490196078434 }, "geometry": { "type": "Polygon", "coordinates": [ [ [ -66.086024, -17.498733 ], [ -66.089979, -17.501885 ], [ -66.089334, -17.506761 ], [ -66.084734, -17.508486 ], [ -66.08078, -17.505334 ], [ -66.081425, -17.500457 ], [ -66.086024, -17.498733 ] ] ] } },
{ "type": "Feature", "properties": { "h3_cell": "888b2c990dfffff", "lat": -17.508781687546737, "lon": -66.071580691806446, "population": 55, "query_count": 0, "expected_count": 3.4730848861283645, "p_low": 0.39250769740250163, "pearson_residual": -0.61211061979358039, "gap_category": "esperado", "gtfs_covered": 0, "dist_stop_m": 1835.2832626983381, "in_test": false, "model_id": "B1", "model_date": "2026-09-27", "edge_cell": false, "queries_per_1000": 0.0 }, "geometry": { "type": "Polygon", "coordinates": [ [ [ -66.072226, -17.503906 ], [ -66.07618, -17.507058 ], [ -66.075535, -17.511934 ], [ -66.070935, -17.513658 ], [ -66.066982, -17.510505 ], [ -66.067627, -17.50563 ], [ -66.072226, -17.503906 ] ] ] } },
{ "type": "Feature", "properties": { "h3_cell": "888b2c9911fffff", "lat": -17.490406057645433, "lon": -66.095869327926138, "population": 320, "query_count": 91, "expected_count": 27.716822217163667, "p_low": 0.92339914216285146, "pearson_residual": 1.4685800273424396, "gap_category": "esperado", "gtfs_covered": 1, "dist_stop_m": 37.40935954404975, "in_test": false, "model_id": "B1", "model_date": "2026-09-27", "edge_cell": false, "queries_per_1000": 284.375 }, "geometry": { "type": "Polygon", "coordinates": [ [ [ -66.096514, -17.485529 ], [ -66.100469, -17.488681 ], [ -66.099824, -17.493558 ], [ -66.095224, -17.495283 ], [ -66.091269, -17.492131 ], [ -66.091914, -17.487254 ], [ -66.096514, -17.485529 ] ] ] } },
{ "type": "Feature", "properties": { "h3_cell": "888b2c9913fffff", "lat": -17.483803446537525, "lon": -66.101114440260304, "population": 2259, "query_count": 185, "expected_count": 230.57840236686388, "p_low": 0.65040491762177977, "pearson_residual": -0.12798639190358668, "gap_category": "esperado", "gtfs_covered": 1, "dist_stop_m": 48.06206394302987, "in_test": false, "model_id": "B1", "model_date": "2026-09-27", "edge_cell": false, "queries_per_1000": 81.894643647631696 }, "geometry": { "type": "Polygon", "coordinates": [ [ [ -66.101759, -17.478926 ], [ -66.105715, -17.482078 ], [ -66.10507, -17.486955 ], [ -66.100469, -17.488681 ], [ -66.096514, -17.485529 ], [ -66.097159, -17.480652 ], [ -66.101759, -17.478926 ] ] ] } },
{ "type": "Feature", "properties": { "h3_cell": "888b2c9915fffff", "lat": -17.488979342156068, "lon": -66.087314730639847, "population": 203, "query_count": 5, "expected_count": 16.69051987767584, "p_low": 0.4770612004518992, "pearson_residual": -0.44831774460016949, "gap_category": "esperado", "gtfs_covered": 0, "dist_stop_m": 738.6381669040702, "in_test": false, "model_id": "B1", "model_date": "2026-09-27", "edge_cell": false, "queries_per_1000": 24.630541871921185 }, "geometry": { "type": "Polygon", "coordinates": [ [ [ -66.08796, -17.484102 ], [ -66.091914, -17.487254 ], [ -66.091269, -17.492131 ], [ -66.08667, -17.493856 ], [ -66.082715, -17.490704 ], [ -66.08336, -17.485828 ], [ -66.08796, -17.484102 ] ] ] } },
{ "type": "Feature", "properties": { "h3_cell": "888b2c9917fffff", "lat": -17.482377173405155, "lon": -66.092559531668684, "population": 1026, "query_count": 27, "expected_count": 85.961130742049477, "p_low": 0.46796637220701154, "pearson_residual": -0.4434287211026669, "gap_category": "esperado", "gtfs_covered": 0, "dist_stop_m": 757.54659327822219, "in_test": false, "model_id": "B1", "model_date": "2026-09-27", "edge_cell": false, "queries_per_1000": 26.315789473684209 }, "geometry": { "type": "Polygon", "coordinates": [ [ [ -66.093205, -17.4775 ], [ -66.097159, -17.480652 ], [ -66.096514, -17.485529 ], [ -66.091914, -17.487254 ], [ -66.08796, -17.484102 ], [ -66.088605, -17.479225 ], [ -66.093205, -17.4775 ] ] ] } },
{ "type": "Feature", "properties": { "h3_cell": "888b2c9919fffff", "lat": -17.498434887256234, "lon": -66.099179416573023, "population": 76, "query_count": 0, "expected_count": 5.3007846556233646, "p_low": 0.33391971828214573, "pearson_residual": -0.62382276647952672, "gap_category": "esperado", "gtfs_covered": 0, "dist_stop_m": 660.01717603259306, "in_test": false, "model_id": "B1", "model_date": "2026-09-27", "edge_cell": false, "queries_per_1000": 0.0 }, "geometry": { "type": "Polygon", "coordinates": [ [ [ -66.099824, -17.493558 ], [ -66.10378, -17.49671 ], [ -66.103135, -17.501587 ], [ -66.098534, -17.503312 ], [ -66.094579, -17.50016 ], [ -66.095224, -17.495283 ], [ -66.099824, -17.493558 ] ] ] } },
{ "type": "Feature", "properties": { "h3_cell": "888b2c991bfffff", "lat": -17.491832527066265, "lon": -66.104424779637228, "population": 82, "query_count": 26, "expected_count": 7.2029280195201295, "p_low": 0.93553728044689366, "pearson_residual": 1.6439688511986106, "gap_category": "esperado", "gtfs_covered": 0, "dist_stop_m": 817.14277001729818, "in_test": false, "model_id": "B1", "model_date": "2026-09-27", "edge_cell": false, "queries_per_1000": 317.07317073170731 }, "geometry": { "type": "Polygon", "coordinates": [ [ [ -66.10507, -17.486955 ], [ -66.109025, -17.490107 ], [ -66.10838, -17.494984 ], [ -66.10378, -17.49671 ], [ -66.099824, -17.493558 ], [ -66.100469, -17.488681 ], [ -66.10507, -17.486955 ] ] ] } },
{ "type": "Feature", "properties": { "h3_cell": "888b2c991dfffff", "lat": -17.497007975473331, "lon": -66.090624276106169, "population": 180, "query_count": 29, "expected_count": 15.454647887323944, "p_low": 0.83115777384205269, "pearson_residual": 0.56043769954242417, "gap_category": "esperado", "gtfs_covered": 1, "dist_stop_m": 170.23555907757532, "in_test": false, "model_id": "B1", "model_date": "2026-09-27", "edge_cell": false, "queries_per_1000": 161.11111111111111 }, "geometry": { "type": "Polygon", "coordinates": [ [ [ -66.091269, -17.492131 ], [ -66.095224, -17.495283 ], [ -66.094579, -17.50016 ], [ -66.089979, -17.501885 ], [ -66.086024, -17.498733 ], [ -66.08667, -17.493856 ], [ -66.091269, -17.492131 ] ] ] } },
{ "type": "Feature", "properties": { "h3_cell": "888b2c9933fffff", "lat": -17.472921912640402, "lon": -66.080696516842337, "population": 161, "query_count": 0, "expected_count": 7.358768406961179, "p_low": 0.29348935433765189, "pearson_residual": -0.63032708183475594, "gap_category": "esperado", "gtfs_covered": 0, "dist_stop_m": 1782.2639102002188, "in_test": false, "model_id": "B1", "model_date": "2026-09-27", "edge_cell": false, "queries_per_1000": 0.0 }, "geometry": { "type": "Polygon", "coordinates": [ [ [ -66.081342, -17.468045 ], [ -66.085296, -17.471197 ], [ -66.084651, -17.476074 ], [ -66.080051, -17.477799 ], [ -66.076097, -17.474647 ], [ -66.076743, -17.46977 ], [ -66.081342, -17.468045 ] ] ] } },
{ "type": "Feature", "properties": { "h3_cell": "888b2c9939fffff", "lat": -17.487552380772655, "lon": -66.078760988031732, "population": 12, "query_count": 0, "expected_count": 0.60811681339918411, "p_low": 0.68660733585480693, "pearson_residual": -0.49841749472199254, "gap_category": "esperado", "gtfs_covered": 0, "dist_stop_m": 1626.2353393509593, "in_test": false, "model_id": "B1", "model_date": "2026-09-27", "edge_cell": false, "queries_per_1000": 0.0 }, "geometry": { "type": "Polygon", "coordinates": [ [ [ -66.079406, -17.482676 ], [ -66.08336, -17.485828 ], [ -66.082715, -17.490704 ], [ -66.078116, -17.492429 ], [ -66.074162, -17.489277 ], [ -66.074807, -17.484401 ], [ -66.079406, -17.482676 ] ] ] } },
{ "type": "Feature", "properties": { "h3_cell": "888b2c993bfffff", "lat": -17.480950654413203, "lon": -66.084005477557469, "population": 140, "query_count": 7, "expected_count": 7.1345281796588207, "p_low": 0.70797907438748164, "pearson_residual": -0.01187533292934629, "gap_category": "esperado", "gtfs_covered": 0, "dist_stop_m": 1578.6701675211611, "in_test": false, "model_id": "B1", "model_date": "2026-09-27", "edge_cell": false, "queries_per_1000": 50.0 }, "geometry": { "type": "Polygon", "coordinates": [ [ [ -66.084651, -17.476074 ], [ -66.088605, -17.479225 ], [ -66.08796, -17.484102 ], [ -66.08336, -17.485828 ], [ -66.079406, -17.482676 ], [ -66.080051, -17.477799 ], [ -66.084651, -17.476074 ] ] ] } },
{ "type": "Feature", "properties": { "h3_cell": "888b2c993dfffff", "lat": -17.486125173669691, "lon": -66.070208100354961, "population": 31, "query_count": 0, "expected_count": 0.56895647614053491, "p_low": 0.69789765772351842, "pearson_residual": -0.49155490702860427, "gap_category": "esperado", "gtfs_covered": 0, "dist_stop_m": 2524.7895665099027, "in_test": false, "model_id": "B1", "model_date": "2026-09-27", "edge_cell": false, "queries_per_1000": 0.0 }, "geometry": { "type": "Polygon", "coordinates": [ [ [ -66.070853, -17.481249 ], [ -66.074807, -17.484401 ], [ -66.074162, -17.489277 ], [ -66.069563, -17.491002 ], [ -66.065609, -17.48785 ], [ -66.066255, -17.482973 ], [ -66.070853, -17.481249 ] ] ] } },
{ "type": "Feature", "properties": { "h3_cell": "888b2c9943fffff", "lat": -17.518237806020046, "lon": -66.083443690513604, "population": 58, "query_count": 13, "expected_count": 3.884403669724771, "p_low": 0.92619419948001325, "pearson_residual": 1.44472603451939, "gap_category": "esperado", "gtfs_covered": 1, "dist_stop_m": 332.17657470385979, "in_test": false, "model_id": "B1", "model_date": "2026-09-27", "edge_cell": false, "queries_per_1000": 224.13793103448276 }, "geometry": { "type": "Polygon", "coordinates": [ [ [ -66.084089, -17.513362 ], [ -66.088044, -17.516514 ], [ -66.087399, -17.52139 ], [ -66.082798, -17.523114 ], [ -66.078844, -17.519962 ], [ -66.079489, -17.515086 ], [ -66.084089, -17.513362 ] ] ] } },
{ "type": "Feature", "properties": { "h3_cell": "888b2c9949fffff", "lat": -17.532865159065089, "lon": -66.081507947506125, "population": 150, "query_count": 14, "expected_count": 8.1967213114754092, "p_low": 0.81535052784549411, "pearson_residual": 0.44750831242639649, "gap_category": "esperado", "gtfs_covered": 1, "dist_stop_m": 155.06858872914421, "in_test": false, "model_id": "B1", "model_date": "2026-09-27", "edge_cell": false, "queries_per_1000": 93.333333333333343 }, "geometry": { "type": "Polygon", "coordinates": [ [ [ -66.082153, -17.52799 ], [ -66.086108, -17.531142 ], [ -66.085463, -17.536017 ], [ -66.080863, -17.537741 ], [ -66.076908, -17.534588 ], [ -66.077553, -17.529713 ], [ -66.082153, -17.52799 ] ] ] } },
{ "type": "Feature", "properties": { "h3_cell": "888b2c994bfffff", "lat": -17.526265826096022, "lon": -66.086753319110471, "population": 229, "query_count": 114, "expected_count": 11.154727793696274, "p_low": 0.99735136309014283, "pearson_residual": 5.8656772312660683, "gap_category": "exceso", "gtfs_covered": 1, "dist_stop_m": 189.65624318605225, "in_test": false, "model_id": "B1", "model_date": "2026-09-27", "edge_cell": false, "queries_per_1000": 497.8165938864629 }, "geometry": { "type": "Polygon", "coordinates": [ [ [ -66.087399, -17.52139 ], [ -66.091354, -17.524542 ], [ -66.090708, -17.529418 ], [ -66.086108, -17.531142 ], [ -66.082153, -17.52799 ], [ -66.082798, -17.523114 ], [ -66.087399, -17.52139 ] ] ] } },
{ "type": "Feature", "properties": { "h3_cell": "888b2c994dfffff", "lat": -17.531436281330105, "lon": -66.072953509953692, "population": 25, "query_count": 1, "expected_count": 1.2976480129764802, "p_low": 0.7290858148640027, "pearson_residual": -0.12920444124634003, "gap_category": "esperado", "gtfs_covered": 0, "dist_stop_m": 646.24017775793595, "in_test": false, "model_id": "B1", "model_date": "2026-09-27", "edge_cell": false, "queries_per_1000": 40.0 }, "geometry": { "type": "Polygon", "coordinates": [ [ [ -66.073599, -17.526561 ], [ -66.077553, -17.529713 ], [ -66.076908, -17.534588 ], [ -66.072308, -17.536312 ], [ -66.068354, -17.533159 ], [ -66.068999, -17.528284 ], [ -66.073599, -17.526561 ] ] ] } },
{ "type": "Feature", "properties": { "h3_cell": "888b2c9955fffff", "lat": -17.511637526969313, "lon": -66.088688871924333, "population": 372, "query_count": 75, "expected_count": 19.949526813880126, "p_low": 0.94052338632283305, "pearson_residual": 1.7697947448969331, "gap_category": "esperado", "gtfs_covered": 1, "dist_stop_m": 88.753975352017505, "in_test": false, "model_id": "B1", "model_date": "2026-09-27", "edge_cell": false, "queries_per_1000": 201.61290322580643 }, "geometry": { "type": "Polygon", "coordinates": [ [ [ -66.089334, -17.506761 ], [ -66.093289, -17.509913 ], [ -66.092644, -17.51479 ], [ -66.088044, -17.516514 ], [ -66.084089, -17.513362 ], [ -66.084734, -17.508486 ], [ -66.089334, -17.506761 ] ] ] } },
{ "type": "Feature", "properties": { "h3_cell": "888b2c9957fffff", "lat": -17.50503655396934, "lon": -66.093934113973091, "population": 13, "query_count": 2, "expected_count": 0.87208898157803272, "p_low": 0.88532505921105276, "pearson_residual": 0.68860269363357662, "gap_category": "esperado", "gtfs_covered": 1, "dist_stop_m": 418.21274876708054, "in_test": false, "model_id": "B1", "model_date": "2026-09-27", "edge_cell": false, "queries_per_1000": 153.84615384615387 }, "geometry": { "type": "Polygon", "coordinates": [ [ [ -66.094579, -17.50016 ], [ -66.098534, -17.503312 ], [ -66.097889, -17.508188 ], [ -66.093289, -17.509913 ], [ -66.089334, -17.506761 ], [ -66.089979, -17.501885 ], [ -66.094579, -17.50016 ] ] ] } },
{ "type": "Feature", "properties": { "h3_cell": "888b2c9959fffff", "lat": -17.521093544914983, "lon": -66.100554666975356, "population": 67, "query_count": 4, "expected_count": 3.6712328767123283, "p_low": 0.73965406308074688, "pearson_residual": 0.054976164093406832, "gap_category": "esperado", "gtfs_covered": 0, "dist_stop_m": 1504.6252180551314, "in_test": false, "model_id": "B1", "model_date": "2026-09-27", "edge_cell": false, "queries_per_1000": 59.701492537313435 }, "geometry": { "type": "Polygon", "coordinates": [ [ [ -66.1012, -17.516217 ], [ -66.105155, -17.519369 ], [ -66.10451, -17.524246 ], [ -66.09991, -17.52597 ], [ -66.095954, -17.522818 ], [ -66.096599, -17.517942 ], [ -66.1012, -17.516217 ] ] ] } },
{ "type": "Feature", "properties": { "h3_cell": "888b2c995dfffff", "lat": -17.51966579874518, "lon": -66.091998751389809, "population": 178, "query_count": 4, "expected_count": 9.185053380782918, "p_low": 0.55243636593878021, "pearson_residual": -0.35775132839668888, "gap_category": "esperado", "gtfs_covered": 0, "dist_stop_m": 590.89218748345695, "in_test": false, "model_id": "B1", "model_date": "2026-09-27", "edge_cell": false, "queries_per_1000": 22.471910112359549 }, "geometry": { "type": "Polygon", "coordinates": [ [ [ -66.092644, -17.51479 ], [ -66.096599, -17.517942 ], [ -66.095954, -17.522818 ], [ -66.091354, -17.524542 ], [ -66.087399, -17.52139 ], [ -66.088044, -17.516514 ], [ -66.092644, -17.51479 ] ] ] } },
{ "type": "Feature", "properties": { "h3_cell": "888b2c9981fffff", "lat": -17.45596156993696, "lon": -66.113539340556557, "population": 3095, "query_count": 870, "expected_count": 1043.4356796116506, "p_low": 0.65816147919549772, "pearson_residual": -0.1076970644769808, "gap_category": "esperado", "gtfs_covered": 1, "dist_stop_m": 65.075755766155993, "in_test": false, "model_id": "B1", "model_date": "2026-09-27", "edge_cell": false, "queries_per_1000": 281.09854604200325 }, "geometry": { "type": "Polygon", "coordinates": [ [ [ -66.114184, -17.451083 ], [ -66.11814, -17.454235 ], [ -66.117495, -17.459113 ], [ -66.112895, -17.46084 ], [ -66.108939, -17.457688 ], [ -66.109584, -17.45281 ], [ -66.114184, -17.451083 ] ] ] } },
{ "type": "Feature", "properties": { "h3_cell": "888b2c9983fffff", "lat": -17.449355938137849, "lon": -66.118784443537351, "population": 2243, "query_count": 1190, "expected_count": 1257.7758775877589, "p_low": 0.68537208725580745, "pearson_residual": -0.034915468981495335, "gap_category": "esperado", "gtfs_covered": 1, "dist_stop_m": 140.58726655391439, "in_test": false, "model_id": "B1", "model_date": "2026-09-27", "edge_cell": false, "queries_per_1000": 530.53945608559957 }, "geometry": { "type": "Polygon", "coordinates": [ [ [ -66.119429, -17.444477 ], [ -66.123385, -17.447629 ], [ -66.12274, -17.452507 ], [ -66.11814, -17.454235 ], [ -66.114184, -17.451083 ], [ -66.114829, -17.446204 ], [ -66.119429, -17.444477 ] ] ] } },
{ "type": "Feature", "properties": { "h3_cell": "888b2c9985fffff", "lat": -17.454536820114594, "lon": -66.104984041800307, "population": 1619, "query_count": 182, "expected_count": 69.484978540772531, "p_low": 0.88945473270514297, "pearson_residual": 1.0462356511031767, "gap_category": "esperado", "gtfs_covered": 1, "dist_stop_m": 237.11759548013404, "in_test": false, "model_id": "B1", "model_date": "2026-09-27", "edge_cell": false, "queries_per_1000": 112.41507103150093 }, "geometry": { "type": "Polygon", "coordinates": [ [ [ -66.105629, -17.449659 ], [ -66.109584, -17.45281 ], [ -66.108939, -17.457688 ], [ -66.104339, -17.459415 ], [ -66.100384, -17.456263 ], [ -66.101029, -17.451385 ], [ -66.105629, -17.449659 ] ] ] } },
{ "type": "Feature", "properties": { "h3_cell": "888b2c9987fffff", "lat": -17.447931630508386, "lon": -66.110228833961799, "population": 2340, "query_count": 1533, "expected_count": 1872.867469879518, "p_low": 0.65414036421422372, "pearson_residual": -0.11759053064968689, "gap_category": "esperado", "gtfs_covered": 1, "dist_stop_m": 17.049468980281709, "in_test": false, "model_id": "B1", "model_date": "2026-09-27", "edge_cell": false, "queries_per_1000": 655.12820512820508 }, "geometry": { "type": "Polygon", "coordinates": [ [ [ -66.110874, -17.443053 ], [ -66.114829, -17.446204 ], [ -66.114184, -17.451083 ], [ -66.109584, -17.45281 ], [ -66.105629, -17.449659 ], [ -66.106274, -17.44478 ], [ -66.110874, -17.443053 ] ] ] } },
{ "type": "Feature", "properties": { "h3_cell": "888b2c9989fffff", "lat": -17.463991455899578, "lon": -66.11685013947934, "population": 2633, "query_count": 900, "expected_count": 124.20891304347826, "p_low": 0.98969655199491569, "pearson_residual": 4.0408944797713717, "gap_category": "exceso", "gtfs_covered": 1, "dist_stop_m": 96.492778564416824, "in_test": false, "model_id": "B1", "model_date": "2026-09-27", "edge_cell": false, "queries_per_1000": 341.81541967337637 }, "geometry": { "type": "Polygon", "coordinates": [ [ [ -66.117495, -17.459113 ], [ -66.121451, -17.462265 ], [ -66.120806, -17.467143 ], [ -66.116205, -17.46887 ], [ -66.11225, -17.465718 ], [ -66.112895, -17.46084 ], [ -66.117495, -17.459113 ] ] ] } },
{ "type": "Feature", "properties": { "h3_cell": "888b2c998bfffff", "lat": -17.457386074038261, "lon": -66.122095493001609, "population": 2834, "query_count": 688, "expected_count": 408.58799048751484, "p_low": 0.80765058880592477, "pearson_residual": 0.44295016496692646, "gap_category": "esperado", "gtfs_covered": 1, "dist_stop_m": 253.23039209612804, "in_test": false, "model_id": "B1", "model_date": "2026-09-27", "edge_cell": false, "queries_per_1000": 242.7664079040226 }, "geometry": { "type": "Polygon", "coordinates": [ [ [ -66.12274, -17.452507 ], [ -66.126696, -17.455659 ], [ -66.126052, -17.460538 ], [ -66.121451, -17.462265 ], [ -66.117495, -17.459113 ], [ -66.11814, -17.454235 ], [ -66.12274, -17.452507 ] ] ] } },
{ "type": "Feature", "properties": { "h3_cell": "888b2c998dfffff", "lat": -17.462566509600215, "lon": -66.108294297792426, "population": 1548, "query_count": 251, "expected_count": 98.93759421163702, "p_low": 0.88413025236204901, "pearson_residual": 0.99393770171128915, "gap_category": "esperado", "gtfs_covered": 1, "dist_stop_m": 107.28964866555727, "in_test": false, "model_id": "B1", "model_date": "2026-09-27", "edge_cell": false, "queries_per_1000": 162.14470284237726 }, "geometry": { "type": "Polygon", "coordinates": [ [ [ -66.108939, -17.457688 ], [ -66.112895, -17.46084 ], [ -66.11225, -17.465718 ], [ -66.107649, -17.467445 ], [ -66.103694, -17.464293 ], [ -66.104339, -17.459415 ], [ -66.108939, -17.457688 ] ] ] } },
{ "type": "Feature", "properties": { "h3_cell": "888b2c9991fffff", "lat": -17.444173234265261, "lon": -66.132586380198688, "population": 3523, "query_count": 2381, "expected_count": 1886.3818567345811, "p_low": 0.74745442856575328, "pearson_residual": 0.16990672899843198, "gap_category": "esperado", "gtfs_covered": 1, "dist_stop_m": 47.841328477741179, "in_test": false, "model_id": "B1", "model_date": "2026-09-27", "edge_cell": false, "queries_per_1000": 675.8444507521998 }, "geometry": { "type": "Polygon", "coordinates": [ [ [ -66.133231, -17.439294 ], [ -66.137187, -17.442445 ], [ -66.136543, -17.447325 ], [ -66.131942, -17.449052 ], [ -66.127986, -17.445901 ], [ -66.12863, -17.441022 ], [ -66.133231, -17.439294 ] ] ] } },
{ "type": "Feature", "properties": { "h3_cell": "888b2c9993fffff", "lat": -17.437565776828329, "lon": -66.137831913699699, "population": 3875, "query_count": 550, "expected_count": 1545.0433128238342, "p_low": 0.48658218087366278, "pearson_residual": -0.41731192521275468, "gap_category": "esperado", "gtfs_covered": 1, "dist_stop_m": 207.08041736056816, "in_test": false, "model_id": "B1", "model_date": "2026-09-27", "edge_cell": false, "queries_per_1000": 141.93548387096774 }, "geometry": { "type": "Polygon", "coordinates": [ [ [ -66.138476, -17.432686 ], [ -66.142433, -17.435837 ], [ -66.141789, -17.440717 ], [ -66.137187, -17.442445 ], [ -66.133231, -17.439294 ], [ -66.133876, -17.434414 ], [ -66.138476, -17.432686 ] ] ] } },
{ "type": "Feature", "properties": { "h3_cell": "888b2c9995fffff", "lat": -17.4427496144401, "lon": -66.124029606647937, "population": 3868, "query_count": 1890, "expected_count": 3683.7658767772514, "p_low": 0.55674268620215428, "pearson_residual": -0.31554948044652092, "gap_category": "esperado", "gtfs_covered": 1, "dist_stop_m": 117.01670608712108, "in_test": false, "model_id": "B1", "model_date": "2026-09-27", "edge_cell": false, "queries_per_1000": 488.6246122026887 }, "geometry": { "type": "Polygon", "coordinates": [ [ [ -66.124674, -17.437871 ], [ -66.12863, -17.441022 ], [ -66.127986, -17.445901 ], [ -66.123385, -17.447629 ], [ -66.119429, -17.444477 ], [ -66.120074, -17.439598 ], [ -66.124674, -17.437871 ] ] ] } },
{ "type": "Feature", "properties": { "h3_cell": "888b2c9997fffff", "lat": -17.436142599081109, "lon": -66.129274829801446, "population": 4655, "query_count": 2215, "expected_count": 4873.4908585480589, "p_low": 0.53274498942980042, "pearson_residual": -0.35350437307463795, "gap_category": "esperado", "gtfs_covered": 1, "dist_stop_m": 114.30987453139525, "in_test": false, "model_id": "B1", "model_date": "2026-09-27", "edge_cell": false, "queries_per_1000": 475.83243823845328 }, "geometry": { "type": "Polygon", "coordinates": [ [ [ -66.129919, -17.431263 ], [ -66.133876, -17.434414 ], [ -66.133231, -17.439294 ], [ -66.12863, -17.441022 ], [ -66.124674, -17.437871 ], [ -66.125319, -17.432991 ], [ -66.129919, -17.431263 ] ] ] } },
{ "type": "Feature", "properties": { "h3_cell": "888b2c9999fffff", "lat": -17.452203816163845, "lon": -66.135898222906803, "population": 1612, "query_count": 575, "expected_count": 728.90033626672391, "p_low": 0.64635664979009055, "pearson_residual": -0.13679329883927166, "gap_category": "esperado", "gtfs_covered": 0, "dist_stop_m": 533.32995249735563, "in_test": false, "model_id": "B1", "model_date": "2026-09-27", "edge_cell": false, "queries_per_1000": 356.69975186104222 }, "geometry": { "type": "Polygon", "coordinates": [ [ [ -66.136543, -17.447325 ], [ -66.140499, -17.450476 ], [ -66.139855, -17.455355 ], [ -66.135254, -17.457083 ], [ -66.131297, -17.453931 ], [ -66.131942, -17.449052 ], [ -66.136543, -17.447325 ] ] ] } },
{ "type": "Feature", "properties": { "h3_cell": "888b2c999bfffff", "lat": -17.445596608264921, "lon": -66.141144006788025, "population": 3108, "query_count": 3988, "expected_count": 1933.8263004091175, "p_low": 0.84713377055768768, "pearson_residual": 0.68832102406198314, "gap_category": "esperado", "gtfs_covered": 1, "dist_stop_m": 6.8933914158389946, "in_test": false, "model_id": "B1", "model_date": "2026-09-27", "edge_cell": false, "queries_per_1000": 1283.1402831402831 }, "geometry": { "type": "Polygon", "coordinates": [ [ [ -66.141789, -17.440717 ], [ -66.145745, -17.443868 ], [ -66.145101, -17.448748 ], [ -66.140499, -17.450476 ], [ -66.136543, -17.447325 ], [ -66.137187, -17.442445 ], [ -66.141789, -17.440717 ] ] ] } },
{ "type": "Feature", "properties": { "h3_cell": "888b2c999dfffff", "lat": -17.45078000008106, "lon": -66.127340906603692, "population": 2938, "query_count": 2479, "expected_count": 1366.6098982150759, "p_low": 0.82243818540298907, "pearson_residual": 0.52742937963747516, "gap_category": "esperado", "gtfs_covered": 1, "dist_stop_m": 78.066795715648979, "in_test": false, "model_id": "B1", "model_date": "2026-09-27", "edge_cell": false, "queries_per_1000": 843.77127297481275 }, "geometry": { "type": "Polygon", "coordinates": [ [ [ -66.127986, -17.445901 ], [ -66.131942, -17.449052 ], [ -66.131297, -17.453931 ], [ -66.126696, -17.455659 ], [ -66.12274, -17.452507 ], [ -66.123385, -17.447629 ], [ -66.127986, -17.445901 ] ] ] } },
{ "type": "Feature", "properties": { "h3_cell": "888b2c99a3fffff", "lat": -17.438477281752782, "lon": -66.098364406767274, "population": 26, "query_count": 9, "expected_count": 1.1255946717411989, "p_low": 0.9901840144220847, "pearson_residual": 3.8690033576824479, "gap_category": "exceso", "gtfs_covered": 0, "dist_stop_m": 672.92436402164549, "in_test": false, "model_id": "B1", "model_date": "2026-09-27", "edge_cell": false, "queries_per_1000": 346.15384615384613 }, "geometry": { "type": "Polygon", "coordinates": [ [ [ -66.099009, -17.433599 ], [ -66.102964, -17.43675 ], [ -66.102319, -17.441629 ], [ -66.097719, -17.443356 ], [ -66.093765, -17.440204 ], [ -66.09441, -17.435326 ], [ -66.099009, -17.433599 ] ] ] } },
{ "type": "Feature", "properties": { "h3_cell": "888b2c99a9fffff", "lat": -17.453111824745395, "lon": -66.096429596986525, "population": 319, "query_count": 1, "expected_count": 7.25, "p_low": 0.41243383644194176, "pearson_residual": -0.54316547457404385, "gap_category": "esperado", "gtfs_covered": 0, "dist_stop_m": 838.54111697422525, "in_test": false, "model_id": "B1", "model_date": "2026-09-27", "edge_cell": false, "queries_per_1000": 3.134796238244514 }, "geometry": { "type": "Polygon", "coordinates": [ [ [ -66.097075, -17.448234 ], [ -66.101029, -17.451385 ], [ -66.100384, -17.456263 ], [ -66.095785, -17.45799 ], [ -66.09183, -17.454838 ], [ -66.092475, -17.44996 ], [ -66.097075, -17.448234 ] ] ] } },
{ "type": "Feature", "properties": { "h3_cell": "888b2c99abfffff", "lat": -17.446507077366828, "lon": -66.101674078130799, "population": 1294, "query_count": 118, "expected_count": 53.768949771689499, "p_low": 0.8590073910065964, "pearson_residual": 0.77115630647039624, "gap_category": "esperado", "gtfs_covered": 1, "dist_stop_m": 106.21935686765059, "in_test": false, "model_id": "B1", "model_date": "2026-09-27", "edge_cell": false, "queries_per_1000": 91.190108191653778 }, "geometry": { "type": "Polygon", "coordinates": [ [ [ -66.102319, -17.441629 ], [ -66.106274, -17.44478 ], [ -66.105629, -17.449659 ], [ -66.101029, -17.451385 ], [ -66.097075, -17.448234 ], [ -66.097719, -17.443356 ], [ -66.102319, -17.441629 ] ] ] } },
{ "type": "Feature", "properties": { "h3_cell": "888b2c99b1fffff", "lat": -17.433295506911382, "lon": -66.112163221542644, "population": 1846, "query_count": 611, "expected_count": 1344.8285800665121, "p_low": 0.5328155173387622, "pearson_residual": -0.35357241541698636, "gap_category": "esperado", "gtfs_covered": 1, "dist_stop_m": 299.11855793472182, "in_test": false, "model_id": "B1", "model_date": "2026-09-27", "edge_cell": false, "queries_per_1000": 330.98591549295776 }, "geometry": { "type": "Polygon", "coordinates": [ [ [ -66.112808, -17.428417 ], [ -66.116763, -17.431568 ], [ -66.116118, -17.436447 ], [ -66.111518, -17.438174 ], [ -66.107563, -17.435023 ], [ -66.108208, -17.430144 ], [ -66.112808, -17.428417 ] ] ] } },
{ "type": "Feature", "properties": { "h3_cell": "888b2c99b3fffff", "lat": -17.426688684309035, "lon": -66.117407883636531, "population": 3686, "query_count": 1159, "expected_count": 2823.9135354397949, "p_low": 0.51311038641515905, "pearson_residual": -0.38205552432202455, "gap_category": "esperado", "gtfs_covered": 1, "dist_stop_m": 17.090797872553786, "in_test": false, "model_id": "B1", "model_date": "2026-09-27", "edge_cell": false, "queries_per_1000": 314.43298969072163 }, "geometry": { "type": "Polygon", "coordinates": [ [ [ -66.118053, -17.421809 ], [ -66.122008, -17.424961 ], [ -66.121363, -17.42984 ], [ -66.116763, -17.431568 ], [ -66.112808, -17.428417 ], [ -66.113453, -17.423537 ], [ -66.118053, -17.421809 ] ] ] } },
{ "type": "Feature", "properties": { "h3_cell": "888b2c99b5fffff", "lat": -17.431871592836977, "lon": -66.103608697689893, "population": 137, "query_count": 0, "expected_count": 20.374232020238527, "p_low": 0.19419757631177256, "pearson_residual": -0.64148690168195399, "gap_category": "esperado", "gtfs_covered": 0, "dist_stop_m": 848.06195049351606, "in_test": false, "model_id": "B1", "model_date": "2026-09-27", "edge_cell": false, "queries_per_1000": 0.0 }, "geometry": { "type": "Polygon", "coordinates": [ [ [ -66.104254, -17.426993 ], [ -66.108208, -17.430144 ], [ -66.107563, -17.435023 ], [ -66.102964, -17.43675 ], [ -66.099009, -17.433599 ], [ -66.099654, -17.42872 ], [ -66.104254, -17.426993 ] ] ] } },
{ "type": "Feature", "properties": { "h3_cell": "888b2c99b7fffff", "lat": -17.425265212377209, "lon": -66.108853048978972, "population": 403, "query_count": 97, "expected_count": 94.849480021893811, "p_low": 0.7032048939125789, "pearson_residual": 0.014661135975836801, "gap_category": "esperado", "gtfs_covered": 1, "dist_stop_m": 493.97904295960404, "in_test": false, "model_id": "B1", "model_date": "2026-09-27", "edge_cell": false, "queries_per_1000": 240.69478908188586 }, "geometry": { "type": "Polygon", "coordinates": [ [ [ -66.109498, -17.420386 ], [ -66.113453, -17.423537 ], [ -66.112808, -17.428417 ], [ -66.108208, -17.430144 ], [ -66.104254, -17.426993 ], [ -66.104898, -17.422114 ], [ -66.109498, -17.420386 ] ] ] } },
{ "type": "Feature", "properties": { "h3_cell": "888b2c99b9fffff", "lat": -17.441325748963575, "lon": -66.115473686389905, "population": 3296, "query_count": 3753, "expected_count": 3434.3571510494321, "p_low": 0.71646167023294949, "pearson_residual": 0.060124385916660597, "gap_category": "esperado", "gtfs_covered": 1, "dist_stop_m": 105.34493059190343, "in_test": false, "model_id": "B1", "model_date": "2026-09-27", "edge_cell": false, "queries_per_1000": 1138.6529126213591 }, "geometry": { "type": "Polygon", "coordinates": [ [ [ -66.116118, -17.436447 ], [ -66.120074, -17.439598 ], [ -66.119429, -17.444477 ], [ -66.114829, -17.446204 ], [ -66.110874, -17.443053 ], [ -66.111518, -17.438174 ], [ -66.116118, -17.436447 ] ] ] } },
{ "type": "Feature", "properties": { "h3_cell": "888b2c99bbfffff", "lat": -17.43471917571744, "lon": -66.120718598997755, "population": 4343, "query_count": 2180, "expected_count": 4660.6926494106501, "p_low": 0.53837257272230576, "pearson_residual": -0.34492241356461922, "gap_category": "esperado", "gtfs_covered": 1, "dist_stop_m": 63.712868646911232, "in_test": false, "model_id": "B1", "model_date": "2026-09-27", "edge_cell": false, "queries_per_1000": 501.95717246143221 }, "geometry": { "type": "Polygon", "coordinates": [ [ [ -66.121363, -17.42984 ], [ -66.125319, -17.432991 ], [ -66.124674, -17.437871 ], [ -66.120074, -17.439598 ], [ -66.116118, -17.436447 ], [ -66.116763, -17.431568 ], [ -66.121363, -17.42984 ] ] ] } },
{ "type": "Feature", "properties": { "h3_cell": "888b2c99bdfffff", "lat": -17.439901638009761, "lon": -66.106918619678453, "population": 1098, "query_count": 280, "expected_count": 619.79799777530593, "p_low": 0.53193898903915371, "pearson_residual": -0.35517471492557912, "gap_category": "esperado", "gtfs_covered": 1, "dist_stop_m": 50.283175285036705, "in_test": false, "model_id": "B1", "model_date": "2026-09-27", "edge_cell": false, "queries_per_1000": 255.00910746812389 }, "geometry": { "type": "Polygon", "coordinates": [ [ [ -66.107563, -17.435023 ], [ -66.111518, -17.438174 ], [ -66.110874, -17.443053 ], [ -66.106274, -17.44478 ], [ -66.102319, -17.441629 ], [ -66.102964, -17.43675 ], [ -66.107563, -17.435023 ] ] ] } },
{ "type": "Feature", "properties": { "h3_cell": "888b2c99c1fffff", "lat": -17.47862572720166, "lon": -66.114915686811003, "population": 2230, "query_count": 236, "expected_count": 118.9022477783586, "p_low": 0.84011944485789847, "pearson_residual": 0.63710545342485125, "gap_category": "esperado", "gtfs_covered": 1, "dist_stop_m": 368.61884078608603, "in_test": false, "model_id": "B1", "model_date": "2026-09-27", "edge_cell": false, "queries_per_1000": 105.82959641255606 }, "geometry": { "type": "Polygon", "coordinates": [ [ [ -66.115561, -17.473748 ], [ -66.119516, -17.476899 ], [ -66.118872, -17.481777 ], [ -66.114271, -17.483504 ], [ -66.110315, -17.480352 ], [ -66.11096, -17.475474 ], [ -66.115561, -17.473748 ] ] ] } },
{ "type": "Feature", "properties": { "h3_cell": "888b2c99c3fffff", "lat": -17.472021288000352, "lon": -66.120161230746746, "population": 3316, "query_count": 129, "expected_count": 200.98175708113297, "p_low": 0.60346315826023766, "pearson_residual": -0.23186275785140781, "gap_category": "esperado", "gtfs_covered": 1, "dist_stop_m": 32.720867765543204, "in_test": false, "model_id": "B1", "model_date": "2026-09-27", "edge_cell": false, "queries_per_1000": 38.902291917973457 }, "geometry": { "type": "Polygon", "coordinates": [ [ [ -66.120806, -17.467143 ], [ -66.124762, -17.470295 ], [ -66.124117, -17.475173 ], [ -66.119516, -17.476899 ], [ -66.115561, -17.473748 ], [ -66.116205, -17.46887 ], [ -66.120806, -17.467143 ] ] ] } },
{ "type": "Feature", "properties": { "h3_cell": "888b2c99c5fffff", "lat": -17.47720014238611, "lon": -66.106359613021823, "population": 3530, "query_count": 418, "expected_count": 297.52626770214709, "p_low": 0.77034797601939198, "pearson_residual": 0.26222810076940306, "gap_category": "esperado", "gtfs_covered": 1, "dist_stop_m": 142.89323342398222, "in_test": false, "model_id": "B1", "model_date": "2026-09-27", "edge_cell": false, "queries_per_1000": 118.41359773371104 }, "geometry": { "type": "Polygon", "coordinates": [ [ [ -66.107005, -17.472322 ], [ -66.11096, -17.475474 ], [ -66.110315, -17.480352 ], [ -66.105715, -17.482078 ], [ -66.101759, -17.478926 ], [ -66.102404, -17.474048 ], [ -66.107005, -17.472322 ] ] ] } },
{ "type": "Feature", "properties": { "h3_cell": "888b2c99c7fffff", "lat": -17.470596145427848, "lon": -66.111604846123782, "population": 1963, "query_count": 495, "expected_count": 117.47522935779817, "p_low": 0.95320777793056233, "pearson_residual": 2.0789435421122167, "gap_category": "exceso", "gtfs_covered": 1, "dist_stop_m": 134.91156636298066, "in_test": false, "model_id": "B1", "model_date": "2026-09-27", "edge_cell": false, "queries_per_1000": 252.16505348955681 }, "geometry": { "type": "Polygon", "coordinates": [ [ [ -66.11225, -17.465718 ], [ -66.116205, -17.46887 ], [ -66.115561, -17.473748 ], [ -66.11096, -17.475474 ], [ -66.107005, -17.472322 ], [ -66.107649, -17.467445 ], [ -66.11225, -17.465718 ] ] ] } },
{ "type": "Feature", "properties": { "h3_cell": "888b2c99c9fffff", "lat": -17.486655254525772, "lon": -66.118226819870671, "population": 2159, "query_count": 90, "expected_count": 89.958333333333329, "p_low": 0.69855306982249243, "pearson_residual": 0.00029947074992395971, "gap_category": "esperado", "gtfs_covered": 1, "dist_stop_m": 44.715968959149492, "in_test": false, "model_id": "B1", "model_date": "2026-09-27", "edge_cell": false, "queries_per_1000": 41.685965724872624 }, "geometry": { "type": "Polygon", "coordinates": [ [ [ -66.118872, -17.481777 ], [ -66.122828, -17.484929 ], [ -66.122183, -17.489807 ], [ -66.117582, -17.491533 ], [ -66.113626, -17.488381 ], [ -66.114271, -17.483504 ], [ -66.118872, -17.481777 ] ] ] } },
{ "type": "Feature", "properties": { "h3_cell": "888b2c99cbfffff", "lat": -17.480051065843377, "lon": -66.123472614375416, "population": 2529, "query_count": 42, "expected_count": 64.5421875, "p_low": 0.60824147646368776, "pearson_residual": -0.22561211904466325, "gap_category": "esperado", "gtfs_covered": 1, "dist_stop_m": 61.338009407777278, "in_test": false, "model_id": "B1", "model_date": "2026-09-27", "edge_cell": false, "queries_per_1000": 16.607354685646499 }, "geometry": { "type": "Polygon", "coordinates": [ [ [ -66.124117, -17.475173 ], [ -66.128074, -17.478325 ], [ -66.127429, -17.483203 ], [ -66.122828, -17.484929 ], [ -66.118872, -17.481777 ], [ -66.119516, -17.476899 ], [ -66.124117, -17.475173 ] ] ] } },
{ "type": "Feature", "properties": { "h3_cell": "888b2c99cdfffff", "lat": -17.485229473635876, "lon": -66.109670203078849, "population": 1514, "query_count": 119, "expected_count": 125.3344327176781, "p_low": 0.68696696789899692, "pearson_residual": -0.032698617025341041, "gap_category": "esperado", "gtfs_covered": 1, "dist_stop_m": 277.32053441862195, "in_test": false, "model_id": "B1", "model_date": "2026-09-27", "edge_cell": false, "queries_per_1000": 78.599735799207394 }, "geometry": { "type": "Polygon", "coordinates": [ [ [ -66.110315, -17.480352 ], [ -66.114271, -17.483504 ], [ -66.113626, -17.488381 ], [ -66.109025, -17.490107 ], [ -66.10507, -17.486955 ], [ -66.105715, -17.482078 ], [ -66.110315, -17.480352 ] ] ] } },
{ "type": "Feature", "properties": { "h3_cell": "888b2c99d1fffff", "lat": -17.466840610533833, "lon": -66.133964383498181, "population": 4324, "query_count": 559, "expected_count": 497.29310872894337, "p_low": 0.72271093009252063, "pearson_residual": 0.08038155442708117, "gap_category": "esperado", "gtfs_covered": 1, "dist_stop_m": 106.43359628837177, "in_test": false, "model_id": "B1", "model_date": "2026-09-27", "edge_cell": false, "queries_per_1000": 129.27844588344126 }, "geometry": { "type": "Polygon", "coordinates": [ [ [ -66.134609, -17.461962 ], [ -66.138566, -17.465113 ], [ -66.137921, -17.469992 ], [ -66.13332, -17.471719 ], [ -66.129363, -17.468568 ], [ -66.130008, -17.463689 ], [ -66.134609, -17.461962 ] ] ] } },
{ "type": "Feature", "properties": { "h3_cell": "888b2c99d3fffff", "lat": -17.460234344380837, "lon": -66.139210357942375, "population": 2600, "query_count": 298, "expected_count": 565.32758709147811, "p_low": 0.56252124815279114, "pearson_residual": -0.30633796715790468, "gap_category": "esperado", "gtfs_covered": 1, "dist_stop_m": 364.7317045177839, "in_test": false, "model_id": "B1", "model_date": "2026-09-27", "edge_cell": false, "queries_per_1000": 114.61538461538461 }, "geometry": { "type": "Polygon", "coordinates": [ [ [ -66.139855, -17.455355 ], [ -66.143812, -17.458507 ], [ -66.143167, -17.463386 ], [ -66.138566, -17.465113 ], [ -66.134609, -17.461962 ], [ -66.135254, -17.457083 ], [ -66.139855, -17.455355 ] ] ] } },
{ "type": "Feature", "properties": { "h3_cell": "888b2c99d5fffff", "lat": -17.465416156268869, "lon": -66.12540683479925, "population": 2542, "query_count": 341, "expected_count": 280.64543524416138, "p_low": 0.73955179604857557, "pearson_residual": 0.13926625837491749, "gap_category": "esperado", "gtfs_covered": 1, "dist_stop_m": 160.68688480147475, "in_test": false, "model_id": "B1", "model_date": "2026-09-27", "edge_cell": false, "queries_per_1000": 134.14634146341464 }, "geometry": { "type": "Polygon", "coordinates": [ [ [ -66.126052, -17.460538 ], [ -66.130008, -17.463689 ], [ -66.129363, -17.468568 ], [ -66.124762, -17.470295 ], [ -66.120806, -17.467143 ], [ -66.121451, -17.462265 ], [ -66.126052, -17.460538 ] ] ] } },
{ "type": "Feature", "properties": { "h3_cell": "888b2c99d7fffff", "lat": -17.458810332244294, "lon": -66.130652498881588, "population": 2536, "query_count": 323, "expected_count": 703.93401680413172, "p_low": 0.53492454887102492, "pearson_residual": -0.35059585195894932, "gap_category": "esperado", "gtfs_covered": 1, "dist_stop_m": 167.37741377841479, "in_test": false, "model_id": "B1", "model_date": "2026-09-27", "edge_cell": false, "queries_per_1000": 127.36593059936909 }, "geometry": { "type": "Polygon", "coordinates": [ [ [ -66.131297, -17.453931 ], [ -66.135254, -17.457083 ], [ -66.134609, -17.461962 ], [ -66.130008, -17.463689 ], [ -66.126052, -17.460538 ], [ -66.126696, -17.455659 ], [ -66.131297, -17.453931 ] ] ] } },
{ "type": "Feature", "properties": { "h3_cell": "888b2c99d9fffff", "lat": -17.474870834553681, "lon": -66.137276560470085, "population": 4310, "query_count": 221, "expected_count": 223.70242214532871, "p_low": 0.69511871147303728, "pearson_residual": -0.0078215656237135781, "gap_category": "esperado", "gtfs_covered": 1, "dist_stop_m": 96.31437725653231, "in_test": false, "model_id": "B1", "model_date": "2026-09-27", "edge_cell": false, "queries_per_1000": 51.276102088167058 }, "geometry": { "type": "Polygon", "coordinates": [ [ [ -66.137921, -17.469992 ], [ -66.141878, -17.473144 ], [ -66.141234, -17.478022 ], [ -66.136632, -17.479749 ], [ -66.132675, -17.476598 ], [ -66.13332, -17.471719 ], [ -66.137921, -17.469992 ] ] ] } },
{ "type": "Feature", "properties": { "h3_cell": "888b2c99dbfffff", "lat": -17.468264818520179, "lon": -66.142522785321944, "population": 4310, "query_count": 557, "expected_count": 455.07021116947158, "p_low": 0.74101003879880734, "pearson_residual": 0.14509113898614132, "gap_category": "esperado", "gtfs_covered": 1, "dist_stop_m": 80.514507585988795, "in_test": false, "model_id": "B1", "model_date": "2026-09-27", "edge_cell": false, "queries_per_1000": 129.23433874709977 }, "geometry": { "type": "Polygon", "coordinates": [ [ [ -66.143167, -17.463386 ], [ -66.147125, -17.466537 ], [ -66.14648, -17.471416 ], [ -66.141878, -17.473144 ], [ -66.137921, -17.469992 ], [ -66.138566, -17.465113 ], [ -66.143167, -17.463386 ] ] ] } },
{ "type": "Feature", "properties": { "h3_cell": "888b2c99ddfffff", "lat": -17.473446184433737, "lon": -66.128718468946886, "population": 2633, "query_count": 190, "expected_count": 123.27178759627077, "p_low": 0.78988810658017161, "pearson_residual": 0.35020772305699105, "gap_category": "esperado", "gtfs_covered": 1, "dist_stop_m": 233.7050482394331, "in_test": false, "model_id": "B1", "model_date": "2026-09-27", "edge_cell": false, "queries_per_1000": 72.161033042157229 }, "geometry": { "type": "Polygon", "coordinates": [ [ [ -66.129363, -17.468568 ], [ -66.13332, -17.471719 ], [ -66.132675, -17.476598 ], [ -66.128074, -17.478325 ], [ -66.124117, -17.475173 ], [ -66.124762, -17.470295 ], [ -66.129363, -17.468568 ] ] ] } },
{ "type": "Feature", "properties": { "h3_cell": "888b2c99e1fffff", "lat": -17.467745122562842, "lon": -66.094494638624568, "population": 1034, "query_count": 48, "expected_count": 62.588723051409623, "p_low": 0.64254993300881313, "pearson_residual": -0.1505523101428089, "gap_category": "esperado", "gtfs_covered": 1, "dist_stop_m": 354.13072543603647, "in_test": false, "model_id": "B1", "model_date": "2026-09-27", "edge_cell": false, "queries_per_1000": 46.421663442940037 }, "geometry": { "type": "Polygon", "coordinates": [ [ [ -66.09514, -17.462867 ], [ -66.099094, -17.466019 ], [ -66.098449, -17.470897 ], [ -66.09385, -17.472623 ], [ -66.089895, -17.469471 ], [ -66.09054, -17.464593 ], [ -66.09514, -17.462867 ] ] ] } },
{ "type": "Feature", "properties": { "h3_cell": "888b2c99e3fffff", "lat": -17.461141317545071, "lon": -66.099739309992273, "population": 1196, "query_count": 83, "expected_count": 71.291235710397387, "p_low": 0.73129007055141326, "pearson_residual": 0.1061250511622237, "gap_category": "esperado", "gtfs_covered": 1, "dist_stop_m": 265.58527469958739, "in_test": false, "model_id": "B1", "model_date": "2026-09-27", "edge_cell": false, "queries_per_1000": 69.397993311036785 }, "geometry": { "type": "Polygon", "coordinates": [ [ [ -66.100384, -17.456263 ], [ -66.104339, -17.459415 ], [ -66.103694, -17.464293 ], [ -66.099094, -17.466019 ], [ -66.09514, -17.462867 ], [ -66.095785, -17.45799 ], [ -66.100384, -17.456263 ] ] ] } },
{ "type": "Feature", "properties": { "h3_cell": "888b2c99e5fffff", "lat": -17.46631924261898, "lon": -66.085940816255487, "population": 546, "query_count": 4, "expected_count": 13.119434628975265, "p_low": 0.48533872318858157, "pearson_residual": -0.44343377445018367, "gap_category": "esperado", "gtfs_covered": 0, "dist_stop_m": 1246.7036525298561, "in_test": false, "model_id": "B1", "model_date": "2026-09-27", "edge_cell": false, "queries_per_1000": 7.3260073260073257 }, "geometry": { "type": "Polygon", "coordinates": [ [ [ -66.086586, -17.461442 ], [ -66.09054, -17.464593 ], [ -66.089895, -17.469471 ], [ -66.085296, -17.471197 ], [ -66.081342, -17.468045 ], [ -66.081987, -17.463168 ], [ -66.086586, -17.461442 ] ] ] } },
{ "type": "Feature", "properties": { "h3_cell": "888b2c99e7fffff", "lat": -17.459715879908401, "lon": -66.091185176332488, "population": 540, "query_count": 3, "expected_count": 9.9999999999999995e-07, "p_low": 1.0, "pearson_residual": 2999.9954284777223, "gap_category": "exceso", "gtfs_covered": 0, "dist_stop_m": 1062.1990466965322, "in_test": false, "model_id": "B1", "model_date": "2026-09-27", "edge_cell": false, "queries_per_1000": 5.5555555555555554 }, "geometry": { "type": "Polygon", "coordinates": [ [ [ -66.09183, -17.454838 ], [ -66.095785, -17.45799 ], [ -66.09514, -17.462867 ], [ -66.09054, -17.464593 ], [ -66.086586, -17.461442 ], [ -66.087231, -17.456564 ], [ -66.09183, -17.454838 ] ] ] } },
{ "type": "Feature", "properties": { "h3_cell": "888b2c99e9fffff", "lat": -17.475774311571136, "lon": -66.097804393261626, "population": 1716, "query_count": 153, "expected_count": 139.62204724409449, "p_low": 0.71770825503065405, "pearson_residual": 0.062001463056029479, "gap_category": "esperado", "gtfs_covered": 1, "dist_stop_m": 450.51108036504371, "in_test": false, "model_id": "B1", "model_date": "2026-09-27", "edge_cell": false, "queries_per_1000": 89.160839160839174 }, "geometry": { "type": "Polygon", "coordinates": [ [ [ -66.098449, -17.470897 ], [ -66.102404, -17.474048 ], [ -66.101759, -17.478926 ], [ -66.097159, -17.480652 ], [ -66.093205, -17.4775 ], [ -66.09385, -17.472623 ], [ -66.098449, -17.470897 ] ] ] } },
{ "type": "Feature", "properties": { "h3_cell": "888b2c99ebfffff", "lat": -17.469170756890573, "lon": -66.10304931533183, "population": 1079, "query_count": 128, "expected_count": 83.658730158730165, "p_low": 0.78857603588297565, "pearson_residual": 0.34263201364562551, "gap_category": "esperado", "gtfs_covered": 1, "dist_stop_m": 217.25192687464295, "in_test": false, "model_id": "B1", "model_date": "2026-09-27", "edge_cell": false, "queries_per_1000": 118.62835959221502 }, "geometry": { "type": "Polygon", "coordinates": [ [ [ -66.103694, -17.464293 ], [ -66.107649, -17.467445 ], [ -66.107005, -17.472322 ], [ -66.102404, -17.474048 ], [ -66.098449, -17.470897 ], [ -66.099094, -17.466019 ], [ -66.103694, -17.464293 ] ] ] } },
{ "type": "Feature", "properties": { "h3_cell": "888b2c99edfffff", "lat": -17.474348234931103, "lon": -66.089250027784018, "population": 1335, "query_count": 31, "expected_count": 34.204973624717404, "p_low": 0.67957269509527252, "pearson_residual": -0.0603536675999665, "gap_category": "esperado", "gtfs_covered": 0, "dist_stop_m": 982.32997986210034, "in_test": false, "model_id": "B1", "model_date": "2026-09-27", "edge_cell": false, "queries_per_1000": 23.220973782771534 }, "geometry": { "type": "Polygon", "coordinates": [ [ [ -66.089895, -17.469471 ], [ -66.09385, -17.472623 ], [ -66.093205, -17.4775 ], [ -66.088605, -17.479225 ], [ -66.084651, -17.476074 ], [ -66.085296, -17.471197 ], [ -66.089895, -17.469471 ] ] ] } },
{ "type": "Feature", "properties": { "h3_cell": "888b2c9a23fffff", "lat": -17.550889465428614, "lon": -66.144726411749332, "population": 48, "query_count": 0, "expected_count": 4.6702702702702705, "p_low": 0.35070479741243649, "pearson_residual": -0.62075407864615251, "gap_category": "esperado", "gtfs_covered": 0, "dist_stop_m": 4768.1317642261101, "in_test": false, "model_id": "B1", "model_date": "2026-09-27", "edge_cell": true, "queries_per_1000": 0.0 }, "geometry": { "type": "Polygon", "coordinates": [ [ [ -66.145371, -17.546012 ], [ -66.14933, -17.549164 ], [ -66.148685, -17.554042 ], [ -66.144082, -17.555766 ], [ -66.140123, -17.552614 ], [ -66.140768, -17.547737 ], [ -66.145371, -17.546012 ] ] ] } },
{ "type": "Feature", "properties": { "h3_cell": "888b2c9a25fffff", "lat": -17.556063164050691, "lon": -66.130918022265433, "population": 49, "query_count": 35, "expected_count": 2.177777777777778, "p_low": 0.99972279191838365, "pearson_residual": 8.9429269876135908, "gap_category": "exceso", "gtfs_covered": 0, "dist_stop_m": 5622.721412838755, "in_test": false, "model_id": "B1", "model_date": "2026-09-27", "edge_cell": true, "queries_per_1000": 714.28571428571433 }, "geometry": { "type": "Polygon", "coordinates": [ [ [ -66.131563, -17.551187 ], [ -66.135521, -17.554339 ], [ -66.134876, -17.559215 ], [ -66.130273, -17.56094 ], [ -66.126316, -17.557787 ], [ -66.12696, -17.552911 ], [ -66.131563, -17.551187 ] ] ] } },
{ "type": "Feature", "properties": { "h3_cell": "888b2c9a27fffff", "lat": -17.549462123290471, "lon": -66.136165450743661, "population": 72, "query_count": 0, "expected_count": 7.0054054054054058, "p_low": 0.29927621857557318, "pearson_residual": -0.62947050839739904, "gap_category": "esperado", "gtfs_covered": 0, "dist_stop_m": 5378.2655712527967, "in_test": false, "model_id": "B1", "model_date": "2026-09-27", "edge_cell": true, "queries_per_1000": 0.0 }, "geometry": { "type": "Polygon", "coordinates": [ [ [ -66.13681, -17.544585 ], [ -66.140768, -17.547737 ], [ -66.140123, -17.552614 ], [ -66.135521, -17.554339 ], [ -66.131563, -17.551187 ], [ -66.132208, -17.54631 ], [ -66.13681, -17.544585 ] ] ] } },
{ "type": "Feature", "properties": { "h3_cell": "888b2c9a31fffff", "lat": -17.545713939628321, "lon": -66.158536334760498, "population": 14, "query_count": 0, "expected_count": 1.1162790697674418, "p_low": 0.5800296623873199, "pearson_residual": -0.55242268585086785, "gap_category": "esperado", "gtfs_covered": 0, "dist_stop_m": 3340.8619515410855, "in_test": false, "model_id": "B1", "model_date": "2026-09-27", "edge_cell": true, "queries_per_1000": 0.0 }, "geometry": { "type": "Polygon", "coordinates": [ [ [ -66.159181, -17.540836 ], [ -66.16314, -17.543988 ], [ -66.162495, -17.548866 ], [ -66.157892, -17.550591 ], [ -66.153933, -17.547439 ], [ -66.154577, -17.542562 ], [ -66.159181, -17.540836 ] ] ] } },
{ "type": "Feature", "properties": { "h3_cell": "888b2c9a35fffff", "lat": -17.544287287801591, "lon": -66.149974210400075, "population": 41, "query_count": 2, "expected_count": 9.9999999999999995e-07, "p_low": 1.0, "pearson_residual": 1999.9966189855452, "gap_category": "exceso", "gtfs_covered": 0, "dist_stop_m": 3865.3493663962026, "in_test": false, "model_id": "B1", "model_date": "2026-09-27", "edge_cell": true, "queries_per_1000": 48.780487804878049 }, "geometry": { "type": "Polygon", "coordinates": [ [ [ -66.150619, -17.53941 ], [ -66.154577, -17.542562 ], [ -66.153933, -17.547439 ], [ -66.14933, -17.549164 ], [ -66.145371, -17.546012 ], [ -66.146016, -17.541135 ], [ -66.150619, -17.53941 ] ] ] } },
{ "type": "Feature", "properties": { "h3_cell": "888b2c9a3bfffff", "lat": -17.547140343257766, "lon": -66.167099311938628, "population": 44, "query_count": 0, "expected_count": 5.5287958115183242, "p_low": 0.32848337848376868, "pearson_residual": -0.62476927950314431, "gap_category": "esperado", "gtfs_covered": 0, "dist_stop_m": 3006.0781162359558, "in_test": false, "model_id": "B1", "model_date": "2026-09-27", "edge_cell": true, "queries_per_1000": 0.0 }, "geometry": { "type": "Polygon", "coordinates": [ [ [ -66.167744, -17.542263 ], [ -66.171703, -17.545415 ], [ -66.171059, -17.550292 ], [ -66.166455, -17.552018 ], [ -66.162495, -17.548866 ], [ -66.16314, -17.543988 ], [ -66.167744, -17.542263 ] ] ] } },
{ "type": "Feature", "properties": { "h3_cell": "888b2c9a91fffff", "lat": -17.510354157905049, "lon": -66.215723288893429, "population": 23, "query_count": 0, "expected_count": 9.9999999999999995e-07, "p_low": 0.99999900000169051, "pearson_residual": -0.00099999880949217727, "gap_category": "esperado", "gtfs_covered": 0, "dist_stop_m": 2797.637689679646, "in_test": false, "model_id": "B1", "model_date": "2026-09-27", "edge_cell": false, "queries_per_1000": 0.0 }, "geometry": { "type": "Polygon", "coordinates": [ [ [ -66.216367, -17.505474 ], [ -66.220329, -17.508626 ], [ -66.219685, -17.513506 ], [ -66.215079, -17.515234 ], [ -66.211118, -17.512082 ], [ -66.211762, -17.507203 ], [ -66.216367, -17.505474 ] ] ] } },
{ "type": "Feature", "properties": { "h3_cell": "888b2c9a93fffff", "lat": -17.50374535744826, "lon": -66.220972738676821, "population": 30, "query_count": 0, "expected_count": 9.9999999999999995e-07, "p_low": 0.99999900000169051, "pearson_residual": -0.00099999880949217727, "gap_category": "esperado", "gtfs_covered": 0, "dist_stop_m": 3424.8264085480891, "in_test": false, "model_id": "B1", "model_date": "2026-09-27", "edge_cell": false, "queries_per_1000": 0.0 }, "geometry": { "type": "Polygon", "coordinates": [ [ [ -66.221617, -17.498865 ], [ -66.225578, -17.502016 ], [ -66.224935, -17.506897 ], [ -66.220329, -17.508626 ], [ -66.216367, -17.505474 ], [ -66.217011, -17.500594 ], [ -66.221617, -17.498865 ] ] ] } },
{ "type": "Feature", "properties": { "h3_cell": "888b2c9a97fffff", "lat": -17.50232254466632, "lon": -66.212405894065441, "population": 32, "query_count": 2, "expected_count": 9.9999999999999995e-07, "p_low": 1.0, "pearson_residual": 1999.9966189855452, "gap_category": "exceso", "gtfs_covered": 0, "dist_stop_m": 3037.4573937162954, "in_test": false, "model_id": "B1", "model_date": "2026-09-27", "edge_cell": false, "queries_per_1000": 62.5 }, "geometry": { "type": "Polygon", "coordinates": [ [ [ -66.21305, -17.497442 ], [ -66.217011, -17.500594 ], [ -66.216367, -17.505474 ], [ -66.211762, -17.507203 ], [ -66.207801, -17.504051 ], [ -66.208445, -17.499171 ], [ -66.21305, -17.497442 ] ] ] } },
{ "type": "Feature", "properties": { "h3_cell": "888b2c9aa1fffff", "lat": -17.51126598986755, "lon": -66.176214096906961, "population": 26, "query_count": 0, "expected_count": 0.5252525252525253, "p_low": 0.71127235315634574, "pearson_residual": -0.48309370119678219, "gap_category": "esperado", "gtfs_covered": 1, "dist_stop_m": 121.08823244850282, "in_test": false, "model_id": "B1", "model_date": "2026-09-27", "edge_cell": false, "queries_per_1000": 0.0 }, "geometry": { "type": "Polygon", "coordinates": [ [ [ -66.176858, -17.506387 ], [ -66.180818, -17.509539 ], [ -66.180174, -17.514418 ], [ -66.17557, -17.516145 ], [ -66.17161, -17.512993 ], [ -66.172255, -17.508114 ], [ -66.176858, -17.506387 ] ] ] } },
{ "type": "Feature", "properties": { "h3_cell": "888b2c9aa3fffff", "lat": -17.50465964997813, "lon": -66.181462252249659, "population": 312, "query_count": 0, "expected_count": 30.525, "p_low": 0.16433642484409888, "pearson_residual": -0.64365206073145287, "gap_category": "esperado", "gtfs_covered": 0, "dist_stop_m": 845.16591907613588, "in_test": false, "model_id": "B1", "model_date": "2026-09-27", "edge_cell": false, "queries_per_1000": 0.0 }, "geometry": { "type": "Polygon", "coordinates": [ [ [ -66.182107, -17.49978 ], [ -66.186066, -17.502932 ], [ -66.185422, -17.507811 ], [ -66.180818, -17.509539 ], [ -66.176858, -17.506387 ], [ -66.177503, -17.501508 ], [ -66.182107, -17.49978 ] ] ] } },
{ "type": "Feature", "properties": { "h3_cell": "888b2c9aa5fffff", "lat": -17.509841300866235, "lon": -66.167651276266056, "population": 39, "query_count": 0, "expected_count": 0.78787878787878796, "p_low": 0.64167775387610826, "pearson_residual": -0.52340595024850478, "gap_category": "esperado", "gtfs_covered": 0, "dist_stop_m": 708.8933885884785, "in_test": false, "model_id": "B1", "model_date": "2026-09-27", "edge_cell": false, "queries_per_1000": 0.0 }, "geometry": { "type": "Polygon", "coordinates": [ [ [ -66.168296, -17.504963 ], [ -66.172255, -17.508114 ], [ -66.17161, -17.512993 ], [ -66.167007, -17.51472 ], [ -66.163048, -17.511568 ], [ -66.163692, -17.50669 ], [ -66.168296, -17.504963 ] ] ] } },
{ "type": "Feature", "properties": { "h3_cell": "888b2c9aa7fffff", "lat": -17.503235403026395, "lon": -66.172899122149715, "population": 410, "query_count": 13, "expected_count": 40.065146579804562, "p_low": 0.47824376768855703, "pearson_residual": -0.43550957632392978, "gap_category": "esperado", "gtfs_covered": 1, "dist_stop_m": 92.458891816494287, "in_test": false, "model_id": "B1", "model_date": "2026-09-27", "edge_cell": false, "queries_per_1000": 31.707317073170731 }, "geometry": { "type": "Polygon", "coordinates": [ [ [ -66.173543, -17.498356 ], [ -66.177503, -17.501508 ], [ -66.176858, -17.506387 ], [ -66.172255, -17.508114 ], [ -66.168296, -17.504963 ], [ -66.16894, -17.500084 ], [ -66.173543, -17.498356 ] ] ] } },
{ "type": "Feature", "properties": { "h3_cell": "888b2c9aa9fffff", "lat": -17.519296519846264, "lon": -66.179529364117769, "population": 26, "query_count": 24, "expected_count": 0.5252525252525253, "p_low": 0.99999995255332885, "pearson_residual": 21.590572338102341, "gap_category": "exceso", "gtfs_covered": 1, "dist_stop_m": 122.67191777279862, "in_test": false, "model_id": "B1", "model_date": "2026-09-27", "edge_cell": false, "queries_per_1000": 923.07692307692309 }, "geometry": { "type": "Polygon", "coordinates": [ [ [ -66.180174, -17.514418 ], [ -66.184134, -17.517569 ], [ -66.183489, -17.522448 ], [ -66.178885, -17.524175 ], [ -66.174925, -17.521023 ], [ -66.17557, -17.516145 ], [ -66.180174, -17.514418 ] ] ] } },
{ "type": "Feature", "properties": { "h3_cell": "888b2c9aabfffff", "lat": -17.512690431020371, "lon": -66.184777769626862, "population": 13, "query_count": 0, "expected_count": 0.077075098814229248, "p_low": 0.9316816207669405, "pearson_residual": -0.25519357252185537, "gap_category": "esperado", "gtfs_covered": 0, "dist_stop_m": 891.57036651923124, "in_test": false, "model_id": "B1", "model_date": "2026-09-27", "edge_cell": false, "queries_per_1000": 0.0 }, "geometry": { "type": "Polygon", "coordinates": [ [ [ -66.185422, -17.507811 ], [ -66.189382, -17.510963 ], [ -66.188738, -17.515842 ], [ -66.184134, -17.517569 ], [ -66.180174, -17.514418 ], [ -66.180818, -17.509539 ], [ -66.185422, -17.507811 ] ] ] } },
{ "type": "Feature", "properties": { "h3_cell": "888b2c9aadfffff", "lat": -17.517871636638692, "lon": -66.170966000795303, "population": 58, "query_count": 0, "expected_count": 1.1717171717171717, "p_low": 0.57145772373523196, "pearson_residual": -0.55603042871521924, "gap_category": "esperado", "gtfs_covered": 0, "dist_stop_m": 727.30927133548255, "in_test": false, "model_id": "B1", "model_date": "2026-09-27", "edge_cell": false, "queries_per_1000": 0.0 }, "geometry": { "type": "Polygon", "coordinates": [ [ [ -66.17161, -17.512993 ], [ -66.17557, -17.516145 ], [ -66.174925, -17.521023 ], [ -66.170322, -17.52275 ], [ -66.166362, -17.519598 ], [ -66.167007, -17.51472 ], [ -66.17161, -17.512993 ] ] ] } },
{ "type": "Feature", "properties": { "h3_cell": "888b2c9ab1fffff", "lat": -17.499476174371566, "lon": -66.195274757839201, "population": 10, "query_count": 0, "expected_count": 0.83999220424868448, "p_low": 0.63039452946981867, "pearson_residual": -0.52914444214432088, "gap_category": "esperado", "gtfs_covered": 0, "dist_stop_m": 1686.0529681320209, "in_test": false, "model_id": "B1", "model_date": "2026-09-27", "edge_cell": false, "queries_per_1000": 0.0 }, "geometry": { "type": "Polygon", "coordinates": [ [ [ -66.195919, -17.494596 ], [ -66.199879, -17.497748 ], [ -66.199235, -17.502628 ], [ -66.194631, -17.504356 ], [ -66.19067, -17.501204 ], [ -66.191315, -17.496325 ], [ -66.195919, -17.494596 ] ] ] } },
{ "type": "Feature", "properties": { "h3_cell": "888b2c9ab5fffff", "lat": -17.498052617207648, "lon": -66.186710466736329, "population": 338, "query_count": 19, "expected_count": 33.06875, "p_low": 0.5858900728402846, "pearson_residual": -0.27397801769656405, "gap_category": "esperado", "gtfs_covered": 0, "dist_stop_m": 762.74586334734113, "in_test": false, "model_id": "B1", "model_date": "2026-09-27", "edge_cell": false, "queries_per_1000": 56.213017751479292 }, "geometry": { "type": "Polygon", "coordinates": [ [ [ -66.187355, -17.493173 ], [ -66.191315, -17.496325 ], [ -66.19067, -17.501204 ], [ -66.186066, -17.502932 ], [ -66.182107, -17.49978 ], [ -66.182751, -17.494901 ], [ -66.187355, -17.493173 ] ] ] } },
{ "type": "Feature", "properties": { "h3_cell": "888b2c9ab7fffff", "lat": -17.491444891793464, "lon": -66.191958740279901, "population": 468, "query_count": 11, "expected_count": 45.7875, "p_low": 0.42769358234033134, "pearson_residual": -0.49013087500207653, "gap_category": "esperado", "gtfs_covered": 0, "dist_stop_m": 996.41299938147142, "in_test": false, "model_id": "B1", "model_date": "2026-09-27", "edge_cell": false, "queries_per_1000": 23.504273504273502 }, "geometry": { "type": "Polygon", "coordinates": [ [ [ -66.192603, -17.486565 ], [ -66.196563, -17.489717 ], [ -66.195919, -17.494596 ], [ -66.191315, -17.496325 ], [ -66.187355, -17.493173 ], [ -66.187999, -17.488293 ], [ -66.192603, -17.486565 ] ] ] } },
{ "type": "Feature", "properties": { "h3_cell": "888b2c9abbfffff", "lat": -17.500899483582614, "lon": -66.203839900367541, "population": 32, "query_count": 0, "expected_count": 0.17712177121771217, "p_low": 0.86261810126961003, "pearson_residual": -0.35296150207991028, "gap_category": "esperado", "gtfs_covered": 0, "dist_stop_m": 2609.7239295675245, "in_test": false, "model_id": "B1", "model_date": "2026-09-27", "edge_cell": false, "queries_per_1000": 0.0 }, "geometry": { "type": "Polygon", "coordinates": [ [ [ -66.204484, -17.49602 ], [ -66.208445, -17.499171 ], [ -66.207801, -17.504051 ], [ -66.203196, -17.505779 ], [ -66.199235, -17.502628 ], [ -66.199879, -17.497748 ], [ -66.204484, -17.49602 ] ] ] } },
{ "type": "Feature", "properties": { "h3_cell": "888b2c9ac3fffff", "lat": -17.538207204039384, "lon": -66.203292228839658, "population": 40, "query_count": 9, "expected_count": 9.9999999999999995e-07, "p_low": 1.0, "pearson_residual": 8999.9882854307871, "gap_category": "exceso", "gtfs_covered": 1, "dist_stop_m": 397.46605256180248, "in_test": false, "model_id": "B1", "model_date": "2026-09-27", "edge_cell": true, "queries_per_1000": 225.0 }, "geometry": { "type": "Polygon", "coordinates": [ [ [ -66.203936, -17.533328 ], [ -66.207898, -17.53648 ], [ -66.207254, -17.541359 ], [ -66.202648, -17.543086 ], [ -66.198687, -17.539934 ], [ -66.199331, -17.535055 ], [ -66.203936, -17.533328 ] ] ] } },
{ "type": "Feature", "properties": { "h3_cell": "888b2c9ac7fffff", "lat": -17.536782430161605, "lon": -66.194726076576146, "population": 26, "query_count": 0, "expected_count": 0.21848739495798319, "p_low": 0.83868933558857683, "pearson_residual": -0.37910504811769152, "gap_category": "esperado", "gtfs_covered": 0, "dist_stop_m": 675.44365120292571, "in_test": false, "model_id": "B1", "model_date": "2026-09-27", "edge_cell": true, "queries_per_1000": 0.0 }, "geometry": { "type": "Polygon", "coordinates": [ [ [ -66.19537, -17.531904 ], [ -66.199331, -17.535055 ], [ -66.198687, -17.539934 ], [ -66.194082, -17.541661 ], [ -66.190121, -17.538509 ], [ -66.190765, -17.533631 ], [ -66.19537, -17.531904 ] ] ] } },
{ "type": "Feature", "properties": { "h3_cell": "888b2c9aebfffff", "lat": -17.535357407631846, "lon": -66.186160775966073, "population": 16, "query_count": 0, "expected_count": 0.32323232323232326, "p_low": 0.7868520439816048, "pearson_residual": -0.42738282426480861, "gap_category": "esperado", "gtfs_covered": 0, "dist_stop_m": 1032.4218185697625, "in_test": false, "model_id": "B1", "model_date": "2026-09-27", "edge_cell": true, "queries_per_1000": 0.0 }, "geometry": { "type": "Polygon", "coordinates": [ [ [ -66.186805, -17.530479 ], [ -66.190765, -17.533631 ], [ -66.190121, -17.538509 ], [ -66.185516, -17.540236 ], [ -66.181556, -17.537084 ], [ -66.182201, -17.532206 ], [ -66.186805, -17.530479 ] ] ] } },
{ "type": "Feature", "properties": { "h3_cell": "888b2c9b01fffff", "lat": -17.558377342486736, "lon": -66.099994758226956, "population": 216, "query_count": 0, "expected_count": 43.565217391304351, "p_low": 0.14177341647805322, "pearson_residual": -0.64496347068506377, "gap_category": "esperado", "gtfs_covered": 0, "dist_stop_m": 3256.1408510991673, "in_test": true, "model_id": "B1", "model_date": "2026-09-27", "edge_cell": true, "queries_per_1000": 0.0 }, "geometry": { "type": "Polygon", "coordinates": [ [ [ -66.10064, -17.553502 ], [ -66.104596, -17.556654 ], [ -66.103951, -17.56153 ], [ -66.09935, -17.563253 ], [ -66.095394, -17.5601 ], [ -66.096039, -17.555225 ], [ -66.10064, -17.553502 ] ] ] } },
{ "type": "Feature", "properties": { "h3_cell": "888b2c9b03fffff", "lat": -17.551778323850677, "lon": -66.105241193869105, "population": 144, "query_count": 0, "expected_count": 12.507795100222717, "p_low": 0.23710305472133517, "pearson_residual": -0.63745104397854246, "gap_category": "esperado", "gtfs_covered": 0, "dist_stop_m": 3105.1719957873911, "in_test": true, "model_id": "B1", "model_date": "2026-09-27", "edge_cell": false, "queries_per_1000": 0.0 }, "geometry": { "type": "Polygon", "coordinates": [ [ [ -66.105886, -17.546902 ], [ -66.109843, -17.550055 ], [ -66.109198, -17.554931 ], [ -66.104596, -17.556654 ], [ -66.10064, -17.553502 ], [ -66.101285, -17.548626 ], [ -66.105886, -17.546902 ] ] ] } },
{ "type": "Feature", "properties": { "h3_cell": "888b2c9b05fffff", "lat": -17.556948124897911, "lon": -66.091437835412179, "population": 397, "query_count": 8, "expected_count": 86.247097844112773, "p_low": 0.29525681000024778, "pearson_residual": -0.5865261559516427, "gap_category": "esperado", "gtfs_covered": 0, "dist_stop_m": 2647.0933001532985, "in_test": true, "model_id": "B1", "model_date": "2026-09-27", "edge_cell": false, "queries_per_1000": 20.151133501259444 }, "geometry": { "type": "Polygon", "coordinates": [ [ [ -66.092083, -17.552073 ], [ -66.096039, -17.555225 ], [ -66.095394, -17.5601 ], [ -66.090793, -17.561823 ], [ -66.086837, -17.558671 ], [ -66.087482, -17.553796 ], [ -66.092083, -17.552073 ] ] ] } },
{ "type": "Feature", "properties": { "h3_cell": "888b2c9b07fffff", "lat": -17.550349548767162, "lon": -66.096683959705146, "population": 419, "query_count": 11, "expected_count": 94.238754325259521, "p_low": 0.32120747589461784, "pearson_residual": -0.57114834987418484, "gap_category": "esperado", "gtfs_covered": 0, "dist_stop_m": 2348.792369601068, "in_test": true, "model_id": "B1", "model_date": "2026-09-27", "edge_cell": false, "queries_per_1000": 26.252983293556085 }, "geometry": { "type": "Polygon", "coordinates": [ [ [ -66.097329, -17.545474 ], [ -66.101285, -17.548626 ], [ -66.10064, -17.553502 ], [ -66.096039, -17.555225 ], [ -66.092083, -17.552073 ], [ -66.092728, -17.547197 ], [ -66.097329, -17.545474 ] ] ] } },
{ "type": "Feature", "properties": { "h3_cell": "888b2c9b0bfffff", "lat": -17.559806312649542, "lon": -66.108552535726531, "population": 85, "query_count": 0, "expected_count": 6.362763915547025, "p_low": 0.31087330061641766, "pearson_residual": -0.62768019130362918, "gap_category": "esperado", "gtfs_covered": 0, "dist_stop_m": 3981.055111862599, "in_test": true, "model_id": "B1", "model_date": "2026-09-27", "edge_cell": true, "queries_per_1000": 0.0 }, "geometry": { "type": "Polygon", "coordinates": [ [ [ -66.109198, -17.554931 ], [ -66.113154, -17.558083 ], [ -66.112509, -17.562959 ], [ -66.107907, -17.564682 ], [ -66.103951, -17.56153 ], [ -66.104596, -17.556654 ], [ -66.109198, -17.554931 ] ] ] } },
{ "type": "Feature", "properties": { "h3_cell": "888b2c9b0dfffff", "lat": -17.564975665955263, "lon": -66.094748383060107, "population": 114, "query_count": 0, "expected_count": 22.452520515826492, "p_low": 0.186581426727878, "pearson_residual": -0.64208738692451695, "gap_category": "esperado", "gtfs_covered": 0, "dist_stop_m": 3602.1868588555062, "in_test": true, "model_id": "B1", "model_date": "2026-09-27", "edge_cell": true, "queries_per_1000": 0.0 }, "geometry": { "type": "Polygon", "coordinates": [ [ [ -66.095394, -17.5601 ], [ -66.09935, -17.563253 ], [ -66.098704, -17.568128 ], [ -66.094103, -17.569851 ], [ -66.090147, -17.566698 ], [ -66.090793, -17.561823 ], [ -66.095394, -17.5601 ] ] ] } },
{ "type": "Feature", "properties": { "h3_cell": "888b2c9b13fffff", "lat": -17.540005844886007, "lon": -66.124292956773587, "population": 27, "query_count": 0, "expected_count": 1.5929203539823009, "p_low": 0.51779940371021882, "pearson_residual": -0.57650556990590351, "gap_category": "esperado", "gtfs_covered": 0, "dist_stop_m": 4326.0347148295841, "in_test": true, "model_id": "B1", "model_date": "2026-09-27", "edge_cell": false, "queries_per_1000": 0.0 }, "geometry": { "type": "Polygon", "coordinates": [ [ [ -66.124938, -17.535129 ], [ -66.128895, -17.538281 ], [ -66.12825, -17.543158 ], [ -66.123648, -17.544882 ], [ -66.119691, -17.54173 ], [ -66.120336, -17.536854 ], [ -66.124938, -17.535129 ] ] ] } },
{ "type": "Feature", "properties": { "h3_cell": "888b2c9b15fffff", "lat": -17.545178610282662, "lon": -66.1104876898996, "population": 51, "query_count": 0, "expected_count": 2.736842105263158, "p_low": 0.42863186050455254, "pearson_residual": -0.60341728712417431, "gap_category": "esperado", "gtfs_covered": 0, "dist_stop_m": 3139.925335569545, "in_test": true, "model_id": "B1", "model_date": "2026-09-27", "edge_cell": false, "queries_per_1000": 0.0 }, "geometry": { "type": "Polygon", "coordinates": [ [ [ -66.111133, -17.540302 ], [ -66.115089, -17.543455 ], [ -66.114444, -17.548331 ], [ -66.109843, -17.550055 ], [ -66.105886, -17.546902 ], [ -66.106531, -17.542026 ], [ -66.111133, -17.540302 ] ] ] } },
{ "type": "Feature", "properties": { "h3_cell": "888b2c9b17fffff", "lat": -17.538578202018442, "lon": -66.115734246231511, "population": 234, "query_count": 10, "expected_count": 3.8950064020486557, "p_low": 0.88889583862670241, "pearson_residual": 0.96507149842758744, "gap_category": "esperado", "gtfs_covered": 0, "dist_stop_m": 3404.5982772700495, "in_test": true, "model_id": "B1", "model_date": "2026-09-27", "edge_cell": false, "queries_per_1000": 42.735042735042732 }, "geometry": { "type": "Polygon", "coordinates": [ [ [ -66.116379, -17.533702 ], [ -66.120336, -17.536854 ], [ -66.119691, -17.54173 ], [ -66.115089, -17.543455 ], [ -66.111133, -17.540302 ], [ -66.111778, -17.535426 ], [ -66.116379, -17.533702 ] ] ] } },
{ "type": "Feature", "properties": { "h3_cell": "888b2c9b19fffff", "lat": -17.554635131667389, "lon": -66.122358225403275, "population": 49, "query_count": 18, "expected_count": 3.358523725834798, "p_low": 0.97250390751593085, "pearson_residual": 2.6635984473795684, "gap_category": "exceso", "gtfs_covered": 0, "dist_stop_m": 4755.0477548670433, "in_test": true, "model_id": "B1", "model_date": "2026-09-27", "edge_cell": true, "queries_per_1000": 367.34693877551024 }, "geometry": { "type": "Polygon", "coordinates": [ [ [ -66.123003, -17.549759 ], [ -66.12696, -17.552911 ], [ -66.126316, -17.557787 ], [ -66.121713, -17.559511 ], [ -66.117756, -17.556359 ], [ -66.118401, -17.551483 ], [ -66.123003, -17.549759 ] ] ] } },
{ "type": "Feature", "properties": { "h3_cell": "888b2c9b1bfffff", "lat": -17.548034533270176, "lon": -66.127605343263895, "population": 109, "query_count": 0, "expected_count": 10.9, "p_low": 0.25070399824386352, "pearson_residual": -0.63592917760381262, "gap_category": "esperado", "gtfs_covered": 0, "dist_stop_m": 4927.964895861538, "in_test": true, "model_id": "B1", "model_date": "2026-09-27", "edge_cell": false, "queries_per_1000": 0.0 }, "geometry": { "type": "Polygon", "coordinates": [ [ [ -66.12825, -17.543158 ], [ -66.132208, -17.54631 ], [ -66.131563, -17.551187 ], [ -66.12696, -17.552911 ], [ -66.123003, -17.549759 ], [ -66.123648, -17.544882 ], [ -66.12825, -17.543158 ] ] ] } },
{ "type": "Feature", "properties": { "h3_cell": "888b2c9b1dfffff", "lat": -17.553206851542402, "lon": -66.113799282519793, "population": 220, "query_count": 0, "expected_count": 16.468330134357004, "p_low": 0.21192995560044181, "pearson_residual": -0.63995593054240918, "gap_category": "esperado", "gtfs_covered": 0, "dist_stop_m": 3910.4277822730332, "in_test": true, "model_id": "B1", "model_date": "2026-09-27", "edge_cell": true, "queries_per_1000": 0.0 }, "geometry": { "type": "Polygon", "coordinates": [ [ [ -66.114444, -17.548331 ], [ -66.118401, -17.551483 ], [ -66.117756, -17.556359 ], [ -66.113154, -17.558083 ], [ -66.109198, -17.554931 ], [ -66.109843, -17.550055 ], [ -66.114444, -17.548331 ] ] ] } },
{ "type": "Feature", "properties": { "h3_cell": "888b2c9b21fffff", "lat": -17.547491257124456, "lon": -66.07957205585214, "population": 71, "query_count": 0, "expected_count": 22.670792079207921, "p_low": 0.18583864910497769, "pearson_residual": -0.64214415123571433, "gap_category": "esperado", "gtfs_covered": 0, "dist_stop_m": 1264.2800198068508, "in_test": true, "model_id": "B1", "model_date": "2026-09-27", "edge_cell": false, "queries_per_1000": 0.0 }, "geometry": { "type": "Polygon", "coordinates": [ [ [ -66.080217, -17.542616 ], [ -66.084172, -17.545768 ], [ -66.083527, -17.550644 ], [ -66.078927, -17.552366 ], [ -66.074972, -17.549214 ], [ -66.075617, -17.544339 ], [ -66.080217, -17.542616 ] ] ] } },
{ "type": "Feature", "properties": { "h3_cell": "888b2c9b25fffff", "lat": -17.546061740915153, "lon": -66.071017386669951, "population": 17, "query_count": 0, "expected_count": 5.4282178217821784, "p_low": 0.33084428443170383, "pearson_residual": -0.62436103691879852, "gap_category": "esperado", "gtfs_covered": 0, "dist_stop_m": 842.18884649541121, "in_test": true, "model_id": "B1", "model_date": "2026-09-27", "edge_cell": false, "queries_per_1000": 0.0 }, "geometry": { "type": "Polygon", "coordinates": [ [ [ -66.071663, -17.541187 ], [ -66.075617, -17.544339 ], [ -66.074972, -17.549214 ], [ -66.070372, -17.550937 ], [ -66.066418, -17.547784 ], [ -66.067063, -17.542909 ], [ -66.071663, -17.541187 ] ] ] } },
{ "type": "Feature", "properties": { "h3_cell": "888b2c9b27fffff", "lat": -17.539463797416659, "lon": -66.076262636663657, "population": 230, "query_count": 13, "expected_count": 73.440594059405939, "p_low": 0.37810369917734821, "pearson_residual": -0.53182990985801915, "gap_category": "esperado", "gtfs_covered": 1, "dist_stop_m": 354.76160567188043, "in_test": true, "model_id": "B1", "model_date": "2026-09-27", "edge_cell": false, "queries_per_1000": 56.521739130434781 }, "geometry": { "type": "Polygon", "coordinates": [ [ [ -66.076908, -17.534588 ], [ -66.080863, -17.537741 ], [ -66.080217, -17.542616 ], [ -66.075617, -17.544339 ], [ -66.071663, -17.541187 ], [ -66.072308, -17.536312 ], [ -66.076908, -17.534588 ] ] ] } },
{ "type": "Feature", "properties": { "h3_cell": "888b2c9b29fffff", "lat": -17.555518660058056, "lon": -66.08288176753581, "population": 224, "query_count": 11, "expected_count": 71.524752475247524, "p_low": 0.35882230320165553, "pearson_residual": -0.54679407819370762, "gap_category": "esperado", "gtfs_covered": 0, "dist_stop_m": 2212.4674605553687, "in_test": true, "model_id": "B1", "model_date": "2026-09-27", "edge_cell": false, "queries_per_1000": 49.107142857142854 }, "geometry": { "type": "Polygon", "coordinates": [ [ [ -66.083527, -17.550644 ], [ -66.087482, -17.553796 ], [ -66.086837, -17.558671 ], [ -66.082236, -17.560394 ], [ -66.078281, -17.557241 ], [ -66.078927, -17.552366 ], [ -66.083527, -17.550644 ] ] ] } },
{ "type": "Feature", "properties": { "h3_cell": "888b2c9b2bfffff", "lat": -17.548920526466777, "lon": -66.088127580281636, "population": 300, "query_count": 1, "expected_count": 95.792079207920793, "p_low": 0.14472876255985026, "pearson_residual": -0.63989831104346107, "gap_category": "esperado", "gtfs_covered": 0, "dist_stop_m": 1693.2314429566588, "in_test": true, "model_id": "B1", "model_date": "2026-09-27", "edge_cell": false, "queries_per_1000": 3.3333333333333335 }, "geometry": { "type": "Polygon", "coordinates": [ [ [ -66.088773, -17.544045 ], [ -66.092728, -17.547197 ], [ -66.092083, -17.552073 ], [ -66.087482, -17.553796 ], [ -66.083527, -17.550644 ], [ -66.084172, -17.545768 ], [ -66.088773, -17.544045 ] ] ] } },
{ "type": "Feature", "properties": { "h3_cell": "888b2c9b2dfffff", "lat": -17.554088948142155, "lon": -66.074326554851282, "population": 102, "query_count": 0, "expected_count": 32.569306930693067, "p_low": 0.15997990156513173, "pearson_residual": -0.64392639685339448, "gap_category": "esperado", "gtfs_covered": 0, "dist_stop_m": 1796.3193199832758, "in_test": true, "model_id": "B1", "model_date": "2026-09-27", "edge_cell": false, "queries_per_1000": 0.0 }, "geometry": { "type": "Polygon", "coordinates": [ [ [ -66.074972, -17.549214 ], [ -66.078927, -17.552366 ], [ -66.078281, -17.557241 ], [ -66.073681, -17.558964 ], [ -66.069727, -17.555811 ], [ -66.070372, -17.550937 ], [ -66.074972, -17.549214 ] ] ] } },
{ "type": "Feature", "properties": { "h3_cell": "888b2c9b33fffff", "lat": -17.529121956573302, "lon": -66.103865382144022, "population": 156, "query_count": 6, "expected_count": 4.4571428571428573, "p_low": 0.77535365462797701, "pearson_residual": 0.21445378613389027, "gap_category": "esperado", "gtfs_covered": 0, "dist_stop_m": 2022.1832807981991, "in_test": true, "model_id": "B1", "model_date": "2026-09-27", "edge_cell": false, "queries_per_1000": 38.461538461538467 }, "geometry": { "type": "Polygon", "coordinates": [ [ [ -66.10451, -17.524246 ], [ -66.108466, -17.527398 ], [ -66.107821, -17.532274 ], [ -66.10322, -17.533998 ], [ -66.099264, -17.530846 ], [ -66.09991, -17.52597 ], [ -66.10451, -17.524246 ] ] ] } },
{ "type": "Feature", "properties": { "h3_cell": "888b2c9b35fffff", "lat": -17.534293790176239, "lon": -66.090063240163559, "population": 51, "query_count": 1, "expected_count": 10.82036775106082, "p_low": 0.35310788722989989, "pearson_residual": -0.57707890411829788, "gap_category": "esperado", "gtfs_covered": 0, "dist_stop_m": 659.26658060778743, "in_test": true, "model_id": "B1", "model_date": "2026-09-27", "edge_cell": false, "queries_per_1000": 19.607843137254903 }, "geometry": { "type": "Polygon", "coordinates": [ [ [ -66.090708, -17.529418 ], [ -66.094664, -17.53257 ], [ -66.094019, -17.537446 ], [ -66.089418, -17.53917 ], [ -66.085463, -17.536017 ], [ -66.086108, -17.531142 ], [ -66.090708, -17.529418 ] ] ] } },
{ "type": "Feature", "properties": { "h3_cell": "888b2c9b37fffff", "lat": -17.527694014716857, "lon": -66.095308923300351, "population": 131, "query_count": 14, "expected_count": 33.717299578059077, "p_low": 0.52357346544921946, "pearson_residual": -0.37663877133785884, "gap_category": "esperado", "gtfs_covered": 0, "dist_stop_m": 1107.0802374337941, "in_test": true, "model_id": "B1", "model_date": "2026-09-27", "edge_cell": false, "queries_per_1000": 106.87022900763358 }, "geometry": { "type": "Polygon", "coordinates": [ [ [ -66.095954, -17.522818 ], [ -66.09991, -17.52597 ], [ -66.099264, -17.530846 ], [ -66.094664, -17.53257 ], [ -66.090708, -17.529418 ], [ -66.091354, -17.524542 ], [ -66.095954, -17.522818 ] ] ] } },
{ "type": "Feature", "properties": { "h3_cell": "888b2c9b39fffff", "lat": -17.543750277665211, "lon": -66.101930144523351, "population": 351, "query_count": 13, "expected_count": 39.0, "p_low": 0.48312551090006672, "pearson_residual": -0.42973555539620373, "gap_category": "esperado", "gtfs_covered": 0, "dist_stop_m": 2276.197169503745, "in_test": true, "model_id": "B1", "model_date": "2026-09-27", "edge_cell": false, "queries_per_1000": 37.037037037037038 }, "geometry": { "type": "Polygon", "coordinates": [ [ [ -66.102575, -17.538874 ], [ -66.106531, -17.542026 ], [ -66.105886, -17.546902 ], [ -66.101285, -17.548626 ], [ -66.097329, -17.545474 ], [ -66.097974, -17.540598 ], [ -66.102575, -17.538874 ] ] ] } },
{ "type": "Feature", "properties": { "h3_cell": "888b2c9b3bfffff", "lat": -17.537150311827737, "lon": -66.107176389779895, "population": 51, "query_count": 6, "expected_count": 1.1058673469387754, "p_low": 0.97111876512504258, "pearson_residual": 2.4416646295674638, "gap_category": "exceso", "gtfs_covered": 0, "dist_stop_m": 2484.443138459495, "in_test": true, "model_id": "B1", "model_date": "2026-09-27", "edge_cell": false, "queries_per_1000": 117.64705882352941 }, "geometry": { "type": "Polygon", "coordinates": [ [ [ -66.107821, -17.532274 ], [ -66.111778, -17.535426 ], [ -66.111133, -17.540302 ], [ -66.106531, -17.542026 ], [ -66.102575, -17.538874 ], [ -66.10322, -17.533998 ], [ -66.107821, -17.532274 ] ] ] } },
{ "type": "Feature", "properties": { "h3_cell": "888b2c9b3dfffff", "lat": -17.542321697865141, "lon": -66.093373453689566, "population": 130, "query_count": 0, "expected_count": 18.407079646017699, "p_low": 0.20247456334752659, "pearson_residual": -0.6407957030347905, "gap_category": "esperado", "gtfs_covered": 0, "dist_stop_m": 1468.9230831457546, "in_test": true, "model_id": "B1", "model_date": "2026-09-27", "edge_cell": false, "queries_per_1000": 0.0 }, "geometry": { "type": "Polygon", "coordinates": [ [ [ -66.094019, -17.537446 ], [ -66.097974, -17.540598 ], [ -66.097329, -17.545474 ], [ -66.092728, -17.547197 ], [ -66.088773, -17.544045 ], [ -66.089418, -17.53917 ], [ -66.094019, -17.537446 ] ] ] } },
{ "type": "Feature", "properties": { "h3_cell": "888b2c9b61fffff", "lat": -17.57014319130402, "lon": -66.080945768749615, "population": 12, "query_count": 0, "expected_count": 2.6069651741293534, "p_low": 0.4362619585242673, "pearson_residual": -0.60142744808620319, "gap_category": "esperado", "gtfs_covered": 0, "dist_stop_m": 3703.108507409449, "in_test": true, "model_id": "B1", "model_date": "2026-09-27", "edge_cell": true, "queries_per_1000": 0.0 }, "geometry": { "type": "Polygon", "coordinates": [ [ [ -66.081591, -17.565268 ], [ -66.085546, -17.568421 ], [ -66.084901, -17.573296 ], [ -66.0803, -17.575018 ], [ -66.076345, -17.571865 ], [ -66.076991, -17.566991 ], [ -66.081591, -17.565268 ] ] ] } },
{ "type": "Feature", "properties": { "h3_cell": "888b2c9b63fffff", "lat": -17.563546005821991, "lon": -66.086191771731364, "population": 165, "query_count": 0, "expected_count": 35.845771144278608, "p_low": 0.15374250202121562, "pearson_residual": -0.64430138445617013, "gap_category": "esperado", "gtfs_covered": 0, "dist_stop_m": 3165.4487250799839, "in_test": true, "model_id": "B1", "model_date": "2026-09-27", "edge_cell": true, "queries_per_1000": 0.0 }, "geometry": { "type": "Polygon", "coordinates": [ [ [ -66.086837, -17.558671 ], [ -66.090793, -17.561823 ], [ -66.090147, -17.566698 ], [ -66.085546, -17.568421 ], [ -66.081591, -17.565268 ], [ -66.082236, -17.560394 ], [ -66.086837, -17.558671 ] ] ] } },
{ "type": "Feature", "properties": { "h3_cell": "888b2c9b65fffff", "lat": -17.56871284126807, "lon": -66.072390324377935, "population": 351, "query_count": 0, "expected_count": 112.07673267326733, "p_low": 0.09556738494141824, "pearson_residual": -0.64685402810495252, "gap_category": "esperado", "gtfs_covered": 0, "dist_stop_m": 3252.6238144730924, "in_test": true, "model_id": "B1", "model_date": "2026-09-27", "edge_cell": true, "queries_per_1000": 0.0 }, "geometry": { "type": "Polygon", "coordinates": [ [ [ -66.073036, -17.563838 ], [ -66.076991, -17.566991 ], [ -66.076345, -17.571865 ], [ -66.071745, -17.573587 ], [ -66.06779, -17.570435 ], [ -66.068436, -17.56556 ], [ -66.073036, -17.563838 ] ] ] } },
{ "type": "Feature", "properties": { "h3_cell": "888b2c9b67fffff", "lat": -17.562116098403582, "lon": -66.077636015538943, "population": 267, "query_count": 2, "expected_count": 85.254950495049513, "p_low": 0.18356801079000584, "pearson_residual": -0.63130881058553256, "gap_category": "esperado", "gtfs_covered": 0, "dist_stop_m": 2748.7697663071635, "in_test": true, "model_id": "B1", "model_date": "2026-09-27", "edge_cell": true, "queries_per_1000": 7.4906367041198498 }, "geometry": { "type": "Polygon", "coordinates": [ [ [ -66.078281, -17.557241 ], [ -66.082236, -17.560394 ], [ -66.081591, -17.565268 ], [ -66.076991, -17.566991 ], [ -66.073036, -17.563838 ], [ -66.073681, -17.558964 ], [ -66.078281, -17.557241 ] ] ] } },
{ "type": "Feature", "properties": { "h3_cell": "888b2cc25bfffff", "lat": -17.428294472485419, "lon": -65.903210843993932, "population": 104, "query_count": 0, "expected_count": 0.1702127659574468, "p_low": 0.86684482053403689, "pearson_residual": -0.3480283596127508, "gap_category": "esperado", "gtfs_covered": 0, "dist_stop_m": 4238.4532007022044, "in_test": false, "model_id": "B1", "model_date": "2026-09-27", "edge_cell": true, "queries_per_1000": 0.0 }, "geometry": { "type": "Polygon", "coordinates": [ [ [ -65.903858, -17.423421 ], [ -65.907802, -17.426573 ], [ -65.907155, -17.431446 ], [ -65.902564, -17.433167 ], [ -65.89862, -17.430015 ], [ -65.899267, -17.425143 ], [ -65.903858, -17.423421 ] ] ] } },
{ "type": "Feature", "properties": { "h3_cell": "888b2cc64bfffff", "lat": -17.357666254552125, "lon": -66.01731250866996, "population": 15, "query_count": 1, "expected_count": 0.070754716981132074, "p_low": 0.9934230065770383, "pearson_residual": 3.2317978098511881, "gap_category": "esperado", "gtfs_covered": 0, "dist_stop_m": 3059.5266489973073, "in_test": false, "model_id": "B1", "model_date": "2026-09-27", "edge_cell": true, "queries_per_1000": 66.666666666666671 }, "geometry": { "type": "Polygon", "coordinates": [ [ [ -66.017958, -17.352788 ], [ -66.021907, -17.355939 ], [ -66.021262, -17.360817 ], [ -66.016667, -17.362544 ], [ -66.012718, -17.359393 ], [ -66.013363, -17.354515 ], [ -66.017958, -17.352788 ] ] ] } },
{ "type": "Feature", "properties": { "h3_cell": "888b2cd097fffff", "lat": -17.45236891268312, "lon": -65.913104224749787, "population": 52, "query_count": 0, "expected_count": 9.9999999999999995e-07, "p_low": 0.99999900000169051, "pearson_residual": -0.00099999880949217727, "gap_category": "esperado", "gtfs_covered": 0, "dist_stop_m": 4776.7283864892033, "in_test": false, "model_id": "B1", "model_date": "2026-09-27", "edge_cell": true, "queries_per_1000": 0.0 }, "geometry": { "type": "Polygon", "coordinates": [ [ [ -65.913751, -17.447496 ], [ -65.917696, -17.450648 ], [ -65.917049, -17.455521 ], [ -65.912458, -17.457241 ], [ -65.908513, -17.454089 ], [ -65.909159, -17.449217 ], [ -65.913751, -17.447496 ] ] ] } },
{ "type": "Feature", "properties": { "h3_cell": "888b2cd297fffff", "lat": -17.508540839380142, "lon": -65.936199009325307, "population": 33, "query_count": 0, "expected_count": 9.9999999999999995e-07, "p_low": 0.99999900000169051, "pearson_residual": -0.00099999880949217727, "gap_category": "esperado", "gtfs_covered": 0, "dist_stop_m": 2542.2329626925421, "in_test": true, "model_id": "B1", "model_date": "2026-09-27", "edge_cell": true, "queries_per_1000": 0.0 }, "geometry": { "type": "Polygon", "coordinates": [ [ [ -65.936846, -17.503669 ], [ -65.940793, -17.506821 ], [ -65.940146, -17.511693 ], [ -65.935552, -17.513413 ], [ -65.931606, -17.51026 ], [ -65.932252, -17.505388 ], [ -65.936846, -17.503669 ] ] ] } },
{ "type": "Feature", "properties": { "h3_cell": "888b2cd299fffff", "lat": -17.524589492688069, "lon": -65.942800150252225, "population": 14, "query_count": 0, "expected_count": 9.9999999999999995e-07, "p_low": 0.99999900000169051, "pearson_residual": -0.00099999880949217727, "gap_category": "esperado", "gtfs_covered": 0, "dist_stop_m": 881.93703258094001, "in_test": true, "model_id": "B1", "model_date": "2026-09-27", "edge_cell": true, "queries_per_1000": 0.0 }, "geometry": { "type": "Polygon", "coordinates": [ [ [ -65.943447, -17.519718 ], [ -65.947394, -17.52287 ], [ -65.946748, -17.527742 ], [ -65.942154, -17.529461 ], [ -65.938206, -17.526309 ], [ -65.938853, -17.521437 ], [ -65.943447, -17.519718 ] ] ] } },
{ "type": "Feature", "properties": { "h3_cell": "888b2cd29bfffff", "lat": -17.517998191777856, "lon": -65.948040699492253, "population": 63, "query_count": 0, "expected_count": 9.9999999999999995e-07, "p_low": 0.99999900000169051, "pearson_residual": -0.00099999880949217727, "gap_category": "esperado", "gtfs_covered": 0, "dist_stop_m": 1702.0007877633868, "in_test": true, "model_id": "B1", "model_date": "2026-09-27", "edge_cell": false, "queries_per_1000": 0.0 }, "geometry": { "type": "Polygon", "coordinates": [ [ [ -65.948687, -17.513126 ], [ -65.952635, -17.516278 ], [ -65.951988, -17.521151 ], [ -65.947394, -17.52287 ], [ -65.943447, -17.519718 ], [ -65.944093, -17.514846 ], [ -65.948687, -17.513126 ] ] ] } },
{ "type": "Feature", "properties": { "h3_cell": "888b2cd29dfffff", "lat": -17.523156050396885, "lon": -65.934259199313175, "population": 36, "query_count": 0, "expected_count": 9.9999999999999995e-07, "p_low": 0.99999900000169051, "pearson_residual": -0.00099999880949217727, "gap_category": "esperado", "gtfs_covered": 0, "dist_stop_m": 910.26065993604527, "in_test": true, "model_id": "B1", "model_date": "2026-09-27", "edge_cell": true, "queries_per_1000": 0.0 }, "geometry": { "type": "Polygon", "coordinates": [ [ [ -65.934906, -17.518284 ], [ -65.938853, -17.521437 ], [ -65.938206, -17.526309 ], [ -65.933613, -17.528028 ], [ -65.929666, -17.524875 ], [ -65.930312, -17.520004 ], [ -65.934906, -17.518284 ] ] ] } },
{ "type": "Feature", "properties": { "h3_cell": "888b2cd2d3fffff", "lat": -17.532613739267628, "lon": -65.946101159308498, "population": 154, "query_count": 4, "expected_count": 2.4618117229129663, "p_low": 0.81762011730034145, "pearson_residual": 0.3742559061386328, "gap_category": "esperado", "gtfs_covered": 1, "dist_stop_m": 152.59445675816252, "in_test": true, "model_id": "B1", "model_date": "2026-09-27", "edge_cell": false, "queries_per_1000": 25.974025974025977 }, "geometry": { "type": "Polygon", "coordinates": [ [ [ -65.946748, -17.527742 ], [ -65.950695, -17.530895 ], [ -65.950049, -17.535766 ], [ -65.945455, -17.537485 ], [ -65.941507, -17.534333 ], [ -65.942154, -17.529461 ], [ -65.946748, -17.527742 ] ] ] } },
{ "type": "Feature", "properties": { "h3_cell": "888b2cd2d7fffff", "lat": -17.531180097932598, "lon": -65.937559663992829, "population": 74, "query_count": 0, "expected_count": 9.9999999999999995e-07, "p_low": 0.99999900000169051, "pearson_residual": -0.00099999880949217727, "gap_category": "esperado", "gtfs_covered": 1, "dist_stop_m": 137.75631449946044, "in_test": true, "model_id": "B1", "model_date": "2026-09-27", "edge_cell": true, "queries_per_1000": 0.0 }, "geometry": { "type": "Polygon", "coordinates": [ [ [ -65.938206, -17.526309 ], [ -65.942154, -17.529461 ], [ -65.941507, -17.534333 ], [ -65.936913, -17.536051 ], [ -65.932966, -17.532899 ], [ -65.933613, -17.528028 ], [ -65.938206, -17.526309 ] ] ] } },
{ "type": "Feature", "properties": { "h3_cell": "888b2cd401fffff", "lat": -17.435992791074689, "lon": -65.993842958797316, "population": 228, "query_count": 3, "expected_count": 21.018036072144287, "p_low": 0.36908441196945119, "pearson_residual": -0.55009474366885669, "gap_category": "esperado", "gtfs_covered": 1, "dist_stop_m": 410.82151614268565, "in_test": false, "model_id": "B1", "model_date": "2026-09-27", "edge_cell": false, "queries_per_1000": 13.157894736842104 }, "geometry": { "type": "Polygon", "coordinates": [ [ [ -65.994489, -17.431117 ], [ -65.998438, -17.434269 ], [ -65.997792, -17.439145 ], [ -65.993197, -17.440868 ], [ -65.989248, -17.437716 ], [ -65.989894, -17.432841 ], [ -65.994489, -17.431117 ] ] ] } },
{ "type": "Feature", "properties": { "h3_cell": "888b2cd403fffff", "lat": -17.42939335311824, "lon": -65.999083692335589, "population": 337, "query_count": 5, "expected_count": 33.691331561347852, "p_low": 0.36346322256211111, "pearson_residual": -0.54848006016673423, "gap_category": "esperado", "gtfs_covered": 1, "dist_stop_m": 129.36778852478884, "in_test": false, "model_id": "B1", "model_date": "2026-09-27", "edge_cell": false, "queries_per_1000": 14.836795252225519 }, "geometry": { "type": "Polygon", "coordinates": [ [ [ -65.99973, -17.424518 ], [ -66.003679, -17.427669 ], [ -66.003033, -17.432545 ], [ -65.998438, -17.434269 ], [ -65.994489, -17.431117 ], [ -65.995135, -17.426242 ], [ -65.99973, -17.424518 ] ] ] } },
{ "type": "Feature", "properties": { "h3_cell": "888b2cd405fffff", "lat": -17.434564619449691, "lon": -65.985299638228369, "population": 347, "query_count": 0, "expected_count": 14.331404628890661, "p_low": 0.22432003622127636, "pearson_residual": -0.63877271051561502, "gap_category": "esperado", "gtfs_covered": 1, "dist_stop_m": 175.46825072353164, "in_test": false, "model_id": "B1", "model_date": "2026-09-27", "edge_cell": false, "queries_per_1000": 0.0 }, "geometry": { "type": "Polygon", "coordinates": [ [ [ -65.985946, -17.429689 ], [ -65.989894, -17.432841 ], [ -65.989248, -17.437716 ], [ -65.984654, -17.43944 ], [ -65.980705, -17.436288 ], [ -65.981351, -17.431413 ], [ -65.985946, -17.429689 ] ] ] } },
{ "type": "Feature", "properties": { "h3_cell": "888b2cd407fffff", "lat": -17.42796562416763, "lon": -65.99054005818607, "population": 191, "query_count": 21, "expected_count": 10.446320054017555, "p_low": 0.84487791314070237, "pearson_residual": 0.64194782997212074, "gap_category": "esperado", "gtfs_covered": 1, "dist_stop_m": 261.46431498067687, "in_test": false, "model_id": "B1", "model_date": "2026-09-27", "edge_cell": false, "queries_per_1000": 109.9476439790576 }, "geometry": { "type": "Polygon", "coordinates": [ [ [ -65.991186, -17.42309 ], [ -65.995135, -17.426242 ], [ -65.994489, -17.431117 ], [ -65.989894, -17.432841 ], [ -65.985946, -17.429689 ], [ -65.986592, -17.424814 ], [ -65.991186, -17.42309 ] ] ] } },
{ "type": "Feature", "properties": { "h3_cell": "888b2cd40bfffff", "lat": -17.437420719417528, "lon": -66.002387136588126, "population": 191, "query_count": 11, "expected_count": 20.967625308134757, "p_low": 0.57186473859538245, "pearson_residual": -0.30503832365292755, "gap_category": "esperado", "gtfs_covered": 0, "dist_stop_m": 524.41668412730303, "in_test": false, "model_id": "B1", "model_date": "2026-09-27", "edge_cell": false, "queries_per_1000": 57.59162303664921 }, "geometry": { "type": "Polygon", "coordinates": [ [ [ -66.003033, -17.432545 ], [ -66.006982, -17.435697 ], [ -66.006337, -17.440572 ], [ -66.001741, -17.442296 ], [ -65.997792, -17.439145 ], [ -65.998438, -17.434269 ], [ -66.003033, -17.432545 ] ] ] } },
{ "type": "Feature", "properties": { "h3_cell": "888b2cd40dfffff", "lat": -17.442591536343098, "lon": -65.988602287386371, "population": 36, "query_count": 0, "expected_count": 9.9999999999999995e-07, "p_low": 0.99999900000169051, "pearson_residual": -0.00099999880949217727, "gap_category": "esperado", "gtfs_covered": 0, "dist_stop_m": 722.43630092763692, "in_test": false, "model_id": "B1", "model_date": "2026-09-27", "edge_cell": false, "queries_per_1000": 0.0 }, "geometry": { "type": "Polygon", "coordinates": [ [ [ -65.989248, -17.437716 ], [ -65.993197, -17.440868 ], [ -65.992551, -17.445743 ], [ -65.987956, -17.447467 ], [ -65.984008, -17.444315 ], [ -65.984654, -17.43944 ], [ -65.989248, -17.437716 ] ] ] } },
{ "type": "Feature", "properties": { "h3_cell": "888b2cd411fffff", "lat": -17.424220265810987, "lon": -66.012869292337285, "population": 404, "query_count": 6, "expected_count": 44.350369761709118, "p_low": 0.34747279629538219, "pearson_residual": -0.5577558549609466, "gap_category": "esperado", "gtfs_covered": 1, "dist_stop_m": 437.55365874573732, "in_test": false, "model_id": "B1", "model_date": "2026-09-27", "edge_cell": false, "queries_per_1000": 14.85148514851485 }, "geometry": { "type": "Polygon", "coordinates": [ [ [ -66.013515, -17.419344 ], [ -66.017465, -17.422495 ], [ -66.016819, -17.427372 ], [ -66.012224, -17.429096 ], [ -66.008274, -17.425945 ], [ -66.00892, -17.421069 ], [ -66.013515, -17.419344 ] ] ] } },
{ "type": "Feature", "properties": { "h3_cell": "888b2cd413fffff", "lat": -17.417619000624516, "lon": -66.018110462982122, "population": 1104, "query_count": 65, "expected_count": 139.79703637180063, "p_low": 0.53898741437936448, "pearson_residual": -0.34622109248547567, "gap_category": "esperado", "gtfs_covered": 1, "dist_stop_m": 89.134251679778629, "in_test": false, "model_id": "B1", "model_date": "2026-09-27", "edge_cell": false, "queries_per_1000": 58.876811594202898 }, "geometry": { "type": "Polygon", "coordinates": [ [ [ -66.018756, -17.412742 ], [ -66.022706, -17.415894 ], [ -66.022061, -17.420771 ], [ -66.017465, -17.422495 ], [ -66.013515, -17.419344 ], [ -66.014161, -17.414467 ], [ -66.018756, -17.412742 ] ] ] } },
{ "type": "Feature", "properties": { "h3_cell": "888b2cd415fffff", "lat": -17.422793222709743, "lon": -66.004324487914616, "population": 745, "query_count": 14, "expected_count": 83.386997853419203, "p_low": 0.36972579888268897, "pearson_residual": -0.5379071349845771, "gap_category": "esperado", "gtfs_covered": 1, "dist_stop_m": 308.8003833567314, "in_test": false, "model_id": "B1", "model_date": "2026-09-27", "edge_cell": false, "queries_per_1000": 18.791946308724832 }, "geometry": { "type": "Polygon", "coordinates": [ [ [ -66.00497, -17.417917 ], [ -66.00892, -17.421069 ], [ -66.008274, -17.425945 ], [ -66.003679, -17.427669 ], [ -65.99973, -17.424518 ], [ -66.000375, -17.419642 ], [ -66.00497, -17.417917 ] ] ] } },
{ "type": "Feature", "properties": { "h3_cell": "888b2cd417fffff", "lat": -17.416192400085361, "lon": -66.009565345447783, "population": 979, "query_count": 46, "expected_count": 116.96744602304508, "p_low": 0.50747301816120538, "pearson_residual": -0.39249520483537365, "gap_category": "esperado", "gtfs_covered": 1, "dist_stop_m": 43.562394131936202, "in_test": false, "model_id": "B1", "model_date": "2026-09-27", "edge_cell": false, "queries_per_1000": 46.986721144024514 }, "geometry": { "type": "Polygon", "coordinates": [ [ [ -66.010211, -17.411316 ], [ -66.014161, -17.414467 ], [ -66.013515, -17.419344 ], [ -66.00892, -17.421069 ], [ -66.00497, -17.417917 ], [ -66.005616, -17.413041 ], [ -66.010211, -17.411316 ] ] ] } },
{ "type": "Feature", "properties": { "h3_cell": "888b2cd419fffff", "lat": -17.432248081100983, "lon": -66.016173531459415, "population": 42, "query_count": 0, "expected_count": 4.5682798275035932, "p_low": 0.35369866862651539, "pearson_residual": -0.6201831339767282, "gap_category": "esperado", "gtfs_covered": 1, "dist_stop_m": 455.97312317332586, "in_test": false, "model_id": "B1", "model_date": "2026-09-27", "edge_cell": false, "queries_per_1000": 0.0 }, "geometry": { "type": "Polygon", "coordinates": [ [ [ -66.016819, -17.427372 ], [ -66.020769, -17.430523 ], [ -66.020124, -17.4354 ], [ -66.015528, -17.437124 ], [ -66.011578, -17.433972 ], [ -66.012224, -17.429096 ], [ -66.016819, -17.427372 ] ] ] } },
{ "type": "Feature", "properties": { "h3_cell": "888b2cd41bfffff", "lat": -17.425647065524132, "lon": -66.021414953337441, "population": 321, "query_count": 1, "expected_count": 38.422510049129073, "p_low": 0.21143044852251672, "pearson_residual": -0.62777636080352273, "gap_category": "esperado", "gtfs_covered": 1, "dist_stop_m": 310.79743530260993, "in_test": false, "model_id": "B1", "model_date": "2026-09-27", "edge_cell": false, "queries_per_1000": 3.1152647975077881 }, "geometry": { "type": "Polygon", "coordinates": [ [ [ -66.022061, -17.420771 ], [ -66.026011, -17.423922 ], [ -66.025365, -17.428799 ], [ -66.020769, -17.430523 ], [ -66.016819, -17.427372 ], [ -66.017465, -17.422495 ], [ -66.022061, -17.420771 ] ] ] } },
{ "type": "Feature", "properties": { "h3_cell": "888b2cd41dfffff", "lat": -17.43082083882074, "lon": -66.00762818351042, "population": 466, "query_count": 4, "expected_count": 51.156614626129823, "p_low": 0.28425795508782548, "pearson_residual": -0.59495462197600102, "gap_category": "esperado", "gtfs_covered": 1, "dist_stop_m": 162.08136636353021, "in_test": false, "model_id": "B1", "model_date": "2026-09-27", "edge_cell": false, "queries_per_1000": 8.5836909871244629 }, "geometry": { "type": "Polygon", "coordinates": [ [ [ -66.008274, -17.425945 ], [ -66.012224, -17.429096 ], [ -66.011578, -17.433972 ], [ -66.006982, -17.435697 ], [ -66.003033, -17.432545 ], [ -66.003679, -17.427669 ], [ -66.008274, -17.425945 ] ] ] } },
{ "type": "Feature", "properties": { "h3_cell": "888b2cd421fffff", "lat": -17.425109437218627, "lon": -65.973455361966572, "population": 207, "query_count": 0, "expected_count": 3.7993670886075952, "p_low": 0.37946183918844562, "pearson_residual": -0.61496595460876891, "gap_category": "esperado", "gtfs_covered": 0, "dist_stop_m": 583.89409273506419, "in_test": false, "model_id": "B1", "model_date": "2026-09-27", "edge_cell": false, "queries_per_1000": 0.0 }, "geometry": { "type": "Polygon", "coordinates": [ [ [ -65.974101, -17.420234 ], [ -65.978049, -17.423386 ], [ -65.977403, -17.428261 ], [ -65.972809, -17.429984 ], [ -65.968862, -17.426833 ], [ -65.969508, -17.421958 ], [ -65.974101, -17.420234 ] ] ] } },
{ "type": "Feature", "properties": { "h3_cell": "888b2cd423fffff", "lat": -17.418510634818315, "lon": -65.978695216622882, "population": 119, "query_count": 1, "expected_count": 4.189544807965861, "p_low": 0.50519216422674063, "pearson_residual": -0.47036534417310594, "gap_category": "esperado", "gtfs_covered": 1, "dist_stop_m": 495.58233240078715, "in_test": false, "model_id": "B1", "model_date": "2026-09-27", "edge_cell": false, "queries_per_1000": 8.4033613445378155 }, "geometry": { "type": "Polygon", "coordinates": [ [ [ -65.979341, -17.413635 ], [ -65.983289, -17.416787 ], [ -65.982643, -17.421662 ], [ -65.978049, -17.423386 ], [ -65.974101, -17.420234 ], [ -65.974747, -17.415359 ], [ -65.979341, -17.413635 ] ] ] } },
{ "type": "Feature", "properties": { "h3_cell": "888b2cd425fffff", "lat": -17.423680979568523, "lon": -65.964914300397865, "population": 166, "query_count": 1, "expected_count": 2.9697717458359039, "p_low": 0.56907594117114335, "pearson_residual": -0.40233553413524925, "gap_category": "esperado", "gtfs_covered": 0, "dist_stop_m": 596.53191582025022, "in_test": false, "model_id": "B1", "model_date": "2026-09-27", "edge_cell": false, "queries_per_1000": 6.024096385542169 }, "geometry": { "type": "Polygon", "coordinates": [ [ [ -65.96556, -17.418806 ], [ -65.969508, -17.421958 ], [ -65.968862, -17.426833 ], [ -65.964268, -17.428556 ], [ -65.960321, -17.425404 ], [ -65.960967, -17.420529 ], [ -65.96556, -17.418806 ] ] ] } },
{ "type": "Feature", "properties": { "h3_cell": "888b2cd427fffff", "lat": -17.417082619905539, "lon": -65.970153841020576, "population": 388, "query_count": 0, "expected_count": 9.2734225621414907, "p_low": 0.26758119462397156, "pearson_residual": -0.63387001298635226, "gap_category": "esperado", "gtfs_covered": 1, "dist_stop_m": 220.29015492364994, "in_test": false, "model_id": "B1", "model_date": "2026-09-27", "edge_cell": false, "queries_per_1000": 0.0 }, "geometry": { "type": "Polygon", "coordinates": [ [ [ -65.9708, -17.412207 ], [ -65.974747, -17.415359 ], [ -65.974101, -17.420234 ], [ -65.969508, -17.421958 ], [ -65.96556, -17.418806 ], [ -65.966207, -17.413931 ], [ -65.9708, -17.412207 ] ] ] } },
{ "type": "Feature", "properties": { "h3_cell": "888b2cd429fffff", "lat": -17.433136204716757, "lon": -65.976757175132121, "population": 78, "query_count": 0, "expected_count": 1.4128669581511555, "p_low": 0.5385838667486551, "pearson_residual": -0.56899056101437495, "gap_category": "esperado", "gtfs_covered": 0, "dist_stop_m": 706.98945128424884, "in_test": false, "model_id": "B1", "model_date": "2026-09-27", "edge_cell": false, "queries_per_1000": 0.0 }, "geometry": { "type": "Polygon", "coordinates": [ [ [ -65.977403, -17.428261 ], [ -65.981351, -17.431413 ], [ -65.980705, -17.436288 ], [ -65.976111, -17.438011 ], [ -65.972163, -17.434859 ], [ -65.972809, -17.429984 ], [ -65.977403, -17.428261 ] ] ] } },
{ "type": "Feature", "properties": { "h3_cell": "888b2cd42bfffff", "lat": -17.426537652143043, "lon": -65.981997281312829, "population": 793, "query_count": 3, "expected_count": 24.410938433950985, "p_low": 0.34781880991936692, "pearson_residual": -0.56359287003154013, "gap_category": "esperado", "gtfs_covered": 1, "dist_stop_m": 124.69667857262577, "in_test": false, "model_id": "B1", "model_date": "2026-09-27", "edge_cell": false, "queries_per_1000": 3.7831021437578816 }, "geometry": { "type": "Polygon", "coordinates": [ [ [ -65.982643, -17.421662 ], [ -65.986592, -17.424814 ], [ -65.985946, -17.429689 ], [ -65.981351, -17.431413 ], [ -65.977403, -17.428261 ], [ -65.978049, -17.423386 ], [ -65.982643, -17.421662 ] ] ] } },
{ "type": "Feature", "properties": { "h3_cell": "888b2cd42dfffff", "lat": -17.431707547050056, "lon": -65.968215569759224, "population": 196, "query_count": 0, "expected_count": 4.2448210922787197, "p_low": 0.36379920965065538, "pearson_residual": -0.61820318940173424, "gap_category": "esperado", "gtfs_covered": 0, "dist_stop_m": 1351.7783868977342, "in_test": false, "model_id": "B1", "model_date": "2026-09-27", "edge_cell": false, "queries_per_1000": 0.0 }, "geometry": { "type": "Polygon", "coordinates": [ [ [ -65.968862, -17.426833 ], [ -65.972809, -17.429984 ], [ -65.972163, -17.434859 ], [ -65.967569, -17.436582 ], [ -65.963622, -17.43343 ], [ -65.964268, -17.428556 ], [ -65.968862, -17.426833 ] ] ] } },
{ "type": "Feature", "properties": { "h3_cell": "888b2cd431fffff", "lat": -17.413338469641559, "lon": -65.992477680526463, "population": 1378, "query_count": 31, "expected_count": 59.104712041884824, "p_low": 0.56496861280612254, "pearson_residual": -0.30707040838196548, "gap_category": "esperado", "gtfs_covered": 1, "dist_stop_m": 153.93808659416453, "in_test": false, "model_id": "B1", "model_date": "2026-09-27", "edge_cell": false, "queries_per_1000": 22.496371552975326 }, "geometry": { "type": "Polygon", "coordinates": [ [ [ -65.993124, -17.408462 ], [ -65.997072, -17.411614 ], [ -65.996426, -17.41649 ], [ -65.991832, -17.418214 ], [ -65.987883, -17.415063 ], [ -65.988529, -17.410187 ], [ -65.993124, -17.408462 ] ] ] } },
{ "type": "Feature", "properties": { "h3_cell": "888b2cd433fffff", "lat": -17.406737840185905, "lon": -65.997717973386315, "population": 932, "query_count": 107, "expected_count": 42.88528839922229, "p_low": 0.88149779531179517, "pearson_residual": 0.9641655398751614, "gap_category": "esperado", "gtfs_covered": 1, "dist_stop_m": 78.366546476755261, "in_test": false, "model_id": "B1", "model_date": "2026-09-27", "edge_cell": false, "queries_per_1000": 114.8068669527897 }, "geometry": { "type": "Polygon", "coordinates": [ [ [ -65.998364, -17.401862 ], [ -66.002313, -17.405013 ], [ -66.001667, -17.409889 ], [ -65.997072, -17.411614 ], [ -65.993124, -17.408462 ], [ -65.993769, -17.403586 ], [ -65.998364, -17.401862 ] ] ] } },
{ "type": "Feature", "properties": { "h3_cell": "888b2cd435fffff", "lat": -17.411911140084989, "lon": -65.983935133641609, "population": 710, "query_count": 30, "expected_count": 22.083981337480562, "p_low": 0.7660020857783556, "pearson_residual": 0.2301214208116609, "gap_category": "esperado", "gtfs_covered": 1, "dist_stop_m": 80.029142803508535, "in_test": false, "model_id": "B1", "model_date": "2026-09-27", "edge_cell": false, "queries_per_1000": 42.25352112676056 }, "geometry": { "type": "Polygon", "coordinates": [ [ [ -65.984581, -17.407035 ], [ -65.988529, -17.410187 ], [ -65.987883, -17.415063 ], [ -65.983289, -17.416787 ], [ -65.979341, -17.413635 ], [ -65.979987, -17.40876 ], [ -65.984581, -17.407035 ] ] ] } },
{ "type": "Feature", "properties": { "h3_cell": "888b2cd437fffff", "lat": -17.405310953254713, "lon": -65.989175112936223, "population": 911, "query_count": 97, "expected_count": 37.075581395348841, "p_low": 0.88939524203052145, "pearson_residual": 1.0415697413793572, "gap_category": "esperado", "gtfs_covered": 1, "dist_stop_m": 279.47434861908738, "in_test": false, "model_id": "B1", "model_date": "2026-09-27", "edge_cell": false, "queries_per_1000": 106.47639956092206 }, "geometry": { "type": "Polygon", "coordinates": [ [ [ -65.989821, -17.400435 ], [ -65.993769, -17.403586 ], [ -65.993124, -17.408462 ], [ -65.988529, -17.410187 ], [ -65.984581, -17.407035 ], [ -65.985227, -17.402159 ], [ -65.989821, -17.400435 ] ] ] } },
{ "type": "Feature", "properties": { "h3_cell": "888b2cd439fffff", "lat": -17.421365936394498, "lon": -65.995780540320652, "population": 912, "query_count": 7, "expected_count": 69.392584937346598, "p_low": 0.30690012041627091, "pearson_residual": -0.58093576094511901, "gap_category": "esperado", "gtfs_covered": 1, "dist_stop_m": 56.978997361615477, "in_test": false, "model_id": "B1", "model_date": "2026-09-27", "edge_cell": false, "queries_per_1000": 7.6754385964912277 }, "geometry": { "type": "Polygon", "coordinates": [ [ [ -65.996426, -17.41649 ], [ -66.000375, -17.419642 ], [ -65.99973, -17.424518 ], [ -65.995135, -17.426242 ], [ -65.991186, -17.42309 ], [ -65.991832, -17.418214 ], [ -65.996426, -17.41649 ] ] ] } },
{ "type": "Feature", "properties": { "h3_cell": "888b2cd43bfffff", "lat": -17.414765556366358, "lon": -66.001021084545513, "population": 797, "query_count": 28, "expected_count": 70.439515441051014, "p_low": 0.51112900172755216, "pearson_residual": -0.38929755116683751, "gap_category": "esperado", "gtfs_covered": 1, "dist_stop_m": 190.59615576903556, "in_test": false, "model_id": "B1", "model_date": "2026-09-27", "edge_cell": false, "queries_per_1000": 35.131744040150565 }, "geometry": { "type": "Polygon", "coordinates": [ [ [ -66.001667, -17.409889 ], [ -66.005616, -17.413041 ], [ -66.00497, -17.417917 ], [ -66.000375, -17.419642 ], [ -65.996426, -17.41649 ], [ -65.997072, -17.411614 ], [ -66.001667, -17.409889 ] ] ] } },
{ "type": "Feature", "properties": { "h3_cell": "888b2cd43dfffff", "lat": -17.419938407039322, "lon": -65.987237449806472, "population": 710, "query_count": 4, "expected_count": 27.295292871197216, "p_low": 0.36594837304791017, "pearson_residual": -0.54888724707373648, "gap_category": "esperado", "gtfs_covered": 1, "dist_stop_m": 65.746060310175181, "in_test": false, "model_id": "B1", "model_date": "2026-09-27", "edge_cell": false, "queries_per_1000": 5.6338028169014089 }, "geometry": { "type": "Polygon", "coordinates": [ [ [ -65.987883, -17.415063 ], [ -65.991832, -17.418214 ], [ -65.991186, -17.42309 ], [ -65.986592, -17.424814 ], [ -65.982643, -17.421662 ], [ -65.983289, -17.416787 ], [ -65.987883, -17.415063 ] ] ] } },
{ "type": "Feature", "properties": { "h3_cell": "888b2cd451fffff", "lat": -17.446875918764288, "lon": -66.014236451449392, "population": 233, "query_count": 2, "expected_count": 26.021087470449174, "p_low": 0.29882089481575769, "pearson_residual": -0.59348380500792608, "gap_category": "esperado", "gtfs_covered": 0, "dist_stop_m": 1725.8510678079815, "in_test": false, "model_id": "B1", "model_date": "2026-09-27", "edge_cell": false, "queries_per_1000": 8.5836909871244629 }, "geometry": { "type": "Polygon", "coordinates": [ [ [ -66.014882, -17.442 ], [ -66.018832, -17.445152 ], [ -66.018187, -17.450028 ], [ -66.013591, -17.451752 ], [ -66.009641, -17.4486 ], [ -66.010286, -17.443724 ], [ -66.014882, -17.442 ] ] ] } },
{ "type": "Feature", "properties": { "h3_cell": "888b2cd453fffff", "lat": -17.440275845559981, "lon": -66.019478062830942, "population": 829, "query_count": 30, "expected_count": 92.581465721040189, "p_low": 0.47312415232531035, "pearson_residual": -0.43707636582865866, "gap_category": "esperado", "gtfs_covered": 0, "dist_stop_m": 1389.9891205373638, "in_test": false, "model_id": "B1", "model_date": "2026-09-27", "edge_cell": false, "queries_per_1000": 36.188178528347407 }, "geometry": { "type": "Polygon", "coordinates": [ [ [ -66.020124, -17.4354 ], [ -66.024074, -17.438551 ], [ -66.023429, -17.443428 ], [ -66.018832, -17.445152 ], [ -66.014882, -17.442 ], [ -66.015528, -17.437124 ], [ -66.020124, -17.4354 ] ] ] } },
{ "type": "Feature", "properties": { "h3_cell": "888b2cd457fffff", "lat": -17.438848404304032, "lon": -66.010932171349751, "population": 46, "query_count": 0, "expected_count": 5.0033540967896499, "p_low": 0.34149206634958978, "pearson_residual": -0.62246595606230426, "gap_category": "esperado", "gtfs_covered": 0, "dist_stop_m": 781.66072663543616, "in_test": false, "model_id": "B1", "model_date": "2026-09-27", "edge_cell": false, "queries_per_1000": 0.0 }, "geometry": { "type": "Polygon", "coordinates": [ [ [ -66.011578, -17.433972 ], [ -66.015528, -17.437124 ], [ -66.014882, -17.442 ], [ -66.010286, -17.443724 ], [ -66.006337, -17.440572 ], [ -66.006982, -17.435697 ], [ -66.011578, -17.433972 ] ] ] } },
{ "type": "Feature", "properties": { "h3_cell": "888b2cd459fffff", "lat": -17.454903381806211, "lon": -66.017541023826169, "population": 31, "query_count": 0, "expected_count": 3.5428571428571427, "p_low": 0.38959031486173396, "pearson_residual": -0.61276189744277687, "gap_category": "esperado", "gtfs_covered": 0, "dist_stop_m": 2235.3881820020383, "in_test": false, "model_id": "B1", "model_date": "2026-09-27", "edge_cell": false, "queries_per_1000": 0.0 }, "geometry": { "type": "Polygon", "coordinates": [ [ [ -66.018187, -17.450028 ], [ -66.022137, -17.453179 ], [ -66.021492, -17.458055 ], [ -66.016895, -17.459779 ], [ -66.012945, -17.456627 ], [ -66.013591, -17.451752 ], [ -66.018187, -17.450028 ] ] ] } },
{ "type": "Feature", "properties": { "h3_cell": "888b2cd45bfffff", "lat": -17.448303558792613, "lon": -66.022782886468661, "population": 63, "query_count": 6, "expected_count": 7.0357446808510637, "p_low": 0.68091964524206883, "pearson_residual": -0.092676792995411858, "gap_category": "esperado", "gtfs_covered": 0, "dist_stop_m": 1590.5566562553934, "in_test": false, "model_id": "B1", "model_date": "2026-09-27", "edge_cell": false, "queries_per_1000": 95.238095238095227 }, "geometry": { "type": "Polygon", "coordinates": [ [ [ -66.023429, -17.443428 ], [ -66.027379, -17.446579 ], [ -66.026734, -17.451455 ], [ -66.022137, -17.453179 ], [ -66.018187, -17.450028 ], [ -66.018832, -17.445152 ], [ -66.023429, -17.443428 ] ] ] } },
{ "type": "Feature", "properties": { "h3_cell": "888b2cd45dfffff", "lat": -17.453475299161671, "lon": -66.008994901873223, "population": 10, "query_count": 1, "expected_count": 1.1330049261083743, "p_low": 0.75431672808881178, "pearson_residual": -0.064980876259426029, "gap_category": "esperado", "gtfs_covered": 0, "dist_stop_m": 2217.2496744476139, "in_test": false, "model_id": "B1", "model_date": "2026-09-27", "edge_cell": false, "queries_per_1000": 100.0 }, "geometry": { "type": "Polygon", "coordinates": [ [ [ -66.009641, -17.4486 ], [ -66.013591, -17.451752 ], [ -66.012945, -17.456627 ], [ -66.008349, -17.458351 ], [ -66.004399, -17.455199 ], [ -66.005045, -17.450323 ], [ -66.009641, -17.4486 ] ] ] } },
{ "type": "Feature", "properties": { "h3_cell": "888b2cd461fffff", "lat": -17.447760531597183, "lon": -65.974818985189813, "population": 72, "query_count": 0, "expected_count": 9.9999999999999995e-07, "p_low": 0.99999900000169051, "pearson_residual": -0.00099999880949217727, "gap_category": "esperado", "gtfs_covered": 0, "dist_stop_m": 1430.5282477562619, "in_test": false, "model_id": "B1", "model_date": "2026-09-27", "edge_cell": false, "queries_per_1000": 0.0 }, "geometry": { "type": "Polygon", "coordinates": [ [ [ -65.975465, -17.442886 ], [ -65.979413, -17.446038 ], [ -65.978767, -17.450912 ], [ -65.974173, -17.452635 ], [ -65.970225, -17.449483 ], [ -65.970871, -17.444609 ], [ -65.975465, -17.442886 ] ] ] } },
{ "type": "Feature", "properties": { "h3_cell": "888b2cd463fffff", "lat": -17.4411629220048, "lon": -65.980059280534093, "population": 83, "query_count": 0, "expected_count": 9.9999999999999995e-07, "p_low": 0.99999900000169051, "pearson_residual": -0.00099999880949217727, "gap_category": "esperado", "gtfs_covered": 0, "dist_stop_m": 517.87087679656304, "in_test": false, "model_id": "B1", "model_date": "2026-09-27", "edge_cell": false, "queries_per_1000": 0.0 }, "geometry": { "type": "Polygon", "coordinates": [ [ [ -65.980705, -17.436288 ], [ -65.984654, -17.43944 ], [ -65.984008, -17.444315 ], [ -65.979413, -17.446038 ], [ -65.975465, -17.442886 ], [ -65.976111, -17.438011 ], [ -65.980705, -17.436288 ] ] ] } },
{ "type": "Feature", "properties": { "h3_cell": "888b2cd467fffff", "lat": -17.439734064524639, "lon": -65.971517131350907, "population": 151, "query_count": 0, "expected_count": 3.2276951672862451, "p_low": 0.40338850629958678, "pearson_residual": -0.60961575681304325, "gap_category": "esperado", "gtfs_covered": 0, "dist_stop_m": 1309.4015998418186, "in_test": false, "model_id": "B1", "model_date": "2026-09-27", "edge_cell": false, "queries_per_1000": 0.0 }, "geometry": { "type": "Polygon", "coordinates": [ [ [ -65.972163, -17.434859 ], [ -65.976111, -17.438011 ], [ -65.975465, -17.442886 ], [ -65.970871, -17.444609 ], [ -65.966923, -17.441457 ], [ -65.967569, -17.436582 ], [ -65.972163, -17.434859 ] ] ] } },
{ "type": "Feature", "properties": { "h3_cell": "888b2cd46dfffff", "lat": -17.45435744799126, "lon": -65.969578752282075, "population": 25, "query_count": 0, "expected_count": 9.9999999999999995e-07, "p_low": 0.99999900000169051, "pearson_residual": -0.00099999880949217727, "gap_category": "esperado", "gtfs_covered": 0, "dist_stop_m": 2348.0581246175993, "in_test": false, "model_id": "B1", "model_date": "2026-09-27", "edge_cell": false, "queries_per_1000": 0.0 }, "geometry": { "type": "Polygon", "coordinates": [ [ [ -65.970225, -17.449483 ], [ -65.974173, -17.452635 ], [ -65.973527, -17.457509 ], [ -65.968933, -17.459232 ], [ -65.964985, -17.45608 ], [ -65.965631, -17.451206 ], [ -65.970225, -17.449483 ] ] ] } },
{ "type": "Feature", "properties": { "h3_cell": "888b2cd481fffff", "lat": -17.389782192157519, "lon": -66.030529393389799, "population": 1378, "query_count": 14, "expected_count": 437.92723992784124, "p_low": 0.18763577434207834, "pearson_residual": -0.62704642907097241, "gap_category": "esperado", "gtfs_covered": 1, "dist_stop_m": 67.873947501072095, "in_test": false, "model_id": "B1", "model_date": "2026-09-27", "edge_cell": false, "queries_per_1000": 10.159651669085632 }, "geometry": { "type": "Polygon", "coordinates": [ [ [ -66.031175, -17.384905 ], [ -66.035125, -17.388056 ], [ -66.03448, -17.392933 ], [ -66.029884, -17.39466 ], [ -66.025934, -17.391508 ], [ -66.026579, -17.386631 ], [ -66.031175, -17.384905 ] ] ] } },
{ "type": "Feature", "properties": { "h3_cell": "888b2cd483fffff", "lat": -17.383177912001539, "lon": -66.035770559394578, "population": 1253, "query_count": 17, "expected_count": 1615.4563376721851, "p_low": 0.1175850458988895, "pearson_residual": -0.64116173324379988, "gap_category": "esperado", "gtfs_covered": 1, "dist_stop_m": 322.00337081667971, "in_test": false, "model_id": "B1", "model_date": "2026-09-27", "edge_cell": false, "queries_per_1000": 13.567438148443737 }, "geometry": { "type": "Polygon", "coordinates": [ [ [ -66.036416, -17.3783 ], [ -66.040366, -17.381451 ], [ -66.039721, -17.386329 ], [ -66.035125, -17.388056 ], [ -66.031175, -17.384905 ], [ -66.03182, -17.380027 ], [ -66.036416, -17.3783 ] ] ] } },
{ "type": "Feature", "properties": { "h3_cell": "888b2cd485fffff", "lat": -17.388357118430751, "lon": -66.021983880616148, "population": 296, "query_count": 0, "expected_count": 19.104259210870136, "p_low": 0.19940598120854161, "pearson_residual": -0.64105669287115807, "gap_category": "esperado", "gtfs_covered": 0, "dist_stop_m": 768.96477085939239, "in_test": false, "model_id": "B1", "model_date": "2026-09-27", "edge_cell": false, "queries_per_1000": 0.0 }, "geometry": { "type": "Polygon", "coordinates": [ [ [ -66.022629, -17.38348 ], [ -66.026579, -17.386631 ], [ -66.025934, -17.391508 ], [ -66.021338, -17.393234 ], [ -66.017389, -17.390083 ], [ -66.018034, -17.385206 ], [ -66.022629, -17.38348 ] ] ] } },
{ "type": "Feature", "properties": { "h3_cell": "888b2cd487fffff", "lat": -17.381753280674193, "lon": -66.02722473399362, "population": 471, "query_count": 4, "expected_count": 103.60449808008777, "p_low": 0.21274113647526, "pearson_residual": -0.62178514741675994, "gap_category": "esperado", "gtfs_covered": 1, "dist_stop_m": 201.63134333132697, "in_test": false, "model_id": "B1", "model_date": "2026-09-27", "edge_cell": false, "queries_per_1000": 8.4925690021231421 }, "geometry": { "type": "Polygon", "coordinates": [ [ [ -66.02787, -17.376876 ], [ -66.03182, -17.380027 ], [ -66.031175, -17.384905 ], [ -66.026579, -17.386631 ], [ -66.022629, -17.38348 ], [ -66.023275, -17.378602 ], [ -66.02787, -17.376876 ] ] ] } },
{ "type": "Feature", "properties": { "h3_cell": "888b2cd489fffff", "lat": -17.397811054369587, "lon": -66.033834344958095, "population": 1828, "query_count": 1238, "expected_count": 113.52770546671626, "p_low": 0.99817368213522362, "pearson_residual": 6.4071301718112013, "gap_category": "exceso", "gtfs_covered": 1, "dist_stop_m": 63.771380256903669, "in_test": false, "model_id": "B1", "model_date": "2026-09-27", "edge_cell": false, "queries_per_1000": 677.24288840262579 }, "geometry": { "type": "Polygon", "coordinates": [ [ [ -66.03448, -17.392933 ], [ -66.03843, -17.396085 ], [ -66.037785, -17.400962 ], [ -66.033189, -17.402688 ], [ -66.029238, -17.399537 ], [ -66.029884, -17.39466 ], [ -66.03448, -17.392933 ] ] ] } },
{ "type": "Feature", "properties": { "h3_cell": "888b2cd48bfffff", "lat": -17.391207022841826, "lon": -66.039075762008451, "population": 1709, "query_count": 79, "expected_count": 878.2546115874253, "p_low": 0.28286046267201831, "pearson_residual": -0.589629743208128, "gap_category": "esperado", "gtfs_covered": 1, "dist_stop_m": 220.55415922718652, "in_test": false, "model_id": "B1", "model_date": "2026-09-27", "edge_cell": false, "queries_per_1000": 46.225863077823291 }, "geometry": { "type": "Polygon", "coordinates": [ [ [ -66.039721, -17.386329 ], [ -66.043672, -17.38948 ], [ -66.043027, -17.394358 ], [ -66.03843, -17.396085 ], [ -66.03448, -17.392933 ], [ -66.035125, -17.388056 ], [ -66.039721, -17.386329 ] ] ] } },
{ "type": "Feature", "properties": { "h3_cell": "888b2cd48dfffff", "lat": -17.396385781280763, "lon": -66.025288288906125, "population": 694, "query_count": 44, "expected_count": 34.641965778978516, "p_low": 0.75088553885202014, "pearson_residual": 0.17401384188934335, "gap_category": "esperado", "gtfs_covered": 1, "dist_stop_m": 476.78035016078434, "in_test": false, "model_id": "B1", "model_date": "2026-09-27", "edge_cell": false, "queries_per_1000": 63.400576368876081 }, "geometry": { "type": "Polygon", "coordinates": [ [ [ -66.025934, -17.391508 ], [ -66.029884, -17.39466 ], [ -66.029238, -17.399537 ], [ -66.024643, -17.401263 ], [ -66.020693, -17.398112 ], [ -66.021338, -17.393234 ], [ -66.025934, -17.391508 ] ] ] } },
{ "type": "Feature", "properties": { "h3_cell": "888b2cd491fffff", "lat": -17.377996887044105, "lon": -66.049558780176909, "population": 1021, "query_count": 49, "expected_count": 207.3864057127744, "p_low": 0.41755065991681634, "pearson_residual": -0.49444364094061427, "gap_category": "esperado", "gtfs_covered": 0, "dist_stop_m": 609.22942038810072, "in_test": false, "model_id": "B1", "model_date": "2026-09-27", "edge_cell": false, "queries_per_1000": 47.992164544564154 }, "geometry": { "type": "Polygon", "coordinates": [ [ [ -66.050204, -17.373118 ], [ -66.054155, -17.376269 ], [ -66.05351, -17.381148 ], [ -66.048914, -17.382875 ], [ -66.044963, -17.379724 ], [ -66.045608, -17.374846 ], [ -66.050204, -17.373118 ] ] ] } },
{ "type": "Feature", "properties": { "h3_cell": "888b2cd493fffff", "lat": -17.371390783248689, "lon": -66.054800381121666, "population": 310, "query_count": 0, "expected_count": 57.68113242689514, "p_low": 0.12613265399354884, "pearson_residual": -0.64571834154867436, "gap_category": "esperado", "gtfs_covered": 0, "dist_stop_m": 704.12794788452209, "in_test": false, "model_id": "B1", "model_date": "2026-09-27", "edge_cell": false, "queries_per_1000": 0.0 }, "geometry": { "type": "Polygon", "coordinates": [ [ [ -66.055446, -17.366512 ], [ -66.059397, -17.369663 ], [ -66.058752, -17.374542 ], [ -66.054155, -17.376269 ], [ -66.050204, -17.373118 ], [ -66.050849, -17.36824 ], [ -66.055446, -17.366512 ] ] ] } },
{ "type": "Feature", "properties": { "h3_cell": "888b2cd495fffff", "lat": -17.376572941049915, "lon": -66.041011786833792, "population": 477, "query_count": 6, "expected_count": 96.219416970327956, "p_low": 0.2537614091501974, "pearson_residual": -0.60633134412654188, "gap_category": "esperado", "gtfs_covered": 0, "dist_stop_m": 1169.0326976070626, "in_test": false, "model_id": "B1", "model_date": "2026-09-27", "edge_cell": false, "queries_per_1000": 12.578616352201259 }, "geometry": { "type": "Polygon", "coordinates": [ [ [ -66.041657, -17.371695 ], [ -66.045608, -17.374846 ], [ -66.044963, -17.379724 ], [ -66.040366, -17.381451 ], [ -66.036416, -17.3783 ], [ -66.037061, -17.373422 ], [ -66.041657, -17.371695 ] ] ] } },
{ "type": "Feature", "properties": { "h3_cell": "888b2cd497fffff", "lat": -17.369967279539942, "lon": -66.046253075620797, "population": 88, "query_count": 0, "expected_count": 1.802607076350093, "p_low": 0.49669157575680217, "pearson_residual": -0.58363165709435827, "gap_category": "esperado", "gtfs_covered": 0, "dist_stop_m": 1360.6173676757651, "in_test": false, "model_id": "B1", "model_date": "2026-09-27", "edge_cell": false, "queries_per_1000": 0.0 }, "geometry": { "type": "Polygon", "coordinates": [ [ [ -66.046898, -17.365089 ], [ -66.050849, -17.36824 ], [ -66.050204, -17.373118 ], [ -66.045608, -17.374846 ], [ -66.041657, -17.371695 ], [ -66.042302, -17.366816 ], [ -66.046898, -17.365089 ] ] ] } },
{ "type": "Feature", "properties": { "h3_cell": "888b2cd499fffff", "lat": -17.386026445458615, "lon": -66.052864776888839, "population": 1668, "query_count": 110, "expected_count": 2425.3971539456661, "p_low": 0.213132967487669, "pearson_residual": -0.6186193789652078, "gap_category": "esperado", "gtfs_covered": 1, "dist_stop_m": 41.365910615063676, "in_test": false, "model_id": "B1", "model_date": "2026-09-27", "edge_cell": false, "queries_per_1000": 65.947242206235018 }, "geometry": { "type": "Polygon", "coordinates": [ [ [ -66.05351, -17.381148 ], [ -66.057461, -17.384299 ], [ -66.056816, -17.389178 ], [ -66.05222, -17.390905 ], [ -66.048268, -17.387754 ], [ -66.048914, -17.382875 ], [ -66.05351, -17.381148 ] ] ] } },
{ "type": "Feature", "properties": { "h3_cell": "888b2cd49bfffff", "lat": -17.379420589891211, "lon": -66.058106628719159, "population": 1491, "query_count": 194, "expected_count": 302.85321343559906, "p_low": 0.60273788489548874, "pearson_residual": -0.23276979865760405, "gap_category": "esperado", "gtfs_covered": 1, "dist_stop_m": 178.18597256833007, "in_test": false, "model_id": "B1", "model_date": "2026-09-27", "edge_cell": false, "queries_per_1000": 130.11401743796111 }, "geometry": { "type": "Polygon", "coordinates": [ [ [ -66.058752, -17.374542 ], [ -66.062703, -17.377693 ], [ -66.062058, -17.382572 ], [ -66.057461, -17.384299 ], [ -66.05351, -17.381148 ], [ -66.054155, -17.376269 ], [ -66.058752, -17.374542 ] ] ] } },
{ "type": "Feature", "properties": { "h3_cell": "888b2cd49dfffff", "lat": -17.384602300320935, "lon": -66.044317240443604, "population": 1176, "query_count": 41, "expected_count": 1709.9922380336352, "p_low": 0.16424254743401376, "pearson_residual": -0.6324487505646631, "gap_category": "esperado", "gtfs_covered": 1, "dist_stop_m": 336.1443631633432, "in_test": false, "model_id": "B1", "model_date": "2026-09-27", "edge_cell": false, "queries_per_1000": 34.863945578231288 }, "geometry": { "type": "Polygon", "coordinates": [ [ [ -66.044963, -17.379724 ], [ -66.048914, -17.382875 ], [ -66.048268, -17.387754 ], [ -66.043672, -17.38948 ], [ -66.039721, -17.386329 ], [ -66.040366, -17.381451 ], [ -66.044963, -17.379724 ] ] ] } },
{ "type": "Feature", "properties": { "h3_cell": "888b2cd4a3fffff", "lat": -17.372299645921956, "lon": -66.015375940518226, "population": 10, "query_count": 0, "expected_count": 1.0448521916411826, "p_low": 0.5917442901302522, "pearson_residual": -0.54733192369267114, "gap_category": "esperado", "gtfs_covered": 0, "dist_stop_m": 1837.8476719283826, "in_test": false, "model_id": "B1", "model_date": "2026-09-27", "edge_cell": false, "queries_per_1000": 0.0 }, "geometry": { "type": "Polygon", "coordinates": [ [ [ -66.016021, -17.367422 ], [ -66.019971, -17.370573 ], [ -66.019325, -17.375451 ], [ -66.01473, -17.377177 ], [ -66.010781, -17.374026 ], [ -66.011427, -17.369148 ], [ -66.016021, -17.367422 ] ] ] } },
{ "type": "Feature", "properties": { "h3_cell": "888b2cd4a7fffff", "lat": -17.370874729076508, "lon": -66.00683237048959, "population": 31, "query_count": 0, "expected_count": 3.4203444564047363, "p_low": 0.39476265977820257, "pearson_residual": -0.61160213642831385, "gap_category": "esperado", "gtfs_covered": 0, "dist_stop_m": 2668.761245639736, "in_test": false, "model_id": "B1", "model_date": "2026-09-27", "edge_cell": true, "queries_per_1000": 0.0 }, "geometry": { "type": "Polygon", "coordinates": [ [ [ -66.007478, -17.365997 ], [ -66.011427, -17.369148 ], [ -66.010781, -17.374026 ], [ -66.006187, -17.375752 ], [ -66.002238, -17.372601 ], [ -66.002884, -17.367724 ], [ -66.007478, -17.365997 ] ] ] } },
{ "type": "Feature", "properties": { "h3_cell": "888b2cd4a9fffff", "lat": -17.386931801835324, "lon": -66.013439223939045, "population": 68, "query_count": 0, "expected_count": 4.1693917593198169, "p_low": 0.36629856393264187, "pearson_residual": -0.61770033557541126, "gap_category": "esperado", "gtfs_covered": 0, "dist_stop_m": 891.18064898956948, "in_test": false, "model_id": "B1", "model_date": "2026-09-27", "edge_cell": false, "queries_per_1000": 0.0 }, "geometry": { "type": "Polygon", "coordinates": [ [ [ -66.014085, -17.382055 ], [ -66.018034, -17.385206 ], [ -66.017389, -17.390083 ], [ -66.012794, -17.391809 ], [ -66.008844, -17.388658 ], [ -66.00949, -17.38378 ], [ -66.014085, -17.382055 ] ] ] } },
{ "type": "Feature", "properties": { "h3_cell": "888b2cd4abfffff", "lat": -17.380328406512643, "lon": -66.018679764492447, "population": 56, "query_count": 0, "expected_count": 5.4236440889777553, "p_low": 0.33095301458016363, "pearson_residual": -0.6243421317743878, "gap_category": "esperado", "gtfs_covered": 0, "dist_stop_m": 1074.1924278380086, "in_test": false, "model_id": "B1", "model_date": "2026-09-27", "edge_cell": false, "queries_per_1000": 0.0 }, "geometry": { "type": "Polygon", "coordinates": [ [ [ -66.019325, -17.375451 ], [ -66.023275, -17.378602 ], [ -66.022629, -17.38348 ], [ -66.018034, -17.385206 ], [ -66.014085, -17.382055 ], [ -66.01473, -17.377177 ], [ -66.019325, -17.375451 ] ] ] } },
{ "type": "Feature", "properties": { "h3_cell": "888b2cd4b9fffff", "lat": -17.375148752082371, "lon": -66.032465648941809, "population": 217, "query_count": 0, "expected_count": 40.40115163147793, "p_low": 0.14628892506178531, "pearson_residual": -0.64472245586969645, "gap_category": "esperado", "gtfs_covered": 0, "dist_stop_m": 843.58235112408647, "in_test": false, "model_id": "B1", "model_date": "2026-09-27", "edge_cell": false, "queries_per_1000": 0.0 }, "geometry": { "type": "Polygon", "coordinates": [ [ [ -66.033111, -17.370271 ], [ -66.037061, -17.373422 ], [ -66.036416, -17.3783 ], [ -66.03182, -17.380027 ], [ -66.02787, -17.376876 ], [ -66.028516, -17.371998 ], [ -66.033111, -17.370271 ] ] ] } },
{ "type": "Feature", "properties": { "h3_cell": "888b2cd4c1fffff", "lat": -17.412442958194497, "lon": -66.031897982051973, "population": 1637, "query_count": 217, "expected_count": 78.171348314606746, "p_low": 0.89874842395275678, "pearson_residual": 1.1478534797754749, "gap_category": "esperado", "gtfs_covered": 1, "dist_stop_m": 42.460995963252046, "in_test": false, "model_id": "B1", "model_date": "2026-09-27", "edge_cell": false, "queries_per_1000": 132.55956017104458 }, "geometry": { "type": "Polygon", "coordinates": [ [ [ -66.032543, -17.407566 ], [ -66.036494, -17.410717 ], [ -66.035849, -17.415594 ], [ -66.031252, -17.41732 ], [ -66.027302, -17.414169 ], [ -66.027947, -17.409292 ], [ -66.032543, -17.407566 ] ] ] } },
{ "type": "Feature", "properties": { "h3_cell": "888b2cd4c3fffff", "lat": -17.405839866914828, "lon": -66.037139588715206, "population": 2553, "query_count": 5111, "expected_count": 111.63827226531158, "p_low": 0.99999999961716457, "pearson_residual": 28.967069246206172, "gap_category": "exceso", "gtfs_covered": 1, "dist_stop_m": 110.16656840970175, "in_test": false, "model_id": "B1", "model_date": "2026-09-27", "edge_cell": false, "queries_per_1000": 2001.9584802193497 }, "geometry": { "type": "Polygon", "coordinates": [ [ [ -66.037785, -17.400962 ], [ -66.041736, -17.404114 ], [ -66.041091, -17.408991 ], [ -66.036494, -17.410717 ], [ -66.032543, -17.407566 ], [ -66.033189, -17.402688 ], [ -66.037785, -17.400962 ] ] ] } },
{ "type": "Feature", "properties": { "h3_cell": "888b2cd4c5fffff", "lat": -17.411017043497729, "lon": -66.023351695358286, "population": 1533, "query_count": 107, "expected_count": 54.899544764795152, "p_low": 0.83693613079561024, "pearson_residual": 0.61268377851285794, "gap_category": "esperado", "gtfs_covered": 1, "dist_stop_m": 201.00806420973115, "in_test": false, "model_id": "B1", "model_date": "2026-09-27", "edge_cell": false, "queries_per_1000": 69.797782126549251 }, "geometry": { "type": "Polygon", "coordinates": [ [ [ -66.023997, -17.40614 ], [ -66.027947, -17.409292 ], [ -66.027302, -17.414169 ], [ -66.022706, -17.415894 ], [ -66.018756, -17.412742 ], [ -66.019402, -17.407866 ], [ -66.023997, -17.40614 ] ] ] } },
{ "type": "Feature", "properties": { "h3_cell": "888b2cd4c7fffff", "lat": -17.404414394667178, "lon": -66.028592989379149, "population": 2321, "query_count": 909, "expected_count": 104.68371390828459, "p_low": 0.99481941141473051, "pearson_residual": 4.9693179243082106, "gap_category": "exceso", "gtfs_covered": 1, "dist_stop_m": 139.25200254361621, "in_test": false, "model_id": "B1", "model_date": "2026-09-27", "edge_cell": false, "queries_per_1000": 391.64153382162857 }, "geometry": { "type": "Polygon", "coordinates": [ [ [ -66.029238, -17.399537 ], [ -66.033189, -17.402688 ], [ -66.032543, -17.407566 ], [ -66.027947, -17.409292 ], [ -66.023997, -17.40614 ], [ -66.024643, -17.401263 ], [ -66.029238, -17.399537 ] ] ] } },
{ "type": "Feature", "properties": { "h3_cell": "888b2cd4c9fffff", "lat": -17.420471471467195, "lon": -66.03520326694138, "population": 626, "query_count": 23, "expected_count": 16.708876474239602, "p_low": 0.76963947773622743, "pearson_residual": 0.2409954195879784, "gap_category": "esperado", "gtfs_covered": 1, "dist_stop_m": 187.54016926813495, "in_test": false, "model_id": "B1", "model_date": "2026-09-27", "edge_cell": false, "queries_per_1000": 36.741214057507989 }, "geometry": { "type": "Polygon", "coordinates": [ [ [ -66.035849, -17.415594 ], [ -66.0398, -17.418746 ], [ -66.039154, -17.423623 ], [ -66.034558, -17.425348 ], [ -66.030607, -17.422197 ], [ -66.031252, -17.41732 ], [ -66.035849, -17.415594 ] ] ] } },
{ "type": "Feature", "properties": { "h3_cell": "888b2cd4cbfffff", "lat": -17.413868629397701, "lon": -66.040445124677916, "population": 2227, "query_count": 273, "expected_count": 95.627789236827297, "p_low": 0.90308442204665451, "pearson_residual": 1.1994118888159078, "gap_category": "esperado", "gtfs_covered": 1, "dist_stop_m": 62.195348814200734, "in_test": false, "model_id": "B1", "model_date": "2026-09-27", "edge_cell": false, "queries_per_1000": 122.58643915581499 }, "geometry": { "type": "Polygon", "coordinates": [ [ [ -66.041091, -17.408991 ], [ -66.045042, -17.412143 ], [ -66.044396, -17.41702 ], [ -66.0398, -17.418746 ], [ -66.035849, -17.415594 ], [ -66.036494, -17.410717 ], [ -66.041091, -17.408991 ] ] ] } },
{ "type": "Feature", "properties": { "h3_cell": "888b2cd4cdfffff", "lat": -17.419045357809804, "lon": -66.02665643689717, "population": 964, "query_count": 159, "expected_count": 33.27615062761506, "p_low": 0.96489974257175692, "pearson_residual": 2.4332097490493259, "gap_category": "exceso", "gtfs_covered": 1, "dist_stop_m": 60.86676503453937, "in_test": false, "model_id": "B1", "model_date": "2026-09-27", "edge_cell": false, "queries_per_1000": 164.93775933609959 }, "geometry": { "type": "Polygon", "coordinates": [ [ [ -66.027302, -17.414169 ], [ -66.031252, -17.41732 ], [ -66.030607, -17.422197 ], [ -66.026011, -17.423922 ], [ -66.022061, -17.420771 ], [ -66.022706, -17.415894 ], [ -66.027302, -17.414169 ] ] ] } },
{ "type": "Feature", "properties": { "h3_cell": "888b2cd4d1fffff", "lat": -17.400660870621017, "lon": -66.05092902418059, "population": 2299, "query_count": 1733, "expected_count": 779.18415384615389, "p_low": 0.86107654251538224, "pearson_residual": 0.79309624955323388, "gap_category": "esperado", "gtfs_covered": 1, "dist_stop_m": 100.42739177474235, "in_test": false, "model_id": "B1", "model_date": "2026-09-27", "edge_cell": false, "queries_per_1000": 753.80600260983033 }, "geometry": { "type": "Polygon", "coordinates": [ [ [ -66.051574, -17.395783 ], [ -66.055526, -17.398934 ], [ -66.054881, -17.403812 ], [ -66.050284, -17.405539 ], [ -66.046332, -17.402387 ], [ -66.046978, -17.39751 ], [ -66.051574, -17.395783 ] ] ] } },
{ "type": "Feature", "properties": { "h3_cell": "888b2cd4d3fffff", "lat": -17.39405595438777, "lon": -66.05617106577337, "population": 1544, "query_count": 1208, "expected_count": 1782.3367122080213, "p_low": 0.61403890040670939, "pearson_residual": -0.20880656564940001, "gap_category": "esperado", "gtfs_covered": 1, "dist_stop_m": 238.63162651478598, "in_test": false, "model_id": "B1", "model_date": "2026-09-27", "edge_cell": false, "queries_per_1000": 782.38341968911914 }, "geometry": { "type": "Polygon", "coordinates": [ [ [ -66.056816, -17.389178 ], [ -66.060768, -17.392329 ], [ -66.060123, -17.397207 ], [ -66.055526, -17.398934 ], [ -66.051574, -17.395783 ], [ -66.05222, -17.390905 ], [ -66.056816, -17.389178 ] ] ] } },
{ "type": "Feature", "properties": { "h3_cell": "888b2cd4d5fffff", "lat": -17.399236084207626, "lon": -66.042381256800198, "population": 2346, "query_count": 3019, "expected_count": 649.72862453531604, "p_low": 0.96261028252124636, "pearson_residual": 2.3624410199772119, "gap_category": "exceso", "gtfs_covered": 1, "dist_stop_m": 55.313420582135365, "in_test": false, "model_id": "B1", "model_date": "2026-09-27", "edge_cell": false, "queries_per_1000": 1286.8712702472294 }, "geometry": { "type": "Polygon", "coordinates": [ [ [ -66.043027, -17.394358 ], [ -66.046978, -17.39751 ], [ -66.046332, -17.402387 ], [ -66.041736, -17.404114 ], [ -66.037785, -17.400962 ], [ -66.03843, -17.396085 ], [ -66.043027, -17.394358 ] ] ] } },
{ "type": "Feature", "properties": { "h3_cell": "888b2cd4d7fffff", "lat": -17.392631610309845, "lon": -66.047622986220318, "population": 994, "query_count": 93, "expected_count": 927.26871165644172, "p_low": 0.29555173596058187, "pearson_residual": -0.58293550480344303, "gap_category": "esperado", "gtfs_covered": 0, "dist_stop_m": 621.15271455015306, "in_test": false, "model_id": "B1", "model_date": "2026-09-27", "edge_cell": false, "queries_per_1000": 93.561368209255534 }, "geometry": { "type": "Polygon", "coordinates": [ [ [ -66.048268, -17.387754 ], [ -66.05222, -17.390905 ], [ -66.051574, -17.395783 ], [ -66.046978, -17.39751 ], [ -66.043027, -17.394358 ], [ -66.043672, -17.38948 ], [ -66.048268, -17.387754 ] ] ] } },
{ "type": "Feature", "properties": { "h3_cell": "888b2cd4d9fffff", "lat": -17.408690080858793, "lon": -66.054235354341202, "population": 637, "query_count": 45, "expected_count": 48.182699767261447, "p_low": 0.6849306489168876, "pearson_residual": -0.042622454019050196, "gap_category": "esperado", "gtfs_covered": 0, "dist_stop_m": 563.83320846804668, "in_test": false, "model_id": "B1", "model_date": "2026-09-27", "edge_cell": false, "queries_per_1000": 70.64364207221351 }, "geometry": { "type": "Polygon", "coordinates": [ [ [ -66.054881, -17.403812 ], [ -66.058832, -17.406963 ], [ -66.058187, -17.411841 ], [ -66.05359, -17.413568 ], [ -66.049638, -17.410416 ], [ -66.050284, -17.405539 ], [ -66.054881, -17.403812 ] ] ] } },
{ "type": "Feature", "properties": { "h3_cell": "888b2cd4dbfffff", "lat": -17.402085413435891, "lon": -66.059477646847185, "population": 1264, "query_count": 149, "expected_count": 724.8111888111888, "p_low": 0.39393275182809717, "pearson_residual": -0.51469258311426025, "gap_category": "esperado", "gtfs_covered": 1, "dist_stop_m": 113.16824859459895, "in_test": false, "model_id": "B1", "model_date": "2026-09-27", "edge_cell": false, "queries_per_1000": 117.87974683544304 }, "geometry": { "type": "Polygon", "coordinates": [ [ [ -66.060123, -17.397207 ], [ -66.064075, -17.400358 ], [ -66.06343, -17.405237 ], [ -66.058832, -17.406963 ], [ -66.054881, -17.403812 ], [ -66.055526, -17.398934 ], [ -66.060123, -17.397207 ] ] ] } },
{ "type": "Feature", "properties": { "h3_cell": "888b2cd4ddfffff", "lat": -17.407265095703348, "lon": -66.045687043786558, "population": 2067, "query_count": 1112, "expected_count": 113.11692381870782, "p_low": 0.99698501575153764, "pearson_residual": 5.7121658809379507, "gap_category": "exceso", "gtfs_covered": 1, "dist_stop_m": 90.031729592024803, "in_test": false, "model_id": "B1", "model_date": "2026-09-27", "edge_cell": false, "queries_per_1000": 537.97774552491524 }, "geometry": { "type": "Polygon", "coordinates": [ [ [ -66.046332, -17.402387 ], [ -66.050284, -17.405539 ], [ -66.049638, -17.410416 ], [ -66.045042, -17.412143 ], [ -66.041091, -17.408991 ], [ -66.041736, -17.404114 ], [ -66.046332, -17.402387 ] ] ] } },
{ "type": "Feature", "properties": { "h3_cell": "888b2cd4e1fffff", "lat": -17.401562720490169, "lon": -66.01150235891977, "population": 818, "query_count": 78, "expected_count": 52.788037775445964, "p_low": 0.78177104653768081, "pearson_residual": 0.30829664815301411, "gap_category": "esperado", "gtfs_covered": 1, "dist_stop_m": 288.13716280542644, "in_test": false, "model_id": "B1", "model_date": "2026-09-27", "edge_cell": false, "queries_per_1000": 95.354523227383865 }, "geometry": { "type": "Polygon", "coordinates": [ [ [ -66.012148, -17.396686 ], [ -66.016097, -17.399837 ], [ -66.015452, -17.404714 ], [ -66.010857, -17.406439 ], [ -66.006907, -17.403288 ], [ -66.007553, -17.398411 ], [ -66.012148, -17.396686 ] ] ] } },
{ "type": "Feature", "properties": { "h3_cell": "888b2cd4e3fffff", "lat": -17.394960265115035, "lon": -66.016743088895993, "population": 1041, "query_count": 27, "expected_count": 67.178908709338927, "p_low": 0.51337618535884622, "pearson_residual": -0.38639397682601379, "gap_category": "esperado", "gtfs_covered": 1, "dist_stop_m": 47.850906241478654, "in_test": false, "model_id": "B1", "model_date": "2026-09-27", "edge_cell": false, "queries_per_1000": 25.936599423631126 }, "geometry": { "type": "Polygon", "coordinates": [ [ [ -66.017389, -17.390083 ], [ -66.021338, -17.393234 ], [ -66.020693, -17.398112 ], [ -66.016097, -17.399837 ], [ -66.012148, -17.396686 ], [ -66.012794, -17.391809 ], [ -66.017389, -17.390083 ] ] ] } },
{ "type": "Feature", "properties": { "h3_cell": "888b2cd4e5fffff", "lat": -17.400136518908656, "lon": -66.0029583282994, "population": 611, "query_count": 11, "expected_count": 37.782469481689013, "p_low": 0.46048126838148917, "pearson_residual": -0.45685489783011612, "gap_category": "esperado", "gtfs_covered": 1, "dist_stop_m": 136.23729481034886, "in_test": false, "model_id": "B1", "model_date": "2026-09-27", "edge_cell": false, "queries_per_1000": 18.00327332242226 }, "geometry": { "type": "Polygon", "coordinates": [ [ [ -66.003604, -17.39526 ], [ -66.007553, -17.398411 ], [ -66.006907, -17.403288 ], [ -66.002313, -17.405013 ], [ -65.998364, -17.401862 ], [ -65.99901, -17.396985 ], [ -66.003604, -17.39526 ] ] ] } },
{ "type": "Feature", "properties": { "h3_cell": "888b2cd4e7fffff", "lat": -17.393534506046255, "lon": -66.008198745179158, "population": 161, "query_count": 0, "expected_count": 9.8695295853138827, "p_low": 0.26095773036429898, "pearson_residual": -0.63470103353963747, "gap_category": "esperado", "gtfs_covered": 0, "dist_stop_m": 662.08243610694012, "in_test": false, "model_id": "B1", "model_date": "2026-09-27", "edge_cell": false, "queries_per_1000": 0.0 }, "geometry": { "type": "Polygon", "coordinates": [ [ [ -66.008844, -17.388658 ], [ -66.012794, -17.391809 ], [ -66.012148, -17.396686 ], [ -66.007553, -17.398411 ], [ -66.003604, -17.39526 ], [ -66.00425, -17.390383 ], [ -66.008844, -17.388658 ] ] ] } },
{ "type": "Feature", "properties": { "h3_cell": "888b2cd4e9fffff", "lat": -17.409590885481389, "lon": -66.014806264848488, "population": 1957, "query_count": 298, "expected_count": 98.924460431654666, "p_low": 0.9111683654268371, "pearson_residual": 1.3014058135771762, "gap_category": "esperado", "gtfs_covered": 1, "dist_stop_m": 60.884958340185804, "in_test": false, "model_id": "B1", "model_date": "2026-09-27", "edge_cell": false, "queries_per_1000": 152.27388860500764 }, "geometry": { "type": "Polygon", "coordinates": [ [ [ -66.015452, -17.404714 ], [ -66.019402, -17.407866 ], [ -66.018756, -17.412742 ], [ -66.014161, -17.414467 ], [ -66.010211, -17.411316 ], [ -66.010857, -17.406439 ], [ -66.015452, -17.404714 ] ] ] } },
{ "type": "Feature", "properties": { "h3_cell": "888b2cd4ebfffff", "lat": -17.402988679134317, "lon": -66.020047246030146, "population": 1425, "query_count": 311, "expected_count": 65.951638065522616, "p_low": 0.96383963575471254, "pearson_residual": 2.4003041106486518, "gap_category": "exceso", "gtfs_covered": 1, "dist_stop_m": 178.37138683292636, "in_test": false, "model_id": "B1", "model_date": "2026-09-27", "edge_cell": false, "queries_per_1000": 218.24561403508773 }, "geometry": { "type": "Polygon", "coordinates": [ [ [ -66.020693, -17.398112 ], [ -66.024643, -17.401263 ], [ -66.023997, -17.40614 ], [ -66.019402, -17.407866 ], [ -66.015452, -17.404714 ], [ -66.016097, -17.399837 ], [ -66.020693, -17.398112 ] ] ] } },
{ "type": "Feature", "properties": { "h3_cell": "888b2cd4edfffff", "lat": -17.40816448431946, "lon": -66.006261690774082, "population": 1631, "query_count": 104, "expected_count": 109.01440177252584, "p_low": 0.688129785190152, "pearson_residual": -0.029752178269916735, "gap_category": "esperado", "gtfs_covered": 1, "dist_stop_m": 255.2825268188576, "in_test": false, "model_id": "B1", "model_date": "2026-09-27", "edge_cell": false, "queries_per_1000": 63.764561618638872 }, "geometry": { "type": "Polygon", "coordinates": [ [ [ -66.006907, -17.403288 ], [ -66.010857, -17.406439 ], [ -66.010211, -17.411316 ], [ -66.005616, -17.413041 ], [ -66.001667, -17.409889 ], [ -66.002313, -17.405013 ], [ -66.006907, -17.403288 ] ] ] } },
{ "type": "Feature", "properties": { "h3_cell": "888b2cd503fffff", "lat": -17.419394152005342, "lon": -65.939296264859379, "population": 451, "query_count": 2, "expected_count": 0.47126436781609199, "p_low": 0.95174915857898068, "pearson_residual": 1.5286857020587445, "gap_category": "esperado", "gtfs_covered": 1, "dist_stop_m": 276.47285662055327, "in_test": false, "model_id": "B1", "model_date": "2026-09-27", "edge_cell": false, "queries_per_1000": 4.434589800443459 }, "geometry": { "type": "Polygon", "coordinates": [ [ [ -65.939943, -17.41452 ], [ -65.943889, -17.417672 ], [ -65.943242, -17.422546 ], [ -65.93865, -17.424268 ], [ -65.934704, -17.421117 ], [ -65.935351, -17.416242 ], [ -65.939943, -17.41452 ] ] ] } },
{ "type": "Feature", "properties": { "h3_cell": "888b2cd505fffff", "lat": -17.424560620806769, "lon": -65.925520417502881, "population": 134, "query_count": 0, "expected_count": 0.25868725868725867, "p_low": 0.81745516154506659, "pearson_residual": -0.40010591280035879, "gap_category": "esperado", "gtfs_covered": 0, "dist_stop_m": 1846.4243525366662, "in_test": false, "model_id": "B1", "model_date": "2026-09-27", "edge_cell": false, "queries_per_1000": 0.0 }, "geometry": { "type": "Polygon", "coordinates": [ [ [ -65.926167, -17.419687 ], [ -65.930112, -17.422839 ], [ -65.929466, -17.427712 ], [ -65.924874, -17.429434 ], [ -65.920929, -17.426282 ], [ -65.921575, -17.421409 ], [ -65.926167, -17.419687 ] ] ] } },
{ "type": "Feature", "properties": { "h3_cell": "888b2cd507fffff", "lat": -17.417964725193777, "lon": -65.930758636902183, "population": 52, "query_count": 1, "expected_count": 0.046720575022461817, "p_low": 0.9968887116163887, "pearson_residual": 4.1837110803507382, "gap_category": "exceso", "gtfs_covered": 0, "dist_stop_m": 1173.0467535595037, "in_test": false, "model_id": "B1", "model_date": "2026-09-27", "edge_cell": false, "queries_per_1000": 19.230769230769234 }, "geometry": { "type": "Polygon", "coordinates": [ [ [ -65.931405, -17.413091 ], [ -65.935351, -17.416242 ], [ -65.934704, -17.421117 ], [ -65.930112, -17.422839 ], [ -65.926167, -17.419687 ], [ -65.926813, -17.414813 ], [ -65.931405, -17.413091 ] ] ] } },
{ "type": "Feature", "properties": { "h3_cell": "888b2cd511fffff", "lat": -17.414225862701066, "lon": -65.953073663561312, "population": 429, "query_count": 10, "expected_count": 0.79739776951672858, "p_low": 0.9980973780060779, "pearson_residual": 6.0530951889543436, "gap_category": "exceso", "gtfs_covered": 0, "dist_stop_m": 558.58036905271592, "in_test": false, "model_id": "B1", "model_date": "2026-09-27", "edge_cell": false, "queries_per_1000": 23.310023310023311 }, "geometry": { "type": "Polygon", "coordinates": [ [ [ -65.95372, -17.409351 ], [ -65.957666, -17.412503 ], [ -65.95702, -17.417378 ], [ -65.952427, -17.419101 ], [ -65.948481, -17.415949 ], [ -65.949127, -17.411074 ], [ -65.95372, -17.409351 ] ] ] } },
{ "type": "Feature", "properties": { "h3_cell": "888b2cd513fffff", "lat": -17.407627696164877, "lon": -65.958312638298651, "population": 223, "query_count": 0, "expected_count": 3.9955207166853302, "p_low": 0.37228863702183718, "pearson_residual": -0.61647405480260831, "gap_category": "esperado", "gtfs_covered": 0, "dist_stop_m": 733.54310779334094, "in_test": false, "model_id": "B1", "model_date": "2026-09-27", "edge_cell": false, "queries_per_1000": 0.0 }, "geometry": { "type": "Polygon", "coordinates": [ [ [ -65.958959, -17.402753 ], [ -65.962906, -17.405904 ], [ -65.962259, -17.410779 ], [ -65.957666, -17.412503 ], [ -65.95372, -17.409351 ], [ -65.954366, -17.404476 ], [ -65.958959, -17.402753 ] ] ] } },
{ "type": "Feature", "properties": { "h3_cell": "888b2cd515fffff", "lat": -17.41279712075751, "lon": -65.944534862204648, "population": 52, "query_count": 1, "expected_count": 0.096654275092936795, "p_low": 0.98871233374186829, "pearson_residual": 2.6197927696183121, "gap_category": "esperado", "gtfs_covered": 0, "dist_stop_m": 654.5419794035729, "in_test": false, "model_id": "B1", "model_date": "2026-09-27", "edge_cell": false, "queries_per_1000": 19.230769230769234 }, "geometry": { "type": "Polygon", "coordinates": [ [ [ -65.945181, -17.407923 ], [ -65.949127, -17.411074 ], [ -65.948481, -17.415949 ], [ -65.943889, -17.417672 ], [ -65.939943, -17.41452 ], [ -65.940589, -17.409645 ], [ -65.945181, -17.407923 ] ] ] } },
{ "type": "Feature", "properties": { "h3_cell": "888b2cd517fffff", "lat": -17.406199397021464, "lon": -65.949773522455999, "population": 62, "query_count": 0, "expected_count": 1.1108622620380739, "p_low": 0.58089076082934421, "pearson_residual": -0.55205484411717354, "gap_category": "esperado", "gtfs_covered": 0, "dist_stop_m": 1495.1571812163461, "in_test": false, "model_id": "B1", "model_date": "2026-09-27", "edge_cell": false, "queries_per_1000": 0.0 }, "geometry": { "type": "Polygon", "coordinates": [ [ [ -65.95042, -17.401324 ], [ -65.954366, -17.404476 ], [ -65.95372, -17.409351 ], [ -65.949127, -17.411074 ], [ -65.945181, -17.407923 ], [ -65.945827, -17.403048 ], [ -65.95042, -17.401324 ] ] ] } },
{ "type": "Feature", "properties": { "h3_cell": "888b2cd519fffff", "lat": -17.422252279366848, "lon": -65.956374096857047, "population": 477, "query_count": 4, "expected_count": 0.49843260188087779, "p_low": 0.98776657382979527, "pearson_residual": 3.3539526502120287, "gap_category": "exceso", "gtfs_covered": 1, "dist_stop_m": 393.89109394196436, "in_test": false, "model_id": "B1", "model_date": "2026-09-27", "edge_cell": false, "queries_per_1000": 8.3857442348008391 }, "geometry": { "type": "Polygon", "coordinates": [ [ [ -65.95702, -17.417378 ], [ -65.960967, -17.420529 ], [ -65.960321, -17.425404 ], [ -65.955728, -17.427127 ], [ -65.951781, -17.423975 ], [ -65.952427, -17.419101 ], [ -65.95702, -17.417378 ] ] ] } },
{ "type": "Feature", "properties": { "h3_cell": "888b2cd51bfffff", "lat": -17.415654362475102, "lon": -65.961613323249978, "population": 507, "query_count": 19, "expected_count": 0.94237918215613381, "p_low": 0.99990242116404338, "pearson_residual": 10.328067650710024, "gap_category": "exceso", "gtfs_covered": 1, "dist_stop_m": 103.78328048353262, "in_test": false, "model_id": "B1", "model_date": "2026-09-27", "edge_cell": false, "queries_per_1000": 37.475345167652854 }, "geometry": { "type": "Polygon", "coordinates": [ [ [ -65.962259, -17.410779 ], [ -65.966207, -17.413931 ], [ -65.96556, -17.418806 ], [ -65.960967, -17.420529 ], [ -65.95702, -17.417378 ], [ -65.957666, -17.412503 ], [ -65.962259, -17.410779 ] ] ] } },
{ "type": "Feature", "properties": { "h3_cell": "888b2cd51dfffff", "lat": -17.420823336787748, "lon": -65.947834751594229, "population": 989, "query_count": 19, "expected_count": 1.0334378265412749, "p_low": 0.99982510662198909, "pearson_residual": 9.5004646278472649, "gap_category": "exceso", "gtfs_covered": 1, "dist_stop_m": 114.85138148649411, "in_test": false, "model_id": "B1", "model_date": "2026-09-27", "edge_cell": false, "queries_per_1000": 19.211324570273003 }, "geometry": { "type": "Polygon", "coordinates": [ [ [ -65.948481, -17.415949 ], [ -65.952427, -17.419101 ], [ -65.951781, -17.423975 ], [ -65.947188, -17.425698 ], [ -65.943242, -17.422546 ], [ -65.943889, -17.417672 ], [ -65.948481, -17.415949 ] ] ] } },
{ "type": "Feature", "properties": { "h3_cell": "888b2cd521fffff", "lat": -17.415105146179609, "lon": -65.913685958318766, "population": 363, "query_count": 0, "expected_count": 1.1273291925465838, "p_low": 0.57828634355523167, "pearson_residual": -0.55316434096667944, "gap_category": "esperado", "gtfs_covered": 0, "dist_stop_m": 3007.4728259363724, "in_test": false, "model_id": "B1", "model_date": "2026-09-27", "edge_cell": true, "queries_per_1000": 0.0 }, "geometry": { "type": "Polygon", "coordinates": [ [ [ -65.914333, -17.410231 ], [ -65.918277, -17.413383 ], [ -65.917631, -17.418257 ], [ -65.913039, -17.419979 ], [ -65.909095, -17.416827 ], [ -65.909742, -17.411953 ], [ -65.914333, -17.410231 ] ] ] } },
{ "type": "Feature", "properties": { "h3_cell": "888b2cd523fffff", "lat": -17.408509443650409, "lon": -65.918923610623892, "population": 207, "query_count": 1, "expected_count": 0.29154929577464789, "p_low": 0.93928963282190692, "pearson_residual": 1.008029550264868, "gap_category": "esperado", "gtfs_covered": 0, "dist_stop_m": 2653.6769888483441, "in_test": false, "model_id": "B1", "model_date": "2026-09-27", "edge_cell": true, "queries_per_1000": 4.8309178743961354 }, "geometry": { "type": "Polygon", "coordinates": [ [ [ -65.91957, -17.403635 ], [ -65.923515, -17.406787 ], [ -65.922868, -17.411661 ], [ -65.918277, -17.413383 ], [ -65.914333, -17.410231 ], [ -65.914979, -17.405358 ], [ -65.91957, -17.403635 ] ] ] } },
{ "type": "Feature", "properties": { "h3_cell": "888b2cd527fffff", "lat": -17.407079734769468, "lon": -65.910388245091482, "population": 145, "query_count": 0, "expected_count": 0.20422535211267606, "p_low": 0.84668461838406506, "pearson_residual": -0.37068648815233884, "gap_category": "esperado", "gtfs_covered": 0, "dist_stop_m": 3555.6931425611442, "in_test": false, "model_id": "B1", "model_date": "2026-09-27", "edge_cell": true, "queries_per_1000": 0.0 }, "geometry": { "type": "Polygon", "coordinates": [ [ [ -65.911035, -17.402206 ], [ -65.914979, -17.405358 ], [ -65.914333, -17.410231 ], [ -65.909742, -17.411953 ], [ -65.905798, -17.408802 ], [ -65.906444, -17.403928 ], [ -65.911035, -17.402206 ] ] ] } },
{ "type": "Feature", "properties": { "h3_cell": "888b2cd529fffff", "lat": -17.423130509195449, "lon": -65.916983963722032, "population": 678, "query_count": 11, "expected_count": 1.3088803088803089, "p_low": 0.99200814072956178, "pearson_residual": 4.1750483558449032, "gap_category": "exceso", "gtfs_covered": 0, "dist_stop_m": 2683.9040856210663, "in_test": false, "model_id": "B1", "model_date": "2026-09-27", "edge_cell": false, "queries_per_1000": 16.224188790560472 }, "geometry": { "type": "Polygon", "coordinates": [ [ [ -65.917631, -17.418257 ], [ -65.921575, -17.421409 ], [ -65.920929, -17.426282 ], [ -65.916337, -17.428004 ], [ -65.912393, -17.424852 ], [ -65.913039, -17.419979 ], [ -65.917631, -17.418257 ] ] ] } },
{ "type": "Feature", "properties": { "h3_cell": "888b2cd52bfffff", "lat": -17.416535056527156, "lon": -65.922221867972212, "population": 849, "query_count": 6, "expected_count": 2.6366459627329193, "p_low": 0.87194633096514085, "pearson_residual": 0.76779174730473321, "gap_category": "esperado", "gtfs_covered": 0, "dist_stop_m": 2088.5925964890748, "in_test": false, "model_id": "B1", "model_date": "2026-09-27", "edge_cell": false, "queries_per_1000": 7.0671378091872787 }, "geometry": { "type": "Polygon", "coordinates": [ [ [ -65.922868, -17.411661 ], [ -65.926813, -17.414813 ], [ -65.926167, -17.419687 ], [ -65.921575, -17.421409 ], [ -65.917631, -17.418257 ], [ -65.918277, -17.413383 ], [ -65.922868, -17.411661 ] ] ] } },
{ "type": "Feature", "properties": { "h3_cell": "888b2cd52dfffff", "lat": -17.421700155869658, "lon": -65.908448369413307, "population": 26, "query_count": 0, "expected_count": 0.050193050193050197, "p_low": 0.95369329069751696, "pearson_residual": -0.21174232583093325, "gap_category": "esperado", "gtfs_covered": 0, "dist_stop_m": 3562.2281056003185, "in_test": false, "model_id": "B1", "model_date": "2026-09-27", "edge_cell": true, "queries_per_1000": 0.0 }, "geometry": { "type": "Polygon", "coordinates": [ [ [ -65.909095, -17.416827 ], [ -65.913039, -17.419979 ], [ -65.912393, -17.424852 ], [ -65.907802, -17.426573 ], [ -65.903858, -17.423421 ], [ -65.904504, -17.418548 ], [ -65.909095, -17.416827 ] ] ] } },
{ "type": "Feature", "properties": { "h3_cell": "888b2cd531fffff", "lat": -17.403342073023662, "lon": -65.932697866178231, "population": 88, "query_count": 0, "expected_count": 0.1337386018237082, "p_low": 0.89038301477435189, "pearson_residual": -0.31849245420791195, "gap_category": "esperado", "gtfs_covered": 0, "dist_stop_m": 1898.4944935356357, "in_test": false, "model_id": "B1", "model_date": "2026-09-27", "edge_cell": true, "queries_per_1000": 0.0 }, "geometry": { "type": "Polygon", "coordinates": [ [ [ -65.933344, -17.398468 ], [ -65.93729, -17.401619 ], [ -65.936643, -17.406494 ], [ -65.932051, -17.408216 ], [ -65.928106, -17.405065 ], [ -65.928753, -17.40019 ], [ -65.933344, -17.398468 ] ] ] } },
{ "type": "Feature", "properties": { "h3_cell": "888b2cd535fffff", "lat": -17.401913048517315, "lon": -65.924161326242341, "population": 83, "query_count": 0, "expected_count": 0.12613981762917933, "p_low": 0.89556528893854825, "pearson_residual": -0.31145650215532256, "gap_category": "esperado", "gtfs_covered": 0, "dist_stop_m": 2593.7152487566364, "in_test": false, "model_id": "B1", "model_date": "2026-09-27", "edge_cell": true, "queries_per_1000": 0.0 }, "geometry": { "type": "Polygon", "coordinates": [ [ [ -65.924808, -17.397039 ], [ -65.928753, -17.40019 ], [ -65.928106, -17.405065 ], [ -65.923515, -17.406787 ], [ -65.91957, -17.403635 ], [ -65.920217, -17.398761 ], [ -65.924808, -17.397039 ] ] ] } },
{ "type": "Feature", "properties": { "h3_cell": "888b2cd539fffff", "lat": -17.411368136818492, "lon": -65.935996919429797, "population": 279, "query_count": 0, "expected_count": 0.47288135593220337, "p_low": 0.72850491581133958, "pearson_residual": -0.47162910966395449, "gap_category": "esperado", "gtfs_covered": 0, "dist_stop_m": 966.6131000374844, "in_test": false, "model_id": "B1", "model_date": "2026-09-27", "edge_cell": false, "queries_per_1000": 0.0 }, "geometry": { "type": "Polygon", "coordinates": [ [ [ -65.936643, -17.406494 ], [ -65.940589, -17.409645 ], [ -65.939943, -17.41452 ], [ -65.935351, -17.416242 ], [ -65.931405, -17.413091 ], [ -65.932051, -17.408216 ], [ -65.936643, -17.406494 ] ] ] } },
{ "type": "Feature", "properties": { "h3_cell": "888b2cd53bfffff", "lat": -17.404770855916386, "lon": -65.941235264999293, "population": 234, "query_count": 0, "expected_count": 4.192609182530795, "p_low": 0.36552307456187888, "pearson_residual": -0.61785691170506341, "gap_category": "esperado", "gtfs_covered": 0, "dist_stop_m": 1476.4163675406476, "in_test": false, "model_id": "B1", "model_date": "2026-09-27", "edge_cell": false, "queries_per_1000": 0.0 }, "geometry": { "type": "Polygon", "coordinates": [ [ [ -65.941882, -17.399896 ], [ -65.945827, -17.403048 ], [ -65.945181, -17.407923 ], [ -65.940589, -17.409645 ], [ -65.936643, -17.406494 ], [ -65.93729, -17.401619 ], [ -65.941882, -17.399896 ] ] ] } },
{ "type": "Feature", "properties": { "h3_cell": "888b2cd53dfffff", "lat": -17.409938911058106, "lon": -65.927459835486417, "population": 160, "query_count": 0, "expected_count": 0.24316109422492402, "p_low": 0.82543935541025215, "pearson_residual": -0.39242793238580237, "gap_category": "esperado", "gtfs_covered": 0, "dist_stop_m": 1771.7218934639454, "in_test": false, "model_id": "B1", "model_date": "2026-09-27", "edge_cell": false, "queries_per_1000": 0.0 }, "geometry": { "type": "Polygon", "coordinates": [ [ [ -65.928106, -17.405065 ], [ -65.932051, -17.408216 ], [ -65.931405, -17.413091 ], [ -65.926813, -17.414813 ], [ -65.922868, -17.411661 ], [ -65.923515, -17.406787 ], [ -65.928106, -17.405065 ] ] ] } },
{ "type": "Feature", "properties": { "h3_cell": "888b2cd551fffff", "lat": -17.4368756208357, "lon": -65.954435406993738, "population": 21, "query_count": 0, "expected_count": 0.040935672514619881, "p_low": 0.96169152588772733, "pearson_residual": -0.19313229580894561, "gap_category": "esperado", "gtfs_covered": 0, "dist_stop_m": 1903.8573954693898, "in_test": false, "model_id": "B1", "model_date": "2026-09-27", "edge_cell": false, "queries_per_1000": 0.0 }, "geometry": { "type": "Polygon", "coordinates": [ [ [ -65.955082, -17.432001 ], [ -65.959029, -17.435153 ], [ -65.958382, -17.440027 ], [ -65.953789, -17.44175 ], [ -65.949842, -17.438598 ], [ -65.950489, -17.433724 ], [ -65.955082, -17.432001 ] ] ] } },
{ "type": "Feature", "properties": { "h3_cell": "888b2cd55bfffff", "lat": -17.438304964076856, "lon": -65.962975840087353, "population": 57, "query_count": 0, "expected_count": 0.058282208588957059, "p_low": 0.946885288019502, "pearson_residual": -0.22622978473943861, "gap_category": "esperado", "gtfs_covered": 0, "dist_stop_m": 2204.6643810612095, "in_test": false, "model_id": "B1", "model_date": "2026-09-27", "edge_cell": false, "queries_per_1000": 0.0 }, "geometry": { "type": "Polygon", "coordinates": [ [ [ -65.963622, -17.43343 ], [ -65.967569, -17.436582 ], [ -65.966923, -17.441457 ], [ -65.96233, -17.443179 ], [ -65.958382, -17.440027 ], [ -65.959029, -17.435153 ], [ -65.963622, -17.43343 ] ] ] } },
{ "type": "Feature", "properties": { "h3_cell": "888b2cd561fffff", "lat": -17.437750332804882, "lon": -65.915044168434846, "population": 249, "query_count": 0, "expected_count": 0.31800766283524906, "p_low": 0.78918681881879316, "pearson_residual": -0.42541260000038084, "gap_category": "esperado", "gtfs_covered": 0, "dist_stop_m": 3523.770599146128, "in_test": false, "model_id": "B1", "model_date": "2026-09-27", "edge_cell": true, "queries_per_1000": 0.0 }, "geometry": { "type": "Polygon", "coordinates": [ [ [ -65.915691, -17.432877 ], [ -65.919636, -17.436029 ], [ -65.918989, -17.440902 ], [ -65.914398, -17.442623 ], [ -65.910453, -17.439471 ], [ -65.911099, -17.434598 ], [ -65.915691, -17.432877 ] ] ] } },
{ "type": "Feature", "properties": { "h3_cell": "888b2cd563fffff", "lat": -17.431155823422191, "lon": -65.920282261318292, "population": 52, "query_count": 0, "expected_count": 0.077727952167414058, "p_low": 0.93116816410640579, "pearson_residual": -0.25610395241652339, "gap_category": "esperado", "gtfs_covered": 0, "dist_stop_m": 2659.9241337335529, "in_test": false, "model_id": "B1", "model_date": "2026-09-27", "edge_cell": false, "queries_per_1000": 0.0 }, "geometry": { "type": "Polygon", "coordinates": [ [ [ -65.920929, -17.426282 ], [ -65.924874, -17.429434 ], [ -65.924227, -17.434308 ], [ -65.919636, -17.436029 ], [ -65.915691, -17.432877 ], [ -65.916337, -17.428004 ], [ -65.920929, -17.426282 ] ] ] } },
{ "type": "Feature", "properties": { "h3_cell": "888b2cd565fffff", "lat": -17.436319335189079, "lon": -65.906508345359356, "population": 300, "query_count": 0, "expected_count": 0.38314176245210729, "p_low": 0.7616454634823977, "pearson_residual": -0.44761573967772916, "gap_category": "esperado", "gtfs_covered": 0, "dist_stop_m": 4221.6791554831379, "in_test": false, "model_id": "B1", "model_date": "2026-09-27", "edge_cell": true, "queries_per_1000": 0.0 }, "geometry": { "type": "Polygon", "coordinates": [ [ [ -65.907155, -17.431446 ], [ -65.911099, -17.434598 ], [ -65.910453, -17.439471 ], [ -65.905862, -17.441192 ], [ -65.901917, -17.43804 ], [ -65.902564, -17.433167 ], [ -65.907155, -17.431446 ] ] ] } },
{ "type": "Feature", "properties": { "h3_cell": "888b2cd567fffff", "lat": -17.429725268827774, "lon": -65.911746122822279, "population": 285, "query_count": 1, "expected_count": 0.42600896860986548, "p_low": 0.90279168001814325, "pearson_residual": 0.61962623353866875, "gap_category": "esperado", "gtfs_covered": 0, "dist_stop_m": 3418.3880827869161, "in_test": false, "model_id": "B1", "model_date": "2026-09-27", "edge_cell": true, "queries_per_1000": 3.5087719298245617 }, "geometry": { "type": "Polygon", "coordinates": [ [ [ -65.912393, -17.424852 ], [ -65.916337, -17.428004 ], [ -65.915691, -17.432877 ], [ -65.911099, -17.434598 ], [ -65.907155, -17.431446 ], [ -65.907802, -17.426573 ], [ -65.912393, -17.424852 ] ] ] } },
{ "type": "Feature", "properties": { "h3_cell": "888b2cd569fffff", "lat": -17.445775347406244, "lon": -65.918342506268019, "population": 10, "query_count": 0, "expected_count": 9.9999999999999995e-07, "p_low": 0.99999900000169051, "pearson_residual": -0.00099999880949217727, "gap_category": "esperado", "gtfs_covered": 0, "dist_stop_m": 3860.2478817971937, "in_test": false, "model_id": "B1", "model_date": "2026-09-27", "edge_cell": false, "queries_per_1000": 0.0 }, "geometry": { "type": "Polygon", "coordinates": [ [ [ -65.918989, -17.440902 ], [ -65.922934, -17.444054 ], [ -65.922288, -17.448927 ], [ -65.917696, -17.450648 ], [ -65.913751, -17.447496 ], [ -65.914398, -17.442623 ], [ -65.918989, -17.440902 ] ] ] } },
{ "type": "Feature", "properties": { "h3_cell": "888b2cd56dfffff", "lat": -17.444344148719871, "lon": -65.909806138938976, "population": 68, "query_count": 0, "expected_count": 9.9999999999999995e-07, "p_low": 0.99999900000169051, "pearson_residual": -0.00099999880949217727, "gap_category": "esperado", "gtfs_covered": 0, "dist_stop_m": 4408.8756953818538, "in_test": false, "model_id": "B1", "model_date": "2026-09-27", "edge_cell": true, "queries_per_1000": 0.0 }, "geometry": { "type": "Polygon", "coordinates": [ [ [ -65.910453, -17.439471 ], [ -65.914398, -17.442623 ], [ -65.913751, -17.447496 ], [ -65.909159, -17.449217 ], [ -65.905215, -17.446065 ], [ -65.905862, -17.441192 ], [ -65.910453, -17.439471 ] ] ] } },
{ "type": "Feature", "properties": { "h3_cell": "888b2cd581fffff", "lat": -17.379801581911739, "lon": -65.970728790793075, "population": 83, "query_count": 0, "expected_count": 4.3531468531468533, "p_low": 0.36030852820332121, "pearson_residual": -0.61889687595015064, "gap_category": "esperado", "gtfs_covered": 0, "dist_stop_m": 2207.2467131905114, "in_test": false, "model_id": "B1", "model_date": "2026-09-27", "edge_cell": true, "queries_per_1000": 0.0 }, "geometry": { "type": "Polygon", "coordinates": [ [ [ -65.971375, -17.374925 ], [ -65.975322, -17.378077 ], [ -65.974676, -17.382953 ], [ -65.970083, -17.384678 ], [ -65.966136, -17.381526 ], [ -65.966782, -17.37665 ], [ -65.971375, -17.374925 ] ] ] } },
{ "type": "Feature", "properties": { "h3_cell": "888b2cd589fffff", "lat": -17.387829044218005, "lon": -65.974029938267307, "population": 362, "query_count": 1, "expected_count": 18.986013986013987, "p_low": 0.28206033527392421, "pearson_residual": -0.60725133671629716, "gap_category": "esperado", "gtfs_covered": 0, "dist_stop_m": 1315.3307596449959, "in_test": false, "model_id": "B1", "model_date": "2026-09-27", "edge_cell": false, "queries_per_1000": 2.7624309392265194 }, "geometry": { "type": "Polygon", "coordinates": [ [ [ -65.974676, -17.382953 ], [ -65.978623, -17.386104 ], [ -65.977977, -17.39098 ], [ -65.973384, -17.392705 ], [ -65.969437, -17.389554 ], [ -65.970083, -17.384678 ], [ -65.974676, -17.382953 ] ] ] } },
{ "type": "Feature", "properties": { "h3_cell": "888b2cd58bfffff", "lat": -17.381228110243303, "lon": -65.979269163220764, "population": 176, "query_count": 0, "expected_count": 11.864665479521751, "p_low": 0.24223927986792798, "pearson_residual": -0.63689051296918942, "gap_category": "esperado", "gtfs_covered": 0, "dist_stop_m": 1650.0757006917688, "in_test": false, "model_id": "B1", "model_date": "2026-09-27", "edge_cell": true, "queries_per_1000": 0.0 }, "geometry": { "type": "Polygon", "coordinates": [ [ [ -65.979915, -17.376352 ], [ -65.983863, -17.379503 ], [ -65.983217, -17.384379 ], [ -65.978623, -17.386104 ], [ -65.974676, -17.382953 ], [ -65.975322, -17.378077 ], [ -65.979915, -17.376352 ] ] ] } },
{ "type": "Feature", "properties": { "h3_cell": "888b2cd58dfffff", "lat": -17.386402073241964, "lon": -65.965489879781998, "population": 37, "query_count": 0, "expected_count": 2.225563909774436, "p_low": 0.46164932162732364, "pearson_residual": -0.59440214989534013, "gap_category": "esperado", "gtfs_covered": 0, "dist_stop_m": 1904.5023803307638, "in_test": false, "model_id": "B1", "model_date": "2026-09-27", "edge_cell": true, "queries_per_1000": 0.0 }, "geometry": { "type": "Polygon", "coordinates": [ [ [ -65.966136, -17.381526 ], [ -65.970083, -17.384678 ], [ -65.969437, -17.389554 ], [ -65.964844, -17.391278 ], [ -65.960897, -17.388126 ], [ -65.961543, -17.383251 ], [ -65.966136, -17.381526 ] ] ] } },
{ "type": "Feature", "properties": { "h3_cell": "888b2cd599fffff", "lat": -17.376052328760405, "lon": -65.993049993901323, "population": 25, "query_count": 0, "expected_count": 2.7583423035522068, "p_low": 0.42741169414448632, "pearson_residual": -0.60373040347364737, "gap_category": "esperado", "gtfs_covered": 0, "dist_stop_m": 2244.7379880583717, "in_test": false, "model_id": "B1", "model_date": "2026-09-27", "edge_cell": true, "queries_per_1000": 0.0 }, "geometry": { "type": "Polygon", "coordinates": [ [ [ -65.993696, -17.371175 ], [ -65.997644, -17.374327 ], [ -65.996998, -17.379204 ], [ -65.992404, -17.380929 ], [ -65.988456, -17.377778 ], [ -65.989102, -17.372901 ], [ -65.993696, -17.371175 ] ] ] } },
{ "type": "Feature", "properties": { "h3_cell": "888b2cd59bfffff", "lat": -17.369449569952476, "lon": -65.998289656918061, "population": 63, "query_count": 0, "expected_count": 6.9510226049515609, "p_low": 0.30020159212182074, "pearson_residual": -0.62933127877249118, "gap_category": "esperado", "gtfs_covered": 0, "dist_stop_m": 3034.7128038516958, "in_test": false, "model_id": "B1", "model_date": "2026-09-27", "edge_cell": true, "queries_per_1000": 0.0 }, "geometry": { "type": "Polygon", "coordinates": [ [ [ -65.998935, -17.364572 ], [ -66.002884, -17.367724 ], [ -66.002238, -17.372601 ], [ -65.997644, -17.374327 ], [ -65.993696, -17.371175 ], [ -65.994341, -17.366298 ], [ -65.998935, -17.364572 ] ] ] } },
{ "type": "Feature", "properties": { "h3_cell": "888b2cd5c1fffff", "lat": -17.402456451695286, "lon": -65.972091963852378, "population": 751, "query_count": 16, "expected_count": 45.172932330827066, "p_low": 0.49262599938873136, "pearson_residual": -0.41659180746829516, "gap_category": "esperado", "gtfs_covered": 1, "dist_stop_m": 24.859632714420631, "in_test": false, "model_id": "B1", "model_date": "2026-09-27", "edge_cell": false, "queries_per_1000": 21.304926764314249 }, "geometry": { "type": "Polygon", "coordinates": [ [ [ -65.972738, -17.397581 ], [ -65.976685, -17.400732 ], [ -65.976039, -17.405608 ], [ -65.971446, -17.407332 ], [ -65.967499, -17.40418 ], [ -65.968145, -17.399305 ], [ -65.972738, -17.397581 ] ] ] } },
{ "type": "Feature", "properties": { "h3_cell": "888b2cd5c3fffff", "lat": -17.395856458279116, "lon": -65.977331377888888, "population": 160, "query_count": 0, "expected_count": 8.3916083916083917, "p_low": 0.27851740461992563, "pearson_residual": -0.63243193467346814, "gap_category": "esperado", "gtfs_covered": 0, "dist_stop_m": 593.90778881890469, "in_test": false, "model_id": "B1", "model_date": "2026-09-27", "edge_cell": false, "queries_per_1000": 0.0 }, "geometry": { "type": "Polygon", "coordinates": [ [ [ -65.977977, -17.39098 ], [ -65.981925, -17.394132 ], [ -65.981279, -17.399008 ], [ -65.976685, -17.400732 ], [ -65.972738, -17.397581 ], [ -65.973384, -17.392705 ], [ -65.977977, -17.39098 ] ] ] } },
{ "type": "Feature", "properties": { "h3_cell": "888b2cd5c5fffff", "lat": -17.40102883741498, "lon": -65.963551675719742, "population": 213, "query_count": 0, "expected_count": 10.986405437824869, "p_low": 0.24990462831239191, "pearson_residual": -0.63602197809409566, "gap_category": "esperado", "gtfs_covered": 0, "dist_stop_m": 830.73390852864293, "in_test": false, "model_id": "B1", "model_date": "2026-09-27", "edge_cell": false, "queries_per_1000": 0.0 }, "geometry": { "type": "Polygon", "coordinates": [ [ [ -65.964198, -17.396153 ], [ -65.968145, -17.399305 ], [ -65.967499, -17.40418 ], [ -65.962906, -17.405904 ], [ -65.958959, -17.402753 ], [ -65.959605, -17.397877 ], [ -65.964198, -17.396153 ] ] ] } },
{ "type": "Feature", "properties": { "h3_cell": "888b2cd5c7fffff", "lat": -17.394429286687323, "lon": -65.968790775738114, "population": 67, "query_count": 0, "expected_count": 4.0300751879699241, "p_low": 0.37107179076214891, "pearson_residual": -0.61672558948202028, "gap_category": "esperado", "gtfs_covered": 0, "dist_stop_m": 951.27150567710873, "in_test": false, "model_id": "B1", "model_date": "2026-09-27", "edge_cell": false, "queries_per_1000": 0.0 }, "geometry": { "type": "Polygon", "coordinates": [ [ [ -65.969437, -17.389554 ], [ -65.973384, -17.392705 ], [ -65.972738, -17.397581 ], [ -65.968145, -17.399305 ], [ -65.964198, -17.396153 ], [ -65.964844, -17.391278 ], [ -65.969437, -17.389554 ] ] ] } },
{ "type": "Feature", "properties": { "h3_cell": "888b2cd5c9fffff", "lat": -17.410483567870664, "lon": -65.975393444141702, "population": 316, "query_count": 0, "expected_count": 8.0493015612161063, "p_low": 0.28319092548696417, "pearson_residual": -0.63179195830906454, "gap_category": "esperado", "gtfs_covered": 1, "dist_stop_m": 455.28228712720005, "in_test": false, "model_id": "B1", "model_date": "2026-09-27", "edge_cell": false, "queries_per_1000": 0.0 }, "geometry": { "type": "Polygon", "coordinates": [ [ [ -65.976039, -17.405608 ], [ -65.979987, -17.40876 ], [ -65.979341, -17.413635 ], [ -65.974747, -17.415359 ], [ -65.9708, -17.412207 ], [ -65.971446, -17.407332 ], [ -65.976039, -17.405608 ] ] ] } },
{ "type": "Feature", "properties": { "h3_cell": "888b2cd5cbfffff", "lat": -17.403883823699843, "lon": -65.980633109674713, "population": 1015, "query_count": 58, "expected_count": 53.234265734265733, "p_low": 0.71757026425577508, "pearson_residual": 0.057789720839282847, "gap_category": "esperado", "gtfs_covered": 1, "dist_stop_m": 97.311217813229177, "in_test": false, "model_id": "B1", "model_date": "2026-09-27", "edge_cell": false, "queries_per_1000": 57.142857142857139 }, "geometry": { "type": "Polygon", "coordinates": [ [ [ -65.981279, -17.399008 ], [ -65.985227, -17.402159 ], [ -65.984581, -17.407035 ], [ -65.979987, -17.40876 ], [ -65.976039, -17.405608 ], [ -65.976685, -17.400732 ], [ -65.981279, -17.399008 ] ] ] } },
{ "type": "Feature", "properties": { "h3_cell": "888b2cd5cdfffff", "lat": -17.409055753172627, "lon": -65.966852612277251, "population": 223, "query_count": 6, "expected_count": 4.4880503144654087, "p_low": 0.77396753513047334, "pearson_residual": 0.20877235585806952, "gap_category": "esperado", "gtfs_covered": 1, "dist_stop_m": 104.06527921218058, "in_test": false, "model_id": "B1", "model_date": "2026-09-27", "edge_cell": false, "queries_per_1000": 26.905829596412559 }, "geometry": { "type": "Polygon", "coordinates": [ [ [ -65.967499, -17.40418 ], [ -65.971446, -17.407332 ], [ -65.9708, -17.412207 ], [ -65.966207, -17.413931 ], [ -65.962259, -17.410779 ], [ -65.962906, -17.405904 ], [ -65.967499, -17.40418 ] ] ] } },
{ "type": "Feature", "properties": { "h3_cell": "888b2cd5d1fffff", "lat": -17.390682259895033, "lon": -65.991112627630301, "population": 129, "query_count": 0, "expected_count": 7.9942893401015231, "p_low": 0.28396706048070286, "pearson_residual": -0.63168418722027886, "gap_category": "esperado", "gtfs_covered": 0, "dist_stop_m": 612.91852610219678, "in_test": false, "model_id": "B1", "model_date": "2026-09-27", "edge_cell": false, "queries_per_1000": 0.0 }, "geometry": { "type": "Polygon", "coordinates": [ [ [ -65.991758, -17.385806 ], [ -65.995707, -17.388957 ], [ -65.995061, -17.393834 ], [ -65.990467, -17.395559 ], [ -65.986519, -17.392407 ], [ -65.987165, -17.387531 ], [ -65.991758, -17.385806 ] ] ] } },
{ "type": "Feature", "properties": { "h3_cell": "888b2cd5d3fffff", "lat": -17.384080440733761, "lon": -65.996352479879832, "population": 16, "query_count": 0, "expected_count": 0.95071653268088085, "p_low": 0.60848407856397035, "pearson_residual": -0.53972442459869552, "gap_category": "esperado", "gtfs_covered": 0, "dist_stop_m": 1405.190544884812, "in_test": false, "model_id": "B1", "model_date": "2026-09-27", "edge_cell": false, "queries_per_1000": 0.0 }, "geometry": { "type": "Polygon", "coordinates": [ [ [ -65.996998, -17.379204 ], [ -66.000947, -17.382355 ], [ -66.000301, -17.387232 ], [ -65.995707, -17.388957 ], [ -65.991758, -17.385806 ], [ -65.992404, -17.380929 ], [ -65.996998, -17.379204 ] ] ] } },
{ "type": "Feature", "properties": { "h3_cell": "888b2cd5d5fffff", "lat": -17.389255773160311, "lon": -65.982570854300221, "population": 243, "query_count": 2, "expected_count": 16.381327906385142, "p_low": 0.35956743841375743, "pearson_residual": -0.56178646867105675, "gap_category": "esperado", "gtfs_covered": 0, "dist_stop_m": 706.95381299229177, "in_test": false, "model_id": "B1", "model_date": "2026-09-27", "edge_cell": false, "queries_per_1000": 8.2304526748971192 }, "geometry": { "type": "Polygon", "coordinates": [ [ [ -65.983217, -17.384379 ], [ -65.987165, -17.387531 ], [ -65.986519, -17.392407 ], [ -65.981925, -17.394132 ], [ -65.977977, -17.39098 ], [ -65.978623, -17.386104 ], [ -65.983217, -17.384379 ] ] ] } },
{ "type": "Feature", "properties": { "h3_cell": "888b2cd5d7fffff", "lat": -17.382654396575241, "lon": -65.987810392999862, "population": 78, "query_count": 0, "expected_count": 4.8337563451776653, "p_low": 0.34607931389140073, "pearson_residual": -0.62162202495277719, "gap_category": "esperado", "gtfs_covered": 0, "dist_stop_m": 1507.9148165457345, "in_test": false, "model_id": "B1", "model_date": "2026-09-27", "edge_cell": false, "queries_per_1000": 0.0 }, "geometry": { "type": "Polygon", "coordinates": [ [ [ -65.988456, -17.377778 ], [ -65.992404, -17.380929 ], [ -65.991758, -17.385806 ], [ -65.987165, -17.387531 ], [ -65.983217, -17.384379 ], [ -65.983863, -17.379503 ], [ -65.988456, -17.377778 ] ] ] } },
{ "type": "Feature", "properties": { "h3_cell": "888b2cd5d9fffff", "lat": -17.398710074563688, "lon": -65.994415154420182, "population": 844, "query_count": 27, "expected_count": 52.303722504230123, "p_low": 0.56233549394026749, "pearson_residual": -0.31227241401874406, "gap_category": "esperado", "gtfs_covered": 1, "dist_stop_m": 219.97762126653166, "in_test": false, "model_id": "B1", "model_date": "2026-09-27", "edge_cell": false, "queries_per_1000": 31.990521327014214 }, "geometry": { "type": "Polygon", "coordinates": [ [ [ -65.995061, -17.393834 ], [ -65.99901, -17.396985 ], [ -65.998364, -17.401862 ], [ -65.993769, -17.403586 ], [ -65.989821, -17.400435 ], [ -65.990467, -17.395559 ], [ -65.995061, -17.393834 ] ] ] } },
{ "type": "Feature", "properties": { "h3_cell": "888b2cd5dbfffff", "lat": -17.392108504248306, "lon": -65.999655258006911, "population": 280, "query_count": 3, "expected_count": 16.632206062729981, "p_low": 0.40452497441108837, "pearson_residual": -0.5245894677875288, "gap_category": "esperado", "gtfs_covered": 0, "dist_stop_m": 605.19627460476454, "in_test": false, "model_id": "B1", "model_date": "2026-09-27", "edge_cell": false, "queries_per_1000": 10.714285714285714 }, "geometry": { "type": "Polygon", "coordinates": [ [ [ -66.000301, -17.387232 ], [ -66.00425, -17.390383 ], [ -66.003604, -17.39526 ], [ -65.99901, -17.396985 ], [ -65.995061, -17.393834 ], [ -65.995707, -17.388957 ], [ -66.000301, -17.387232 ] ] ] } },
{ "type": "Feature", "properties": { "h3_cell": "888b2cd5ddfffff", "lat": -17.397283387629205, "lon": -65.985872837533094, "population": 549, "query_count": 13, "expected_count": 37.009666751462731, "p_low": 0.49271617353017466, "pearson_residual": -0.4180604863343762, "gap_category": "esperado", "gtfs_covered": 1, "dist_stop_m": 99.446250662492403, "in_test": false, "model_id": "B1", "model_date": "2026-09-27", "edge_cell": false, "queries_per_1000": 23.679417122040075 }, "geometry": { "type": "Polygon", "coordinates": [ [ [ -65.986519, -17.392407 ], [ -65.990467, -17.395559 ], [ -65.989821, -17.400435 ], [ -65.985227, -17.402159 ], [ -65.981279, -17.399008 ], [ -65.981925, -17.394132 ], [ -65.986519, -17.392407 ] ] ] } },
{ "type": "Feature", "properties": { "h3_cell": "888b2cd5e1fffff", "lat": -17.391574217474307, "lon": -65.951712144918147, "population": 20, "query_count": 0, "expected_count": 0.95661846496106784, "p_low": 0.60738706639220197, "pearson_residual": -0.54023529048859897, "gap_category": "esperado", "gtfs_covered": 0, "dist_stop_m": 2408.6000685446784, "in_test": false, "model_id": "B1", "model_date": "2026-09-27", "edge_cell": true, "queries_per_1000": 0.0 }, "geometry": { "type": "Polygon", "coordinates": [ [ [ -65.952358, -17.386699 ], [ -65.956305, -17.38985 ], [ -65.955658, -17.394726 ], [ -65.951066, -17.396449 ], [ -65.94712, -17.393298 ], [ -65.947766, -17.388423 ], [ -65.952358, -17.386699 ] ] ] } },
{ "type": "Feature", "properties": { "h3_cell": "888b2cd5e9fffff", "lat": -17.399600981032918, "lon": -65.955012245526987, "population": 47, "query_count": 0, "expected_count": 2.2480533926585093, "p_low": 0.46001099253714173, "pearson_residual": -0.59487471491340127, "gap_category": "esperado", "gtfs_covered": 0, "dist_stop_m": 1658.1188994981949, "in_test": false, "model_id": "B1", "model_date": "2026-09-27", "edge_cell": false, "queries_per_1000": 0.0 }, "geometry": { "type": "Polygon", "coordinates": [ [ [ -65.955658, -17.394726 ], [ -65.959605, -17.397877 ], [ -65.958959, -17.402753 ], [ -65.954366, -17.404476 ], [ -65.95042, -17.401324 ], [ -65.951066, -17.396449 ], [ -65.955658, -17.394726 ] ] ] } },
{ "type": "Feature", "properties": { "h3_cell": "888b2cd5ebfffff", "lat": -17.393001873027746, "lon": -65.960251031331168, "population": 26, "query_count": 0, "expected_count": 1.3410635745701718, "p_low": 0.54769990157468884, "pearson_residual": -0.56553191960150528, "gap_category": "esperado", "gtfs_covered": 0, "dist_stop_m": 1582.2086703891327, "in_test": false, "model_id": "B1", "model_date": "2026-09-27", "edge_cell": true, "queries_per_1000": 0.0 }, "geometry": { "type": "Polygon", "coordinates": [ [ [ -65.960897, -17.388126 ], [ -65.964844, -17.391278 ], [ -65.964198, -17.396153 ], [ -65.959605, -17.397877 ], [ -65.955658, -17.394726 ], [ -65.956305, -17.38985 ], [ -65.960897, -17.388126 ] ] ] } },
{ "type": "Feature", "properties": { "h3_cell": "888b2cd5edfffff", "lat": -17.398172882723063, "lon": -65.946473673524224, "population": 177, "query_count": 0, "expected_count": 8.4660734149054502, "p_low": 0.2775347720316878, "pearson_residual": -0.63256454368814963, "gap_category": "esperado", "gtfs_covered": 0, "dist_stop_m": 2261.5103991337223, "in_test": false, "model_id": "B1", "model_date": "2026-09-27", "edge_cell": true, "queries_per_1000": 0.0 }, "geometry": { "type": "Polygon", "coordinates": [ [ [ -65.94712, -17.393298 ], [ -65.951066, -17.396449 ], [ -65.95042, -17.401324 ], [ -65.945827, -17.403048 ], [ -65.941882, -17.399896 ], [ -65.942528, -17.395021 ], [ -65.94712, -17.393298 ] ] ] } },
{ "type": "Feature", "properties": { "h3_cell": "888b2cd629fffff", "lat": -17.489322149194248, "lon": -65.999878050854534, "population": 20, "query_count": 2, "expected_count": 0.15748031496062992, "p_low": 0.99441839715202396, "pearson_residual": 3.9596187561353333, "gap_category": "exceso", "gtfs_covered": 0, "dist_stop_m": 5370.1139802697453, "in_test": false, "model_id": "B1", "model_date": "2026-09-27", "edge_cell": false, "queries_per_1000": 100.0 }, "geometry": { "type": "Polygon", "coordinates": [ [ [ -66.000524, -17.484448 ], [ -66.004474, -17.4876 ], [ -66.003828, -17.492474 ], [ -65.999232, -17.494196 ], [ -65.995282, -17.491044 ], [ -65.995928, -17.48617 ], [ -66.000524, -17.484448 ] ] ] } },
{ "type": "Feature", "properties": { "h3_cell": "888b2cd651fffff", "lat": -17.503067058134672, "lon": -66.037374596846306, "population": 48, "query_count": 9, "expected_count": 9.9999999999999995e-07, "p_low": 1.0, "pearson_residual": 8999.9882854307871, "gap_category": "exceso", "gtfs_covered": 0, "dist_stop_m": 4218.3472058481411, "in_test": false, "model_id": "B1", "model_date": "2026-09-27", "edge_cell": false, "queries_per_1000": 187.5 }, "geometry": { "type": "Polygon", "coordinates": [ [ [ -66.03802, -17.498192 ], [ -66.041972, -17.501344 ], [ -66.041327, -17.506219 ], [ -66.036729, -17.507942 ], [ -66.032777, -17.50479 ], [ -66.033423, -17.499915 ], [ -66.03802, -17.498192 ] ] ] } },
{ "type": "Feature", "properties": { "h3_cell": "888b2cd681fffff", "lat": -17.445983170794307, "lon": -66.053670190919462, "population": 135, "query_count": 0, "expected_count": 76.208969775755605, "p_low": 0.11229009076343187, "pearson_residual": -0.6462864838382294, "gap_category": "esperado", "gtfs_covered": 0, "dist_stop_m": 688.09476120609941, "in_test": true, "model_id": "B1", "model_date": "2026-09-27", "edge_cell": false, "queries_per_1000": 0.0 }, "geometry": { "type": "Polygon", "coordinates": [ [ [ -66.054316, -17.441106 ], [ -66.058268, -17.444258 ], [ -66.057623, -17.449135 ], [ -66.053025, -17.45086 ], [ -66.049073, -17.447708 ], [ -66.049718, -17.442832 ], [ -66.054316, -17.441106 ] ] ] } },
{ "type": "Feature", "properties": { "h3_cell": "888b2cd683fffff", "lat": -17.439380635073277, "lon": -66.058913114012498, "population": 906, "query_count": 31, "expected_count": 236.89364765161059, "p_low": 0.33116505500968207, "pearson_residual": -0.56276020779810254, "gap_category": "esperado", "gtfs_covered": 1, "dist_stop_m": 32.434184233854708, "in_test": true, "model_id": "B1", "model_date": "2026-09-27", "edge_cell": false, "queries_per_1000": 34.216335540838855 }, "geometry": { "type": "Polygon", "coordinates": [ [ [ -66.059558, -17.434503 ], [ -66.063511, -17.437655 ], [ -66.062866, -17.442532 ], [ -66.058268, -17.444258 ], [ -66.054316, -17.441106 ], [ -66.054961, -17.436229 ], [ -66.059558, -17.434503 ] ] ] } },
{ "type": "Feature", "properties": { "h3_cell": "888b2cd685fffff", "lat": -17.444556705802558, "lon": -66.045120875076478, "population": 197, "query_count": 0, "expected_count": 24.272827282728272, "p_low": 0.18067619911239852, "pearson_residual": -0.64252993489313037, "gap_category": "esperado", "gtfs_covered": 1, "dist_stop_m": 204.06757197713873, "in_test": true, "model_id": "B1", "model_date": "2026-09-27", "edge_cell": false, "queries_per_1000": 0.0 }, "geometry": { "type": "Polygon", "coordinates": [ [ [ -66.045766, -17.43968 ], [ -66.049718, -17.442832 ], [ -66.049073, -17.447708 ], [ -66.044475, -17.449433 ], [ -66.040524, -17.446282 ], [ -66.041169, -17.441405 ], [ -66.045766, -17.43968 ] ] ] } },
{ "type": "Feature", "properties": { "h3_cell": "888b2cd687fffff", "lat": -17.437954612516503, "lon": -66.050363485966997, "population": 248, "query_count": 6, "expected_count": 160.68714405751098, "p_low": 0.20537126631799993, "pearson_residual": -0.62305266721960706, "gap_category": "esperado", "gtfs_covered": 1, "dist_stop_m": 386.02303171272428, "in_test": true, "model_id": "B1", "model_date": "2026-09-27", "edge_cell": false, "queries_per_1000": 24.193548387096772 }, "geometry": { "type": "Polygon", "coordinates": [ [ [ -66.051009, -17.433078 ], [ -66.054961, -17.436229 ], [ -66.054316, -17.441106 ], [ -66.049718, -17.442832 ], [ -66.045766, -17.43968 ], [ -66.046412, -17.434803 ], [ -66.051009, -17.433078 ] ] ] } },
{ "type": "Feature", "properties": { "h3_cell": "888b2cd689fffff", "lat": -17.454011677031946, "lon": -66.05697718816117, "population": 218, "query_count": 6, "expected_count": 1.1940532081377153, "p_low": 0.9658635241396456, "pearson_residual": 2.24351142049805, "gap_category": "exceso", "gtfs_covered": 0, "dist_stop_m": 988.85054744576939, "in_test": true, "model_id": "B1", "model_date": "2026-09-27", "edge_cell": false, "queries_per_1000": 27.522935779816514 }, "geometry": { "type": "Polygon", "coordinates": [ [ [ -66.057623, -17.449135 ], [ -66.061575, -17.452286 ], [ -66.06093, -17.457163 ], [ -66.056332, -17.458888 ], [ -66.052379, -17.455737 ], [ -66.053025, -17.45086 ], [ -66.057623, -17.449135 ] ] ] } },
{ "type": "Feature", "properties": { "h3_cell": "888b2cd68dfffff", "lat": -17.452585014101722, "lon": -66.048427328999651, "population": 181, "query_count": 36, "expected_count": 18.255941770647652, "p_low": 0.84020204701592449, "pearson_residual": 0.62277074568675661, "gap_category": "esperado", "gtfs_covered": 1, "dist_stop_m": 79.881831813381353, "in_test": true, "model_id": "B1", "model_date": "2026-09-27", "edge_cell": false, "queries_per_1000": 198.89502762430939 }, "geometry": { "type": "Polygon", "coordinates": [ [ [ -66.049073, -17.447708 ], [ -66.053025, -17.45086 ], [ -66.052379, -17.455737 ], [ -66.047782, -17.457462 ], [ -66.04383, -17.45431 ], [ -66.044475, -17.449433 ], [ -66.049073, -17.447708 ] ] ] } },
{ "type": "Feature", "properties": { "h3_cell": "888b2cd691fffff", "lat": -17.434202742903857, "lon": -66.072706893369258, "population": 52, "query_count": 0, "expected_count": 5.4031735198771536, "p_low": 0.33144114090404747, "pearson_residual": -0.62425714740185889, "gap_category": "esperado", "gtfs_covered": 0, "dist_stop_m": 662.50029188837993, "in_test": true, "model_id": "B1", "model_date": "2026-09-27", "edge_cell": false, "queries_per_1000": 0.0 }, "geometry": { "type": "Polygon", "coordinates": [ [ [ -66.073352, -17.429325 ], [ -66.077305, -17.432476 ], [ -66.07666, -17.437354 ], [ -66.072062, -17.43908 ], [ -66.068109, -17.435929 ], [ -66.068754, -17.431051 ], [ -66.073352, -17.429325 ] ] ] } },
{ "type": "Feature", "properties": { "h3_cell": "888b2cd693fffff", "lat": -17.427598380744218, "lon": -66.077950250280736, "population": 259, "query_count": 21, "expected_count": 44.958619777895294, "p_low": 0.54369959948357516, "pearson_residual": -0.34375435887920675, "gap_category": "esperado", "gtfs_covered": 1, "dist_stop_m": 119.76930827489893, "in_test": true, "model_id": "B1", "model_date": "2026-09-27", "edge_cell": false, "queries_per_1000": 81.081081081081081 }, "geometry": { "type": "Polygon", "coordinates": [ [ [ -66.078595, -17.42272 ], [ -66.082549, -17.425872 ], [ -66.081904, -17.43075 ], [ -66.077305, -17.432476 ], [ -66.073352, -17.429325 ], [ -66.073997, -17.424447 ], [ -66.078595, -17.42272 ] ] ] } },
{ "type": "Feature", "properties": { "h3_cell": "888b2cd695fffff", "lat": -17.432777407175234, "lon": -66.064156098192043, "population": 508, "query_count": 3, "expected_count": 185.73715285370653, "p_low": 0.15119719702819887, "pearson_residual": -0.63687778370261738, "gap_category": "esperado", "gtfs_covered": 0, "dist_stop_m": 593.65058325018947, "in_test": true, "model_id": "B1", "model_date": "2026-09-27", "edge_cell": false, "queries_per_1000": 5.9055118110236222 }, "geometry": { "type": "Polygon", "coordinates": [ [ [ -66.064801, -17.4279 ], [ -66.068754, -17.431051 ], [ -66.068109, -17.435929 ], [ -66.063511, -17.437655 ], [ -66.059558, -17.434503 ], [ -66.060204, -17.429626 ], [ -66.064801, -17.4279 ] ] ] } },
{ "type": "Feature", "properties": { "h3_cell": "888b2cd697fffff", "lat": -17.426173487336936, "lon": -66.069399143371328, "population": 553, "query_count": 3, "expected_count": 232.49801422370001, "p_low": 0.13767133622929514, "pearson_residual": -0.63912567953115662, "gap_category": "esperado", "gtfs_covered": 1, "dist_stop_m": 229.31297138868979, "in_test": true, "model_id": "B1", "model_date": "2026-09-27", "edge_cell": false, "queries_per_1000": 5.4249547920433994 }, "geometry": { "type": "Polygon", "coordinates": [ [ [ -66.070044, -17.421296 ], [ -66.073997, -17.424447 ], [ -66.073352, -17.429325 ], [ -66.068754, -17.431051 ], [ -66.064801, -17.4279 ], [ -66.065447, -17.423022 ], [ -66.070044, -17.421296 ] ] ] } },
{ "type": "Feature", "properties": { "h3_cell": "888b2cd69dfffff", "lat": -17.4408064131629, "lon": -66.067463597321009, "population": 161, "query_count": 0, "expected_count": 8.225943797899518, "p_low": 0.28074641133839051, "pearson_residual": -0.63212861707422752, "gap_category": "esperado", "gtfs_covered": 0, "dist_stop_m": 520.71460227170382, "in_test": true, "model_id": "B1", "model_date": "2026-09-27", "edge_cell": false, "queries_per_1000": 0.0 }, "geometry": { "type": "Polygon", "coordinates": [ [ [ -66.068109, -17.435929 ], [ -66.072062, -17.43908 ], [ -66.071417, -17.443958 ], [ -66.066818, -17.445684 ], [ -66.062866, -17.442532 ], [ -66.063511, -17.437655 ], [ -66.068109, -17.435929 ] ] ] } },
{ "type": "Feature", "properties": { "h3_cell": "888b2cd6a1fffff", "lat": -17.435101834698131, "lon": -66.033266796674297, "population": 404, "query_count": 2, "expected_count": 45.043080005724917, "p_low": 0.23892507145500583, "pearson_residual": -0.61642240808653304, "gap_category": "esperado", "gtfs_covered": 0, "dist_stop_m": 667.92381223879909, "in_test": true, "model_id": "B1", "model_date": "2026-09-27", "edge_cell": false, "queries_per_1000": 4.9504950495049505 }, "geometry": { "type": "Polygon", "coordinates": [ [ [ -66.033912, -17.430225 ], [ -66.037863, -17.433377 ], [ -66.037218, -17.438253 ], [ -66.032621, -17.439978 ], [ -66.02867, -17.436827 ], [ -66.029316, -17.43195 ], [ -66.033912, -17.430225 ] ] ] } },
{ "type": "Feature", "properties": { "h3_cell": "888b2cd6a3fffff", "lat": -17.428499934089778, "lon": -66.038508844064097, "population": 419, "query_count": 19, "expected_count": 51.625962596259626, "p_low": 0.49860704206258633, "pearson_residual": -0.40790052799263848, "gap_category": "esperado", "gtfs_covered": 1, "dist_stop_m": 79.259967859401556, "in_test": true, "model_id": "B1", "model_date": "2026-09-27", "edge_cell": false, "queries_per_1000": 45.346062052505964 }, "geometry": { "type": "Polygon", "coordinates": [ [ [ -66.039154, -17.423623 ], [ -66.043106, -17.426774 ], [ -66.04246, -17.431651 ], [ -66.037863, -17.433377 ], [ -66.033912, -17.430225 ], [ -66.034558, -17.425348 ], [ -66.039154, -17.423623 ] ] ] } },
{ "type": "Feature", "properties": { "h3_cell": "888b2cd6a5fffff", "lat": -17.433675079784823, "lon": -66.024719735931228, "population": 140, "query_count": 4, "expected_count": 16.858228980322004, "p_low": 0.44153097458789697, "pearson_residual": -0.48825219677523624, "gap_category": "esperado", "gtfs_covered": 0, "dist_stop_m": 620.82139917230484, "in_test": true, "model_id": "B1", "model_date": "2026-09-27", "edge_cell": false, "queries_per_1000": 28.571428571428569 }, "geometry": { "type": "Polygon", "coordinates": [ [ [ -66.025365, -17.428799 ], [ -66.029316, -17.43195 ], [ -66.02867, -17.436827 ], [ -66.024074, -17.438551 ], [ -66.020124, -17.4354 ], [ -66.020769, -17.430523 ], [ -66.025365, -17.428799 ] ] ] } },
{ "type": "Feature", "properties": { "h3_cell": "888b2cd6a7fffff", "lat": -17.427073621675099, "lon": -66.029961470663594, "population": 487, "query_count": 0, "expected_count": 54.296980105910976, "p_low": 0.12935209476455881, "pearson_residual": -0.64557293194079557, "gap_category": "esperado", "gtfs_covered": 0, "dist_stop_m": 567.99008455348473, "in_test": true, "model_id": "B1", "model_date": "2026-09-27", "edge_cell": false, "queries_per_1000": 0.0 }, "geometry": { "type": "Polygon", "coordinates": [ [ [ -66.030607, -17.422197 ], [ -66.034558, -17.425348 ], [ -66.033912, -17.430225 ], [ -66.029316, -17.43195 ], [ -66.025365, -17.428799 ], [ -66.026011, -17.423922 ], [ -66.030607, -17.422197 ] ] ] } },
{ "type": "Feature", "properties": { "h3_cell": "888b2cd6a9fffff", "lat": -17.443129996483449, "lon": -66.036572414946065, "population": 544, "query_count": 9, "expected_count": 60.652068126520682, "p_low": 0.35556175437249515, "pearson_residual": -0.54999928459884084, "gap_category": "esperado", "gtfs_covered": 1, "dist_stop_m": 354.51508022364163, "in_test": true, "model_id": "B1", "model_date": "2026-09-27", "edge_cell": false, "queries_per_1000": 16.544117647058822 }, "geometry": { "type": "Polygon", "coordinates": [ [ [ -66.037218, -17.438253 ], [ -66.041169, -17.441405 ], [ -66.040524, -17.446282 ], [ -66.035927, -17.448006 ], [ -66.031976, -17.444855 ], [ -66.032621, -17.439978 ], [ -66.037218, -17.438253 ] ] ] } },
{ "type": "Feature", "properties": { "h3_cell": "888b2cd6abfffff", "lat": -17.436528345666737, "lon": -66.041814713436892, "population": 181, "query_count": 1, "expected_count": 22.301430143014301, "p_low": 0.26422941441682707, "pearson_residual": -0.61325793294281372, "gap_category": "esperado", "gtfs_covered": 1, "dist_stop_m": 148.39026878013766, "in_test": true, "model_id": "B1", "model_date": "2026-09-27", "edge_cell": false, "queries_per_1000": 5.5248618784530388 }, "geometry": { "type": "Polygon", "coordinates": [ [ [ -66.04246, -17.431651 ], [ -66.046412, -17.434803 ], [ -66.045766, -17.43968 ], [ -66.041169, -17.441405 ], [ -66.037218, -17.438253 ], [ -66.037863, -17.433377 ], [ -66.04246, -17.431651 ] ] ] } },
{ "type": "Feature", "properties": { "h3_cell": "888b2cd6adfffff", "lat": -17.441703043011181, "lon": -66.028024810780266, "population": 135, "query_count": 0, "expected_count": 16.256149373881932, "p_low": 0.2130583088156337, "pearson_residual": -0.6398520932743319, "gap_category": "esperado", "gtfs_covered": 0, "dist_stop_m": 1266.8261868269594, "in_test": true, "model_id": "B1", "model_date": "2026-09-27", "edge_cell": false, "queries_per_1000": 0.0 }, "geometry": { "type": "Polygon", "coordinates": [ [ [ -66.02867, -17.436827 ], [ -66.032621, -17.439978 ], [ -66.031976, -17.444855 ], [ -66.027379, -17.446579 ], [ -66.023429, -17.443428 ], [ -66.024074, -17.438551 ], [ -66.02867, -17.436827 ] ] ] } },
{ "type": "Feature", "properties": { "h3_cell": "888b2cd6b1fffff", "lat": -17.423322967502109, "lon": -66.052299494409965, "population": 865, "query_count": 8, "expected_count": 226.17329494331477, "p_low": 0.19858986093641878, "pearson_residual": -0.62456249295370103, "gap_category": "esperado", "gtfs_covered": 1, "dist_stop_m": 396.77851662246803, "in_test": true, "model_id": "B1", "model_date": "2026-09-27", "edge_cell": false, "queries_per_1000": 9.2485549132947984 }, "geometry": { "type": "Polygon", "coordinates": [ [ [ -66.052945, -17.418445 ], [ -66.056897, -17.421597 ], [ -66.056251, -17.426474 ], [ -66.051654, -17.4282 ], [ -66.047702, -17.425049 ], [ -66.048348, -17.420172 ], [ -66.052945, -17.418445 ] ] ] } },
{ "type": "Feature", "properties": { "h3_cell": "888b2cd6b3fffff", "lat": -17.416719240627529, "lon": -66.057541976718838, "population": 978, "query_count": 85, "expected_count": 381.34400753473039, "p_low": 0.4072214008803019, "pearson_residual": -0.50333680783483659, "gap_category": "esperado", "gtfs_covered": 1, "dist_stop_m": 94.7530215270273, "in_test": true, "model_id": "B1", "model_date": "2026-09-27", "edge_cell": false, "queries_per_1000": 86.912065439672801 }, "geometry": { "type": "Polygon", "coordinates": [ [ [ -66.058187, -17.411841 ], [ -66.062139, -17.414993 ], [ -66.061494, -17.419871 ], [ -66.056897, -17.421597 ], [ -66.052945, -17.418445 ], [ -66.05359, -17.413568 ], [ -66.058187, -17.411841 ] ] ] } },
{ "type": "Feature", "properties": { "h3_cell": "888b2cd6b5fffff", "lat": -17.421897341422643, "lon": -66.04375095286295, "population": 705, "query_count": 24, "expected_count": 456.79208290542431, "p_low": 0.2286202110994292, "pearson_residual": -0.61373327085294038, "gap_category": "esperado", "gtfs_covered": 1, "dist_stop_m": 154.92340732338923, "in_test": true, "model_id": "B1", "model_date": "2026-09-27", "edge_cell": false, "queries_per_1000": 34.042553191489361 }, "geometry": { "type": "Polygon", "coordinates": [ [ [ -66.044396, -17.41702 ], [ -66.048348, -17.420172 ], [ -66.047702, -17.425049 ], [ -66.043106, -17.426774 ], [ -66.039154, -17.423623 ], [ -66.0398, -17.418746 ], [ -66.044396, -17.41702 ] ] ] } },
{ "type": "Feature", "properties": { "h3_cell": "888b2cd6b7fffff", "lat": -17.415294056933373, "lon": -66.048993122984214, "population": 880, "query_count": 78, "expected_count": 255.20178462786455, "p_low": 0.46040392305766015, "pearson_residual": -0.44962018957329247, "gap_category": "esperado", "gtfs_covered": 1, "dist_stop_m": 56.877330817990341, "in_test": true, "model_id": "B1", "model_date": "2026-09-27", "edge_cell": false, "queries_per_1000": 88.63636363636364 }, "geometry": { "type": "Polygon", "coordinates": [ [ [ -66.049638, -17.410416 ], [ -66.05359, -17.413568 ], [ -66.052945, -17.418445 ], [ -66.048348, -17.420172 ], [ -66.044396, -17.41702 ], [ -66.045042, -17.412143 ], [ -66.049638, -17.410416 ] ] ] } },
{ "type": "Feature", "properties": { "h3_cell": "888b2cd6b9fffff", "lat": -17.431351827013945, "lon": -66.055606158080479, "population": 674, "query_count": 23, "expected_count": 176.23213964369265, "p_low": 0.33180688675101183, "pearson_residual": -0.56281590260929926, "gap_category": "esperado", "gtfs_covered": 1, "dist_stop_m": 270.38183922871707, "in_test": true, "model_id": "B1", "model_date": "2026-09-27", "edge_cell": false, "queries_per_1000": 34.124629080118694 }, "geometry": { "type": "Polygon", "coordinates": [ [ [ -66.056251, -17.426474 ], [ -66.060204, -17.429626 ], [ -66.059558, -17.434503 ], [ -66.054961, -17.436229 ], [ -66.051009, -17.433078 ], [ -66.051654, -17.4282 ], [ -66.056251, -17.426474 ] ] ] } },
{ "type": "Feature", "properties": { "h3_cell": "888b2cd6bbfffff", "lat": -17.424748349531555, "lon": -66.06084889133021, "population": 668, "query_count": 16, "expected_count": 244.27412280701756, "p_low": 0.25182854365550694, "pearson_residual": -0.60509655510725047, "gap_category": "esperado", "gtfs_covered": 1, "dist_stop_m": 387.27075622069765, "in_test": true, "model_id": "B1", "model_date": "2026-09-27", "edge_cell": false, "queries_per_1000": 23.952095808383234 }, "geometry": { "type": "Polygon", "coordinates": [ [ [ -66.061494, -17.419871 ], [ -66.065447, -17.423022 ], [ -66.064801, -17.4279 ], [ -66.060204, -17.429626 ], [ -66.056251, -17.426474 ], [ -66.056897, -17.421597 ], [ -66.061494, -17.419871 ] ] ] } },
{ "type": "Feature", "properties": { "h3_cell": "888b2cd6bdfffff", "lat": -17.429926002594097, "lon": -66.047057073287078, "population": 999, "query_count": 15, "expected_count": 647.28410045747364, "p_low": 0.16389594496519791, "pearson_residual": -0.63284151250105958, "gap_category": "esperado", "gtfs_covered": 1, "dist_stop_m": 89.078192558904291, "in_test": true, "model_id": "B1", "model_date": "2026-09-27", "edge_cell": false, "queries_per_1000": 15.015015015015015 }, "geometry": { "type": "Polygon", "coordinates": [ [ [ -66.047702, -17.425049 ], [ -66.051654, -17.4282 ], [ -66.051009, -17.433078 ], [ -66.046412, -17.434803 ], [ -66.04246, -17.431651 ], [ -66.043106, -17.426774 ], [ -66.047702, -17.425049 ] ] ] } },
{ "type": "Feature", "properties": { "h3_cell": "888b2cd6c7fffff", "lat": -17.460613270168736, "lon": -66.051734075223081, "population": 129, "query_count": 0, "expected_count": 0.69918699186991873, "p_low": 0.66256337515799224, "pearson_residual": -0.51223133398815102, "gap_category": "esperado", "gtfs_covered": 0, "dist_stop_m": 659.45535295292245, "in_test": true, "model_id": "B1", "model_date": "2026-09-27", "edge_cell": false, "queries_per_1000": 0.0 }, "geometry": { "type": "Polygon", "coordinates": [ [ [ -66.052379, -17.455737 ], [ -66.056332, -17.458888 ], [ -66.055686, -17.463765 ], [ -66.051089, -17.46549 ], [ -66.047136, -17.462338 ], [ -66.047782, -17.457462 ], [ -66.052379, -17.455737 ] ] ] } },
{ "type": "Feature", "properties": { "h3_cell": "888b2cd6cbfffff", "lat": -17.470068531804507, "lon": -66.063592059579264, "population": 26, "query_count": 0, "expected_count": 0.49078651685393254, "p_low": 0.72245524687635554, "pearson_residual": -0.47572868875165486, "gap_category": "esperado", "gtfs_covered": 0, "dist_stop_m": 2219.0934625328587, "in_test": true, "model_id": "B1", "model_date": "2026-09-27", "edge_cell": false, "queries_per_1000": 0.0 }, "geometry": { "type": "Polygon", "coordinates": [ [ [ -66.064237, -17.465192 ], [ -66.06819, -17.468344 ], [ -66.067545, -17.47322 ], [ -66.062947, -17.474945 ], [ -66.058994, -17.471793 ], [ -66.059639, -17.466917 ], [ -66.064237, -17.465192 ] ] ] } },
{ "type": "Feature", "properties": { "h3_cell": "888b2cd6d3fffff", "lat": -17.450261098063333, "lon": -66.079323270200121, "population": 56, "query_count": 0, "expected_count": 0.31886120996441281, "p_low": 0.78880378775030668, "pearson_residual": -0.4257370037207433, "gap_category": "esperado", "gtfs_covered": 0, "dist_stop_m": 1921.3802209938306, "in_test": true, "model_id": "B1", "model_date": "2026-09-27", "edge_cell": false, "queries_per_1000": 0.0 }, "geometry": { "type": "Polygon", "coordinates": [ [ [ -66.079968, -17.445383 ], [ -66.083922, -17.448535 ], [ -66.083277, -17.453413 ], [ -66.078678, -17.455139 ], [ -66.074725, -17.451987 ], [ -66.07537, -17.44711 ], [ -66.079968, -17.445383 ] ] ] } },
{ "type": "Feature", "properties": { "h3_cell": "888b2cd6dbfffff", "lat": -17.458290196864493, "lon": -66.082631897066406, "population": 32, "query_count": 0, "expected_count": 1.0602221789124926, "p_low": 0.58915587362949462, "pearson_residual": -0.54847296282407021, "gap_category": "esperado", "gtfs_covered": 0, "dist_stop_m": 1972.1546103174664, "in_test": true, "model_id": "B1", "model_date": "2026-09-27", "edge_cell": false, "queries_per_1000": 0.0 }, "geometry": { "type": "Polygon", "coordinates": [ [ [ -66.083277, -17.453413 ], [ -66.087231, -17.456564 ], [ -66.086586, -17.461442 ], [ -66.081987, -17.463168 ], [ -66.078033, -17.460016 ], [ -66.078678, -17.455139 ], [ -66.083277, -17.453413 ] ] ] } },
{ "type": "Feature", "properties": { "h3_cell": "888b2cd6e1fffff", "lat": -17.457758814779236, "lon": -66.034635837311185, "population": 177, "query_count": 1, "expected_count": 19.824, "p_low": 0.2771703924667015, "pearson_residual": -0.60895713134754237, "gap_category": "esperado", "gtfs_covered": 0, "dist_stop_m": 1001.6806904813475, "in_test": true, "model_id": "B1", "model_date": "2026-09-27", "edge_cell": false, "queries_per_1000": 5.6497175141242941 }, "geometry": { "type": "Polygon", "coordinates": [ [ [ -66.035281, -17.452883 ], [ -66.039233, -17.456034 ], [ -66.038587, -17.460911 ], [ -66.03399, -17.462635 ], [ -66.030039, -17.459483 ], [ -66.030685, -17.454607 ], [ -66.035281, -17.452883 ] ] ] } },
{ "type": "Feature", "properties": { "h3_cell": "888b2cd6e3fffff", "lat": -17.451158106635589, "lon": -66.039878325495636, "population": 771, "query_count": 24, "expected_count": 85.960927436668101, "p_low": 0.44784358832562665, "pearson_residual": -0.46599037856439229, "gap_category": "esperado", "gtfs_covered": 1, "dist_stop_m": 315.37601133555563, "in_test": true, "model_id": "B1", "model_date": "2026-09-27", "edge_cell": false, "queries_per_1000": 31.1284046692607 }, "geometry": { "type": "Polygon", "coordinates": [ [ [ -66.040524, -17.446282 ], [ -66.044475, -17.449433 ], [ -66.04383, -17.45431 ], [ -66.039233, -17.456034 ], [ -66.035281, -17.452883 ], [ -66.035927, -17.448006 ], [ -66.040524, -17.446282 ] ] ] } },
{ "type": "Feature", "properties": { "h3_cell": "888b2cd6e7fffff", "lat": -17.449730954807791, "lon": -66.031330177901324, "population": 228, "query_count": 15, "expected_count": 27.454830053667266, "p_low": 0.57726894725031808, "pearson_residual": -0.2917701726653007, "gap_category": "esperado", "gtfs_covered": 0, "dist_stop_m": 681.07633539140534, "in_test": true, "model_id": "B1", "model_date": "2026-09-27", "edge_cell": false, "queries_per_1000": 65.78947368421052 }, "geometry": { "type": "Polygon", "coordinates": [ [ [ -66.031976, -17.444855 ], [ -66.035927, -17.448006 ], [ -66.035281, -17.452883 ], [ -66.030685, -17.454607 ], [ -66.026734, -17.451455 ], [ -66.027379, -17.446579 ], [ -66.031976, -17.444855 ] ] ] } },
{ "type": "Feature", "properties": { "h3_cell": "888b2cd6ebfffff", "lat": -17.459186164759082, "lon": -66.043184528339765, "population": 130, "query_count": 0, "expected_count": 10.386597938144329, "p_low": 0.25563902419526652, "pearson_residual": -0.63534686363020365, "gap_category": "esperado", "gtfs_covered": 1, "dist_stop_m": 267.57600707486307, "in_test": true, "model_id": "B1", "model_date": "2026-09-27", "edge_cell": false, "queries_per_1000": 0.0 }, "geometry": { "type": "Polygon", "coordinates": [ [ [ -66.04383, -17.45431 ], [ -66.047782, -17.457462 ], [ -66.047136, -17.462338 ], [ -66.042539, -17.464062 ], [ -66.038587, -17.460911 ], [ -66.039233, -17.456034 ], [ -66.04383, -17.45431 ] ] ] } },
{ "type": "Feature", "properties": { "h3_cell": "888b2cd6edfffff", "lat": -17.464358829997302, "lon": -66.029393410609813, "population": 38, "query_count": 0, "expected_count": 3.9643243243243242, "p_low": 0.37339890006343701, "pearson_residual": -0.61624346903063121, "gap_category": "esperado", "gtfs_covered": 0, "dist_stop_m": 1787.1501000346443, "in_test": true, "model_id": "B1", "model_date": "2026-09-27", "edge_cell": false, "queries_per_1000": 0.0 }, "geometry": { "type": "Polygon", "coordinates": [ [ [ -66.030039, -17.459483 ], [ -66.03399, -17.462635 ], [ -66.033345, -17.467511 ], [ -66.028748, -17.469235 ], [ -66.024797, -17.466083 ], [ -66.025442, -17.461207 ], [ -66.030039, -17.459483 ] ] ] } },
{ "type": "Feature", "properties": { "h3_cell": "888b2cd707fffff", "lat": -17.47414403563015, "lon": -65.953858429043649, "population": 17, "query_count": 0, "expected_count": 9.9999999999999995e-07, "p_low": 0.99999900000169051, "pearson_residual": -0.00099999880949217727, "gap_category": "esperado", "gtfs_covered": 0, "dist_stop_m": 5103.2073207998374, "in_test": false, "model_id": "B1", "model_date": "2026-09-27", "edge_cell": false, "queries_per_1000": 0.0 }, "geometry": { "type": "Polygon", "coordinates": [ [ [ -65.954505, -17.469271 ], [ -65.958452, -17.472423 ], [ -65.957806, -17.477296 ], [ -65.953212, -17.479017 ], [ -65.949265, -17.475865 ], [ -65.949911, -17.470992 ], [ -65.954505, -17.469271 ] ] ] } },
{ "type": "Feature", "properties": { "h3_cell": "888b2cd717fffff", "lat": -17.462383613662539, "lon": -65.972880646783324, "population": 14, "query_count": 0, "expected_count": 9.9999999999999995e-07, "p_low": 0.99999900000169051, "pearson_residual": -0.00099999880949217727, "gap_category": "esperado", "gtfs_covered": 0, "dist_stop_m": 2929.3012152947308, "in_test": false, "model_id": "B1", "model_date": "2026-09-27", "edge_cell": false, "queries_per_1000": 0.0 }, "geometry": { "type": "Polygon", "coordinates": [ [ [ -65.973527, -17.457509 ], [ -65.977475, -17.460661 ], [ -65.976829, -17.465536 ], [ -65.972235, -17.467258 ], [ -65.968286, -17.464106 ], [ -65.968933, -17.459232 ], [ -65.973527, -17.457509 ] ] ] } },
{ "type": "Feature", "properties": { "h3_cell": "888b2cd749fffff", "lat": -17.512838507548963, "lon": -65.961823751222767, "population": 10, "query_count": 0, "expected_count": 0.30769230769230771, "p_low": 0.79386615764609825, "pearson_residual": -0.42141158348261237, "gap_category": "esperado", "gtfs_covered": 0, "dist_stop_m": 2168.9808276734684, "in_test": false, "model_id": "B1", "model_date": "2026-09-27", "edge_cell": false, "queries_per_1000": 0.0 }, "geometry": { "type": "Polygon", "coordinates": [ [ [ -65.96247, -17.507966 ], [ -65.966418, -17.511118 ], [ -65.965772, -17.515991 ], [ -65.961177, -17.517711 ], [ -65.957229, -17.514559 ], [ -65.957876, -17.509686 ], [ -65.96247, -17.507966 ] ] ] } },
{ "type": "Feature", "properties": { "h3_cell": "888b2cd74dfffff", "lat": -17.51140619543607, "lon": -65.953281311626341, "population": 21, "query_count": 0, "expected_count": 0.23204419889502761, "p_low": 0.83132105768587339, "pearson_residual": -0.38660662676872781, "gap_category": "esperado", "gtfs_covered": 0, "dist_stop_m": 2451.9495121109308, "in_test": false, "model_id": "B1", "model_date": "2026-09-27", "edge_cell": false, "queries_per_1000": 0.0 }, "geometry": { "type": "Polygon", "coordinates": [ [ [ -65.953928, -17.506534 ], [ -65.957876, -17.509686 ], [ -65.957229, -17.514559 ], [ -65.952635, -17.516278 ], [ -65.948687, -17.513126 ], [ -65.949334, -17.508254 ], [ -65.953928, -17.506534 ] ] ] } },
{ "type": "Feature", "properties": { "h3_cell": "88b32d9041fffff", "lat": -17.571878679780266, "lon": -66.00203936433104, "population": 26, "query_count": 0, "expected_count": 0.035326086956521736, "p_low": 0.9666499983170842, "pearson_residual": -0.1805139077048194, "gap_category": "esperado", "gtfs_covered": 0, "dist_stop_m": 3078.3584563920276, "in_test": false, "model_id": "B1", "model_date": "2026-09-27", "edge_cell": true, "queries_per_1000": 0.0 }, "geometry": { "type": "Polygon", "coordinates": [ [ [ -66.002685, -17.567006 ], [ -66.006637, -17.570159 ], [ -66.005991, -17.575031 ], [ -66.001393, -17.576751 ], [ -65.997442, -17.573598 ], [ -65.998088, -17.568726 ], [ -66.002685, -17.567006 ] ] ] } },
{ "type": "Feature", "properties": { "h3_cell": "88b32d9045fffff", "lat": -17.573311641971465, "lon": -66.010588187470105, "population": 97, "query_count": 0, "expected_count": 0.13179347826086957, "p_low": 0.89169990767222074, "pearson_residual": -0.31672464122417859, "gap_category": "esperado", "gtfs_covered": 0, "dist_stop_m": 3150.1485807381082, "in_test": false, "model_id": "B1", "model_date": "2026-09-27", "edge_cell": true, "queries_per_1000": 0.0 }, "geometry": { "type": "Polygon", "coordinates": [ [ [ -66.011234, -17.568439 ], [ -66.015186, -17.571592 ], [ -66.01454, -17.576464 ], [ -66.009942, -17.578184 ], [ -66.005991, -17.575031 ], [ -66.006637, -17.570159 ], [ -66.011234, -17.568439 ] ] ] } },
{ "type": "Feature", "properties": { "h3_cell": "88b32d904dfffff", "lat": -17.565286428394373, "lon": -66.007282743371448, "population": 432, "query_count": 2, "expected_count": 0.58695652173913038, "p_low": 0.9323736392638251, "pearson_residual": 1.1911549371135266, "gap_category": "esperado", "gtfs_covered": 0, "dist_stop_m": 2297.4827223190009, "in_test": false, "model_id": "B1", "model_date": "2026-09-27", "edge_cell": false, "queries_per_1000": 4.6296296296296298 }, "geometry": { "type": "Polygon", "coordinates": [ [ [ -66.007929, -17.560414 ], [ -66.01188, -17.563566 ], [ -66.011234, -17.568439 ], [ -66.006637, -17.570159 ], [ -66.002685, -17.567006 ], [ -66.003332, -17.562134 ], [ -66.007929, -17.560414 ] ] ] } },
{ "type": "Feature", "properties": { "h3_cell": "88b32d9069fffff", "lat": -17.574744358002054, "lon": -66.019137868105645, "population": 22, "query_count": 0, "expected_count": 0.018219461697722567, "p_low": 0.98232276530982954, "pearson_residual": -0.13214365939756617, "gap_category": "esperado", "gtfs_covered": 0, "dist_stop_m": 3367.3153199567787, "in_test": false, "model_id": "B1", "model_date": "2026-09-27", "edge_cell": true, "queries_per_1000": 0.0 }, "geometry": { "type": "Polygon", "coordinates": [ [ [ -66.019784, -17.569872 ], [ -66.023736, -17.573024 ], [ -66.02309, -17.577897 ], [ -66.018492, -17.579617 ], [ -66.01454, -17.576464 ], [ -66.015186, -17.571592 ], [ -66.019784, -17.569872 ] ] ] } },
{ "type": "Feature", "properties": { "h3_cell": "88b32d9201fffff", "lat": -17.538345860094172, "lon": -65.980275730257858, "population": 33, "query_count": 14, "expected_count": 0.56571428571428573, "p_low": 0.99996299765460184, "pearson_residual": 11.659007815189899, "gap_category": "exceso", "gtfs_covered": 1, "dist_stop_m": 420.3625654562336, "in_test": false, "model_id": "B1", "model_date": "2026-09-27", "edge_cell": false, "queries_per_1000": 424.24242424242425 }, "geometry": { "type": "Polygon", "coordinates": [ [ [ -65.980922, -17.533473 ], [ -65.984872, -17.536626 ], [ -65.984225, -17.541498 ], [ -65.979629, -17.543218 ], [ -65.97568, -17.540066 ], [ -65.976326, -17.535193 ], [ -65.980922, -17.533473 ] ] ] } },
{ "type": "Feature", "properties": { "h3_cell": "88b32d9205fffff", "lat": -17.539778278297575, "lon": -65.988821519164489, "population": 108, "query_count": 8, "expected_count": 2.9560117302052786, "p_low": 0.8975971242345181, "pearson_residual": 1.0347567583009796, "gap_category": "esperado", "gtfs_covered": 1, "dist_stop_m": 92.780048502134889, "in_test": false, "model_id": "B1", "model_date": "2026-09-27", "edge_cell": false, "queries_per_1000": 74.074074074074076 }, "geometry": { "type": "Polygon", "coordinates": [ [ [ -65.989468, -17.534905 ], [ -65.993418, -17.538058 ], [ -65.992772, -17.542931 ], [ -65.988175, -17.544651 ], [ -65.984225, -17.541498 ], [ -65.984872, -17.536626 ], [ -65.989468, -17.534905 ] ] ] } },
{ "type": "Feature", "properties": { "h3_cell": "88b32d9209fffff", "lat": -17.530320819421355, "lon": -65.976972544235281, "population": 71, "query_count": 12, "expected_count": 0.47019867549668876, "p_low": 0.99996086418061436, "pearson_residual": 11.549389924710765, "gap_category": "exceso", "gtfs_covered": 1, "dist_stop_m": 273.87658526114723, "in_test": false, "model_id": "B1", "model_date": "2026-09-27", "edge_cell": false, "queries_per_1000": 169.01408450704224 }, "geometry": { "type": "Polygon", "coordinates": [ [ [ -65.977619, -17.525448 ], [ -65.981568, -17.528601 ], [ -65.980922, -17.533473 ], [ -65.976326, -17.535193 ], [ -65.972377, -17.532041 ], [ -65.973023, -17.527168 ], [ -65.977619, -17.525448 ] ] ] } },
{ "type": "Feature", "properties": { "h3_cell": "88b32d920bfffff", "lat": -17.536913196914501, "lon": -65.971730799568249, "population": 135, "query_count": 2, "expected_count": 2.2252747252747254, "p_low": 0.72220296200242873, "pearson_residual": -0.060173424100227677, "gap_category": "esperado", "gtfs_covered": 0, "dist_stop_m": 522.75517659650836, "in_test": false, "model_id": "B1", "model_date": "2026-09-27", "edge_cell": false, "queries_per_1000": 14.814814814814815 }, "geometry": { "type": "Polygon", "coordinates": [ [ [ -65.972377, -17.532041 ], [ -65.976326, -17.535193 ], [ -65.97568, -17.540066 ], [ -65.971084, -17.541785 ], [ -65.967135, -17.538633 ], [ -65.967782, -17.533761 ], [ -65.972377, -17.532041 ] ] ] } },
{ "type": "Feature", "properties": { "h3_cell": "88b32d920dfffff", "lat": -17.531753039622259, "lon": -65.985517789035839, "population": 19, "query_count": 2, "expected_count": 0.29051987767584098, "p_low": 0.97954981140862651, "pearson_residual": 2.4384291430935026, "gap_category": "esperado", "gtfs_covered": 0, "dist_stop_m": 548.25517203703021, "in_test": false, "model_id": "B1", "model_date": "2026-09-27", "edge_cell": false, "queries_per_1000": 105.26315789473684 }, "geometry": { "type": "Polygon", "coordinates": [ [ [ -65.986164, -17.52688 ], [ -65.990114, -17.530033 ], [ -65.989468, -17.534905 ], [ -65.984872, -17.536626 ], [ -65.980922, -17.533473 ], [ -65.981568, -17.528601 ], [ -65.986164, -17.52688 ] ] ] } },
{ "type": "Feature", "properties": { "h3_cell": "88b32d9211fffff", "lat": -17.550095864424058, "lon": -65.961247497889872, "population": 44, "query_count": 0, "expected_count": 0.25142857142857145, "p_low": 0.82115523926742362, "pearson_residual": -0.3965790282948029, "gap_category": "esperado", "gtfs_covered": 0, "dist_stop_m": 1912.8252716531752, "in_test": false, "model_id": "B1", "model_date": "2026-09-27", "edge_cell": true, "queries_per_1000": 0.0 }, "geometry": { "type": "Polygon", "coordinates": [ [ [ -65.961894, -17.545224 ], [ -65.965843, -17.548377 ], [ -65.965196, -17.553249 ], [ -65.960601, -17.554967 ], [ -65.956652, -17.551815 ], [ -65.957299, -17.546943 ], [ -65.961894, -17.545224 ] ] ] } },
{ "type": "Feature", "properties": { "h3_cell": "88b32d9215fffff", "lat": -17.551529413675738, "lon": -65.969791799949064, "population": 44, "query_count": 0, "expected_count": 0.25142857142857145, "p_low": 0.82115523926742362, "pearson_residual": -0.3965790282948029, "gap_category": "esperado", "gtfs_covered": 0, "dist_stop_m": 2150.7238210874857, "in_test": false, "model_id": "B1", "model_date": "2026-09-27", "edge_cell": true, "queries_per_1000": 0.0 }, "geometry": { "type": "Polygon", "coordinates": [ [ [ -65.970438, -17.546657 ], [ -65.974387, -17.54981 ], [ -65.973741, -17.554682 ], [ -65.969145, -17.556401 ], [ -65.965196, -17.553249 ], [ -65.965843, -17.548377 ], [ -65.970438, -17.546657 ] ] ] } },
{ "type": "Feature", "properties": { "h3_cell": "88b32d9219fffff", "lat": -17.542071527628863, "lon": -65.957945359646047, "population": 50, "query_count": 0, "expected_count": 0.72463768115942029, "p_low": 0.65633571444450578, "pearson_residual": -0.51564069428797243, "gap_category": "esperado", "gtfs_covered": 0, "dist_stop_m": 993.21726154035423, "in_test": false, "model_id": "B1", "model_date": "2026-09-27", "edge_cell": true, "queries_per_1000": 0.0 }, "geometry": { "type": "Polygon", "coordinates": [ [ [ -65.958592, -17.5372 ], [ -65.96254, -17.540352 ], [ -65.961894, -17.545224 ], [ -65.957299, -17.546943 ], [ -65.953351, -17.543791 ], [ -65.953997, -17.538919 ], [ -65.958592, -17.5372 ] ] ] } },
{ "type": "Feature", "properties": { "h3_cell": "88b32d9229fffff", "lat": -17.541210451349734, "lon": -65.997368166037191, "population": 81, "query_count": 2, "expected_count": 2.2170087976539588, "p_low": 0.72294086188755113, "pearson_residual": -0.058164407910230427, "gap_category": "esperado", "gtfs_covered": 1, "dist_stop_m": 121.55809884436022, "in_test": false, "model_id": "B1", "model_date": "2026-09-27", "edge_cell": false, "queries_per_1000": 24.691358024691358 }, "geometry": { "type": "Polygon", "coordinates": [ [ [ -65.998014, -17.536337 ], [ -66.001965, -17.53949 ], [ -66.001319, -17.544363 ], [ -65.996722, -17.546083 ], [ -65.992772, -17.542931 ], [ -65.993418, -17.538058 ], [ -65.998014, -17.536337 ] ] ] } },
{ "type": "Feature", "properties": { "h3_cell": "88b32d922dfffff", "lat": -17.542642379075691, "lon": -66.005915670624745, "population": 235, "query_count": 22, "expected_count": 6.4320625610948188, "p_low": 0.92885781240624543, "pearson_residual": 1.5197220089277321, "gap_category": "esperado", "gtfs_covered": 1, "dist_stop_m": 184.40834639191817, "in_test": false, "model_id": "B1", "model_date": "2026-09-27", "edge_cell": false, "queries_per_1000": 93.617021276595736 }, "geometry": { "type": "Polygon", "coordinates": [ [ [ -66.006562, -17.537769 ], [ -66.010513, -17.540922 ], [ -66.009867, -17.545795 ], [ -66.00527, -17.547515 ], [ -66.001319, -17.544363 ], [ -66.001965, -17.53949 ], [ -66.006562, -17.537769 ] ] ] } },
{ "type": "Feature", "properties": { "h3_cell": "88b32d9231fffff", "lat": -17.560987395602723, "lon": -65.981640479839911, "population": 126, "query_count": 0, "expected_count": 0.6975339708102668, "p_low": 0.66297480945057052, "pearson_residual": -0.51200372020136242, "gap_category": "esperado", "gtfs_covered": 0, "dist_stop_m": 2544.3385411265144, "in_test": false, "model_id": "B1", "model_date": "2026-09-27", "edge_cell": true, "queries_per_1000": 0.0 }, "geometry": { "type": "Polygon", "coordinates": [ [ [ -65.982287, -17.556115 ], [ -65.986237, -17.559268 ], [ -65.985591, -17.56414 ], [ -65.980994, -17.565859 ], [ -65.977044, -17.562707 ], [ -65.977691, -17.557835 ], [ -65.982287, -17.556115 ] ] ] } },
{ "type": "Feature", "properties": { "h3_cell": "88b32d9235fffff", "lat": -17.562420652193317, "lon": -65.990187043046959, "population": 14, "query_count": 0, "expected_count": 0.077503774534474087, "p_low": 0.9313443676531783, "pearson_residual": -0.25579197947427024, "gap_category": "esperado", "gtfs_covered": 0, "dist_stop_m": 2349.3278928716213, "in_test": false, "model_id": "B1", "model_date": "2026-09-27", "edge_cell": true, "queries_per_1000": 0.0 }, "geometry": { "type": "Polygon", "coordinates": [ [ [ -65.990833, -17.557548 ], [ -65.994784, -17.560701 ], [ -65.994138, -17.565573 ], [ -65.989541, -17.567293 ], [ -65.985591, -17.56414 ], [ -65.986237, -17.559268 ], [ -65.990833, -17.557548 ] ] ] } },
{ "type": "Feature", "properties": { "h3_cell": "88b32d9243fffff", "lat": -17.52229572442014, "lon": -65.973669650638115, "population": 19, "query_count": 0, "expected_count": 0.30645161290322581, "p_low": 0.79443531805360634, "pearson_residual": -0.42092009253028934, "gap_category": "esperado", "gtfs_covered": 0, "dist_stop_m": 1110.5822698215743, "in_test": false, "model_id": "B1", "model_date": "2026-09-27", "edge_cell": false, "queries_per_1000": 0.0 }, "geometry": { "type": "Polygon", "coordinates": [ [ [ -65.974316, -17.517423 ], [ -65.978265, -17.520575 ], [ -65.977619, -17.525448 ], [ -65.973023, -17.527168 ], [ -65.969074, -17.524016 ], [ -65.969721, -17.519143 ], [ -65.974316, -17.517423 ] ] ] } },
{ "type": "Feature", "properties": { "h3_cell": "88b32d9251fffff", "lat": -17.527455644890825, "lon": -65.959884629698848, "population": 150, "query_count": 3, "expected_count": 0.99337748344370858, "p_low": 0.91667349696344524, "pearson_residual": 1.097487945111209, "gap_category": "esperado", "gtfs_covered": 0, "dist_stop_m": 593.9484150787946, "in_test": false, "model_id": "B1", "model_date": "2026-09-27", "edge_cell": false, "queries_per_1000": 20.0 }, "geometry": { "type": "Polygon", "coordinates": [ [ [ -65.960531, -17.522583 ], [ -65.964479, -17.525736 ], [ -65.963833, -17.530608 ], [ -65.959238, -17.532328 ], [ -65.95529, -17.529175 ], [ -65.955936, -17.524303 ], [ -65.960531, -17.522583 ] ] ] } },
{ "type": "Feature", "properties": { "h3_cell": "88b32d9253fffff", "lat": -17.534047136326262, "lon": -65.954643513843095, "population": 124, "query_count": 12, "expected_count": 2.0439560439560438, "p_low": 0.97759577774864381, "pearson_residual": 2.8751075076067312, "gap_category": "exceso", "gtfs_covered": 1, "dist_stop_m": 61.193939220108419, "in_test": false, "model_id": "B1", "model_date": "2026-09-27", "edge_cell": false, "queries_per_1000": 96.774193548387089 }, "geometry": { "type": "Polygon", "coordinates": [ [ [ -65.95529, -17.529175 ], [ -65.959238, -17.532328 ], [ -65.958592, -17.5372 ], [ -65.953997, -17.538919 ], [ -65.950049, -17.535766 ], [ -65.950695, -17.530895 ], [ -65.95529, -17.529175 ] ] ] } },
{ "type": "Feature", "properties": { "h3_cell": "88b32d9255fffff", "lat": -17.528888354452562, "lon": -65.968428157706043, "population": 186, "query_count": 12, "expected_count": 1.2317880794701987, "p_low": 0.99531709640669597, "pearson_residual": 4.8923608822435494, "gap_category": "exceso", "gtfs_covered": 1, "dist_stop_m": 354.61666240092831, "in_test": false, "model_id": "B1", "model_date": "2026-09-27", "edge_cell": false, "queries_per_1000": 64.516129032258064 }, "geometry": { "type": "Polygon", "coordinates": [ [ [ -65.969074, -17.524016 ], [ -65.973023, -17.527168 ], [ -65.972377, -17.532041 ], [ -65.967782, -17.533761 ], [ -65.963833, -17.530608 ], [ -65.964479, -17.525736 ], [ -65.969074, -17.524016 ] ] ] } },
{ "type": "Feature", "properties": { "h3_cell": "88b32d9257fffff", "lat": -17.535480288933545, "lon": -65.963186727346482, "population": 500, "query_count": 45, "expected_count": 8.2417582417582427, "p_low": 0.9746216520715536, "pearson_residual": 2.8194250335214308, "gap_category": "exceso", "gtfs_covered": 1, "dist_stop_m": 340.93002164034414, "in_test": false, "model_id": "B1", "model_date": "2026-09-27", "edge_cell": false, "queries_per_1000": 90.0 }, "geometry": { "type": "Polygon", "coordinates": [ [ [ -65.963833, -17.530608 ], [ -65.967782, -17.533761 ], [ -65.967135, -17.538633 ], [ -65.96254, -17.540352 ], [ -65.958592, -17.5372 ], [ -65.959238, -17.532328 ], [ -65.963833, -17.530608 ] ] ] } },
{ "type": "Feature", "properties": { "h3_cell": "88b32d925bfffff", "lat": -17.526022690911017, "lon": -65.951341960464148, "population": 77, "query_count": 0, "expected_count": 0.45833333333333331, "p_low": 0.73354858841188975, "pearson_residual": -0.46814724436044952, "gap_category": "esperado", "gtfs_covered": 0, "dist_stop_m": 848.88628537720683, "in_test": false, "model_id": "B1", "model_date": "2026-09-27", "edge_cell": false, "queries_per_1000": 0.0 }, "geometry": { "type": "Polygon", "coordinates": [ [ [ -65.951988, -17.521151 ], [ -65.955936, -17.524303 ], [ -65.95529, -17.529175 ], [ -65.950695, -17.530895 ], [ -65.946748, -17.527742 ], [ -65.947394, -17.52287 ], [ -65.951988, -17.521151 ] ] ] } },
{ "type": "Feature", "properties": { "h3_cell": "88b32d925dfffff", "lat": -17.520863457865772, "lon": -65.965125808263181, "population": 25, "query_count": 1, "expected_count": 0.36945812807881773, "p_low": 0.91795049269699436, "pearson_residual": 0.75663866823759118, "gap_category": "esperado", "gtfs_covered": 0, "dist_stop_m": 1255.1668467044974, "in_test": false, "model_id": "B1", "model_date": "2026-09-27", "edge_cell": false, "queries_per_1000": 40.0 }, "geometry": { "type": "Polygon", "coordinates": [ [ [ -65.965772, -17.515991 ], [ -65.969721, -17.519143 ], [ -65.969074, -17.524016 ], [ -65.964479, -17.525736 ], [ -65.960531, -17.522583 ], [ -65.961177, -17.517711 ], [ -65.965772, -17.515991 ] ] ] } },
{ "type": "Feature", "properties": { "h3_cell": "88b32d9267fffff", "lat": -17.534616745020738, "lon": -66.002610852447248, "population": 69, "query_count": 1, "expected_count": 1.0714285714285714, "p_low": 0.76448930753905942, "pearson_residual": -0.036619241544481013, "gap_category": "esperado", "gtfs_covered": 0, "dist_stop_m": 1019.2278342914184, "in_test": false, "model_id": "B1", "model_date": "2026-09-27", "edge_cell": false, "queries_per_1000": 14.492753623188406 }, "geometry": { "type": "Polygon", "coordinates": [ [ [ -66.003257, -17.529743 ], [ -66.007208, -17.532896 ], [ -66.006562, -17.537769 ], [ -66.001965, -17.53949 ], [ -65.998014, -17.536337 ], [ -65.99866, -17.531464 ], [ -66.003257, -17.529743 ] ] ] } },
{ "type": "Feature", "properties": { "h3_cell": "88b32d9305fffff", "lat": -17.549798331688041, "lon": -66.048666050479909, "population": 45, "query_count": 8, "expected_count": 3.854166666666667, "p_low": 0.85457597343015501, "pearson_residual": 0.66197251770065024, "gap_category": "esperado", "gtfs_covered": 0, "dist_stop_m": 745.6426653042065, "in_test": false, "model_id": "B1", "model_date": "2026-09-27", "edge_cell": false, "queries_per_1000": 177.77777777777777 }, "geometry": { "type": "Polygon", "coordinates": [ [ [ -66.049312, -17.544924 ], [ -66.053265, -17.548076 ], [ -66.052619, -17.552951 ], [ -66.04802, -17.554672 ], [ -66.044067, -17.55152 ], [ -66.044713, -17.546646 ], [ -66.049312, -17.544924 ] ] ] } },
{ "type": "Feature", "properties": { "h3_cell": "88b32d9309fffff", "lat": -17.540341210906664, "lon": -66.036807267473606, "population": 180, "query_count": 8, "expected_count": 6.600594648166501, "p_low": 0.75041815442459148, "pearson_residual": 0.13322444071338882, "gap_category": "esperado", "gtfs_covered": 1, "dist_stop_m": 96.698125085911869, "in_test": false, "model_id": "B1", "model_date": "2026-09-27", "edge_cell": false, "queries_per_1000": 44.444444444444443 }, "geometry": { "type": "Polygon", "coordinates": [ [ [ -66.037453, -17.535467 ], [ -66.041406, -17.538619 ], [ -66.04076, -17.543494 ], [ -66.036162, -17.545215 ], [ -66.032209, -17.542063 ], [ -66.032855, -17.537189 ], [ -66.037453, -17.535467 ] ] ] } },
{ "type": "Feature", "properties": { "h3_cell": "88b32d930bfffff", "lat": -17.546936688546509, "lon": -66.031563328161752, "population": 168, "query_count": 1, "expected_count": 4.8461538461538467, "p_low": 0.47936178584765388, "pearson_residual": -0.49340126767001491, "gap_category": "esperado", "gtfs_covered": 1, "dist_stop_m": 463.79658103523985, "in_test": false, "model_id": "B1", "model_date": "2026-09-27", "edge_cell": false, "queries_per_1000": 5.9523809523809517 }, "geometry": { "type": "Polygon", "coordinates": [ [ [ -66.032209, -17.542063 ], [ -66.036162, -17.545215 ], [ -66.035516, -17.550089 ], [ -66.030918, -17.55181 ], [ -66.026965, -17.548658 ], [ -66.027611, -17.543784 ], [ -66.032209, -17.542063 ] ] ] } },
{ "type": "Feature", "properties": { "h3_cell": "88b32d930dfffff", "lat": -17.541771712834617, "lon": -66.045358513137387, "population": 179, "query_count": 16, "expected_count": 13.928807947019866, "p_low": 0.7333692099085839, "pearson_residual": 0.094945448959700612, "gap_category": "esperado", "gtfs_covered": 1, "dist_stop_m": 319.8676727861199, "in_test": false, "model_id": "B1", "model_date": "2026-09-27", "edge_cell": false, "queries_per_1000": 89.385474860335194 }, "geometry": { "type": "Polygon", "coordinates": [ [ [ -66.046004, -17.536897 ], [ -66.049957, -17.54005 ], [ -66.049312, -17.544924 ], [ -66.044713, -17.546646 ], [ -66.04076, -17.543494 ], [ -66.041406, -17.538619 ], [ -66.046004, -17.536897 ] ] ] } },
{ "type": "Feature", "properties": { "h3_cell": "88b32d9311fffff", "lat": -17.560125557155111, "lon": -66.021075634331282, "population": 114, "query_count": 0, "expected_count": 0.41379310344827586, "p_low": 0.74975815197813145, "pearson_residual": -0.45654549751504647, "gap_category": "esperado", "gtfs_covered": 0, "dist_stop_m": 1771.6739654207693, "in_test": false, "model_id": "B1", "model_date": "2026-09-27", "edge_cell": false, "queries_per_1000": 0.0 }, "geometry": { "type": "Polygon", "coordinates": [ [ [ -66.021722, -17.555252 ], [ -66.025674, -17.558405 ], [ -66.025028, -17.563278 ], [ -66.02043, -17.564999 ], [ -66.016478, -17.561846 ], [ -66.017124, -17.556973 ], [ -66.021722, -17.555252 ] ] ] } },
{ "type": "Feature", "properties": { "h3_cell": "88b32d9313fffff", "lat": -17.566718947654547, "lon": -66.015831879986152, "population": 292, "query_count": 1, "expected_count": 1.0598911070780399, "p_low": 0.76644356553766646, "pearson_residual": -0.030991105742872005, "gap_category": "esperado", "gtfs_covered": 0, "dist_stop_m": 2434.9662948031059, "in_test": false, "model_id": "B1", "model_date": "2026-09-27", "edge_cell": false, "queries_per_1000": 3.4246575342465753 }, "geometry": { "type": "Polygon", "coordinates": [ [ [ -66.016478, -17.561846 ], [ -66.02043, -17.564999 ], [ -66.019784, -17.569872 ], [ -66.015186, -17.571592 ], [ -66.011234, -17.568439 ], [ -66.01188, -17.563566 ], [ -66.016478, -17.561846 ] ] ] } },
{ "type": "Feature", "properties": { "h3_cell": "88b32d9315fffff", "lat": -17.561557387429087, "lon": -66.02962594138755, "population": 406, "query_count": 0, "expected_count": 1.4736842105263157, "p_low": 0.53125042692397983, "pearson_residual": -0.57170012806659609, "gap_category": "esperado", "gtfs_covered": 0, "dist_stop_m": 1966.7281801595791, "in_test": false, "model_id": "B1", "model_date": "2026-09-27", "edge_cell": false, "queries_per_1000": 0.0 }, "geometry": { "type": "Polygon", "coordinates": [ [ [ -66.030272, -17.556684 ], [ -66.034224, -17.559836 ], [ -66.033579, -17.56471 ], [ -66.02898, -17.566431 ], [ -66.025028, -17.563278 ], [ -66.025674, -17.558405 ], [ -66.030272, -17.556684 ] ] ] } },
{ "type": "Feature", "properties": { "h3_cell": "88b32d9317fffff", "lat": -17.56815122078762, "lon": -66.024381873900282, "population": 922, "query_count": 0, "expected_count": 3.3466424682395641, "p_low": 0.39798857529074266, "pearson_residual": -0.61086695689601078, "gap_category": "esperado", "gtfs_covered": 0, "dist_stop_m": 2659.7478894538945, "in_test": false, "model_id": "B1", "model_date": "2026-09-27", "edge_cell": true, "queries_per_1000": 0.0 }, "geometry": { "type": "Polygon", "coordinates": [ [ [ -66.025028, -17.563278 ], [ -66.02898, -17.566431 ], [ -66.028334, -17.571304 ], [ -66.023736, -17.573024 ], [ -66.019784, -17.569872 ], [ -66.02043, -17.564999 ], [ -66.025028, -17.563278 ] ] ] } },
{ "type": "Feature", "properties": { "h3_cell": "88b32d931bfffff", "lat": -17.558693480787621, "lon": -66.012526184377379, "population": 144, "query_count": 1, "expected_count": 4.2561576354679804, "p_low": 0.50235521311823406, "pearson_residual": -0.47301078000474794, "gap_category": "esperado", "gtfs_covered": 0, "dist_stop_m": 1523.5428470215409, "in_test": false, "model_id": "B1", "model_date": "2026-09-27", "edge_cell": false, "queries_per_1000": 6.9444444444444438 }, "geometry": { "type": "Polygon", "coordinates": [ [ [ -66.013172, -17.55382 ], [ -66.017124, -17.556973 ], [ -66.016478, -17.561846 ], [ -66.01188, -17.563566 ], [ -66.007929, -17.560414 ], [ -66.008575, -17.555541 ], [ -66.013172, -17.55382 ] ] ] } },
{ "type": "Feature", "properties": { "h3_cell": "88b32d9325fffff", "lat": -17.560685943875068, "lon": -66.069081114736179, "population": 29, "query_count": 0, "expected_count": 9.2599009900990108, "p_low": 0.26773811290054311, "pearson_residual": -0.63384996222762402, "gap_category": "esperado", "gtfs_covered": 0, "dist_stop_m": 2302.3723199671144, "in_test": false, "model_id": "B1", "model_date": "2026-09-27", "edge_cell": false, "queries_per_1000": 0.0 }, "geometry": { "type": "Polygon", "coordinates": [ [ [ -66.069727, -17.555811 ], [ -66.073681, -17.558964 ], [ -66.073036, -17.563838 ], [ -66.068436, -17.56556 ], [ -66.064481, -17.562408 ], [ -66.065127, -17.557534 ], [ -66.069727, -17.555811 ] ] ] } },
{ "type": "Feature", "properties": { "h3_cell": "88b32d9329fffff", "lat": -17.551228783782147, "lon": -66.057218696070422, "population": 73, "query_count": 0, "expected_count": 22.437229437229437, "p_low": 0.18663383935258196, "pearson_residual": -0.64208336945921585, "gap_category": "esperado", "gtfs_covered": 0, "dist_stop_m": 1021.1098387946215, "in_test": false, "model_id": "B1", "model_date": "2026-09-27", "edge_cell": false, "queries_per_1000": 0.0 }, "geometry": { "type": "Polygon", "coordinates": [ [ [ -66.057864, -17.546354 ], [ -66.061818, -17.549507 ], [ -66.061173, -17.554381 ], [ -66.056573, -17.556103 ], [ -66.052619, -17.552951 ], [ -66.053265, -17.548076 ], [ -66.057864, -17.546354 ] ] ] } },
{ "type": "Feature", "properties": { "h3_cell": "88b32d9331fffff", "lat": -17.571015027971921, "lon": -66.041484432619171, "population": 448, "query_count": 2, "expected_count": 1.6261343012704175, "p_low": 0.78275436911025353, "pearson_residual": 0.13282814259928993, "gap_category": "esperado", "gtfs_covered": 0, "dist_stop_m": 3033.9774859921909, "in_test": false, "model_id": "B1", "model_date": "2026-09-27", "edge_cell": true, "queries_per_1000": 4.4642857142857144 }, "geometry": { "type": "Polygon", "coordinates": [ [ [ -66.04213, -17.566141 ], [ -66.046083, -17.569294 ], [ -66.045438, -17.574168 ], [ -66.040839, -17.575888 ], [ -66.036886, -17.572736 ], [ -66.037531, -17.567862 ], [ -66.04213, -17.566141 ] ] ] } },
{ "type": "Feature", "properties": { "h3_cell": "88b32d9335fffff", "lat": -17.57244656167283, "lon": -66.050036996919545, "population": 76, "query_count": 0, "expected_count": 0.27586206896551724, "p_low": 0.80891992720477446, "pearson_residual": -0.40804364338061194, "gap_category": "esperado", "gtfs_covered": 0, "dist_stop_m": 3255.3279502864762, "in_test": false, "model_id": "B1", "model_date": "2026-09-27", "edge_cell": true, "queries_per_1000": 0.0 }, "geometry": { "type": "Polygon", "coordinates": [ [ [ -66.050683, -17.567573 ], [ -66.054636, -17.570725 ], [ -66.053991, -17.575599 ], [ -66.049391, -17.57732 ], [ -66.045438, -17.574168 ], [ -66.046083, -17.569294 ], [ -66.050683, -17.567573 ] ] ] } },
{ "type": "Feature", "properties": { "h3_cell": "88b32d9339fffff", "lat": -17.562988971434457, "lon": -66.038177105294224, "population": 263, "query_count": 0, "expected_count": 0.95462794918330307, "p_low": 0.60775630274619075, "pearson_residual": -0.54006353744981916, "gap_category": "esperado", "gtfs_covered": 0, "dist_stop_m": 2185.0577358596747, "in_test": false, "model_id": "B1", "model_date": "2026-09-27", "edge_cell": false, "queries_per_1000": 0.0 }, "geometry": { "type": "Polygon", "coordinates": [ [ [ -66.038823, -17.558115 ], [ -66.042776, -17.561268 ], [ -66.04213, -17.566141 ], [ -66.037531, -17.567862 ], [ -66.033579, -17.56471 ], [ -66.034224, -17.559836 ], [ -66.038823, -17.558115 ] ] ] } },
{ "type": "Feature", "properties": { "h3_cell": "88b32d933bfffff", "lat": -17.569583247618471, "lon": -66.032932724861993, "population": 537, "query_count": 0, "expected_count": 1.9491833030852994, "p_low": 0.48354617956875579, "pearson_residual": -0.58782301890763, "gap_category": "esperado", "gtfs_covered": 0, "dist_stop_m": 2908.5697155520916, "in_test": false, "model_id": "B1", "model_date": "2026-09-27", "edge_cell": true, "queries_per_1000": 0.0 }, "geometry": { "type": "Polygon", "coordinates": [ [ [ -66.033579, -17.56471 ], [ -66.037531, -17.567862 ], [ -66.036886, -17.572736 ], [ -66.032287, -17.574456 ], [ -66.028334, -17.571304 ], [ -66.02898, -17.566431 ], [ -66.033579, -17.56471 ] ] ] } },
{ "type": "Feature", "properties": { "h3_cell": "88b32d9351fffff", "lat": -17.537479469248677, "lon": -66.019707345930769, "population": 114, "query_count": 1, "expected_count": 7.4025974025974017, "p_low": 0.40916687668178103, "pearson_residual": -0.54526479376498804, "gap_category": "esperado", "gtfs_covered": 0, "dist_stop_m": 752.22129647815291, "in_test": false, "model_id": "B1", "model_date": "2026-09-27", "edge_cell": false, "queries_per_1000": 8.7719298245614024 }, "geometry": { "type": "Polygon", "coordinates": [ [ [ -66.020353, -17.532606 ], [ -66.024305, -17.535758 ], [ -66.023659, -17.540632 ], [ -66.019061, -17.542353 ], [ -66.01511, -17.539201 ], [ -66.015756, -17.534327 ], [ -66.020353, -17.532606 ] ] ] } },
{ "type": "Feature", "properties": { "h3_cell": "88b32d9353fffff", "lat": -17.54407406130046, "lon": -66.014464032675789, "population": 395, "query_count": 8, "expected_count": 25.649350649350648, "p_low": 0.47638049461477527, "pearson_residual": -0.44232758497411095, "gap_category": "esperado", "gtfs_covered": 1, "dist_stop_m": 159.81197941165595, "in_test": false, "model_id": "B1", "model_date": "2026-09-27", "edge_cell": false, "queries_per_1000": 20.253164556962027 }, "geometry": { "type": "Polygon", "coordinates": [ [ [ -66.01511, -17.539201 ], [ -66.019061, -17.542353 ], [ -66.018416, -17.547227 ], [ -66.013818, -17.548947 ], [ -66.009867, -17.545795 ], [ -66.010513, -17.540922 ], [ -66.01511, -17.539201 ] ] ] } },
{ "type": "Feature", "properties": { "h3_cell": "88b32d9355fffff", "lat": -17.538910462986376, "lon": -66.02825687832069, "population": 218, "query_count": 1, "expected_count": 7.2044063647490821, "p_low": 0.41342717662574052, "pearson_residual": -0.54252148685246837, "gap_category": "esperado", "gtfs_covered": 0, "dist_stop_m": 520.62072752583765, "in_test": false, "model_id": "B1", "model_date": "2026-09-27", "edge_cell": false, "queries_per_1000": 4.5871559633027523 }, "geometry": { "type": "Polygon", "coordinates": [ [ [ -66.028903, -17.534037 ], [ -66.032855, -17.537189 ], [ -66.032209, -17.542063 ], [ -66.027611, -17.543784 ], [ -66.023659, -17.540632 ], [ -66.024305, -17.535758 ], [ -66.028903, -17.534037 ] ] ] } },
{ "type": "Feature", "properties": { "h3_cell": "88b32d9357fffff", "lat": -17.54550549784906, "lon": -66.023013251938735, "population": 235, "query_count": 17, "expected_count": 7.7662178702570372, "p_low": 0.86081877407209773, "pearson_residual": 0.75050223927091575, "gap_category": "esperado", "gtfs_covered": 1, "dist_stop_m": 147.17533391468663, "in_test": false, "model_id": "B1", "model_date": "2026-09-27", "edge_cell": false, "queries_per_1000": 72.340425531914889 }, "geometry": { "type": "Polygon", "coordinates": [ [ [ -66.023659, -17.540632 ], [ -66.027611, -17.543784 ], [ -66.026965, -17.548658 ], [ -66.022367, -17.550379 ], [ -66.018416, -17.547227 ], [ -66.019061, -17.542353 ], [ -66.023659, -17.540632 ] ] ] } },
{ "type": "Feature", "properties": { "h3_cell": "88b32d9359fffff", "lat": -17.529453385301544, "lon": -66.016401732378029, "population": 15, "query_count": 0, "expected_count": 0.97402597402597391, "p_low": 0.60418999530958761, "pearson_residual": -0.54171414900144021, "gap_category": "esperado", "gtfs_covered": 0, "dist_stop_m": 1637.4300143695752, "in_test": false, "model_id": "B1", "model_date": "2026-09-27", "edge_cell": false, "queries_per_1000": 0.0 }, "geometry": { "type": "Polygon", "coordinates": [ [ [ -66.017048, -17.52458 ], [ -66.020999, -17.527732 ], [ -66.020353, -17.532606 ], [ -66.015756, -17.534327 ], [ -66.011805, -17.531175 ], [ -66.012451, -17.526301 ], [ -66.017048, -17.52458 ] ] ] } },
{ "type": "Feature", "properties": { "h3_cell": "88b32d935bfffff", "lat": -17.536048229868484, "lon": -66.011158670555716, "population": 120, "query_count": 1, "expected_count": 7.7922077922077913, "p_low": 0.4012058770373324, "pearson_residual": -0.55026202087989673, "gap_category": "esperado", "gtfs_covered": 0, "dist_stop_m": 975.06785841454723, "in_test": false, "model_id": "B1", "model_date": "2026-09-27", "edge_cell": false, "queries_per_1000": 8.3333333333333339 }, "geometry": { "type": "Polygon", "coordinates": [ [ [ -66.011805, -17.531175 ], [ -66.015756, -17.534327 ], [ -66.01511, -17.539201 ], [ -66.010513, -17.540922 ], [ -66.006562, -17.537769 ], [ -66.007208, -17.532896 ], [ -66.011805, -17.531175 ] ] ] } },
{ "type": "Feature", "properties": { "h3_cell": "88b32d9361fffff", "lat": -17.536604910336248, "lon": -66.059155240848511, "population": 322, "query_count": 2, "expected_count": 78.83448275862068, "p_low": 0.18962831594629809, "pearson_residual": -0.62994794431727918, "gap_category": "esperado", "gtfs_covered": 0, "dist_stop_m": 520.66787791297975, "in_test": false, "model_id": "B1", "model_date": "2026-09-27", "edge_cell": false, "queries_per_1000": 6.2111801242236018 }, "geometry": { "type": "Polygon", "coordinates": [ [ [ -66.059801, -17.53173 ], [ -66.063754, -17.534882 ], [ -66.063109, -17.539757 ], [ -66.05851, -17.54148 ], [ -66.054556, -17.538327 ], [ -66.055202, -17.533453 ], [ -66.059801, -17.53173 ] ] ] } },
{ "type": "Feature", "properties": { "h3_cell": "88b32d9363fffff", "lat": -17.543201968595302, "lon": -66.053910615059749, "population": 464, "query_count": 33, "expected_count": 111.56687898089172, "p_low": 0.45661007908433199, "pearson_residual": -0.45551931792094741, "gap_category": "esperado", "gtfs_covered": 1, "dist_stop_m": 87.911355681861679, "in_test": false, "model_id": "B1", "model_date": "2026-09-27", "edge_cell": false, "queries_per_1000": 71.120689655172413 }, "geometry": { "type": "Polygon", "coordinates": [ [ [ -66.054556, -17.538327 ], [ -66.05851, -17.54148 ], [ -66.057864, -17.546354 ], [ -66.053265, -17.548076 ], [ -66.049312, -17.544924 ], [ -66.049957, -17.54005 ], [ -66.054556, -17.538327 ] ] ] } },
{ "type": "Feature", "properties": { "h3_cell": "88b32d9365fffff", "lat": -17.538034477118003, "lon": -66.067708510978207, "population": 168, "query_count": 31, "expected_count": 51.636363636363633, "p_low": 0.59251365153648894, "pearson_residual": -0.25795085420184327, "gap_category": "esperado", "gtfs_covered": 1, "dist_stop_m": 115.2211349668771, "in_test": false, "model_id": "B1", "model_date": "2026-09-27", "edge_cell": false, "queries_per_1000": 184.52380952380955 }, "geometry": { "type": "Polygon", "coordinates": [ [ [ -66.068354, -17.533159 ], [ -66.072308, -17.536312 ], [ -66.071663, -17.541187 ], [ -66.067063, -17.542909 ], [ -66.063109, -17.539757 ], [ -66.063754, -17.534882 ], [ -66.068354, -17.533159 ] ] ] } },
{ "type": "Feature", "properties": { "h3_cell": "88b32d9367fffff", "lat": -17.544631978013797, "lon": -66.062463572988179, "population": 362, "query_count": 17, "expected_count": 111.26406926406925, "p_low": 0.35492461115649448, "pearson_residual": -0.54801394552339089, "gap_category": "esperado", "gtfs_covered": 1, "dist_stop_m": 421.22910232237882, "in_test": false, "model_id": "B1", "model_date": "2026-09-27", "edge_cell": false, "queries_per_1000": 46.961325966850829 }, "geometry": { "type": "Polygon", "coordinates": [ [ [ -66.063109, -17.539757 ], [ -66.067063, -17.542909 ], [ -66.066418, -17.547784 ], [ -66.061818, -17.549507 ], [ -66.057864, -17.546354 ], [ -66.05851, -17.54148 ], [ -66.063109, -17.539757 ] ] ] } },
{ "type": "Feature", "properties": { "h3_cell": "88b32d9369fffff", "lat": -17.528577786687912, "lon": -66.055847201176121, "population": 12, "query_count": 0, "expected_count": 0.78260869565217384, "p_low": 0.64285726249592934, "pearson_residual": -0.52279425056496154, "gap_category": "esperado", "gtfs_covered": 0, "dist_stop_m": 1456.4774181494909, "in_test": false, "model_id": "B1", "model_date": "2026-09-27", "edge_cell": false, "queries_per_1000": 0.0 }, "geometry": { "type": "Polygon", "coordinates": [ [ [ -66.056493, -17.523703 ], [ -66.060446, -17.526855 ], [ -66.059801, -17.53173 ], [ -66.055202, -17.533453 ], [ -66.051248, -17.5303 ], [ -66.051894, -17.525426 ], [ -66.056493, -17.523703 ] ] ] } },
{ "type": "Feature", "properties": { "h3_cell": "88b32d936bfffff", "lat": -17.53517509724627, "lon": -66.050602826527395, "population": 52, "query_count": 0, "expected_count": 4.4892086330935257, "p_low": 0.35608023127357991, "pearson_residual": -0.61972378478190082, "gap_category": "esperado", "gtfs_covered": 0, "dist_stop_m": 856.9730960969913, "in_test": false, "model_id": "B1", "model_date": "2026-09-27", "edge_cell": false, "queries_per_1000": 0.0 }, "geometry": { "type": "Polygon", "coordinates": [ [ [ -66.051248, -17.5303 ], [ -66.055202, -17.533453 ], [ -66.054556, -17.538327 ], [ -66.049957, -17.54005 ], [ -66.046004, -17.536897 ], [ -66.04665, -17.532023 ], [ -66.051248, -17.5303 ] ] ] } }
]
}
