h3_cell,lat,lon,population,query_count,expected_count,p_low,pearson_residual,gap_category,gtfs_covered,dist_stop_m,in_test,model_id,model_date,edge_cell
888b2c8001fffff,-17.429585,-66.27015,253,35,175.906,0.39111,-0.5185,esperado,0,1733.9,False,B1,2026-09-27,False
888b2c8003fffff,-17.422968,-66.2754,10,3,18.825,0.38544,-0.5388,esperado,0,873.3,False,B1,2026-09-27,False
888b2c8005fffff,-17.428167,-66.261581,200,0,110.787,0.09603,-0.6468,esperado,0,1792.6,False,B1,2026-09-27,False
888b2c8007fffff,-17.421551,-66.26683,69,4,67.203,0.25427,-0.6076,esperado,0,1049.4,False,B1,2026-09-27,False
888b2c8009fffff,-17.437619,-66.27347,137,1,2.186,0.62824,-0.322,esperado,0,1985.1,False,B1,2026-09-27,False
888b2c800dfffff,-17.436201,-66.264901,294,1,4.066,0.5106,-0.4652,esperado,0,2372.8,False,B1,2026-09-27,False
888b2c8011fffff,-17.417768,-66.289221,942,101,696.102,0.34314,-0.5539,esperado,1,108.2,False,B1,2026-09-27,False
888b2c8013fffff,-17.41115,-66.294471,863,26,95.082,0.44392,-0.4698,esperado,1,94.1,False,B1,2026-09-27,False
888b2c8015fffff,-17.416351,-66.28065,1420,169,3078.139,0.23046,-0.6124,esperado,1,176.0,False,B1,2026-09-27,False
888b2c8017fffff,-17.409733,-66.2859,2236,291,4749.874,0.24095,-0.6083,esperado,1,134.9,False,B1,2026-09-27,False
888b2c8019fffff,-17.425803,-66.292542,626,42,373.597,0.31071,-0.5749,esperado,1,341.4,False,B1,2026-09-27,False
888b2c801bfffff,-17.419185,-66.297793,1100,118,92.974,0.74939,0.174,esperado,1,307.8,False,B1,2026-09-27,False
888b2c801dfffff,-17.424386,-66.283971,463,89,342.139,0.43248,-0.4792,esperado,1,156.7,False,B1,2026-09-27,False
888b2c8021fffff,-17.418714,-66.249694,491,10,36.8,0.44946,-0.4693,esperado,0,1022.6,False,B1,2026-09-27,False
888b2c8023fffff,-17.412098,-66.254943,65,11,14.971,0.64144,-0.1695,esperado,0,1139.4,False,B1,2026-09-27,False
888b2c8025fffff,-17.417296,-66.241126,261,10,4.469,0.86641,0.7668,esperado,0,968.0,False,B1,2026-09-27,False
888b2c8027fffff,-17.41068,-66.246375,420,13,37.892,0.48839,-0.4234,esperado,0,1001.7,False,B1,2026-09-27,False
888b2c802bfffff,-17.420133,-66.258262,190,13,40.221,0.47754,-0.4363,esperado,0,1429.2,False,B1,2026-09-27,False
888b2c802dfffff,-17.42533,-66.244445,136,2,1.331,0.8189,0.284,esperado,1,114.5,False,B1,2026-09-27,False
888b2c8031fffff,-17.406899,-66.26876,1016,113,3093.49,0.19482,-0.6243,esperado,1,401.6,False,B1,2026-09-27,False
888b2c8033fffff,-17.400281,-66.27401,1904,1528,8099.141,0.38016,-0.5258,esperado,1,52.4,False,B1,2026-09-27,False
888b2c8035fffff,-17.405482,-66.260192,732,87,912.176,0.28961,-0.5861,esperado,0,601.8,False,B1,2026-09-27,False
888b2c8037fffff,-17.398864,-66.265441,1899,643,2944.228,0.4029,-0.5065,esperado,1,15.5,False,B1,2026-09-27,False
888b2c8039fffff,-17.414934,-66.27208,836,130,1940.516,0.2503,-0.6046,esperado,1,167.0,False,B1,2026-09-27,False
888b2c803bfffff,-17.408316,-66.27733,2615,687,7421.868,0.28529,-0.5881,esperado,1,34.9,False,B1,2026-09-27,False
888b2c803dfffff,-17.413516,-66.263511,794,23,1966.4,0.12236,-0.6404,esperado,0,523.5,False,B1,2026-09-27,False
888b2c8043fffff,-17.445654,-66.276791,79,0,1.15,0.57469,-0.5547,esperado,0,2589.8,False,B1,2026-09-27,False
888b2c8045fffff,-17.45085,-66.26297,26,0,0.665,0.67126,-0.5074,esperado,0,1112.5,False,B1,2026-09-27,False
888b2c8047fffff,-17.444235,-66.26822,121,0,2.188,0.46443,-0.5936,esperado,0,1960.3,False,B1,2026-09-27,False
888b2c8051fffff,-17.440455,-66.290613,116,0,0.0,1.0,-0.001,esperado,0,1923.3,False,B1,2026-09-27,False
888b2c8053fffff,-17.433838,-66.295864,136,8,1.179,0.98391,3.2189,exceso,0,1296.9,False,B1,2026-09-27,False
888b2c8055fffff,-17.439037,-66.282041,21,1,0.0,1.0,999.9978,exceso,0,1729.4,False,B1,2026-09-27,False
888b2c8057fffff,-17.432421,-66.287292,10,0,5.858,0.32113,-0.626,esperado,0,985.5,False,B1,2026-09-27,False
888b2c8065fffff,-17.439978,-66.242514,195,0,4.39,0.35915,-0.6191,esperado,0,990.1,False,B1,2026-09-27,False
888b2c8069fffff,-17.449431,-66.254401,108,2,2.28,0.71741,-0.0731,esperado,0,582.2,False,B1,2026-09-27,False
888b2c806bfffff,-17.442816,-66.259651,84,1,1.082,0.76276,-0.0415,esperado,0,1468.8,False,B1,2026-09-27,False
888b2c806dfffff,-17.448011,-66.245833,176,4,3.717,0.73711,0.0467,esperado,0,560.3,False,B1,2026-09-27,False
888b2c8081fffff,-17.383254,-66.3069,1594,13,172.616,0.26773,-0.5985,esperado,1,119.7,False,B1,2026-09-27,False
888b2c8083fffff,-17.376632,-66.312151,1499,37,30.013,0.74496,0.1498,esperado,0,691.4,False,B1,2026-09-27,False
888b2c8085fffff,-17.381839,-66.298329,1605,72,777.138,0.28639,-0.5879,esperado,1,126.9,False,B1,2026-09-27,False
888b2c8087fffff,-17.375218,-66.303579,1662,44,161.107,0.44199,-0.4705,esperado,0,663.9,False,B1,2026-09-27,False
888b2c8089fffff,-17.39129,-66.310222,2166,161,41.102,0.94531,1.8809,esperado,1,233.6,False,B1,2026-09-27,False
888b2c808bfffff,-17.384669,-66.315473,1933,339,59.513,0.97792,3.0328,exceso,1,234.6,False,B1,2026-09-27,False
888b2c808dfffff,-17.389875,-66.30165,2053,134,295.009,0.53347,-0.3534,esperado,1,468.4,False,B1,2026-09-27,False
888b2c8091fffff,-17.371424,-66.325974,1075,27,15.339,0.81893,0.486,esperado,1,84.7,False,B1,2026-09-27,False
888b2c8093fffff,-17.364801,-66.331225,548,6,7.888,0.65694,-0.1511,esperado,0,574.5,False,B1,2026-09-27,False
888b2c8095fffff,-17.37001,-66.317401,87,35,1.795,0.99992,10.7896,exceso,1,246.9,False,B1,2026-09-27,False
888b2c8097fffff,-17.363387,-66.322651,305,52,6.294,0.99322,4.5563,exceso,1,64.1,False,B1,2026-09-27,False
888b2c8099fffff,-17.379461,-66.329297,925,15,11.449,0.76139,0.1974,esperado,0,822.9,False,B1,2026-09-27,False
888b2c809bfffff,-17.372838,-66.334548,746,16,9.26,0.817,0.4614,esperado,1,357.2,False,B1,2026-09-27,False
888b2c809dfffff,-17.378047,-66.320723,509,41,7.263,0.97674,2.9269,exceso,1,240.6,False,B1,2026-09-27,False
888b2c80a1fffff,-17.372388,-66.286438,2020,107,225.945,0.54188,-0.3408,esperado,1,39.8,False,B1,2026-09-27,False
888b2c80a3fffff,-17.365767,-66.291687,1468,35,138.67,0.42931,-0.4838,esperado,1,51.8,False,B1,2026-09-27,False
888b2c80a5fffff,-17.370972,-66.277868,2573,103,185.281,0.57406,-0.2875,esperado,1,73.3,False,B1,2026-09-27,False
888b2c80a7fffff,-17.364352,-66.283117,2262,170,134.954,0.74755,0.168,esperado,1,44.2,False,B1,2026-09-27,False
888b2c80a9fffff,-17.380423,-66.289758,1694,252,995.256,0.42718,-0.4839,esperado,1,196.7,False,B1,2026-09-27,False
888b2c80abfffff,-17.373803,-66.295008,1374,35,153.687,0.41244,-0.4998,esperado,1,315.4,False,B1,2026-09-27,False
888b2c80adfffff,-17.379008,-66.281188,2704,496,1517.594,0.4711,-0.4362,esperado,1,98.9,False,B1,2026-09-27,False
888b2c80b1fffff,-17.36056,-66.305507,337,9,9.078,0.70701,-0.0054,esperado,0,843.0,False,B1,2026-09-27,False
888b2c80b3fffff,-17.353937,-66.310757,194,5,5.226,0.7083,-0.0269,esperado,0,1404.2,False,B1,2026-09-27,False
888b2c80b5fffff,-17.359145,-66.296936,595,84,27.563,0.91296,1.3169,esperado,1,485.4,False,B1,2026-09-27,False
888b2c80b7fffff,-17.352523,-66.302186,726,16,18.658,0.67106,-0.0913,esperado,0,1023.8,False,B1,2026-09-27,False
888b2c80b9fffff,-17.368596,-66.308829,1083,6,33.224,0.38965,-0.5277,esperado,0,981.6,False,B1,2026-09-27,False
888b2c80bbfffff,-17.361974,-66.314079,185,6,5.675,0.72589,0.0358,esperado,0,930.0,False,B1,2026-09-27,False
888b2c80bdfffff,-17.367182,-66.300257,968,22,53.386,0.51912,-0.3795,esperado,1,194.0,False,B1,2026-09-27,False
888b2c80c1fffff,-17.405946,-66.308294,1104,30,42.042,0.62872,-0.1847,esperado,0,800.3,False,B1,2026-09-27,False
888b2c80c3fffff,-17.399326,-66.313544,2049,681,87.599,0.992,4.3795,exceso,1,308.5,False,B1,2026-09-27,False
888b2c80c5fffff,-17.40453,-66.299721,1429,44,136.632,0.47081,-0.4387,esperado,1,413.1,False,B1,2026-09-27,False
888b2c80c7fffff,-17.397911,-66.304972,2199,283,158.874,0.81905,0.5057,esperado,1,266.4,False,B1,2026-09-27,False
888b2c80c9fffff,-17.413982,-66.311616,801,9,8.88,0.71166,0.0085,esperado,0,1124.2,False,B1,2026-09-27,False
888b2c80cbfffff,-17.407362,-66.316867,1179,66,37.578,0.81703,0.4875,esperado,1,410.7,False,B1,2026-09-27,False
888b2c80cdfffff,-17.412566,-66.303043,870,6,52.78,0.32403,-0.5721,esperado,0,624.7,False,B1,2026-09-27,False
888b2c80d1fffff,-17.39412,-66.327369,1241,73,49.759,0.78036,0.3014,esperado,1,74.9,False,B1,2026-09-27,False
888b2c80d3fffff,-17.387498,-66.33262,804,16,26.577,0.59664,-0.2559,esperado,1,351.9,False,B1,2026-09-27,False
888b2c80d5fffff,-17.392705,-66.318795,2291,662,95.921,0.98781,3.8162,exceso,1,223.3,False,B1,2026-09-27,False
888b2c80d7fffff,-17.386083,-66.324046,625,59,23.354,0.88382,0.9804,esperado,0,629.9,False,B1,2026-09-27,False
888b2c80d9fffff,-17.402156,-66.330692,1067,87,42.782,0.8451,0.6665,esperado,1,191.8,False,B1,2026-09-27,False
888b2c80dbfffff,-17.395534,-66.335944,1046,22,40.037,0.57595,-0.2904,esperado,1,71.7,False,B1,2026-09-27,False
888b2c80ddfffff,-17.400741,-66.322118,1735,179,72.642,0.87927,0.9461,esperado,1,180.2,False,B1,2026-09-27,False
888b2c80e1fffff,-17.395079,-66.287829,2999,1896,2226.035,0.66267,-0.0961,esperado,1,44.3,False,B1,2026-09-27,False
888b2c80e3fffff,-17.388459,-66.293079,2546,280,1538.217,0.37508,-0.53,esperado,1,208.2,False,B1,2026-09-27,False
888b2c80e5fffff,-17.393663,-66.279259,3357,27136,3842.772,0.98877,3.9281,exceso,1,27.2,False,B1,2026-09-27,False
888b2c80e7fffff,-17.387043,-66.284509,3925,1001,3142.393,0.46639,-0.4416,esperado,1,80.5,False,B1,2026-09-27,False
888b2c80e9fffff,-17.403114,-66.29115,2457,474,647.513,0.63047,-0.1736,esperado,1,53.5,False,B1,2026-09-27,False
888b2c80ebfffff,-17.396495,-66.2964,2425,320,1447.034,0.40505,-0.5047,esperado,1,182.5,False,B1,2026-09-27,False
888b2c80edfffff,-17.401698,-66.282579,2967,5183,1100.711,0.96379,2.4031,exceso,1,68.6,False,B1,2026-09-27,False
888b2c8101fffff,-17.419652,-66.210182,1587,28,2858.714,0.11335,-0.6417,esperado,1,162.1,True,B1,2026-09-27,False
888b2c8103fffff,-17.413039,-66.21543,1343,132,3725.218,0.1923,-0.6251,esperado,1,68.4,True,B1,2026-09-27,False
888b2c8105fffff,-17.418232,-66.201619,2158,135,5072.219,0.1707,-0.6308,esperado,1,26.6,True,B1,2026-09-27,False
888b2c8107fffff,-17.411619,-66.206866,1911,56,4106.559,0.12951,-0.6392,esperado,0,613.2,True,B1,2026-09-27,False
888b2c8109fffff,-17.427685,-66.213499,78,10,5.295,0.83622,0.5542,esperado,0,687.6,True,B1,2026-09-27,False
888b2c810bfffff,-17.421072,-66.218747,763,29,1407.127,0.15465,-0.6346,esperado,1,189.5,True,B1,2026-09-27,False
888b2c810dfffff,-17.426265,-66.204935,1697,29,1227.116,0.16373,-0.6326,esperado,1,114.1,True,B1,2026-09-27,False
888b2c8111fffff,-17.407843,-66.229243,934,113,2331.429,0.21906,-0.6166,esperado,0,719.8,True,B1,2026-09-27,False
888b2c8113fffff,-17.401228,-66.234491,1724,363,4356.255,0.27338,-0.594,esperado,1,119.7,True,B1,2026-09-27,False
888b2c8115fffff,-17.406425,-66.220678,1120,302,2019.066,0.34674,-0.5511,esperado,0,587.3,True,B1,2026-09-27,False
888b2c8117fffff,-17.39981,-66.225926,2535,1240,5092.276,0.42038,-0.4902,esperado,1,381.8,True,B1,2026-09-27,False
888b2c8119fffff,-17.415877,-66.23256,392,8,34.993,0.423,-0.4969,esperado,0,897.9,True,B1,2026-09-27,False
888b2c811bfffff,-17.409262,-66.237809,354,6,42.126,0.35469,-0.553,esperado,0,560.3,True,B1,2026-09-27,False
888b2c811dfffff,-17.414458,-66.223995,716,43,1668.837,0.16919,-0.6313,esperado,1,45.8,True,B1,2026-09-27,False
888b2c8121fffff,-17.40878,-66.189741,1722,341,6306.774,0.22881,-0.613,esperado,1,210.6,True,B1,2026-09-27,False
888b2c8123fffff,-17.402167,-66.194988,4051,1677,11677.459,0.34086,-0.555,esperado,1,218.6,True,B1,2026-09-27,False
888b2c8125fffff,-17.407359,-66.18118,3933,4959,15174.689,0.47087,-0.4363,esperado,1,91.6,True,B1,2026-09-27,False
888b2c8127fffff,-17.400747,-66.186427,4817,7052,17642.119,0.50801,-0.389,esperado,1,18.2,True,B1,2026-09-27,False
888b2c8129fffff,-17.416812,-66.193056,1788,98,5430.984,0.14527,-0.6363,esperado,1,405.6,True,B1,2026-09-27,False
888b2c812bfffff,-17.4102,-66.198304,1885,167,5433.723,0.18117,-0.6281,esperado,1,151.2,True,B1,2026-09-27,False
888b2c812dfffff,-17.415392,-66.184495,306,35,809.632,0.21011,-0.6199,esperado,0,585.4,True,B1,2026-09-27,False
888b2c8131fffff,-17.396972,-66.208798,4852,3963,8482.783,0.53811,-0.3453,esperado,1,11.6,True,B1,2026-09-27,False
888b2c8133fffff,-17.390357,-66.214045,2994,5492,5799.648,0.68549,-0.0344,esperado,1,178.2,True,B1,2026-09-27,False
888b2c8135fffff,-17.395553,-66.200235,4596,9698,10478.314,0.68054,-0.0483,esperado,1,41.9,True,B1,2026-09-27,False
888b2c8137fffff,-17.388939,-66.205482,2819,8830,3971.069,0.86101,0.7929,esperado,1,122.3,True,B1,2026-09-27,False
888b2c8139fffff,-17.405005,-66.212114,1927,255,3421.243,0.26124,-0.5997,esperado,1,299.8,True,B1,2026-09-27,False
888b2c813bfffff,-17.398391,-66.217361,2715,5124,5192.605,0.6944,-0.0086,esperado,1,143.0,True,B1,2026-09-27,False
888b2c813dfffff,-17.403586,-66.203551,2542,727,5838.104,0.32187,-0.5673,esperado,1,390.4,True,B1,2026-09-27,False
888b2c8141fffff,-17.442331,-66.211567,396,28,25.447,0.72157,0.0645,esperado,0,550.7,True,B1,2026-09-27,False
888b2c8143fffff,-17.435718,-66.216815,423,23,35.766,0.60808,-0.23,esperado,1,308.0,True,B1,2026-09-27,False
888b2c8145fffff,-17.44091,-66.203003,1762,187,127.595,0.77945,0.3012,esperado,1,98.7,True,B1,2026-09-27,False
888b2c8147fffff,-17.434298,-66.208251,429,29,31.066,0.68616,-0.0428,esperado,1,226.5,True,B1,2026-09-27,False
888b2c8149fffff,-17.450363,-66.214884,1540,103,84.255,0.74151,0.1438,esperado,1,112.7,True,B1,2026-09-27,False
888b2c814bfffff,-17.443751,-66.220132,397,10,32.696,0.47018,-0.447,esperado,1,423.8,True,B1,2026-09-27,False
888b2c814dfffff,-17.448942,-66.206319,1528,181,98.19,0.82592,0.5454,esperado,1,116.9,True,B1,2026-09-27,False
888b2c8151fffff,-17.430525,-66.230629,162,0,3.284,0.40081,-0.6102,esperado,0,569.7,True,B1,2026-09-27,False
888b2c8153fffff,-17.423911,-66.235878,130,1,3.027,0.56543,-0.4067,esperado,0,600.8,True,B1,2026-09-27,False
888b2c8155fffff,-17.429105,-66.222064,351,4,7.115,0.60335,-0.2757,esperado,0,978.5,True,B1,2026-09-27,False
888b2c8157fffff,-17.422491,-66.227312,241,7,19.691,0.50222,-0.4133,esperado,0,617.4,True,B1,2026-09-27,False
888b2c8159fffff,-17.438558,-66.233947,969,0,11.467,0.24561,-0.6365,esperado,1,174.4,True,B1,2026-09-27,False
888b2c815dfffff,-17.437138,-66.225381,747,13,15.562,0.66705,-0.1053,esperado,1,407.7,True,B1,2026-09-27,False
888b2c8161fffff,-17.431457,-66.191124,1001,678,51.249,0.99937,7.8933,exceso,1,154.7,True,B1,2026-09-27,False
888b2c8163fffff,-17.424845,-66.196372,1294,71,66.249,0.7137,0.0463,esperado,0,573.3,True,B1,2026-09-27,False
888b2c8165fffff,-17.430036,-66.182562,1242,190,127.277,0.78327,0.3188,esperado,1,74.6,True,B1,2026-09-27,False
888b2c8167fffff,-17.423424,-66.187809,1138,49,102.507,0.54504,-0.3376,esperado,1,177.4,True,B1,2026-09-27,False
888b2c8169fffff,-17.439489,-66.19444,2106,240,134.842,0.81893,0.5046,esperado,1,212.7,True,B1,2026-09-27,False
888b2c816bfffff,-17.432877,-66.199687,104,13,6.659,0.84106,0.5986,esperado,1,206.9,True,B1,2026-09-27,False
888b2c816dfffff,-17.438068,-66.185877,1729,52,73.086,0.62645,-0.1864,esperado,1,325.6,True,B1,2026-09-27,False
888b2c8181fffff,-17.373343,-66.246917,622,65,139.641,0.53921,-0.3459,esperado,0,550.6,False,B1,2026-09-27,False
888b2c8183fffff,-17.366725,-66.252166,1010,77,73.121,0.7098,0.0343,esperado,1,57.0,False,B1,2026-09-27,False
888b2c8185fffff,-17.371926,-66.238352,1111,324,335.584,0.69,-0.0224,esperado,0,625.3,False,B1,2026-09-27,False
888b2c8187fffff,-17.365308,-66.2436,593,75,61.68,0.74072,0.1395,esperado,0,965.7,False,B1,2026-09-27,False
888b2c8189fffff,-17.381378,-66.250236,1156,387,290.128,0.75941,0.2162,esperado,1,127.0,False,B1,2026-09-27,False
888b2c818bfffff,-17.37476,-66.255484,1699,122,294.058,0.51604,-0.3789,esperado,1,365.8,False,B1,2026-09-27,False
888b2c818dfffff,-17.379961,-66.241669,807,257,289.119,0.67225,-0.0719,esperado,0,659.3,False,B1,2026-09-27,False
888b2c8191fffff,-17.361521,-66.265981,1183,39,80.852,0.54746,-0.3346,esperado,1,372.6,False,B1,2026-09-27,False
888b2c8193fffff,-17.354901,-66.271229,1253,35,96.986,0.4922,-0.4133,esperado,1,493.7,False,B1,2026-09-27,False
888b2c8195fffff,-17.360105,-66.257414,1294,121,161.84,0.63568,-0.1633,esperado,1,427.9,False,B1,2026-09-27,False
888b2c8197fffff,-17.353486,-66.262662,1194,108,195.172,0.57307,-0.2891,esperado,0,728.2,False,B1,2026-09-27,False
888b2c8199fffff,-17.369557,-66.2693,1815,30,157.358,0.38504,-0.5238,esperado,1,135.5,False,B1,2026-09-27,False
888b2c819bfffff,-17.362937,-66.274549,2005,136,111.728,0.74037,0.1405,esperado,1,112.6,False,B1,2026-09-27,False
888b2c819dfffff,-17.368141,-66.260732,1341,36,118.068,0.46166,-0.4497,esperado,0,733.3,False,B1,2026-09-27,False
888b2c81a1fffff,-17.362475,-66.22647,1487,628,394.212,0.79639,0.3841,esperado,1,131.0,False,B1,2026-09-27,False
888b2c81a3fffff,-17.355857,-66.231718,469,184,405.204,0.53317,-0.3536,esperado,1,483.8,False,B1,2026-09-27,False
888b2c81a5fffff,-17.361057,-66.217907,1119,264,334.345,0.6468,-0.1363,esperado,1,368.8,False,B1,2026-09-27,False
888b2c81a7fffff,-17.35444,-66.223154,1086,214,221.731,0.69009,-0.0226,esperado,1,314.4,False,B1,2026-09-27,False
888b2c81a9fffff,-17.370509,-66.229787,1251,338,836.525,0.51038,-0.3861,esperado,1,225.0,False,B1,2026-09-27,False
888b2c81abfffff,-17.363891,-66.235035,1617,638,999.26,0.60162,-0.2342,esperado,0,528.0,False,B1,2026-09-27,False
888b2c81adfffff,-17.369092,-66.221223,638,53,296.796,0.37375,-0.532,esperado,0,532.0,False,B1,2026-09-27,False
888b2c81b1fffff,-17.350654,-66.24553,1085,152,129.504,0.73249,0.1124,esperado,1,175.9,False,B1,2026-09-27,False
888b2c81b3fffff,-17.344035,-66.250777,863,21,62.852,0.48027,-0.4301,esperado,0,879.0,False,B1,2026-09-27,False
888b2c81b5fffff,-17.349238,-66.236965,990,93,1212.055,0.26489,-0.5982,esperado,1,192.5,False,B1,2026-09-27,False
888b2c81b7fffff,-17.342619,-66.242212,411,18,64.202,0.45008,-0.4649,esperado,1,391.4,False,B1,2026-09-27,False
888b2c81b9fffff,-17.358689,-66.248848,1199,88,232.365,0.49917,-0.4023,esperado,0,505.8,False,B1,2026-09-27,False
888b2c81bbfffff,-17.35207,-66.254095,1084,226,226.047,0.69769,-0.0001,esperado,1,163.0,False,B1,2026-09-27,False
888b2c81bdfffff,-17.357273,-66.240282,545,209,486.624,0.52228,-0.3696,esperado,1,258.1,False,B1,2026-09-27,False
888b2c81c1fffff,-17.39603,-66.248305,1350,519,291.885,0.81859,0.5039,esperado,0,526.6,False,B1,2026-09-27,False
888b2c81c3fffff,-17.389412,-66.253554,2779,4317,6779.944,0.60089,-0.2354,esperado,1,226.7,False,B1,2026-09-27,False
888b2c81c5fffff,-17.394612,-66.239739,1926,6122,560.015,0.99821,6.4341,exceso,1,126.6,False,B1,2026-09-27,False
888b2c81c7fffff,-17.387995,-66.244987,1210,3761,345.834,0.99816,6.3959,exceso,1,308.6,False,B1,2026-09-27,False
888b2c81c9fffff,-17.404064,-66.251624,821,19,74.882,0.43278,-0.4823,esperado,0,603.1,False,B1,2026-09-27,False
888b2c81cbfffff,-17.397447,-66.256873,2126,558,752.66,0.63312,-0.1676,esperado,1,486.4,False,B1,2026-09-27,False
888b2c81cdfffff,-17.402646,-66.243057,798,153,122.032,0.7466,0.1642,esperado,1,272.0,False,B1,2026-09-27,False
888b2c81d1fffff,-17.384211,-66.26737,2462,520,4650.595,0.30816,-0.5756,esperado,1,270.2,False,B1,2026-09-27,False
888b2c81d3fffff,-17.377592,-66.272619,1957,250,3089.917,0.27019,-0.5956,esperado,1,222.7,False,B1,2026-09-27,False
888b2c81d5fffff,-17.382794,-66.258803,2705,1848,4646.297,0.50711,-0.3903,esperado,0,796.2,False,B1,2026-09-27,False
888b2c81d7fffff,-17.376176,-66.264051,1199,127,1590.942,0.269,-0.5963,esperado,0,694.0,False,B1,2026-09-27,False
888b2c81d9fffff,-17.392246,-66.27069,2941,7092,12037.973,0.58479,-0.2663,esperado,1,95.4,False,B1,2026-09-27,False
888b2c81dbfffff,-17.385627,-66.275939,3199,588,9172.538,0.24537,-0.6065,esperado,1,132.4,False,B1,2026-09-27,False
888b2c81ddfffff,-17.390829,-66.262122,2015,3330,6674.518,0.55112,-0.3247,esperado,1,156.6,False,B1,2026-09-27,False
888b2c81e1fffff,-17.38516,-66.227857,2700,2848,3005.89,0.68563,-0.034,esperado,0,686.4,False,B1,2026-09-27,False
888b2c81e3fffff,-17.378543,-66.233104,1436,358,1394.108,0.4294,-0.4816,esperado,1,162.5,False,B1,2026-09-27,False
888b2c81e5fffff,-17.383742,-66.219292,1880,2693,2389.53,0.72312,0.0823,esperado,1,471.8,False,B1,2026-09-27,False
888b2c81e7fffff,-17.377126,-66.22454,1107,207,1079.513,0.38304,-0.5237,esperado,0,1008.5,False,B1,2026-09-27,False
888b2c81e9fffff,-17.393194,-66.231174,2494,6910,2547.201,0.895,1.1099,esperado,1,40.0,False,B1,2026-09-27,False
888b2c81ebfffff,-17.386578,-66.236421,2132,2326,2020.173,0.72774,0.0981,esperado,1,96.7,False,B1,2026-09-27,False
888b2c81edfffff,-17.391776,-66.222609,2864,8666,4118.824,0.85087,0.7154,esperado,1,55.3,False,B1,2026-09-27,False
888b2c8213fffff,-17.467395,-66.317727,231,6,15.949,0.51541,-0.399,esperado,0,623.8,True,B1,2026-09-27,False
888b2c8217fffff,-17.465977,-66.309152,18,0,1.341,0.54774,-0.5655,esperado,0,609.6,True,B1,2026-09-27,False
888b2c8231fffff,-17.463141,-66.292005,18,0,0.807,0.63752,-0.5255,esperado,0,2137.6,True,B1,2026-09-27,False
888b2c8235fffff,-17.461722,-66.283433,103,0,0.31,0.79291,-0.4222,esperado,0,3038.6,True,B1,2026-09-27,False
888b2c8237fffff,-17.455106,-66.288683,59,0,0.155,0.8765,-0.3364,esperado,0,2424.1,True,B1,2026-09-27,False
888b2c8245fffff,-17.507085,-66.286216,29,0,2.508,0.44237,-0.5998,esperado,0,4987.9,True,B1,2026-09-27,True
888b2c8263fffff,-17.491019,-66.279573,50,0,2.188,0.46441,-0.5936,esperado,0,4773.6,True,B1,2026-09-27,False
888b2c8269fffff,-17.505665,-66.277643,21,0,1.567,0.52066,-0.5755,esperado,0,5839.9,True,B1,2026-09-27,False
888b2c826bfffff,-17.499052,-66.282894,61,0,5.456,0.33018,-0.6245,esperado,0,5209.9,True,B1,2026-09-27,False
888b2c826dfffff,-17.504244,-66.269071,27,0,0.458,0.7338,-0.468,esperado,0,5469.1,True,B1,2026-09-27,False
888b2c8281fffff,-17.439505,-66.33016,474,8,14.078,0.59194,-0.2757,esperado,1,221.7,False,B1,2026-09-27,False
888b2c8283fffff,-17.432886,-66.335412,470,24,20.04,0.7402,0.1267,esperado,1,229.8,False,B1,2026-09-27,False
888b2c8285fffff,-17.438089,-66.321584,257,8,6.601,0.75039,0.1331,esperado,0,600.4,False,B1,2026-09-27,False
888b2c8287fffff,-17.43147,-66.326836,613,16,19.008,0.6671,-0.1014,esperado,1,77.5,False,B1,2026-09-27,False
888b2c8289fffff,-17.447541,-66.333484,581,22,23.099,0.69165,-0.0306,esperado,0,572.1,False,B1,2026-09-27,False
888b2c828bfffff,-17.440922,-66.338736,1006,41,21.272,0.83568,0.5952,esperado,1,155.7,False,B1,2026-09-27,False
888b2c828dfffff,-17.446124,-66.324908,224,9,8.543,0.71983,0.0339,esperado,0,721.2,False,B1,2026-09-27,False
888b2c8291fffff,-17.427681,-66.349241,254,0,4.26,0.36331,-0.6183,esperado,1,281.9,False,B1,2026-09-27,False
888b2c8293fffff,-17.421059,-66.354493,499,22,8.775,0.88344,0.9542,esperado,1,151.1,False,B1,2026-09-27,False
888b2c8295fffff,-17.426265,-66.340664,573,5,15.28,0.49304,-0.4301,esperado,1,5.2,False,B1,2026-09-27,False
888b2c8297fffff,-17.419644,-66.345916,401,7,5.275,0.77052,0.2039,esperado,1,35.5,False,B1,2026-09-27,False
888b2c8299fffff,-17.435717,-66.352565,385,0,5.373,0.33217,-0.6241,esperado,1,392.5,False,B1,2026-09-27,False
888b2c829bfffff,-17.429096,-66.357818,294,23,3.971,0.97779,2.9531,exceso,0,561.7,False,B1,2026-09-27,False
888b2c829dfffff,-17.434301,-66.343988,562,7,9.425,0.6494,-0.1632,esperado,1,477.4,False,B1,2026-09-27,False
888b2c82a1fffff,-17.428637,-66.309687,37,0,1.065,0.58829,-0.5489,esperado,0,528.6,False,B1,2026-09-27,False
888b2c82a3fffff,-17.422018,-66.314938,301,1,8.45,0.38887,-0.5577,esperado,0,1259.0,False,B1,2026-09-27,False
888b2c82a5fffff,-17.42722,-66.301114,21,0,1.685,0.50818,-0.5798,esperado,0,1167.2,False,B1,2026-09-27,False
888b2c82a7fffff,-17.420601,-66.306365,559,9,16.096,0.58708,-0.282,esperado,0,993.9,False,B1,2026-09-27,False
888b2c82a9fffff,-17.436672,-66.31301,198,0,5.584,0.32722,-0.625,esperado,1,230.3,False,B1,2026-09-27,False
888b2c82abfffff,-17.430053,-66.318261,375,1,10.527,0.35694,-0.5751,esperado,1,312.4,False,B1,2026-09-27,False
888b2c82adfffff,-17.435255,-66.304436,15,0,0.13,0.89288,-0.3151,esperado,0,616.3,False,B1,2026-09-27,False
888b2c82b1fffff,-17.416814,-66.328764,1069,65,62.001,0.70909,0.0312,esperado,1,365.7,False,B1,2026-09-27,False
888b2c82b3fffff,-17.410193,-66.334016,918,72,39.048,0.8265,0.544,esperado,1,153.4,False,B1,2026-09-27,False
888b2c82b5fffff,-17.415398,-66.32019,944,10,113.43,0.28731,-0.5898,esperado,0,531.7,False,B1,2026-09-27,False
888b2c82b7fffff,-17.408777,-66.325441,986,17,82.229,0.40015,-0.5128,esperado,1,233.3,False,B1,2026-09-27,False
888b2c82b9fffff,-17.42485,-66.332088,963,52,47.781,0.71753,0.057,esperado,1,99.6,False,B1,2026-09-27,False
888b2c82bbfffff,-17.418229,-66.33734,672,20,20.763,0.69456,-0.0236,esperado,1,231.3,False,B1,2026-09-27,False
888b2c82bdfffff,-17.423434,-66.323513,745,2,78.433,0.19003,-0.6299,esperado,0,879.1,False,B1,2026-09-27,False
888b2c82c1fffff,-17.462195,-66.331555,217,0,11.161,0.24831,-0.6362,esperado,1,246.8,False,B1,2026-09-27,False
888b2c82c3fffff,-17.455577,-66.336808,852,54,34.942,0.79148,0.3513,esperado,1,206.3,False,B1,2026-09-27,False
888b2c82c7fffff,-17.45416,-66.328231,547,12,27.836,0.53218,-0.3659,esperado,1,207.6,False,B1,2026-09-27,False
888b2c82c9fffff,-17.470231,-66.33488,787,64,53.874,0.73596,0.1213,esperado,1,409.0,False,B1,2026-09-27,False
888b2c82cbfffff,-17.463612,-66.340132,936,18,39.965,0.53749,-0.3543,esperado,1,149.5,False,B1,2026-09-27,False
888b2c82cdfffff,-17.468813,-66.326303,22,0,1.278,0.55613,-0.5622,esperado,0,726.9,False,B1,2026-09-27,False
888b2c82d1fffff,-17.450374,-66.350638,518,37,14.653,0.88404,0.9744,esperado,1,216.7,False,B1,2026-09-27,False
888b2c82d3fffff,-17.443753,-66.355891,621,3,13.926,0.4332,-0.501,esperado,1,91.6,False,B1,2026-09-27,False
888b2c82d5fffff,-17.448958,-66.34206,745,51,21.075,0.87666,0.9112,esperado,1,161.9,False,B1,2026-09-27,False
888b2c82d7fffff,-17.442338,-66.347313,908,12,21.619,0.58241,-0.2856,esperado,1,85.8,False,B1,2026-09-27,False
888b2c82d9fffff,-17.45841,-66.353963,1039,50,29.392,0.81102,0.4512,esperado,1,486.6,False,B1,2026-09-27,False
888b2c82dbfffff,-17.45179,-66.359216,981,308,27.751,0.9983,6.4956,exceso,1,18.6,False,B1,2026-09-27,False
888b2c82ddfffff,-17.456993,-66.345385,643,37,18.19,0.84597,0.6626,esperado,1,312.8,False,B1,2026-09-27,False
888b2c82e1fffff,-17.451325,-66.311081,172,0,3.166,0.40631,-0.6089,esperado,1,87.2,False,B1,2026-09-27,False
888b2c82e3fffff,-17.444708,-66.316333,37,0,0.891,0.62007,-0.5342,esperado,0,564.5,False,B1,2026-09-27,False
888b2c82e5fffff,-17.449908,-66.302507,88,0,0.0,1.0,-0.001,esperado,0,978.8,False,B1,2026-09-27,False
888b2c82e7fffff,-17.44329,-66.307759,294,0,5.411,0.33125,-0.6243,esperado,1,168.2,False,B1,2026-09-27,False
888b2c82e9fffff,-17.459361,-66.314404,224,47,18.0,0.88937,1.0321,esperado,1,73.5,False,B1,2026-09-27,False
888b2c82ebfffff,-17.452743,-66.319656,48,0,4.658,0.35107,-0.6207,esperado,0,835.2,False,B1,2026-09-27,False
888b2c82edfffff,-17.457943,-66.30583,77,0,1.417,0.53805,-0.5692,esperado,0,700.3,False,B1,2026-09-27,False
888b2c8301fffff,-17.475882,-66.233403,403,0,4.666,0.35084,-0.6207,esperado,0,714.6,False,B1,2026-09-27,False
888b2c8303fffff,-17.46927,-66.238652,423,11,5.027,0.86218,0.7397,esperado,1,460.9,False,B1,2026-09-27,False
888b2c8305fffff,-17.474461,-66.224836,58,0,2.508,0.44237,-0.5998,esperado,0,984.6,False,B1,2026-09-27,False
888b2c8307fffff,-17.46785,-66.230085,676,10,33.767,0.46446,-0.4533,esperado,1,200.1,False,B1,2026-09-27,False
888b2c8309fffff,-17.483915,-66.236721,46,3,0.171,0.99831,5.7621,exceso,0,1659.3,False,B1,2026-09-27,False
888b2c830bfffff,-17.477303,-66.241971,526,6,9.282,0.62304,-0.2241,esperado,0,1326.6,False,B1,2026-09-27,False
888b2c8311fffff,-17.464078,-66.252471,72,0,1.394,0.54099,-0.5681,esperado,0,988.0,False,B1,2026-09-27,False
888b2c8313fffff,-17.457464,-66.257721,26,3,0.353,0.98826,3.2808,exceso,0,573.3,False,B1,2026-09-27,False
888b2c8315fffff,-17.462658,-66.243902,45,0,0.535,0.70828,-0.485,esperado,0,947.6,False,B1,2026-09-27,False
888b2c8317fffff,-17.456045,-66.249152,293,7,3.482,0.84984,0.6185,esperado,1,64.0,False,B1,2026-09-27,False
888b2c831dfffff,-17.470691,-66.247221,429,3,8.303,0.5251,-0.4038,esperado,0,1369.4,False,B1,2026-09-27,False
888b2c8321fffff,-17.465007,-66.212952,1813,78,96.237,0.65343,-0.1225,esperado,1,117.5,False,B1,2026-09-27,False
888b2c8323fffff,-17.458396,-66.218201,1333,20,71.04,0.45019,-0.4642,esperado,1,117.6,False,B1,2026-09-27,False
888b2c8325fffff,-17.463585,-66.204387,2471,313,149.563,0.85003,0.7072,esperado,1,266.0,False,B1,2026-09-27,False
888b2c8327fffff,-17.456975,-66.209636,1131,55,65.551,0.66145,-0.104,esperado,1,181.6,False,B1,2026-09-27,False
888b2c8329fffff,-17.473039,-66.216269,877,24,38.61,0.60081,-0.2439,esperado,1,291.0,False,B1,2026-09-27,False
888b2c832bfffff,-17.466428,-66.221518,488,16,25.904,0.60193,-0.2458,esperado,1,370.2,False,B1,2026-09-27,False
888b2c832dfffff,-17.471618,-66.207704,3712,404,163.421,0.87972,0.9528,esperado,1,9.5,False,B1,2026-09-27,False
888b2c8331fffff,-17.453204,-66.232016,728,10,9.119,0.72719,0.0612,esperado,0,724.0,False,B1,2026-09-27,False
888b2c8333fffff,-17.446591,-66.237265,553,9,6.927,0.76353,0.1883,esperado,1,284.9,False,B1,2026-09-27,False
888b2c8335fffff,-17.451784,-66.22345,104,3,8.565,0.51925,-0.4111,esperado,0,676.6,False,B1,2026-09-27,False
888b2c8337fffff,-17.445171,-66.228698,1177,66,15.311,0.95526,2.1167,exceso,1,171.1,False,B1,2026-09-27,False
888b2c8339fffff,-17.461237,-66.235334,175,2,2.192,0.72518,-0.052,esperado,1,436.6,False,B1,2026-09-27,False
888b2c833bfffff,-17.454625,-66.240583,527,13,6.601,0.84266,0.6091,esperado,1,360.5,False,B1,2026-09-27,False
888b2c833dfffff,-17.459817,-66.226767,506,30,51.692,0.58567,-0.2709,esperado,1,150.9,False,B1,2026-09-27,False
888b2c8343fffff,-17.491947,-66.24004,33,0,0.776,0.64424,-0.5221,esperado,0,2612.9,False,B1,2026-09-27,False
888b2c8345fffff,-17.497136,-66.226222,71,0,1.671,0.50963,-0.5793,esperado,0,2964.7,False,B1,2026-09-27,False
888b2c834bfffff,-17.49998,-66.243359,26,0,0.612,0.68559,-0.499,esperado,0,3568.3,False,B1,2026-09-27,False
888b2c834dfffff,-17.505168,-66.22954,23,0,0.541,0.7063,-0.4863,esperado,0,3913.8,False,B1,2026-09-27,False
888b2c8351fffff,-17.486757,-66.25386,169,0,2.982,0.41536,-0.6067,esperado,0,2954.8,False,B1,2026-09-27,False
888b2c8353fffff,-17.480145,-66.25911,73,0,1.413,0.53858,-0.569,esperado,0,2898.0,False,B1,2026-09-27,False
888b2c8355fffff,-17.485336,-66.24529,26,0,0.21,0.8436,-0.374,esperado,0,2219.2,False,B1,2026-09-27,False
888b2c8357fffff,-17.478724,-66.25054,420,2,8.129,0.47078,-0.4765,esperado,0,2094.5,False,B1,2026-09-27,False
888b2c8367fffff,-17.47965,-66.211021,403,3,4.37,0.65261,-0.1941,esperado,0,578.7,False,B1,2026-09-27,False
888b2c8369fffff,-17.495713,-66.217655,45,0,0.769,0.64588,-0.5212,esperado,0,2474.8,False,B1,2026-09-27,False
888b2c8505fffff,-17.335477,-66.33508,135,8,2.946,0.89808,1.0399,esperado,0,1134.0,False,B1,2026-09-27,False
888b2c850dfffff,-17.343515,-66.338403,126,2,5.432,0.54468,-0.3945,esperado,0,778.8,False,B1,2026-09-27,False
888b2c8521fffff,-17.326027,-66.323185,112,0,0.161,0.87264,-0.3411,esperado,0,2273.1,False,B1,2026-09-27,False
888b2c8525fffff,-17.324615,-66.314613,140,0,1.244,0.5609,-0.5603,esperado,0,1911.7,False,B1,2026-09-27,False
888b2c8529fffff,-17.334065,-66.326507,126,0,1.352,0.54624,-0.5661,esperado,0,1315.5,False,B1,2026-09-27,False
888b2c852dfffff,-17.332652,-66.317935,233,3,2.308,0.78131,0.1786,esperado,0,1883.2,False,B1,2026-09-27,False
888b2c8541fffff,-17.35959,-66.34505,804,6,9.489,0.61848,-0.2332,esperado,1,339.9,False,B1,2026-09-27,False
888b2c8543fffff,-17.352965,-66.350301,43,17,0.393,1.0,19.0374,exceso,0,938.3,False,B1,2026-09-27,False
888b2c8545fffff,-17.358177,-66.336475,693,0,22.721,0.18567,-0.6422,esperado,0,502.9,False,B1,2026-09-27,False
888b2c8547fffff,-17.351552,-66.341726,359,0,9.628,0.26357,-0.6344,esperado,0,614.6,False,B1,2026-09-27,False
888b2c8549fffff,-17.367627,-66.348374,562,6,4.852,0.75817,0.147,esperado,0,701.7,False,B1,2026-09-27,False
888b2c854bfffff,-17.361002,-66.353625,96,0,0.456,0.73438,-0.4676,esperado,0,817.6,False,B1,2026-09-27,False
888b2c854dfffff,-17.366214,-66.339799,1013,20,15.348,0.75877,0.1938,esperado,1,63.3,False,B1,2026-09-27,False
888b2c855dfffff,-17.354377,-66.358876,97,1,0.21,0.96151,1.4078,esperado,0,1037.4,False,B1,2026-09-27,True
888b2c8561fffff,-17.348727,-66.324579,620,38,23.01,0.80553,0.4184,esperado,1,398.7,False,B1,2026-09-27,False
888b2c8563fffff,-17.342102,-66.329829,213,53,5.358,0.99674,5.5485,exceso,1,358.3,False,B1,2026-09-27,False
888b2c8565fffff,-17.347314,-66.316007,514,7,4.559,0.7996,0.3321,esperado,0,1254.6,False,B1,2026-09-27,False
888b2c8567fffff,-17.34069,-66.321257,392,3,2.372,0.77605,0.1581,esperado,0,1155.1,False,B1,2026-09-27,False
888b2c8569fffff,-17.356764,-66.327902,795,16,37.218,0.52924,-0.3674,esperado,1,373.2,False,B1,2026-09-27,False
888b2c856bfffff,-17.35014,-66.333152,731,10,25.686,0.51453,-0.3926,esperado,1,470.2,False,B1,2026-09-27,False
888b2c856dfffff,-17.355351,-66.319329,92,1,8.474,0.38845,-0.5579,esperado,1,492.9,False,B1,2026-09-27,False
888b2c8701fffff,-17.393153,-66.366925,421,0,9.897,0.26067,-0.6347,esperado,0,2012.0,True,B1,2026-09-27,False
888b2c8703fffff,-17.386528,-66.372177,310,0,5.905,0.32014,-0.6262,esperado,0,2460.6,True,B1,2026-09-27,False
888b2c8705fffff,-17.391739,-66.358347,504,0,15.531,0.21707,-0.6395,esperado,0,1517.2,True,B1,2026-09-27,False
888b2c8707fffff,-17.385115,-66.363599,417,1,7.973,0.39768,-0.5524,esperado,0,1541.8,True,B1,2026-09-27,False
888b2c8709fffff,-17.40119,-66.37025,669,0,23.177,0.18415,-0.6423,esperado,0,1207.3,True,B1,2026-09-27,False
888b2c870bfffff,-17.394566,-66.375503,38,0,0.909,0.61648,-0.5359,esperado,0,1995.1,True,B1,2026-09-27,False
888b2c870dfffff,-17.399777,-66.361672,548,0,18.029,0.20421,-0.6406,esperado,0,1184.4,True,B1,2026-09-27,False
888b2c8715fffff,-17.379903,-66.37743,78,0,0.723,0.65669,-0.5154,esperado,0,2075.1,True,B1,2026-09-27,True
888b2c871dfffff,-17.387941,-66.380756,68,0,1.305,0.55242,-0.5637,esperado,0,2777.4,True,B1,2026-09-27,True
888b2c8721fffff,-17.382289,-66.346446,804,11,8.121,0.77035,0.224,esperado,1,95.5,True,B1,2026-09-27,False
888b2c8723fffff,-17.375665,-66.351698,213,1,2.754,0.58351,-0.3845,esperado,1,159.8,True,B1,2026-09-27,False
888b2c8725fffff,-17.380875,-66.337871,703,37,8.515,0.95583,2.1165,exceso,1,419.3,True,B1,2026-09-27,False
888b2c8727fffff,-17.374251,-66.343122,620,7,6.263,0.73525,0.0739,esperado,0,665.5,True,B1,2026-09-27,False
888b2c8729fffff,-17.390326,-66.349771,547,0,21.503,0.18994,-0.6418,esperado,0,725.0,True,B1,2026-09-27,False
888b2c872bfffff,-17.383702,-66.355022,238,0,3.077,0.41059,-0.6079,esperado,0,642.2,True,B1,2026-09-27,False
888b2c872dfffff,-17.388912,-66.341195,959,12,31.7,0.50736,-0.4001,esperado,1,136.0,True,B1,2026-09-27,False
888b2c8731fffff,-17.370453,-66.365526,703,0,6.518,0.30794,-0.6281,esperado,0,707.3,True,B1,2026-09-27,False
888b2c8733fffff,-17.363827,-66.370778,14,0,0.262,0.8157,-0.4018,esperado,1,353.7,True,B1,2026-09-27,True
888b2c8735fffff,-17.36904,-66.35695,441,3,8.432,0.5222,-0.4075,esperado,1,33.0,True,B1,2026-09-27,False
888b2c8737fffff,-17.362415,-66.362201,228,0,4.27,0.36299,-0.6184,esperado,1,125.9,True,B1,2026-09-27,False
888b2c8739fffff,-17.37849,-66.368852,203,90,1.882,1.0,27.4344,exceso,0,1623.8,True,B1,2026-09-27,False
888b2c873dfffff,-17.377078,-66.360274,97,0,1.855,0.49188,-0.5852,esperado,0,940.1,True,B1,2026-09-27,False
888b2c8741fffff,-17.415851,-66.368324,519,1,17.412,0.29209,-0.6036,esperado,1,438.0,True,B1,2026-09-27,False
888b2c8743fffff,-17.409228,-66.373576,780,6,20.647,0.46819,-0.4551,esperado,1,414.6,True,B1,2026-09-27,False
888b2c8745fffff,-17.414437,-66.359745,610,4,18.29,0.42794,-0.5006,esperado,1,79.1,True,B1,2026-09-27,False
888b2c8747fffff,-17.407814,-66.364998,854,10,23.542,0.53121,-0.3695,esperado,1,377.9,True,B1,2026-09-27,False
888b2c8749fffff,-17.423888,-66.37165,70,0,0.214,0.84132,-0.3764,esperado,0,556.6,True,B1,2026-09-27,False
888b2c874bfffff,-17.417265,-66.376903,544,0,6.17,0.31466,-0.6271,esperado,1,476.0,True,B1,2026-09-27,False
888b2c874dfffff,-17.422474,-66.363071,429,21,17.594,0.74006,0.124,esperado,1,299.8,True,B1,2026-09-27,False
888b2c8751fffff,-17.404017,-66.387409,10,0,0.147,0.88171,-0.3298,esperado,0,1375.3,True,B1,2026-09-27,True
888b2c8755fffff,-17.402604,-66.378829,344,1,5.05,0.47222,-0.4994,esperado,0,1148.6,True,B1,2026-09-27,False
888b2c8757fffff,-17.395979,-66.384082,19,0,0.279,0.80744,-0.4094,esperado,0,2035.1,True,B1,2026-09-27,True
888b2c8759fffff,-17.412054,-66.390736,135,1,1.982,0.6474,-0.2916,esperado,0,542.0,True,B1,2026-09-27,True
888b2c875dfffff,-17.410641,-66.382156,743,4,10.906,0.51945,-0.4027,esperado,0,701.9,True,B1,2026-09-27,False
888b2c8761fffff,-17.404986,-66.347843,563,4,27.359,0.36561,-0.5491,esperado,1,308.6,True,B1,2026-09-27,False
888b2c8763fffff,-17.398363,-66.353095,310,6,15.064,0.52625,-0.3846,esperado,0,1148.0,True,B1,2026-09-27,False
888b2c8765fffff,-17.403571,-66.339267,567,6,25.365,0.43283,-0.4907,esperado,1,45.0,True,B1,2026-09-27,False
888b2c8767fffff,-17.396949,-66.344519,640,7,28.585,0.43622,-0.4858,esperado,0,650.5,True,B1,2026-09-27,False
888b2c8769fffff,-17.413022,-66.351168,667,5,27.522,0.39366,-0.5263,esperado,1,238.8,True,B1,2026-09-27,False
888b2c876bfffff,-17.4064,-66.35642,639,4,24.341,0.38287,-0.537,esperado,1,344.2,True,B1,2026-09-27,False
888b2c876dfffff,-17.411608,-66.342591,858,13,42.663,0.467,-0.4484,esperado,1,121.6,True,B1,2026-09-27,False
888b2c8807fffff,-17.345453,-66.123766,11,1,37.62,0.21328,-0.6273,esperado,0,2077.7,False,B1,2026-09-27,False
888b2c8809fffff,-17.361517,-66.130387,1344,624,7406.47,0.27453,-0.5934,esperado,1,303.2,False,B1,2026-09-27,False
888b2c880bfffff,-17.354905,-66.135631,734,27,7778.011,0.07341,-0.6458,esperado,0,973.1,False,B1,2026-09-27,False
888b2c880dfffff,-17.360096,-66.121833,477,67,1298.342,0.22521,-0.6145,esperado,1,468.8,False,B1,2026-09-27,False
888b2c8817fffff,-17.333646,-66.142808,58,1,8.435,0.38914,-0.5575,esperado,0,2062.2,False,B1,2026-09-27,False
888b2c8819fffff,-17.349711,-66.149431,943,130,138.065,0.68509,-0.0378,esperado,0,611.0,False,B1,2026-09-27,False
888b2c881bfffff,-17.343098,-66.154675,2945,230,431.18,0.56504,-0.3022,esperado,0,666.6,False,B1,2026-09-27,False
888b2c881dfffff,-17.348292,-66.140875,624,26,5693.852,0.08239,-0.6451,esperado,0,1387.3,False,B1,2026-09-27,False
888b2c8823fffff,-17.336001,-66.111904,52,0,0.825,0.63349,-0.5276,esperado,0,3317.0,False,B1,2026-09-27,False
888b2c8835fffff,-17.329389,-66.117147,31,2,0.0,1.0,1999.9966,exceso,0,3904.2,False,B1,2026-09-27,False
888b2c8841fffff,-17.37616,-66.128454,2425,7594,9657.957,0.64547,-0.1385,esperado,1,54.7,False,B1,2026-09-27,False
888b2c8843fffff,-17.369549,-66.133698,3529,9679,33610.436,0.44858,-0.4614,esperado,1,145.1,False,B1,2026-09-27,False
888b2c8845fffff,-17.374739,-66.119899,3548,6771,3651.204,0.82676,0.5537,esperado,1,140.3,False,B1,2026-09-27,False
888b2c8847fffff,-17.368128,-66.125143,3423,3137,10806.857,0.44998,-0.4599,esperado,1,72.8,False,B1,2026-09-27,False
888b2c8849fffff,-17.384191,-66.131765,131,424,571.835,0.63322,-0.1675,esperado,1,428.4,False,B1,2026-09-27,False
888b2c884bfffff,-17.377581,-66.137009,2367,7343,30240.961,0.41984,-0.4907,esperado,1,165.6,False,B1,2026-09-27,False
888b2c884dfffff,-17.38277,-66.12321,1507,3384,1228.205,0.89748,1.1373,esperado,1,328.6,False,B1,2026-09-27,False
888b2c8851fffff,-17.364357,-66.147498,3972,8745,66818.089,0.32829,-0.5632,esperado,1,91.0,False,B1,2026-09-27,False
888b2c8853fffff,-17.357744,-66.152743,3992,4164,36515.928,0.31048,-0.5742,esperado,1,140.8,False,B1,2026-09-27,False
888b2c8855fffff,-17.362937,-66.138942,2002,1521,27471.175,0.23091,-0.6122,esperado,1,60.2,False,B1,2026-09-27,False
888b2c8857fffff,-17.356325,-66.144187,1352,376,15216.811,0.16527,-0.632,esperado,0,522.4,False,B1,2026-09-27,False
888b2c8859fffff,-17.372389,-66.15081,4350,49786,73176.91,0.61474,-0.2072,esperado,1,66.0,False,B1,2026-09-27,False
888b2c885bfffff,-17.365777,-66.156055,4557,13212,67978.597,0.38461,-0.5221,esperado,1,75.6,False,B1,2026-09-27,False
888b2c885dfffff,-17.370969,-66.142254,4278,44854,58702.142,0.63934,-0.1529,esperado,1,24.5,False,B1,2026-09-27,False
888b2c8861fffff,-17.365286,-66.108036,932,179,870.305,0.3939,-0.5147,esperado,0,528.3,False,B1,2026-09-27,False
888b2c8865fffff,-17.363865,-66.099484,653,8,521.428,0.14024,-0.6379,esperado,1,438.6,False,B1,2026-09-27,False
888b2c8867fffff,-17.357255,-66.104727,15,6,13.177,0.5522,-0.3475,esperado,0,1003.0,False,B1,2026-09-27,False
888b2c8869fffff,-17.373317,-66.111346,1782,2394,1848.491,0.75294,0.1912,esperado,1,48.1,False,B1,2026-09-27,False
888b2c886bfffff,-17.366707,-66.116589,2983,2000,3088.703,0.60443,-0.2284,esperado,1,73.5,False,B1,2026-09-27,False
888b2c886dfffff,-17.371896,-66.102793,2263,1405,1931.408,0.62897,-0.1766,esperado,1,202.4,False,B1,2026-09-27,False
888b2c8881fffff,-17.307185,-66.163784,46,0,13.403,0.23053,-0.6381,esperado,0,3279.5,False,B1,2026-09-27,True
888b2c8889fffff,-17.315219,-66.167097,19,1,8.269,0.39213,-0.5558,esperado,0,2418.9,False,B1,2026-09-27,False
888b2c889dfffff,-17.301984,-66.177585,16,0,1.939,0.48444,-0.5875,esperado,0,3055.3,False,B1,2026-09-27,True
888b2c88c5fffff,-17.32845,-66.156608,26,0,4.732,0.34893,-0.6211,esperado,0,1263.2,False,B1,2026-09-27,False
888b2c88c9fffff,-17.337901,-66.168477,2002,321,1405.141,0.41025,-0.4999,esperado,1,377.8,False,B1,2026-09-27,False
888b2c88cbfffff,-17.331286,-66.173722,312,35,160.157,0.40583,-0.5058,esperado,0,686.5,False,B1,2026-09-27,False
888b2c88cdfffff,-17.336483,-66.15992,786,91,493.485,0.37776,-0.5283,esperado,1,309.4,False,B1,2026-09-27,False
888b2c88d7fffff,-17.310019,-66.180899,13,0,1.592,0.51795,-0.5765,esperado,0,2107.3,False,B1,2026-09-27,False
888b2c88d9fffff,-17.326087,-66.187526,1132,65,142.102,0.53578,-0.3511,esperado,1,385.2,False,B1,2026-09-27,False
888b2c88dbfffff,-17.319469,-66.192771,52,0,9.563,0.26429,-0.6343,esperado,0,1304.9,False,B1,2026-09-27,False
888b2c88ddfffff,-17.32467,-66.178967,78,1,18.789,0.28325,-0.6068,esperado,0,781.3,False,B1,2026-09-27,False
888b2c88e7fffff,-17.310966,-66.14143,19,0,1.459,0.53297,-0.5711,esperado,0,3752.0,False,B1,2026-09-27,True
888b2c8901fffff,-17.343538,-66.067219,228,0,62.264,0.12217,-0.6459,esperado,0,3165.0,False,B1,2026-09-27,True
888b2c8903fffff,-17.336929,-66.07246,26,1,11.142,0.34906,-0.5791,esperado,0,3860.5,False,B1,2026-09-27,True
888b2c8905fffff,-17.342116,-66.058671,357,0,75.146,0.11295,-0.6463,esperado,0,3568.4,False,B1,2026-09-27,True
888b2c890bfffff,-17.344959,-66.075767,31,0,13.683,0.2286,-0.6383,esperado,0,3000.6,False,B1,2026-09-27,False
888b2c890dfffff,-17.350146,-66.061977,104,0,22.414,0.18671,-0.6421,esperado,0,2612.3,False,B1,2026-09-27,False
888b2c8911fffff,-17.33174,-66.086251,31,0,0.778,0.64391,-0.5222,esperado,0,4199.3,False,B1,2026-09-27,True
888b2c8919fffff,-17.339771,-66.089559,11,0,0.258,0.81756,-0.4,esperado,0,3244.7,False,B1,2026-09-27,False
888b2c891dfffff,-17.33835,-66.081009,21,1,4.351,0.4984,-0.4767,esperado,0,3822.7,False,B1,2026-09-27,True
888b2c8941fffff,-17.366207,-66.068591,40,1,10.151,0.36208,-0.5725,esperado,0,703.4,False,B1,2026-09-27,False
888b2c8949fffff,-17.374237,-66.071898,1487,223,481.45,0.53693,-0.3477,esperado,1,31.8,False,B1,2026-09-27,False
888b2c894bfffff,-17.367629,-66.07714,243,14,110.139,0.33075,-0.5646,esperado,0,733.1,False,B1,2026-09-27,False
888b2c894dfffff,-17.372814,-66.063349,476,4,79.906,0.23681,-0.614,esperado,0,593.7,False,B1,2026-09-27,False
888b2c8961fffff,-17.355331,-66.048189,26,0,1.796,0.49728,-0.5834,esperado,0,2611.2,False,B1,2026-09-27,True
888b2c8963fffff,-17.348724,-66.05343,233,0,27.858,0.17068,-0.6432,esperado,0,3211.2,False,B1,2026-09-27,True
888b2c8967fffff,-17.347301,-66.044883,78,0,5.388,0.3318,-0.6242,esperado,0,3567.0,False,B1,2026-09-27,True
888b2c896bfffff,-17.356754,-66.056736,35,7,4.37,0.80782,0.3726,esperado,0,2303.8,False,B1,2026-09-27,False
888b2c89c9fffff,-17.327969,-66.108595,46,4,0.73,0.97056,2.3124,esperado,0,4268.3,False,B1,2026-09-27,True
888b2c8a01fffff,-17.409708,-66.150256,4804,28314,15381.584,0.8253,0.5449,esperado,1,6.8,False,B1,2026-09-27,False
888b2c8a03fffff,-17.403097,-66.155502,3914,79798,31835.178,0.88199,0.9764,esperado,1,15.0,False,B1,2026-09-27,False
888b2c8a05fffff,-17.408286,-66.141699,1157,3551,2392.074,0.7817,0.314,esperado,1,151.0,False,B1,2026-09-27,False
888b2c8a07fffff,-17.401676,-66.146944,3082,25981,27459.482,0.68529,-0.0349,esperado,1,9.6,False,B1,2026-09-27,False
888b2c8a09fffff,-17.417739,-66.153569,4863,10546,1600.494,0.98585,3.6217,exceso,1,139.9,False,B1,2026-09-27,False
888b2c8a0bfffff,-17.411129,-66.158815,3595,23163,15570.219,0.78212,0.316,esperado,1,104.5,False,B1,2026-09-27,False
888b2c8a0dfffff,-17.416317,-66.145011,4843,6751,2393.317,0.90117,1.1799,esperado,1,45.2,False,B1,2026-09-27,False
888b2c8a11fffff,-17.397907,-66.169306,4031,19494,29246.86,0.61044,-0.2161,esperado,1,49.0,False,B1,2026-09-27,False
888b2c8a13fffff,-17.391294,-66.174552,4401,17293,24834.239,0.61964,-0.1968,esperado,1,81.7,False,B1,2026-09-27,False
888b2c8a15fffff,-17.396486,-66.160747,4746,90464,40565.847,0.86153,0.7972,esperado,1,55.5,False,B1,2026-09-27,False
888b2c8a17fffff,-17.389874,-66.165993,3953,25656,32196.972,0.64831,-0.1317,esperado,1,128.2,False,B1,2026-09-27,False
888b2c8a19fffff,-17.405939,-66.17262,4290,11093,23286.362,0.54193,-0.3393,esperado,1,120.4,False,B1,2026-09-27,False
888b2c8a1bfffff,-17.399327,-66.177866,4499,9028,18887.182,0.5426,-0.3383,esperado,1,159.2,False,B1,2026-09-27,False
888b2c8a1dfffff,-17.404518,-66.16406,3316,7648,24059.188,0.46592,-0.4421,esperado,1,67.6,False,B1,2026-09-27,False
888b2c8a21fffff,-17.398833,-66.129831,370,71,304.906,0.41451,-0.4968,esperado,1,454.4,False,B1,2026-09-27,False
888b2c8a23fffff,-17.392223,-66.135076,1327,3295,2803.064,0.73219,0.1137,esperado,1,141.6,False,B1,2026-09-27,False
888b2c8a25fffff,-17.397411,-66.121276,167,44,72.428,0.59383,-0.2536,esperado,0,643.9,False,B1,2026-09-27,False
888b2c8a27fffff,-17.390801,-66.12652,37,5,42.146,0.33238,-0.5684,esperado,0,872.1,False,B1,2026-09-27,False
888b2c8a29fffff,-17.406864,-66.133142,182,290,104.616,0.8985,1.1461,esperado,1,435.1,False,B1,2026-09-27,False
888b2c8a2bfffff,-17.400254,-66.138387,1463,6447,2468.719,0.88882,1.0443,esperado,1,82.4,False,B1,2026-09-27,False
888b2c8a2dfffff,-17.405442,-66.124586,332,456,129.628,0.93247,1.629,esperado,1,382.7,False,B1,2026-09-27,False
888b2c8a31fffff,-17.387033,-66.148877,4160,77320,51164.28,0.78539,0.3313,esperado,1,53.1,False,B1,2026-09-27,False
888b2c8a33fffff,-17.380422,-66.154122,3719,59564,54592.015,0.7161,0.059,esperado,1,80.4,False,B1,2026-09-27,False
888b2c8a35fffff,-17.385612,-66.14032,1339,8499,8865.481,0.68814,-0.0268,esperado,1,77.0,False,B1,2026-09-27,False
888b2c8a37fffff,-17.379001,-66.145565,4031,36418,37389.129,0.69157,-0.0168,esperado,1,81.3,False,B1,2026-09-27,False
888b2c8a39fffff,-17.395065,-66.152189,4538,152201,44308.905,0.9294,1.578,esperado,1,67.9,False,B1,2026-09-27,False
888b2c8a3bfffff,-17.388454,-66.157435,4239,112387,43906.677,0.8855,1.0108,esperado,1,57.1,False,B1,2026-09-27,False
888b2c8a3dfffff,-17.393644,-66.143632,3491,46197,30328.435,0.78703,0.3391,esperado,1,162.6,False,B1,2026-09-27,False
888b2c8a41fffff,-17.43238,-66.151636,4759,4973,2519.321,0.83884,0.6311,esperado,1,56.2,False,B1,2026-09-27,False
888b2c8a43fffff,-17.425771,-66.156882,4830,8012,2317.914,0.93022,1.5919,esperado,1,38.1,False,B1,2026-09-27,False
888b2c8a45fffff,-17.430958,-66.143078,3576,551,2204.581,0.42479,-0.486,esperado,1,66.9,False,B1,2026-09-27,False
888b2c8a47fffff,-17.424349,-66.148323,4706,1894,2538.048,0.63437,-0.1644,esperado,1,25.6,False,B1,2026-09-27,False
888b2c8a49fffff,-17.440411,-66.154949,4525,2326,2287.726,0.70089,0.0108,esperado,1,75.9,False,B1,2026-09-27,False
888b2c8a4bfffff,-17.433802,-66.160195,4512,4086,1831.674,0.8616,0.7975,esperado,1,29.4,False,B1,2026-09-27,False
888b2c8a4dfffff,-17.438989,-66.14639,4271,2935,2828.878,0.70526,0.0243,esperado,1,81.9,False,B1,2026-09-27,False
888b2c8a51fffff,-17.420582,-66.170687,2581,2071,862.529,0.87464,0.9078,esperado,1,81.9,False,B1,2026-09-27,False
888b2c8a53fffff,-17.413971,-66.175934,1365,2225,3611.595,0.59406,-0.2488,esperado,1,158.5,False,B1,2026-09-27,False
888b2c8a55fffff,-17.419161,-66.162128,4772,5132,1681.804,0.91302,1.3293,esperado,1,91.5,False,B1,2026-09-27,False
888b2c8a57fffff,-17.41255,-66.167374,3920,9906,13026.048,0.63834,-0.1552,esperado,1,230.4,False,B1,2026-09-27,False
888b2c8a59fffff,-17.428614,-66.174001,1203,322,402.023,0.64977,-0.1289,esperado,1,51.2,False,B1,2026-09-27,False
888b2c8a5bfffff,-17.422003,-66.179248,592,637,179.22,0.93378,1.6534,esperado,0,538.4,False,B1,2026-09-27,False
888b2c8a5dfffff,-17.427193,-66.165441,2802,1867,987.513,0.83055,0.577,esperado,1,16.8,False,B1,2026-09-27,False
888b2c8a61fffff,-17.421504,-66.131209,3010,9502,1087.056,0.99498,5.0157,exceso,1,70.4,False,B1,2026-09-27,False
888b2c8a63fffff,-17.414895,-66.136454,507,824,174.746,0.96389,2.4049,exceso,1,297.7,False,B1,2026-09-27,False
888b2c8a65fffff,-17.420081,-66.122653,2893,2486,1102.634,0.86352,0.8129,esperado,1,62.7,False,B1,2026-09-27,False
888b2c8a67fffff,-17.413473,-66.127897,644,1238,176.435,0.9885,3.8946,exceso,1,172.4,False,B1,2026-09-27,False
888b2c8a69fffff,-17.429535,-66.13452,4505,1439,2391.356,0.58923,-0.2581,esperado,1,85.9,False,B1,2026-09-27,False
888b2c8a6bfffff,-17.422926,-66.139765,4746,8160,2531.899,0.92081,1.4404,esperado,1,81.0,False,B1,2026-09-27,False
888b2c8a6dfffff,-17.428112,-66.125964,5058,4303,2214.769,0.8358,0.611,esperado,1,16.5,False,B1,2026-09-27,False
888b2c8a81fffff,-17.36342,-66.186976,4830,5929,12991.436,0.53352,-0.3523,esperado,1,97.9,False,B1,2026-09-27,False
888b2c8a83fffff,-17.356805,-66.192222,3605,3191,1264.309,0.88316,0.9874,esperado,1,142.2,False,B1,2026-09-27,False
888b2c8a85fffff,-17.362001,-66.178417,5097,19244,49609.547,0.50234,-0.3967,esperado,1,57.4,False,B1,2026-09-27,False
888b2c8a87fffff,-17.355386,-66.183662,4024,14759,1093.393,0.99945,8.0982,exceso,1,16.3,False,B1,2026-09-27,False
888b2c8a89fffff,-17.371453,-66.190291,4791,9361,14524.239,0.60341,-0.2304,esperado,1,67.6,False,B1,2026-09-27,False
888b2c8a8bfffff,-17.364838,-66.195537,3360,1711,6716.329,0.42782,-0.483,esperado,1,23.5,False,B1,2026-09-27,False
888b2c8a8dfffff,-17.370034,-66.18173,4759,19887,35932.721,0.57199,-0.2894,esperado,1,136.0,False,B1,2026-09-27,False
888b2c8a91fffff,-17.351606,-66.206029,2544,803,2949.044,0.4391,-0.4716,esperado,1,69.5,False,B1,2026-09-27,False
888b2c8a93fffff,-17.344989,-66.211276,1228,2124,2713.518,0.64455,-0.1408,esperado,1,60.7,False,B1,2026-09-27,False
888b2c8a95fffff,-17.350189,-66.197468,2872,3643,2243.414,0.8002,0.4043,esperado,1,192.9,False,B1,2026-09-27,False
888b2c8a97fffff,-17.343572,-66.202714,2778,3436,2687.901,0.75015,0.1804,esperado,1,77.2,False,B1,2026-09-27,False
888b2c8a99fffff,-17.35964,-66.209345,2110,465,544.669,0.66336,-0.0948,esperado,1,281.2,False,B1,2026-09-27,False
888b2c8a9bfffff,-17.353023,-66.214591,809,217,175.564,0.74337,0.1528,esperado,1,170.8,False,B1,2026-09-27,False
888b2c8a9dfffff,-17.358222,-66.200783,2332,559,2333.865,0.41778,-0.4928,esperado,1,278.3,False,B1,2026-09-27,False
888b2c8aa1fffff,-17.352549,-66.166545,4252,3932,608.012,0.98498,3.5417,exceso,1,88.3,False,B1,2026-09-27,False
888b2c8aa3fffff,-17.345935,-66.17179,3627,4876,522.99,0.99619,5.3919,exceso,1,125.1,False,B1,2026-09-27,False
888b2c8aa5fffff,-17.351131,-66.157987,4148,2674,593.14,0.95985,2.2727,exceso,1,20.3,False,B1,2026-09-27,False
888b2c8aa7fffff,-17.344516,-66.163232,3420,938,489.04,0.83337,0.5947,esperado,1,52.5,False,B1,2026-09-27,False
888b2c8aa9fffff,-17.360582,-66.169858,4576,11564,42177.682,0.44015,-0.4704,esperado,1,58.7,False,B1,2026-09-27,False
888b2c8aabfffff,-17.353968,-66.175103,4220,7758,608.497,0.99923,7.6118,exceso,1,41.2,False,B1,2026-09-27,False
888b2c8aadfffff,-17.359163,-66.1613,5240,6446,47931.729,0.33192,-0.5609,esperado,1,61.6,False,B1,2026-09-27,False
888b2c8ab1fffff,-17.340737,-66.185594,3335,957,665.896,0.77499,0.2832,esperado,1,220.9,False,B1,2026-09-27,False
888b2c8ab3fffff,-17.334121,-66.190839,2453,351,538.552,0.60607,-0.2256,esperado,1,224.5,False,B1,2026-09-27,False
888b2c8ab5fffff,-17.339319,-66.177035,3549,1623,422.422,0.94318,1.841,esperado,1,21.4,False,B1,2026-09-27,False
888b2c8ab7fffff,-17.332703,-66.18228,3422,424,227.084,0.82823,0.5615,esperado,1,105.5,False,B1,2026-09-27,False
888b2c8ab9fffff,-17.348771,-66.188908,3861,6371,870.049,0.9901,4.0965,exceso,1,23.0,False,B1,2026-09-27,False
888b2c8abbfffff,-17.342155,-66.194154,2907,1237,719.734,0.81173,0.4656,esperado,1,150.5,False,B1,2026-09-27,False
888b2c8abdfffff,-17.347353,-66.180348,4362,3237,839.844,0.94354,1.8493,esperado,1,20.8,False,B1,2026-09-27,False
888b2c8ac1fffff,-17.386101,-66.188359,4447,12296,9461.199,0.75365,0.1942,esperado,1,19.0,False,B1,2026-09-27,False
888b2c8ac3fffff,-17.379487,-66.193605,4362,6882,7739.926,0.67189,-0.0718,esperado,1,76.2,False,B1,2026-09-27,False
888b2c8ac5fffff,-17.384681,-66.179798,4154,28700,15030.853,0.83244,0.5893,esperado,1,62.2,False,B1,2026-09-27,False
888b2c8ac7fffff,-17.378068,-66.185044,4707,15319,14011.297,0.71655,0.0605,esperado,1,72.0,False,B1,2026-09-27,False
888b2c8ac9fffff,-17.394134,-66.191673,5084,9204,6958.026,0.75741,0.2092,esperado,1,121.7,False,B1,2026-09-27,False
888b2c8acbfffff,-17.38752,-66.19692,3979,7760,5585.459,0.7678,0.2523,esperado,1,56.9,False,B1,2026-09-27,False
888b2c8acdfffff,-17.392714,-66.183112,3783,20589,9203.912,0.8621,0.8016,esperado,1,58.5,False,B1,2026-09-27,False
888b2c8ad1fffff,-17.37429,-66.207413,1914,772,3179.847,0.41994,-0.4907,esperado,1,99.2,False,B1,2026-09-27,False
888b2c8ad3fffff,-17.367674,-66.21266,1539,650,789.797,0.65541,-0.1147,esperado,1,1.2,False,B1,2026-09-27,False
888b2c8ad5fffff,-17.372872,-66.198852,2591,1521,4040.95,0.49677,-0.4041,esperado,1,125.2,False,B1,2026-09-27,False
888b2c8ad7fffff,-17.366256,-66.204098,2115,645,2601.682,0.42342,-0.4874,esperado,1,111.5,False,B1,2026-09-27,False
888b2c8ad9fffff,-17.382324,-66.210729,2425,2528,5363.496,0.53987,-0.3426,esperado,1,109.7,False,B1,2026-09-27,False
888b2c8adbfffff,-17.375708,-66.215976,1156,337,941.702,0.48769,-0.4161,esperado,1,370.3,False,B1,2026-09-27,False
888b2c8addfffff,-17.380905,-66.202167,3550,3734,6353.177,0.58432,-0.2672,esperado,1,16.0,False,B1,2026-09-27,False
888b2c8ae1fffff,-17.375229,-66.167926,5019,23705,66122.064,0.48768,-0.4157,esperado,1,116.4,False,B1,2026-09-27,False
888b2c8ae3fffff,-17.368615,-66.173171,4557,30653,60035.514,0.55571,-0.3172,esperado,1,81.2,False,B1,2026-09-27,False
888b2c8ae5fffff,-17.373809,-66.159367,4824,91924,74715.366,0.74194,0.1493,esperado,1,116.6,False,B1,2026-09-27,False
888b2c8ae7fffff,-17.367196,-66.164613,4603,30336,61736.143,0.54807,-0.3296,esperado,1,54.0,False,B1,2026-09-27,False
888b2c8ae9fffff,-17.383262,-66.171239,4876,23013,55023.257,0.51662,-0.377,esperado,1,48.7,False,B1,2026-09-27,False
888b2c8aebfffff,-17.376648,-66.176485,4934,19445,48893.71,0.50704,-0.3903,esperado,1,36.1,False,B1,2026-09-27,False
888b2c8aedfffff,-17.381842,-66.16268,3732,47740,61914.98,0.64128,-0.1484,esperado,1,37.9,False,B1,2026-09-27,False
888b2c8b01fffff,-17.399751,-66.090372,694,30,432.037,0.25586,-0.6028,esperado,0,774.1,False,B1,2026-09-27,False
888b2c8b03fffff,-17.393144,-66.095615,1600,563,1459.829,0.50145,-0.3981,esperado,1,58.7,False,B1,2026-09-27,False
888b2c8b05fffff,-17.398328,-66.08182,891,135,327.772,0.51456,-0.3809,esperado,1,78.9,False,B1,2026-09-27,False
888b2c8b07fffff,-17.391721,-66.087063,1870,1612,768.981,0.85021,0.7103,esperado,1,147.7,False,B1,2026-09-27,False
888b2c8b09fffff,-17.407781,-66.093681,1393,202,727.825,0.44277,-0.4681,esperado,1,18.8,False,B1,2026-09-27,False
888b2c8b0bfffff,-17.401174,-66.098924,1031,115,682.38,0.36424,-0.5387,esperado,1,70.9,False,B1,2026-09-27,False
888b2c8b0dfffff,-17.406358,-66.085129,1331,127,591.328,0.40091,-0.5087,esperado,1,64.3,False,B1,2026-09-27,False
888b2c8b11fffff,-17.387958,-66.109412,2926,4929,4403.781,0.72162,0.0773,esperado,1,114.5,False,B1,2026-09-27,False
888b2c8b13fffff,-17.381348,-66.114655,3454,3710,6339.659,0.58343,-0.2688,esperado,1,149.3,False,B1,2026-09-27,False
888b2c8b15fffff,-17.386535,-66.100859,2020,2789,2357.54,0.73356,0.1186,esperado,1,98.1,False,B1,2026-09-27,False
888b2c8b17fffff,-17.379927,-66.106102,2994,2619,3535.715,0.63277,-0.168,esperado,1,172.4,False,B1,2026-09-27,False
888b2c8b19fffff,-17.395989,-66.112721,1906,687,3127.957,0.40378,-0.5057,esperado,1,26.2,False,B1,2026-09-27,False
888b2c8b1bfffff,-17.38938,-66.117965,3309,1827,6639.274,0.44082,-0.4697,esperado,1,196.6,False,B1,2026-09-27,False
888b2c8b1dfffff,-17.394566,-66.104168,1730,479,2512.183,0.38191,-0.5245,esperado,1,354.2,False,B1,2026-09-27,False
888b2c8b21fffff,-17.388874,-66.069962,1989,7848,473.548,0.99986,10.0877,exceso,1,322.9,False,B1,2026-09-27,False
888b2c8b23fffff,-17.382267,-66.075205,2061,659,240.459,0.89666,1.127,esperado,1,21.5,False,B1,2026-09-27,False
888b2c8b25fffff,-17.38745,-66.061413,1782,400,572.908,0.6205,-0.1955,esperado,1,86.6,False,B1,2026-09-27,False
888b2c8b27fffff,-17.380844,-66.066655,1523,364,185.635,0.83772,0.622,esperado,1,234.0,False,B1,2026-09-27,False
888b2c8b29fffff,-17.396904,-66.07327,922,225,292.226,0.64149,-0.149,esperado,0,613.9,False,B1,2026-09-27,False
888b2c8b2bfffff,-17.390297,-66.078513,2278,3020,527.826,0.97828,3.0587,exceso,1,49.8,False,B1,2026-09-27,False
888b2c8b2dfffff,-17.39548,-66.06472,1187,1500,423.612,0.93331,1.6459,esperado,1,269.0,False,B1,2026-09-27,False
888b2c8b31fffff,-17.377082,-66.088998,1792,1474,636.418,0.86833,0.8526,esperado,1,18.7,False,B1,2026-09-27,False
888b2c8b33fffff,-17.370474,-66.094241,1009,427,686.49,0.59628,-0.2449,esperado,1,264.2,False,B1,2026-09-27,False
888b2c8b35fffff,-17.37566,-66.080447,1611,659,173.581,0.94178,1.8101,esperado,1,52.6,False,B1,2026-09-27,False
888b2c8b37fffff,-17.369052,-66.08569,503,27,177.22,0.35249,-0.5487,esperado,1,483.0,False,B1,2026-09-27,False
888b2c8b39fffff,-17.385113,-66.092307,2356,1909,1351.819,0.77127,0.2671,esperado,1,249.7,False,B1,2026-09-27,False
888b2c8b3bfffff,-17.378505,-66.09755,2030,2103,1437.226,0.77871,0.3002,esperado,1,43.5,False,B1,2026-09-27,False
888b2c8b3dfffff,-17.38369,-66.083755,2409,1334,669.509,0.84066,0.643,esperado,1,84.2,False,B1,2026-09-27,False
888b2c8b41fffff,-17.422418,-66.091746,1719,76,321.933,0.41664,-0.4948,esperado,1,130.0,False,B1,2026-09-27,False
888b2c8b43fffff,-17.415811,-66.09699,1797,307,826.809,0.49454,-0.4073,esperado,1,114.4,False,B1,2026-09-27,False
888b2c8b45fffff,-17.420993,-66.083194,622,46,116.488,0.50825,-0.3914,esperado,1,415.3,False,B1,2026-09-27,False
888b2c8b47fffff,-17.414388,-66.088437,1647,328,308.449,0.71086,0.0411,esperado,1,43.0,False,B1,2026-09-27,False
888b2c8b49fffff,-17.430447,-66.095055,145,10,33.654,0.46505,-0.4527,esperado,0,619.2,False,B1,2026-09-27,False
888b2c8b4bfffff,-17.423841,-66.100299,192,5,57.525,0.29311,-0.5896,esperado,0,522.6,False,B1,2026-09-27,False
888b2c8b4dfffff,-17.429023,-66.086502,46,0,10.021,0.25936,-0.6349,esperado,0,530.7,False,B1,2026-09-27,False
888b2c8b51fffff,-17.410628,-66.110787,1002,205,675.81,0.45818,-0.4513,esperado,1,140.9,False,B1,2026-09-27,False
888b2c8b53fffff,-17.40402,-66.116032,1082,217,1073.812,0.39106,-0.517,esperado,1,135.1,False,B1,2026-09-27,False
888b2c8b55fffff,-17.409204,-66.102234,1181,241,711.661,0.47774,-0.4285,esperado,1,103.3,False,B1,2026-09-27,False
888b2c8b57fffff,-17.402597,-66.107477,1626,714,1468.348,0.54615,-0.3329,esperado,1,7.7,False,B1,2026-09-27,False
888b2c8b59fffff,-17.418658,-66.114097,1417,388,759.441,0.55614,-0.3169,esperado,1,284.3,False,B1,2026-09-27,False
888b2c8b5dfffff,-17.417235,-66.105543,218,37,105.851,0.48615,-0.4207,esperado,1,436.3,False,B1,2026-09-27,False
888b2c8b61fffff,-17.411539,-66.071335,1030,104,560.032,0.37868,-0.5275,esperado,1,104.4,False,B1,2026-09-27,False
888b2c8b63fffff,-17.404934,-66.076577,1544,134,842.695,0.35575,-0.5449,esperado,1,187.0,False,B1,2026-09-27,False
888b2c8b65fffff,-17.410115,-66.062785,720,32,391.479,0.27342,-0.5948,esperado,1,370.4,False,B1,2026-09-27,False
888b2c8b67fffff,-17.40351,-66.068027,953,108,520.135,0.39576,-0.5133,esperado,1,195.4,False,B1,2026-09-27,False
888b2c8b69fffff,-17.419569,-66.074642,730,25,318.463,0.26958,-0.5968,esperado,1,109.0,False,B1,2026-09-27,False
888b2c8b6bfffff,-17.412964,-66.079885,1372,237,712.942,0.4744,-0.4325,esperado,1,68.0,False,B1,2026-09-27,False
888b2c8b6dfffff,-17.418144,-66.066092,585,20,263.419,0.26665,-0.5984,esperado,1,207.5,False,B1,2026-09-27,False
888b2c8c4bfffff,-17.294853,-66.270379,48,0,0.207,0.84517,-0.3723,esperado,0,2457.1,False,B1,2026-09-27,False
888b2c8c51fffff,-17.281604,-66.280874,52,0,4.502,0.35569,-0.6198,esperado,0,1384.2,False,B1,2026-09-27,True
888b2c8c59fffff,-17.289642,-66.284193,100,0,8.658,0.27506,-0.6329,esperado,0,882.8,False,B1,2026-09-27,False
888b2c8c5bfffff,-17.283016,-66.289441,26,0,2.251,0.45979,-0.5949,esperado,0,595.1,False,B1,2026-09-27,True
888b2c8c5dfffff,-17.288229,-66.275626,21,0,0.21,0.84342,-0.3742,esperado,0,1768.5,False,B1,2026-09-27,True
888b2c8c69fffff,-17.290614,-66.244685,73,0,4.832,0.34612,-0.6216,esperado,0,3440.6,False,B1,2026-09-27,True
888b2c8c6dfffff,-17.2892,-66.236122,284,0,28.331,0.16949,-0.6433,esperado,0,3238.5,False,B1,2026-09-27,True
888b2c8e01fffff,-17.327,-66.283655,1631,37,101.821,0.4933,-0.4117,esperado,1,298.9,True,B1,2026-09-27,False
888b2c8e03fffff,-17.320377,-66.288904,1099,6,43.818,0.34915,-0.5567,esperado,0,644.0,True,B1,2026-09-27,False
888b2c8e05fffff,-17.325586,-66.275088,973,24,95.61,0.42981,-0.4843,esperado,0,748.5,True,B1,2026-09-27,False
888b2c8e07fffff,-17.318963,-66.280336,1453,66,124.194,0.56558,-0.3032,esperado,1,150.1,True,B1,2026-09-27,False
888b2c8e09fffff,-17.335036,-66.286975,1586,83,83.496,0.69727,-0.0038,esperado,1,324.6,True,B1,2026-09-27,False
888b2c8e0bfffff,-17.328413,-66.292224,1482,7,31.974,0.41772,-0.5029,esperado,0,1018.3,True,B1,2026-09-27,False
888b2c8e0dfffff,-17.333622,-66.278407,748,18,50.647,0.49247,-0.416,esperado,0,524.5,True,B1,2026-09-27,False
888b2c8e11fffff,-17.315165,-66.302722,58,0,2.827,0.42357,-0.6047,esperado,0,1020.1,True,B1,2026-09-27,False
888b2c8e15fffff,-17.313753,-66.294152,881,23,58.276,0.51068,-0.3909,esperado,1,326.3,True,B1,2026-09-27,False
888b2c8e19fffff,-17.323202,-66.306042,935,0,5.784,0.32275,-0.6257,esperado,0,1458.6,True,B1,2026-09-27,False
888b2c8e1dfffff,-17.32179,-66.297473,494,0,14.94,0.22055,-0.6391,esperado,0,1267.6,True,B1,2026-09-27,False
888b2c8e21fffff,-17.316136,-66.263202,589,44,56.329,0.64668,-0.1413,esperado,0,1999.4,True,B1,2026-09-27,False
888b2c8e23fffff,-17.309513,-66.26845,37,0,3.192,0.40505,-0.6092,esperado,0,1742.1,True,B1,2026-09-27,False
888b2c8e25fffff,-17.314722,-66.254637,399,13,44.025,0.46145,-0.4545,esperado,0,1767.2,True,B1,2026-09-27,False
888b2c8e29fffff,-17.324172,-66.266521,810,18,75.009,0.42382,-0.4912,esperado,0,1461.2,True,B1,2026-09-27,False
888b2c8e2bfffff,-17.31755,-66.271769,1516,25,140.65,0.37514,-0.5321,esperado,0,1074.8,True,B1,2026-09-27,False
888b2c8e2dfffff,-17.322758,-66.257955,941,26,100.577,0.43439,-0.4795,esperado,0,1265.8,True,B1,2026-09-27,False
888b2c8e33fffff,-17.297679,-66.287513,63,1,10.398,0.35868,-0.5743,esperado,0,914.1,True,B1,2026-09-27,False
888b2c8e35fffff,-17.30289,-66.273698,10,0,0.0,1.0,-0.001,esperado,0,1770.3,True,B1,2026-09-27,False
888b2c8e37fffff,-17.296266,-66.278945,27,0,0.0,1.0,-0.001,esperado,0,1699.0,True,B1,2026-09-27,False
888b2c8e39fffff,-17.31234,-66.285584,1004,14,77.056,0.38149,-0.5289,esperado,1,205.4,True,B1,2026-09-27,False
888b2c8e3bfffff,-17.305716,-66.290832,131,19,11.909,0.80054,0.3792,esperado,1,399.2,True,B1,2026-09-27,False
888b2c8e3dfffff,-17.310927,-66.277017,95,0,11.745,0.24323,-0.6368,esperado,0,934.4,True,B1,2026-09-27,False
888b2c8e41fffff,-17.349695,-66.285046,1120,69,52.317,0.7581,0.2058,esperado,1,254.5,True,B1,2026-09-27,False
888b2c8e43fffff,-17.343073,-66.290295,1552,63,73.239,0.66654,-0.0903,esperado,1,236.2,True,B1,2026-09-27,False
888b2c8e45fffff,-17.34828,-66.276478,368,9,20.767,0.53635,-0.3636,esperado,0,1051.8,True,B1,2026-09-27,False
888b2c8e47fffff,-17.341658,-66.281727,1294,32,73.024,0.5293,-0.363,esperado,1,395.5,True,B1,2026-09-27,False
888b2c8e49fffff,-17.357731,-66.288367,1905,112,121.1,0.68136,-0.0486,esperado,1,243.9,True,B1,2026-09-27,False
888b2c8e4bfffff,-17.351109,-66.293616,689,3,31.918,0.31238,-0.5833,esperado,1,110.2,True,B1,2026-09-27,False
888b2c8e4dfffff,-17.356316,-66.279798,1410,75,65.863,0.72666,0.0896,esperado,1,417.6,True,B1,2026-09-27,False
888b2c8e51fffff,-17.337863,-66.304114,490,4,4.98,0.6768,-0.1225,esperado,1,488.9,True,B1,2026-09-27,False
888b2c8e53fffff,-17.33124,-66.309364,591,0,5.065,0.33989,-0.6228,esperado,0,1047.3,True,B1,2026-09-27,False
888b2c8e55fffff,-17.33645,-66.295544,1220,6,12.4,0.56421,-0.329,esperado,1,463.2,True,B1,2026-09-27,False
888b2c8e57fffff,-17.329827,-66.300793,809,28,6.933,0.94829,1.9123,esperado,0,598.6,True,B1,2026-09-27,False
888b2c8e59fffff,-17.3459,-66.307436,146,0,4.102,0.3686,-0.6172,esperado,0,1046.2,True,B1,2026-09-27,False
888b2c8e5bfffff,-17.339277,-66.312685,562,3,6.414,0.57506,-0.3342,esperado,0,1378.4,True,B1,2026-09-27,False
888b2c8e5dfffff,-17.344487,-66.298865,814,3,21.26,0.36742,-0.5512,esperado,1,153.1,True,B1,2026-09-27,False
888b2c8e61fffff,-17.338829,-66.264591,2494,1041,220.004,0.96419,2.4161,exceso,1,61.0,True,B1,2026-09-27,False
888b2c8e63fffff,-17.332208,-66.269839,1605,93,148.705,0.59842,-0.2424,esperado,0,651.5,True,B1,2026-09-27,False
888b2c8e65fffff,-17.337415,-66.256025,1115,66,63.332,0.70778,0.0272,esperado,1,209.3,True,B1,2026-09-27,False
888b2c8e67fffff,-17.330794,-66.261273,1468,55,120.987,0.5349,-0.3528,esperado,0,623.6,True,B1,2026-09-27,False
888b2c8e69fffff,-17.346865,-66.26791,1426,164,110.211,0.78268,0.3157,esperado,0,818.4,True,B1,2026-09-27,False
888b2c8e6bfffff,-17.340244,-66.273159,931,21,72.728,0.45432,-0.4596,esperado,0,617.5,True,B1,2026-09-27,False
888b2c8e6dfffff,-17.34545,-66.259343,1457,128,164.672,0.64391,-0.1441,esperado,1,15.0,True,B1,2026-09-27,False
888b2c8ee1fffff,-17.292465,-66.301329,168,0,4.425,0.35805,-0.6193,esperado,1,341.8,False,B1,2026-09-27,True
888b2c8ee3fffff,-17.285839,-66.306578,116,0,3.055,0.41167,-0.6076,esperado,0,963.3,False,B1,2026-09-27,True
888b2c8ee5fffff,-17.291054,-66.292761,95,22,8.597,0.88678,0.9865,esperado,1,285.2,False,B1,2026-09-27,False
888b2c8ee7fffff,-17.284428,-66.298009,168,1,15.204,0.30847,-0.5972,esperado,1,483.4,False,B1,2026-09-27,True
888b2c8eedfffff,-17.299091,-66.296081,11,12,0.29,1.0,16.7353,exceso,1,48.3,False,B1,2026-09-27,False
888b2c8f01fffff,-17.317098,-66.223699,562,56,448.438,0.3237,-0.5669,esperado,1,251.6,True,B1,2026-09-27,False
888b2c8f05fffff,-17.315683,-66.215137,112,3,74.477,0.22096,-0.6202,esperado,0,552.7,True,B1,2026-09-27,False
888b2c8f07fffff,-17.309063,-66.220383,48,0,0.772,0.64519,-0.5216,esperado,0,1159.7,True,B1,2026-09-27,False
888b2c8f09fffff,-17.325133,-66.227015,1064,323,904.542,0.4873,-0.4166,esperado,1,366.9,True,B1,2026-09-27,False
888b2c8f0bfffff,-17.318514,-66.232262,581,23,18.913,0.74362,0.1385,esperado,1,415.4,True,B1,2026-09-27,False
888b2c8f0dfffff,-17.323718,-66.218453,1237,159,1694.855,0.28725,-0.5872,esperado,1,117.6,True,B1,2026-09-27,False
888b2c8f17fffff,-17.297236,-66.239438,84,0,1.444,0.53473,-0.5704,esperado,0,2529.0,True,B1,2026-09-27,True
888b2c8f19fffff,-17.313308,-66.246072,48,33,2.065,0.99971,8.8487,exceso,0,1707.5,True,B1,2026-09-27,False
888b2c8f1dfffff,-17.311893,-66.237508,37,1,1.343,0.72254,-0.1446,esperado,0,1142.7,True,B1,2026-09-27,False
888b2c8f21fffff,-17.306232,-66.203262,17,0,0.911,0.61605,-0.5362,esperado,0,1640.2,True,B1,2026-09-27,False
888b2c8f23fffff,-17.299613,-66.208507,65,0,2.822,0.42385,-0.6046,esperado,0,2160.9,True,B1,2026-09-27,True
888b2c8f29fffff,-17.314267,-66.206576,47,10,5.357,0.83409,0.5409,esperado,0,711.7,True,B1,2026-09-27,False
888b2c8f2bfffff,-17.307648,-66.211822,21,0,2.212,0.46267,-0.5941,esperado,0,1253.6,True,B1,2026-09-27,False
888b2c8f39fffff,-17.302443,-66.225629,142,0,2.442,0.44666,-0.5986,esperado,0,1675.8,True,B1,2026-09-27,False
888b2c8f3dfffff,-17.301028,-66.217068,52,7,0.0,1.0,6999.9907,exceso,0,2080.5,True,B1,2026-09-27,True
888b2c8f41fffff,-17.339787,-66.225085,2262,4651,1291.148,0.93546,1.6861,esperado,1,245.3,True,B1,2026-09-27,False
888b2c8f43fffff,-17.333168,-66.230331,1181,4242,452.847,0.99627,5.4201,exceso,1,232.1,True,B1,2026-09-27,False
888b2c8f45fffff,-17.338371,-66.216522,2094,8415,1684.622,0.96871,2.5888,exceso,1,21.5,True,B1,2026-09-27,False
888b2c8f47fffff,-17.331753,-66.221769,1522,2089,1045.997,0.84109,0.6461,esperado,1,105.6,True,B1,2026-09-27,False
888b2c8f49fffff,-17.347822,-66.228401,1099,159,212.027,0.63608,-0.1619,esperado,1,407.8,True,B1,2026-09-27,False
888b2c8f4bfffff,-17.341203,-66.233648,982,81,160.573,0.55477,-0.3207,esperado,1,223.6,True,B1,2026-09-27,False
888b2c8f4dfffff,-17.346406,-66.219838,1016,221,831.214,0.43543,-0.4756,esperado,1,417.6,True,B1,2026-09-27,False
888b2c8f51fffff,-17.327964,-66.244142,1432,186,54.833,0.92775,1.5443,esperado,1,116.1,True,B1,2026-09-27,False
888b2c8f53fffff,-17.321343,-66.24939,826,47,34.455,0.76581,0.2345,esperado,0,869.2,True,B1,2026-09-27,False
888b2c8f55fffff,-17.326549,-66.235578,653,164,39.87,0.95064,2.0071,esperado,1,378.6,True,B1,2026-09-27,False
888b2c8f57fffff,-17.319929,-66.240825,852,92,33.713,0.89619,1.1135,esperado,0,1051.6,True,B1,2026-09-27,False
888b2c8f59fffff,-17.335999,-66.24746,284,14,12.482,0.72918,0.0775,esperado,0,519.1,True,B1,2026-09-27,False
888b2c8f5bfffff,-17.329379,-66.252707,684,69,28.532,0.87637,0.9125,esperado,1,375.5,True,B1,2026-09-27,False
888b2c8f5dfffff,-17.334584,-66.238895,1045,266,81.933,0.92184,1.4522,esperado,1,246.2,True,B1,2026-09-27,False
888b2c8f61fffff,-17.32892,-66.204645,1125,268,769.159,0.48288,-0.4221,esperado,1,92.3,True,B1,2026-09-27,False
888b2c8f63fffff,-17.322302,-66.209891,1056,126,721.984,0.36927,-0.5348,esperado,1,86.6,True,B1,2026-09-27,False
888b2c8f65fffff,-17.327504,-66.196085,2115,228,241.914,0.68493,-0.0372,esperado,1,471.0,True,B1,2026-09-27,False
888b2c8f67fffff,-17.320886,-66.201331,294,9,33.628,0.44802,-0.4717,esperado,0,811.3,True,B1,2026-09-27,False
888b2c8f69fffff,-17.336955,-66.20796,991,426,750.734,0.57736,-0.2802,esperado,1,198.5,True,B1,2026-09-27,False
888b2c8f6bfffff,-17.330336,-66.213206,908,113,614.62,0.3771,-0.5287,esperado,1,217.8,True,B1,2026-09-27,False
888b2c8f6dfffff,-17.335538,-66.199399,2820,1039,1740.929,0.58756,-0.2613,esperado,1,39.1,True,B1,2026-09-27,False
888b2c9521fffff,-17.484883,-66.332951,47,0,1.886,0.48907,-0.5861,esperado,1,484.6,False,B1,2026-09-27,False
888b2c9523fffff,-17.478266,-66.338204,393,10,16.425,0.60326,-0.2503,esperado,1,176.1,False,B1,2026-09-27,False
888b2c9527fffff,-17.476848,-66.329627,122,30,4.896,0.98127,3.1893,exceso,1,457.0,False,B1,2026-09-27,False
888b2c9529fffff,-17.492918,-66.336276,198,2,7.945,0.47479,-0.4726,esperado,1,79.8,False,B1,2026-09-27,True
888b2c952bfffff,-17.486301,-66.341529,92,0,3.845,0.37775,-0.6153,esperado,1,360.1,False,B1,2026-09-27,False
888b2c9531fffff,-17.473065,-66.352036,143,0,6.27,0.31267,-0.6274,esperado,0,1293.7,False,B1,2026-09-27,False
888b2c9533fffff,-17.466446,-66.357289,345,0,12.321,0.23855,-0.6373,esperado,0,1334.3,False,B1,2026-09-27,False
888b2c9535fffff,-17.471648,-66.343457,566,34,28.073,0.74141,0.1358,esperado,1,391.1,False,B1,2026-09-27,False
888b2c9537fffff,-17.465029,-66.34871,360,6,14.439,0.5344,-0.3734,esperado,0,538.7,False,B1,2026-09-27,False
888b2c9539fffff,-17.481101,-66.355361,37,0,1.547,0.52282,-0.5747,esperado,0,1687.7,False,B1,2026-09-27,False
888b2c953dfffff,-17.479683,-66.346782,132,8,5.94,0.77203,0.2171,esperado,0,764.2,False,B1,2026-09-27,False
888b2c9567fffff,-17.499535,-66.331023,232,3,15.615,0.41454,-0.5167,esperado,1,286.2,False,B1,2026-09-27,True
888b2c9585fffff,-17.447999,-66.381629,106,0,1.223,0.56392,-0.5591,esperado,0,745.0,False,B1,2026-09-27,False
888b2c9587fffff,-17.441377,-66.386883,217,2,2.224,0.72232,-0.0598,esperado,0,1109.3,False,B1,2026-09-27,False
888b2c95a1fffff,-17.438547,-66.369723,172,2,2.059,0.73753,-0.0169,esperado,0,644.8,False,B1,2026-09-27,False
888b2c95a3fffff,-17.431925,-66.374976,133,0,1.873,0.49021,-0.5857,esperado,1,396.3,False,B1,2026-09-27,False
888b2c95a5fffff,-17.437132,-66.361144,565,1,6.169,0.43841,-0.5254,esperado,1,73.9,False,B1,2026-09-27,False
888b2c95a7fffff,-17.43051,-66.366397,353,2,4.226,0.59356,-0.3255,esperado,1,80.6,False,B1,2026-09-27,False
888b2c95a9fffff,-17.446584,-66.373049,419,0,10.425,0.25525,-0.6354,esperado,1,26.7,False,B1,2026-09-27,False
888b2c95abfffff,-17.439962,-66.378303,293,5,4.127,0.75689,0.1306,esperado,1,193.7,False,B1,2026-09-27,False
888b2c95adfffff,-17.445169,-66.364469,596,1,13.365,0.32477,-0.5904,esperado,1,28.1,False,B1,2026-09-27,False
888b2c95b1fffff,-17.426716,-66.38881,348,1,1.166,0.749,-0.0792,esperado,0,1078.6,False,B1,2026-09-27,False
888b2c95b3fffff,-17.420092,-66.394063,173,0,0.604,0.68775,-0.4977,esperado,0,715.2,False,B1,2026-09-27,True
888b2c95b5fffff,-17.425302,-66.380229,169,0,1.732,0.50347,-0.5814,esperado,1,164.9,False,B1,2026-09-27,False
888b2c95b7fffff,-17.418679,-66.385483,400,15,1.406,0.99693,5.4964,exceso,1,130.7,False,B1,2026-09-27,False
888b2c95b9fffff,-17.434753,-66.392137,70,0,0.235,0.82996,-0.388,esperado,0,1708.9,False,B1,2026-09-27,True
888b2c95bdfffff,-17.433339,-66.383556,11,0,0.113,0.90496,-0.2981,esperado,0,950.8,False,B1,2026-09-27,False
888b2c95e1fffff,-17.461242,-66.371122,206,0,1.397,0.5406,-0.5682,esperado,0,1472.6,False,B1,2026-09-27,False
888b2c95e3fffff,-17.454621,-66.376376,48,0,0.936,0.61117,-0.5385,esperado,0,794.4,False,B1,2026-09-27,False
888b2c95e5fffff,-17.459826,-66.362542,778,17,5.505,0.91536,1.3045,esperado,0,861.1,False,B1,2026-09-27,False
888b2c95e7fffff,-17.453205,-66.367796,474,0,3.354,0.39767,-0.6109,esperado,0,542.9,False,B1,2026-09-27,False
888b2c95edfffff,-17.467862,-66.365868,59,0,0.4,0.75503,-0.4526,esperado,0,1806.9,False,B1,2026-09-27,False
888b2c9803fffff,-17.505566,-66.141968,58,0,2.708,0.4303,-0.603,esperado,0,2474.2,False,B1,2026-09-27,False
888b2c9811fffff,-17.500386,-66.155775,253,1,21.654,0.26741,-0.6122,esperado,0,902.3,False,B1,2026-09-27,False
888b2c9813fffff,-17.49378,-66.161023,1294,22,110.753,0.39256,-0.5184,esperado,0,589.8,False,B1,2026-09-27,False
888b2c9817fffff,-17.492356,-66.152462,273,4,23.366,0.38907,-0.5324,esperado,0,776.5,False,B1,2026-09-27,False
888b2c9819fffff,-17.508416,-66.159089,85,0,7.604,0.28969,-0.6309,esperado,0,1133.9,False,B1,2026-09-27,False
888b2c981bfffff,-17.501811,-66.164337,610,14,52.038,0.4447,-0.4718,esperado,1,216.2,False,B1,2026-09-27,False
888b2c9821fffff,-17.501288,-66.116292,89,1,5.459,0.45884,-0.5101,esperado,0,1640.4,False,B1,2026-09-27,False
888b2c9823fffff,-17.494685,-66.121538,366,23,22.053,0.7109,0.0276,esperado,0,941.4,False,B1,2026-09-27,False
888b2c9827fffff,-17.493259,-66.112981,691,40,43.245,0.68316,-0.0484,esperado,0,947.8,False,B1,2026-09-27,False
888b2c9833fffff,-17.482901,-66.140589,442,3,38.302,0.29016,-0.5941,esperado,0,760.3,False,B1,2026-09-27,False
888b2c9835fffff,-17.488081,-66.126784,599,6,32.913,0.39109,-0.5266,esperado,0,879.2,False,B1,2026-09-27,False
888b2c9837fffff,-17.481476,-66.13203,1742,26,83.311,0.46698,-0.4447,esperado,0,566.4,False,B1,2026-09-27,False
888b2c983bfffff,-17.490931,-66.143902,45,0,3.684,0.38391,-0.614,esperado,0,1088.4,False,B1,2026-09-27,False
888b2c9853fffff,-17.516447,-66.162403,20,0,0.404,0.75347,-0.4538,esperado,0,1457.2,False,B1,2026-09-27,False
888b2c985bfffff,-17.524477,-66.165718,45,0,0.909,0.61642,-0.536,esperado,0,1305.5,False,B1,2026-09-27,False
888b2c9861fffff,-17.523948,-66.117669,93,1,4.52,0.49164,-0.4827,esperado,0,3289.7,False,B1,2026-09-27,False
888b2c9865fffff,-17.522521,-66.109111,224,8,12.064,0.62377,-0.2146,esperado,0,2406.4,False,B1,2026-09-27,False
888b2c9867fffff,-17.515919,-66.114358,72,5,7.631,0.62944,-0.2175,esperado,0,2678.5,False,B1,2026-09-27,False
888b2c9869fffff,-17.531977,-66.120981,201,2,7.041,0.49636,-0.4507,esperado,0,3852.3,False,B1,2026-09-27,False
888b2c986bfffff,-17.525375,-66.126228,64,0,2.169,0.46582,-0.5932,esperado,0,4189.0,False,B1,2026-09-27,False
888b2c986dfffff,-17.53055,-66.112423,199,2,9.927,0.4367,-0.5069,esperado,0,2939.1,False,B1,2026-09-27,False
888b2c9881fffff,-17.465928,-66.17345,1567,359,499.461,0.62667,-0.1822,esperado,1,402.6,False,B1,2026-09-27,False
888b2c9883fffff,-17.459319,-66.178698,1092,72,104.767,0.61851,-0.2023,esperado,1,274.0,False,B1,2026-09-27,False
888b2c9885fffff,-17.464505,-66.164889,1781,292,495.44,0.58527,-0.266,esperado,1,80.4,False,B1,2026-09-27,False
888b2c9887fffff,-17.457897,-66.170136,2211,686,1327.504,0.5583,-0.3131,esperado,1,253.0,False,B1,2026-09-27,False
888b2c9889fffff,-17.473959,-66.176765,1560,207,182.83,0.72457,0.0856,esperado,1,111.5,False,B1,2026-09-27,False
888b2c988bfffff,-17.467351,-66.182012,1001,33,87.756,0.50005,-0.4034,esperado,0,892.3,False,B1,2026-09-27,False
888b2c988dfffff,-17.472536,-66.168203,2165,460,427.304,0.71342,0.0496,esperado,1,201.9,False,B1,2026-09-27,False
888b2c9891fffff,-17.454132,-66.192508,657,19,62.962,0.46261,-0.451,esperado,1,133.4,False,B1,2026-09-27,False
888b2c9893fffff,-17.447521,-66.197755,2360,143,265.915,0.56699,-0.2993,esperado,1,208.2,False,B1,2026-09-27,False
888b2c9895fffff,-17.45271,-66.183945,663,9,103.604,0.28643,-0.5906,esperado,0,558.4,False,B1,2026-09-27,False
888b2c9897fffff,-17.4461,-66.189192,988,28,160.738,0.37172,-0.5345,esperado,0,587.5,False,B1,2026-09-27,False
888b2c9899fffff,-17.462164,-66.195823,1086,19,105.084,0.37893,-0.5298,esperado,0,624.8,False,B1,2026-09-27,False
888b2c989bfffff,-17.455553,-66.201071,2223,261,237.9,0.71768,0.0629,esperado,1,111.4,False,B1,2026-09-27,False
888b2c989dfffff,-17.460742,-66.18726,1508,129,140.111,0.68026,-0.0513,esperado,1,286.7,False,B1,2026-09-27,False
888b2c98a1fffff,-17.455051,-66.153015,1983,541,1036.74,0.5603,-0.3098,esperado,1,235.8,False,B1,2026-09-27,False
888b2c98a3fffff,-17.448443,-66.158262,3400,890,2939.655,0.45741,-0.4518,esperado,1,226.0,False,B1,2026-09-27,False
888b2c98a5fffff,-17.453627,-66.144456,1547,488,1027.318,0.54161,-0.3401,esperado,1,215.6,False,B1,2026-09-27,False
888b2c98a7fffff,-17.44702,-66.149702,2737,1900,2126.555,0.67297,-0.069,esperado,1,47.7,False,B1,2026-09-27,False
888b2c98a9fffff,-17.463082,-66.156329,3895,324,1452.427,0.40643,-0.5034,esperado,1,180.2,False,B1,2026-09-27,False
888b2c98abfffff,-17.456474,-66.161575,3783,1030,2514.357,0.51276,-0.3826,esperado,1,51.6,False,B1,2026-09-27,False
888b2c98adfffff,-17.461658,-66.147769,3439,456,983.584,0.53684,-0.3475,esperado,1,24.3,False,B1,2026-09-27,False
888b2c98b1fffff,-17.443256,-66.172069,1593,258,879.716,0.45217,-0.4579,esperado,1,33.8,False,B1,2026-09-27,False
888b2c98b3fffff,-17.436646,-66.177316,956,44,129.177,0.48094,-0.4266,esperado,1,325.2,False,B1,2026-09-27,False
888b2c98b5fffff,-17.441834,-66.163508,3998,2334,3644.151,0.60214,-0.233,esperado,1,45.9,False,B1,2026-09-27,False
888b2c98b7fffff,-17.435224,-66.168755,1534,212,1130.193,0.3797,-0.5264,esperado,1,107.5,False,B1,2026-09-27,False
888b2c98b9fffff,-17.451288,-66.175383,1138,127,580.963,0.40371,-0.5062,esperado,1,367.5,False,B1,2026-09-27,False
888b2c98bbfffff,-17.444678,-66.18063,540,33,109.913,0.45923,-0.4526,esperado,1,357.6,False,B1,2026-09-27,False
888b2c98bdfffff,-17.449865,-66.166822,1833,878,1597.907,0.57066,-0.2919,esperado,1,128.0,False,B1,2026-09-27,False
888b2c98c1fffff,-17.488598,-66.174832,2015,559,197.919,0.90139,1.1811,esperado,1,137.6,False,B1,2026-09-27,False
888b2c98c3fffff,-17.48199,-66.18008,1255,98,137.2,0.62622,-0.1849,esperado,0,629.5,False,B1,2026-09-27,False
888b2c98c5fffff,-17.487174,-66.16627,1846,133,166.448,0.64977,-0.1301,esperado,0,522.7,False,B1,2026-09-27,False
888b2c98c7fffff,-17.480567,-66.171517,1879,835,312.504,0.89259,1.0828,esperado,1,116.1,False,B1,2026-09-27,False
888b2c98c9fffff,-17.496629,-66.178147,1606,89,174.381,0.55698,-0.3169,esperado,1,120.2,False,B1,2026-09-27,False
888b2c98cbfffff,-17.490022,-66.183395,1235,131,134.097,0.69303,-0.0149,esperado,1,237.2,False,B1,2026-09-27,False
888b2c98cdfffff,-17.495205,-66.169584,1118,56,101.468,0.57356,-0.2898,esperado,1,241.7,False,B1,2026-09-27,False
888b2c98d1fffff,-17.476805,-66.193891,676,8,73.902,0.31435,-0.5763,esperado,0,896.4,False,B1,2026-09-27,False
888b2c98d3fffff,-17.470196,-66.199139,1697,23,143.007,0.36082,-0.543,esperado,1,490.5,False,B1,2026-09-27,False
888b2c98d5fffff,-17.475382,-66.185328,1235,260,135.014,0.83431,0.599,esperado,1,8.9,False,B1,2026-09-27,False
888b2c98d7fffff,-17.468773,-66.190575,501,4,44.412,0.30106,-0.5869,esperado,0,816.6,False,B1,2026-09-27,False
888b2c98d9fffff,-17.484836,-66.197207,410,6,36.157,0.37687,-0.5374,esperado,0,1429.3,False,B1,2026-09-27,False
888b2c98dbfffff,-17.478227,-66.202455,721,1,63.892,0.1713,-0.6358,esperado,0,514.8,False,B1,2026-09-27,False
888b2c98ddfffff,-17.483414,-66.188643,852,27,93.143,0.45384,-0.4592,esperado,0,749.0,False,B1,2026-09-27,False
888b2c98e1fffff,-17.477719,-66.154395,1424,225,142.972,0.79411,0.3713,esperado,1,236.4,False,B1,2026-09-27,False
888b2c98e3fffff,-17.471112,-66.159642,2113,483,222.256,0.85693,0.7596,esperado,1,176.2,False,B1,2026-09-27,False
888b2c98e5fffff,-17.476295,-66.145836,2151,196,215.964,0.67686,-0.0598,esperado,1,285.9,False,B1,2026-09-27,False
888b2c98e7fffff,-17.469689,-66.151082,3739,333,393.288,0.66168,-0.0993,esperado,1,88.2,False,B1,2026-09-27,False
888b2c98e9fffff,-17.48575,-66.157709,1761,125,158.784,0.64664,-0.1377,esperado,1,149.3,False,B1,2026-09-27,False
888b2c98ebfffff,-17.479143,-66.162956,1899,232,190.663,0.73999,0.1404,esperado,1,73.6,False,B1,2026-09-27,False
888b2c98edfffff,-17.484326,-66.149149,877,44,79.077,0.5758,-0.2867,esperado,1,168.8,False,B1,2026-09-27,False
888b2c9901fffff,-17.502182,-66.076825,68,1,4.137,0.50747,-0.4682,esperado,0,1324.8,False,B1,2026-09-27,False
888b2c9903fffff,-17.495581,-66.08207,93,0,7.605,0.28968,-0.6309,esperado,0,1054.7,False,B1,2026-09-27,False
888b2c9909fffff,-17.51021,-66.080134,63,0,3.369,0.397,-0.6111,esperado,0,955.2,False,B1,2026-09-27,False
888b2c990bfffff,-17.503609,-66.085379,102,14,8.538,0.80734,0.4047,esperado,1,405.0,False,B1,2026-09-27,False
888b2c990dfffff,-17.508782,-66.071581,55,0,3.473,0.39251,-0.6121,esperado,0,1835.3,False,B1,2026-09-27,False
888b2c9911fffff,-17.490406,-66.095869,320,91,27.717,0.9234,1.4686,esperado,1,37.4,False,B1,2026-09-27,False
888b2c9913fffff,-17.483803,-66.101114,2259,185,230.578,0.6504,-0.128,esperado,1,48.1,False,B1,2026-09-27,False
888b2c9915fffff,-17.488979,-66.087315,203,5,16.691,0.47706,-0.4483,esperado,0,738.6,False,B1,2026-09-27,False
888b2c9917fffff,-17.482377,-66.09256,1026,27,85.961,0.46797,-0.4434,esperado,0,757.5,False,B1,2026-09-27,False
888b2c9919fffff,-17.498435,-66.099179,76,0,5.301,0.33392,-0.6238,esperado,0,660.0,False,B1,2026-09-27,False
888b2c991bfffff,-17.491833,-66.104425,82,26,7.203,0.93554,1.644,esperado,0,817.1,False,B1,2026-09-27,False
888b2c991dfffff,-17.497008,-66.090624,180,29,15.455,0.83116,0.5604,esperado,1,170.2,False,B1,2026-09-27,False
888b2c9933fffff,-17.472922,-66.080697,161,0,7.359,0.29349,-0.6303,esperado,0,1782.3,False,B1,2026-09-27,False
888b2c9939fffff,-17.487552,-66.078761,12,0,0.608,0.68661,-0.4984,esperado,0,1626.2,False,B1,2026-09-27,False
888b2c993bfffff,-17.480951,-66.084005,140,7,7.135,0.70798,-0.0119,esperado,0,1578.7,False,B1,2026-09-27,False
888b2c993dfffff,-17.486125,-66.070208,31,0,0.569,0.6979,-0.4916,esperado,0,2524.8,False,B1,2026-09-27,False
888b2c9943fffff,-17.518238,-66.083444,58,13,3.884,0.92619,1.4447,esperado,1,332.2,False,B1,2026-09-27,False
888b2c9949fffff,-17.532865,-66.081508,150,14,8.197,0.81535,0.4475,esperado,1,155.1,False,B1,2026-09-27,False
888b2c994bfffff,-17.526266,-66.086753,229,114,11.155,0.99735,5.8657,exceso,1,189.7,False,B1,2026-09-27,False
888b2c994dfffff,-17.531436,-66.072954,25,1,1.298,0.72909,-0.1292,esperado,0,646.2,False,B1,2026-09-27,False
888b2c9955fffff,-17.511638,-66.088689,372,75,19.95,0.94052,1.7698,esperado,1,88.8,False,B1,2026-09-27,False
888b2c9957fffff,-17.505037,-66.093934,13,2,0.872,0.88533,0.6886,esperado,1,418.2,False,B1,2026-09-27,False
888b2c9959fffff,-17.521094,-66.100555,67,4,3.671,0.73965,0.055,esperado,0,1504.6,False,B1,2026-09-27,False
888b2c995dfffff,-17.519666,-66.091999,178,4,9.185,0.55244,-0.3578,esperado,0,590.9,False,B1,2026-09-27,False
888b2c9981fffff,-17.455962,-66.113539,3095,870,1043.436,0.65816,-0.1077,esperado,1,65.1,False,B1,2026-09-27,False
888b2c9983fffff,-17.449356,-66.118784,2243,1190,1257.776,0.68537,-0.0349,esperado,1,140.6,False,B1,2026-09-27,False
888b2c9985fffff,-17.454537,-66.104984,1619,182,69.485,0.88945,1.0462,esperado,1,237.1,False,B1,2026-09-27,False
888b2c9987fffff,-17.447932,-66.110229,2340,1533,1872.867,0.65414,-0.1176,esperado,1,17.0,False,B1,2026-09-27,False
888b2c9989fffff,-17.463991,-66.11685,2633,900,124.209,0.9897,4.0409,exceso,1,96.5,False,B1,2026-09-27,False
888b2c998bfffff,-17.457386,-66.122095,2834,688,408.588,0.80765,0.443,esperado,1,253.2,False,B1,2026-09-27,False
888b2c998dfffff,-17.462567,-66.108294,1548,251,98.938,0.88413,0.9939,esperado,1,107.3,False,B1,2026-09-27,False
888b2c9991fffff,-17.444173,-66.132586,3523,2381,1886.382,0.74745,0.1699,esperado,1,47.8,False,B1,2026-09-27,False
888b2c9993fffff,-17.437566,-66.137832,3875,550,1545.043,0.48658,-0.4173,esperado,1,207.1,False,B1,2026-09-27,False
888b2c9995fffff,-17.44275,-66.12403,3868,1890,3683.766,0.55674,-0.3155,esperado,1,117.0,False,B1,2026-09-27,False
888b2c9997fffff,-17.436143,-66.129275,4655,2215,4873.491,0.53274,-0.3535,esperado,1,114.3,False,B1,2026-09-27,False
888b2c9999fffff,-17.452204,-66.135898,1612,575,728.9,0.64636,-0.1368,esperado,0,533.3,False,B1,2026-09-27,False
888b2c999bfffff,-17.445597,-66.141144,3108,3988,1933.826,0.84713,0.6883,esperado,1,6.9,False,B1,2026-09-27,False
888b2c999dfffff,-17.45078,-66.127341,2938,2479,1366.61,0.82244,0.5274,esperado,1,78.1,False,B1,2026-09-27,False
888b2c99a3fffff,-17.438477,-66.098364,26,9,1.126,0.99018,3.869,exceso,0,672.9,False,B1,2026-09-27,False
888b2c99a9fffff,-17.453112,-66.09643,319,1,7.25,0.41243,-0.5432,esperado,0,838.5,False,B1,2026-09-27,False
888b2c99abfffff,-17.446507,-66.101674,1294,118,53.769,0.85901,0.7712,esperado,1,106.2,False,B1,2026-09-27,False
888b2c99b1fffff,-17.433296,-66.112163,1846,611,1344.829,0.53282,-0.3536,esperado,1,299.1,False,B1,2026-09-27,False
888b2c99b3fffff,-17.426689,-66.117408,3686,1159,2823.914,0.51311,-0.3821,esperado,1,17.1,False,B1,2026-09-27,False
888b2c99b5fffff,-17.431872,-66.103609,137,0,20.374,0.1942,-0.6415,esperado,0,848.1,False,B1,2026-09-27,False
888b2c99b7fffff,-17.425265,-66.108853,403,97,94.849,0.7032,0.0147,esperado,1,494.0,False,B1,2026-09-27,False
888b2c99b9fffff,-17.441326,-66.115474,3296,3753,3434.357,0.71646,0.0601,esperado,1,105.3,False,B1,2026-09-27,False
888b2c99bbfffff,-17.434719,-66.120719,4343,2180,4660.693,0.53837,-0.3449,esperado,1,63.7,False,B1,2026-09-27,False
888b2c99bdfffff,-17.439902,-66.106919,1098,280,619.798,0.53194,-0.3552,esperado,1,50.3,False,B1,2026-09-27,False
888b2c99c1fffff,-17.478626,-66.114916,2230,236,118.902,0.84012,0.6371,esperado,1,368.6,False,B1,2026-09-27,False
888b2c99c3fffff,-17.472021,-66.120161,3316,129,200.982,0.60346,-0.2319,esperado,1,32.7,False,B1,2026-09-27,False
888b2c99c5fffff,-17.4772,-66.10636,3530,418,297.526,0.77035,0.2622,esperado,1,142.9,False,B1,2026-09-27,False
888b2c99c7fffff,-17.470596,-66.111605,1963,495,117.475,0.95321,2.0789,exceso,1,134.9,False,B1,2026-09-27,False
888b2c99c9fffff,-17.486655,-66.118227,2159,90,89.958,0.69855,0.0003,esperado,1,44.7,False,B1,2026-09-27,False
888b2c99cbfffff,-17.480051,-66.123473,2529,42,64.542,0.60824,-0.2256,esperado,1,61.3,False,B1,2026-09-27,False
888b2c99cdfffff,-17.485229,-66.10967,1514,119,125.334,0.68697,-0.0327,esperado,1,277.3,False,B1,2026-09-27,False
888b2c99d1fffff,-17.466841,-66.133964,4324,559,497.293,0.72271,0.0804,esperado,1,106.4,False,B1,2026-09-27,False
888b2c99d3fffff,-17.460234,-66.13921,2600,298,565.328,0.56252,-0.3063,esperado,1,364.7,False,B1,2026-09-27,False
888b2c99d5fffff,-17.465416,-66.125407,2542,341,280.645,0.73955,0.1393,esperado,1,160.7,False,B1,2026-09-27,False
888b2c99d7fffff,-17.45881,-66.130652,2536,323,703.934,0.53492,-0.3506,esperado,1,167.4,False,B1,2026-09-27,False
888b2c99d9fffff,-17.474871,-66.137277,4310,221,223.702,0.69512,-0.0078,esperado,1,96.3,False,B1,2026-09-27,False
888b2c99dbfffff,-17.468265,-66.142523,4310,557,455.07,0.74101,0.1451,esperado,1,80.5,False,B1,2026-09-27,False
888b2c99ddfffff,-17.473446,-66.128718,2633,190,123.272,0.78989,0.3502,esperado,1,233.7,False,B1,2026-09-27,False
888b2c99e1fffff,-17.467745,-66.094495,1034,48,62.589,0.64255,-0.1506,esperado,1,354.1,False,B1,2026-09-27,False
888b2c99e3fffff,-17.461141,-66.099739,1196,83,71.291,0.73129,0.1061,esperado,1,265.6,False,B1,2026-09-27,False
888b2c99e5fffff,-17.466319,-66.085941,546,4,13.119,0.48534,-0.4434,esperado,0,1246.7,False,B1,2026-09-27,False
888b2c99e7fffff,-17.459716,-66.091185,540,3,0.0,1.0,2999.9954,exceso,0,1062.2,False,B1,2026-09-27,False
888b2c99e9fffff,-17.475774,-66.097804,1716,153,139.622,0.71771,0.062,esperado,1,450.5,False,B1,2026-09-27,False
888b2c99ebfffff,-17.469171,-66.103049,1079,128,83.659,0.78858,0.3426,esperado,1,217.3,False,B1,2026-09-27,False
888b2c99edfffff,-17.474348,-66.08925,1335,31,34.205,0.67957,-0.0604,esperado,0,982.3,False,B1,2026-09-27,False
888b2c9a23fffff,-17.550889,-66.144726,48,0,4.67,0.3507,-0.6208,esperado,0,4768.1,False,B1,2026-09-27,True
888b2c9a25fffff,-17.556063,-66.130918,49,35,2.178,0.99972,8.9429,exceso,0,5622.7,False,B1,2026-09-27,True
888b2c9a27fffff,-17.549462,-66.136165,72,0,7.005,0.29928,-0.6295,esperado,0,5378.3,False,B1,2026-09-27,True
888b2c9a31fffff,-17.545714,-66.158536,14,0,1.116,0.58003,-0.5524,esperado,0,3340.9,False,B1,2026-09-27,True
888b2c9a35fffff,-17.544287,-66.149974,41,2,0.0,1.0,1999.9966,exceso,0,3865.3,False,B1,2026-09-27,True
888b2c9a3bfffff,-17.54714,-66.167099,44,0,5.529,0.32848,-0.6248,esperado,0,3006.1,False,B1,2026-09-27,True
888b2c9a91fffff,-17.510354,-66.215723,23,0,0.0,1.0,-0.001,esperado,0,2797.6,False,B1,2026-09-27,False
888b2c9a93fffff,-17.503745,-66.220973,30,0,0.0,1.0,-0.001,esperado,0,3424.8,False,B1,2026-09-27,False
888b2c9a97fffff,-17.502323,-66.212406,32,2,0.0,1.0,1999.9966,exceso,0,3037.5,False,B1,2026-09-27,False
888b2c9aa1fffff,-17.511266,-66.176214,26,0,0.525,0.71127,-0.4831,esperado,1,121.1,False,B1,2026-09-27,False
888b2c9aa3fffff,-17.50466,-66.181462,312,0,30.525,0.16434,-0.6437,esperado,0,845.2,False,B1,2026-09-27,False
888b2c9aa5fffff,-17.509841,-66.167651,39,0,0.788,0.64168,-0.5234,esperado,0,708.9,False,B1,2026-09-27,False
888b2c9aa7fffff,-17.503235,-66.172899,410,13,40.065,0.47824,-0.4355,esperado,1,92.5,False,B1,2026-09-27,False
888b2c9aa9fffff,-17.519297,-66.179529,26,24,0.525,1.0,21.5906,exceso,1,122.7,False,B1,2026-09-27,False
888b2c9aabfffff,-17.51269,-66.184778,13,0,0.077,0.93168,-0.2552,esperado,0,891.6,False,B1,2026-09-27,False
888b2c9aadfffff,-17.517872,-66.170966,58,0,1.172,0.57146,-0.556,esperado,0,727.3,False,B1,2026-09-27,False
888b2c9ab1fffff,-17.499476,-66.195275,10,0,0.84,0.63039,-0.5291,esperado,0,1686.1,False,B1,2026-09-27,False
888b2c9ab5fffff,-17.498053,-66.18671,338,19,33.069,0.58589,-0.274,esperado,0,762.7,False,B1,2026-09-27,False
888b2c9ab7fffff,-17.491445,-66.191959,468,11,45.788,0.42769,-0.4901,esperado,0,996.4,False,B1,2026-09-27,False
888b2c9abbfffff,-17.500899,-66.20384,32,0,0.177,0.86262,-0.353,esperado,0,2609.7,False,B1,2026-09-27,False
888b2c9ac3fffff,-17.538207,-66.203292,40,9,0.0,1.0,8999.9883,exceso,1,397.5,False,B1,2026-09-27,True
888b2c9ac7fffff,-17.536782,-66.194726,26,0,0.218,0.83869,-0.3791,esperado,0,675.4,False,B1,2026-09-27,True
888b2c9aebfffff,-17.535357,-66.186161,16,0,0.323,0.78685,-0.4274,esperado,0,1032.4,False,B1,2026-09-27,True
888b2c9b01fffff,-17.558377,-66.099995,216,0,43.565,0.14177,-0.645,esperado,0,3256.1,True,B1,2026-09-27,True
888b2c9b03fffff,-17.551778,-66.105241,144,0,12.508,0.2371,-0.6375,esperado,0,3105.2,True,B1,2026-09-27,False
888b2c9b05fffff,-17.556948,-66.091438,397,8,86.247,0.29526,-0.5865,esperado,0,2647.1,True,B1,2026-09-27,False
888b2c9b07fffff,-17.55035,-66.096684,419,11,94.239,0.32121,-0.5711,esperado,0,2348.8,True,B1,2026-09-27,False
888b2c9b0bfffff,-17.559806,-66.108553,85,0,6.363,0.31087,-0.6277,esperado,0,3981.1,True,B1,2026-09-27,True
888b2c9b0dfffff,-17.564976,-66.094748,114,0,22.453,0.18658,-0.6421,esperado,0,3602.2,True,B1,2026-09-27,True
888b2c9b13fffff,-17.540006,-66.124293,27,0,1.593,0.5178,-0.5765,esperado,0,4326.0,True,B1,2026-09-27,False
888b2c9b15fffff,-17.545179,-66.110488,51,0,2.737,0.42863,-0.6034,esperado,0,3139.9,True,B1,2026-09-27,False
888b2c9b17fffff,-17.538578,-66.115734,234,10,3.895,0.8889,0.9651,esperado,0,3404.6,True,B1,2026-09-27,False
888b2c9b19fffff,-17.554635,-66.122358,49,18,3.359,0.9725,2.6636,exceso,0,4755.0,True,B1,2026-09-27,True
888b2c9b1bfffff,-17.548035,-66.127605,109,0,10.9,0.2507,-0.6359,esperado,0,4928.0,True,B1,2026-09-27,False
888b2c9b1dfffff,-17.553207,-66.113799,220,0,16.468,0.21193,-0.64,esperado,0,3910.4,True,B1,2026-09-27,True
888b2c9b21fffff,-17.547491,-66.079572,71,0,22.671,0.18584,-0.6421,esperado,0,1264.3,True,B1,2026-09-27,False
888b2c9b25fffff,-17.546062,-66.071017,17,0,5.428,0.33084,-0.6244,esperado,0,842.2,True,B1,2026-09-27,False
888b2c9b27fffff,-17.539464,-66.076263,230,13,73.441,0.3781,-0.5318,esperado,1,354.8,True,B1,2026-09-27,False
888b2c9b29fffff,-17.555519,-66.082882,224,11,71.525,0.35882,-0.5468,esperado,0,2212.5,True,B1,2026-09-27,False
888b2c9b2bfffff,-17.548921,-66.088128,300,1,95.792,0.14473,-0.6399,esperado,0,1693.2,True,B1,2026-09-27,False
888b2c9b2dfffff,-17.554089,-66.074327,102,0,32.569,0.15998,-0.6439,esperado,0,1796.3,True,B1,2026-09-27,False
888b2c9b33fffff,-17.529122,-66.103865,156,6,4.457,0.77535,0.2145,esperado,0,2022.2,True,B1,2026-09-27,False
888b2c9b35fffff,-17.534294,-66.090063,51,1,10.82,0.35311,-0.5771,esperado,0,659.3,True,B1,2026-09-27,False
888b2c9b37fffff,-17.527694,-66.095309,131,14,33.717,0.52357,-0.3766,esperado,0,1107.1,True,B1,2026-09-27,False
888b2c9b39fffff,-17.54375,-66.10193,351,13,39.0,0.48313,-0.4297,esperado,0,2276.2,True,B1,2026-09-27,False
888b2c9b3bfffff,-17.53715,-66.107176,51,6,1.106,0.97112,2.4417,exceso,0,2484.4,True,B1,2026-09-27,False
888b2c9b3dfffff,-17.542322,-66.093373,130,0,18.407,0.20247,-0.6408,esperado,0,1468.9,True,B1,2026-09-27,False
888b2c9b61fffff,-17.570143,-66.080946,12,0,2.607,0.43626,-0.6014,esperado,0,3703.1,True,B1,2026-09-27,True
888b2c9b63fffff,-17.563546,-66.086192,165,0,35.846,0.15374,-0.6443,esperado,0,3165.4,True,B1,2026-09-27,True
888b2c9b65fffff,-17.568713,-66.07239,351,0,112.077,0.09557,-0.6469,esperado,0,3252.6,True,B1,2026-09-27,True
888b2c9b67fffff,-17.562116,-66.077636,267,2,85.255,0.18357,-0.6313,esperado,0,2748.8,True,B1,2026-09-27,True
888b2cc25bfffff,-17.428294,-65.903211,104,0,0.17,0.86684,-0.348,esperado,0,4238.5,False,B1,2026-09-27,True
888b2cc64bfffff,-17.357666,-66.017313,15,1,0.071,0.99342,3.2318,esperado,0,3059.5,False,B1,2026-09-27,True
888b2cd097fffff,-17.452369,-65.913104,52,0,0.0,1.0,-0.001,esperado,0,4776.7,False,B1,2026-09-27,True
888b2cd297fffff,-17.508541,-65.936199,33,0,0.0,1.0,-0.001,esperado,0,2542.2,True,B1,2026-09-27,True
888b2cd299fffff,-17.524589,-65.9428,14,0,0.0,1.0,-0.001,esperado,0,881.9,True,B1,2026-09-27,True
888b2cd29bfffff,-17.517998,-65.948041,63,0,0.0,1.0,-0.001,esperado,0,1702.0,True,B1,2026-09-27,False
888b2cd29dfffff,-17.523156,-65.934259,36,0,0.0,1.0,-0.001,esperado,0,910.3,True,B1,2026-09-27,True
888b2cd2d3fffff,-17.532614,-65.946101,154,4,2.462,0.81762,0.3743,esperado,1,152.6,True,B1,2026-09-27,False
888b2cd2d7fffff,-17.53118,-65.93756,74,0,0.0,1.0,-0.001,esperado,1,137.8,True,B1,2026-09-27,True
888b2cd401fffff,-17.435993,-65.993843,228,3,21.018,0.36908,-0.5501,esperado,1,410.8,False,B1,2026-09-27,False
888b2cd403fffff,-17.429393,-65.999084,337,5,33.691,0.36346,-0.5485,esperado,1,129.4,False,B1,2026-09-27,False
888b2cd405fffff,-17.434565,-65.9853,347,0,14.331,0.22432,-0.6388,esperado,1,175.5,False,B1,2026-09-27,False
888b2cd407fffff,-17.427966,-65.99054,191,21,10.446,0.84488,0.6419,esperado,1,261.5,False,B1,2026-09-27,False
888b2cd40bfffff,-17.437421,-66.002387,191,11,20.968,0.57186,-0.305,esperado,0,524.4,False,B1,2026-09-27,False
888b2cd40dfffff,-17.442592,-65.988602,36,0,0.0,1.0,-0.001,esperado,0,722.4,False,B1,2026-09-27,False
888b2cd411fffff,-17.42422,-66.012869,404,6,44.35,0.34747,-0.5578,esperado,1,437.6,False,B1,2026-09-27,False
888b2cd413fffff,-17.417619,-66.01811,1104,65,139.797,0.53899,-0.3462,esperado,1,89.1,False,B1,2026-09-27,False
888b2cd415fffff,-17.422793,-66.004324,745,14,83.387,0.36973,-0.5379,esperado,1,308.8,False,B1,2026-09-27,False
888b2cd417fffff,-17.416192,-66.009565,979,46,116.967,0.50747,-0.3925,esperado,1,43.6,False,B1,2026-09-27,False
888b2cd419fffff,-17.432248,-66.016174,42,0,4.568,0.3537,-0.6202,esperado,1,456.0,False,B1,2026-09-27,False
888b2cd41bfffff,-17.425647,-66.021415,321,1,38.423,0.21143,-0.6278,esperado,1,310.8,False,B1,2026-09-27,False
888b2cd41dfffff,-17.430821,-66.007628,466,4,51.157,0.28426,-0.595,esperado,1,162.1,False,B1,2026-09-27,False
888b2cd421fffff,-17.425109,-65.973455,207,0,3.799,0.37946,-0.615,esperado,0,583.9,False,B1,2026-09-27,False
888b2cd423fffff,-17.418511,-65.978695,119,1,4.19,0.50519,-0.4704,esperado,1,495.6,False,B1,2026-09-27,False
888b2cd425fffff,-17.423681,-65.964914,166,1,2.97,0.56908,-0.4023,esperado,0,596.5,False,B1,2026-09-27,False
888b2cd427fffff,-17.417083,-65.970154,388,0,9.273,0.26758,-0.6339,esperado,1,220.3,False,B1,2026-09-27,False
888b2cd429fffff,-17.433136,-65.976757,78,0,1.413,0.53858,-0.569,esperado,0,707.0,False,B1,2026-09-27,False
888b2cd42bfffff,-17.426538,-65.981997,793,3,24.411,0.34782,-0.5636,esperado,1,124.7,False,B1,2026-09-27,False
888b2cd42dfffff,-17.431708,-65.968216,196,0,4.245,0.3638,-0.6182,esperado,0,1351.8,False,B1,2026-09-27,False
888b2cd431fffff,-17.413338,-65.992478,1378,31,59.105,0.56497,-0.3071,esperado,1,153.9,False,B1,2026-09-27,False
888b2cd433fffff,-17.406738,-65.997718,932,107,42.885,0.8815,0.9642,esperado,1,78.4,False,B1,2026-09-27,False
888b2cd435fffff,-17.411911,-65.983935,710,30,22.084,0.766,0.2301,esperado,1,80.0,False,B1,2026-09-27,False
888b2cd437fffff,-17.405311,-65.989175,911,97,37.076,0.8894,1.0416,esperado,1,279.5,False,B1,2026-09-27,False
888b2cd439fffff,-17.421366,-65.995781,912,7,69.393,0.3069,-0.5809,esperado,1,57.0,False,B1,2026-09-27,False
888b2cd43bfffff,-17.414766,-66.001021,797,28,70.44,0.51113,-0.3893,esperado,1,190.6,False,B1,2026-09-27,False
888b2cd43dfffff,-17.419938,-65.987237,710,4,27.295,0.36595,-0.5489,esperado,1,65.7,False,B1,2026-09-27,False
888b2cd451fffff,-17.446876,-66.014236,233,2,26.021,0.29882,-0.5935,esperado,0,1725.9,False,B1,2026-09-27,False
888b2cd453fffff,-17.440276,-66.019478,829,30,92.581,0.47312,-0.4371,esperado,0,1390.0,False,B1,2026-09-27,False
888b2cd457fffff,-17.438848,-66.010932,46,0,5.003,0.34149,-0.6225,esperado,0,781.7,False,B1,2026-09-27,False
888b2cd459fffff,-17.454903,-66.017541,31,0,3.543,0.38959,-0.6128,esperado,0,2235.4,False,B1,2026-09-27,False
888b2cd45bfffff,-17.448304,-66.022783,63,6,7.036,0.68092,-0.0927,esperado,0,1590.6,False,B1,2026-09-27,False
888b2cd45dfffff,-17.453475,-66.008995,10,1,1.133,0.75432,-0.065,esperado,0,2217.2,False,B1,2026-09-27,False
888b2cd461fffff,-17.447761,-65.974819,72,0,0.0,1.0,-0.001,esperado,0,1430.5,False,B1,2026-09-27,False
888b2cd463fffff,-17.441163,-65.980059,83,0,0.0,1.0,-0.001,esperado,0,517.9,False,B1,2026-09-27,False
888b2cd467fffff,-17.439734,-65.971517,151,0,3.228,0.40339,-0.6096,esperado,0,1309.4,False,B1,2026-09-27,False
888b2cd46dfffff,-17.454357,-65.969579,25,0,0.0,1.0,-0.001,esperado,0,2348.1,False,B1,2026-09-27,False
888b2cd481fffff,-17.389782,-66.030529,1378,14,437.927,0.18764,-0.627,esperado,1,67.9,False,B1,2026-09-27,False
888b2cd483fffff,-17.383178,-66.035771,1253,17,1615.456,0.11759,-0.6412,esperado,1,322.0,False,B1,2026-09-27,False
888b2cd485fffff,-17.388357,-66.021984,296,0,19.104,0.19941,-0.6411,esperado,0,769.0,False,B1,2026-09-27,False
888b2cd487fffff,-17.381753,-66.027225,471,4,103.604,0.21274,-0.6218,esperado,1,201.6,False,B1,2026-09-27,False
888b2cd489fffff,-17.397811,-66.033834,1828,1238,113.528,0.99817,6.4071,exceso,1,63.8,False,B1,2026-09-27,False
888b2cd48bfffff,-17.391207,-66.039076,1709,79,878.255,0.28286,-0.5896,esperado,1,220.6,False,B1,2026-09-27,False
888b2cd48dfffff,-17.396386,-66.025288,694,44,34.642,0.75089,0.174,esperado,1,476.8,False,B1,2026-09-27,False
888b2cd491fffff,-17.377997,-66.049559,1021,49,207.386,0.41755,-0.4944,esperado,0,609.2,False,B1,2026-09-27,False
888b2cd493fffff,-17.371391,-66.0548,310,0,57.681,0.12613,-0.6457,esperado,0,704.1,False,B1,2026-09-27,False
888b2cd495fffff,-17.376573,-66.041012,477,6,96.219,0.25376,-0.6063,esperado,0,1169.0,False,B1,2026-09-27,False
888b2cd497fffff,-17.369967,-66.046253,88,0,1.803,0.49669,-0.5836,esperado,0,1360.6,False,B1,2026-09-27,False
888b2cd499fffff,-17.386026,-66.052865,1668,110,2425.397,0.21313,-0.6186,esperado,1,41.4,False,B1,2026-09-27,False
888b2cd49bfffff,-17.379421,-66.058107,1491,194,302.853,0.60274,-0.2328,esperado,1,178.2,False,B1,2026-09-27,False
888b2cd49dfffff,-17.384602,-66.044317,1176,41,1709.992,0.16424,-0.6324,esperado,1,336.1,False,B1,2026-09-27,False
888b2cd4a3fffff,-17.3723,-66.015376,10,0,1.045,0.59174,-0.5473,esperado,0,1837.8,False,B1,2026-09-27,False
888b2cd4a7fffff,-17.370875,-66.006832,31,0,3.42,0.39476,-0.6116,esperado,0,2668.8,False,B1,2026-09-27,True
888b2cd4a9fffff,-17.386932,-66.013439,68,0,4.169,0.3663,-0.6177,esperado,0,891.2,False,B1,2026-09-27,False
888b2cd4abfffff,-17.380328,-66.01868,56,0,5.424,0.33095,-0.6243,esperado,0,1074.2,False,B1,2026-09-27,False
888b2cd4b9fffff,-17.375149,-66.032466,217,0,40.401,0.14629,-0.6447,esperado,0,843.6,False,B1,2026-09-27,False
888b2cd4c1fffff,-17.412443,-66.031898,1637,217,78.171,0.89875,1.1479,esperado,1,42.5,False,B1,2026-09-27,False
888b2cd4c3fffff,-17.40584,-66.03714,2553,5111,111.638,1.0,28.9671,exceso,1,110.2,False,B1,2026-09-27,False
888b2cd4c5fffff,-17.411017,-66.023352,1533,107,54.9,0.83694,0.6127,esperado,1,201.0,False,B1,2026-09-27,False
888b2cd4c7fffff,-17.404414,-66.028593,2321,909,104.684,0.99482,4.9693,exceso,1,139.3,False,B1,2026-09-27,False
888b2cd4c9fffff,-17.420471,-66.035203,626,23,16.709,0.76964,0.241,esperado,1,187.5,False,B1,2026-09-27,False
888b2cd4cbfffff,-17.413869,-66.040445,2227,273,95.628,0.90308,1.1994,esperado,1,62.2,False,B1,2026-09-27,False
888b2cd4cdfffff,-17.419045,-66.026656,964,159,33.276,0.9649,2.4332,exceso,1,60.9,False,B1,2026-09-27,False
888b2cd4d1fffff,-17.400661,-66.050929,2299,1733,779.184,0.86108,0.7931,esperado,1,100.4,False,B1,2026-09-27,False
888b2cd4d3fffff,-17.394056,-66.056171,1544,1208,1782.337,0.61404,-0.2088,esperado,1,238.6,False,B1,2026-09-27,False
888b2cd4d5fffff,-17.399236,-66.042381,2346,3019,649.729,0.96261,2.3624,exceso,1,55.3,False,B1,2026-09-27,False
888b2cd4d7fffff,-17.392632,-66.047623,994,93,927.269,0.29555,-0.5829,esperado,0,621.2,False,B1,2026-09-27,False
888b2cd4d9fffff,-17.40869,-66.054235,637,45,48.183,0.68493,-0.0426,esperado,0,563.8,False,B1,2026-09-27,False
888b2cd4dbfffff,-17.402085,-66.059478,1264,149,724.811,0.39393,-0.5147,esperado,1,113.2,False,B1,2026-09-27,False
888b2cd4ddfffff,-17.407265,-66.045687,2067,1112,113.117,0.99699,5.7122,exceso,1,90.0,False,B1,2026-09-27,False
888b2cd4e1fffff,-17.401563,-66.011502,818,78,52.788,0.78177,0.3083,esperado,1,288.1,False,B1,2026-09-27,False
888b2cd4e3fffff,-17.39496,-66.016743,1041,27,67.179,0.51338,-0.3864,esperado,1,47.9,False,B1,2026-09-27,False
888b2cd4e5fffff,-17.400137,-66.002958,611,11,37.782,0.46048,-0.4569,esperado,1,136.2,False,B1,2026-09-27,False
888b2cd4e7fffff,-17.393535,-66.008199,161,0,9.87,0.26096,-0.6347,esperado,0,662.1,False,B1,2026-09-27,False
888b2cd4e9fffff,-17.409591,-66.014806,1957,298,98.924,0.91117,1.3014,esperado,1,60.9,False,B1,2026-09-27,False
888b2cd4ebfffff,-17.402989,-66.020047,1425,311,65.952,0.96384,2.4003,exceso,1,178.4,False,B1,2026-09-27,False
888b2cd4edfffff,-17.408164,-66.006262,1631,104,109.014,0.68813,-0.0298,esperado,1,255.3,False,B1,2026-09-27,False
888b2cd503fffff,-17.419394,-65.939296,451,2,0.471,0.95175,1.5287,esperado,1,276.5,False,B1,2026-09-27,False
888b2cd505fffff,-17.424561,-65.92552,134,0,0.259,0.81746,-0.4001,esperado,0,1846.4,False,B1,2026-09-27,False
888b2cd507fffff,-17.417965,-65.930759,52,1,0.047,0.99689,4.1837,exceso,0,1173.0,False,B1,2026-09-27,False
888b2cd511fffff,-17.414226,-65.953074,429,10,0.797,0.9981,6.0531,exceso,0,558.6,False,B1,2026-09-27,False
888b2cd513fffff,-17.407628,-65.958313,223,0,3.996,0.37229,-0.6165,esperado,0,733.5,False,B1,2026-09-27,False
888b2cd515fffff,-17.412797,-65.944535,52,1,0.097,0.98871,2.6198,esperado,0,654.5,False,B1,2026-09-27,False
888b2cd517fffff,-17.406199,-65.949774,62,0,1.111,0.58089,-0.5521,esperado,0,1495.2,False,B1,2026-09-27,False
888b2cd519fffff,-17.422252,-65.956374,477,4,0.498,0.98777,3.354,exceso,1,393.9,False,B1,2026-09-27,False
888b2cd51bfffff,-17.415654,-65.961613,507,19,0.942,0.9999,10.3281,exceso,1,103.8,False,B1,2026-09-27,False
888b2cd51dfffff,-17.420823,-65.947835,989,19,1.033,0.99983,9.5005,exceso,1,114.9,False,B1,2026-09-27,False
888b2cd521fffff,-17.415105,-65.913686,363,0,1.127,0.57829,-0.5532,esperado,0,3007.5,False,B1,2026-09-27,True
888b2cd523fffff,-17.408509,-65.918924,207,1,0.292,0.93929,1.008,esperado,0,2653.7,False,B1,2026-09-27,True
888b2cd527fffff,-17.40708,-65.910388,145,0,0.204,0.84668,-0.3707,esperado,0,3555.7,False,B1,2026-09-27,True
888b2cd529fffff,-17.423131,-65.916984,678,11,1.309,0.99201,4.175,exceso,0,2683.9,False,B1,2026-09-27,False
888b2cd52bfffff,-17.416535,-65.922222,849,6,2.637,0.87195,0.7678,esperado,0,2088.6,False,B1,2026-09-27,False
888b2cd52dfffff,-17.4217,-65.908448,26,0,0.05,0.95369,-0.2117,esperado,0,3562.2,False,B1,2026-09-27,True
888b2cd531fffff,-17.403342,-65.932698,88,0,0.134,0.89038,-0.3185,esperado,0,1898.5,False,B1,2026-09-27,True
888b2cd535fffff,-17.401913,-65.924161,83,0,0.126,0.89557,-0.3115,esperado,0,2593.7,False,B1,2026-09-27,True
888b2cd539fffff,-17.411368,-65.935997,279,0,0.473,0.7285,-0.4716,esperado,0,966.6,False,B1,2026-09-27,False
888b2cd53bfffff,-17.404771,-65.941235,234,0,4.193,0.36552,-0.6179,esperado,0,1476.4,False,B1,2026-09-27,False
888b2cd53dfffff,-17.409939,-65.92746,160,0,0.243,0.82544,-0.3924,esperado,0,1771.7,False,B1,2026-09-27,False
888b2cd551fffff,-17.436876,-65.954435,21,0,0.041,0.96169,-0.1931,esperado,0,1903.9,False,B1,2026-09-27,False
888b2cd55bfffff,-17.438305,-65.962976,57,0,0.058,0.94689,-0.2262,esperado,0,2204.7,False,B1,2026-09-27,False
888b2cd561fffff,-17.43775,-65.915044,249,0,0.318,0.78919,-0.4254,esperado,0,3523.8,False,B1,2026-09-27,True
888b2cd563fffff,-17.431156,-65.920282,52,0,0.078,0.93117,-0.2561,esperado,0,2659.9,False,B1,2026-09-27,False
888b2cd565fffff,-17.436319,-65.906508,300,0,0.383,0.76165,-0.4476,esperado,0,4221.7,False,B1,2026-09-27,True
888b2cd567fffff,-17.429725,-65.911746,285,1,0.426,0.90279,0.6196,esperado,0,3418.4,False,B1,2026-09-27,True
888b2cd569fffff,-17.445775,-65.918343,10,0,0.0,1.0,-0.001,esperado,0,3860.2,False,B1,2026-09-27,False
888b2cd56dfffff,-17.444344,-65.909806,68,0,0.0,1.0,-0.001,esperado,0,4408.9,False,B1,2026-09-27,True
888b2cd581fffff,-17.379802,-65.970729,83,0,4.353,0.36031,-0.6189,esperado,0,2207.2,False,B1,2026-09-27,True
888b2cd589fffff,-17.387829,-65.97403,362,1,18.986,0.28206,-0.6073,esperado,0,1315.3,False,B1,2026-09-27,False
888b2cd58bfffff,-17.381228,-65.979269,176,0,11.865,0.24224,-0.6369,esperado,0,1650.1,False,B1,2026-09-27,True
888b2cd58dfffff,-17.386402,-65.96549,37,0,2.226,0.46165,-0.5944,esperado,0,1904.5,False,B1,2026-09-27,True
888b2cd599fffff,-17.376052,-65.99305,25,0,2.758,0.42741,-0.6037,esperado,0,2244.7,False,B1,2026-09-27,True
888b2cd59bfffff,-17.36945,-65.99829,63,0,6.951,0.3002,-0.6293,esperado,0,3034.7,False,B1,2026-09-27,True
888b2cd5c1fffff,-17.402456,-65.972092,751,16,45.173,0.49263,-0.4166,esperado,1,24.9,False,B1,2026-09-27,False
888b2cd5c3fffff,-17.395856,-65.977331,160,0,8.392,0.27852,-0.6324,esperado,0,593.9,False,B1,2026-09-27,False
888b2cd5c5fffff,-17.401029,-65.963552,213,0,10.986,0.2499,-0.636,esperado,0,830.7,False,B1,2026-09-27,False
888b2cd5c7fffff,-17.394429,-65.968791,67,0,4.03,0.37107,-0.6167,esperado,0,951.3,False,B1,2026-09-27,False
888b2cd5c9fffff,-17.410484,-65.975393,316,0,8.049,0.28319,-0.6318,esperado,1,455.3,False,B1,2026-09-27,False
888b2cd5cbfffff,-17.403884,-65.980633,1015,58,53.234,0.71757,0.0578,esperado,1,97.3,False,B1,2026-09-27,False
888b2cd5cdfffff,-17.409056,-65.966853,223,6,4.488,0.77397,0.2088,esperado,1,104.1,False,B1,2026-09-27,False
888b2cd5d1fffff,-17.390682,-65.991113,129,0,7.994,0.28397,-0.6317,esperado,0,612.9,False,B1,2026-09-27,False
888b2cd5d3fffff,-17.38408,-65.996352,16,0,0.951,0.60848,-0.5397,esperado,0,1405.2,False,B1,2026-09-27,False
888b2cd5d5fffff,-17.389256,-65.982571,243,2,16.381,0.35957,-0.5618,esperado,0,707.0,False,B1,2026-09-27,False
888b2cd5d7fffff,-17.382654,-65.98781,78,0,4.834,0.34608,-0.6216,esperado,0,1507.9,False,B1,2026-09-27,False
888b2cd5d9fffff,-17.39871,-65.994415,844,27,52.304,0.56234,-0.3123,esperado,1,220.0,False,B1,2026-09-27,False
888b2cd5dbfffff,-17.392109,-65.999655,280,3,16.632,0.40452,-0.5246,esperado,0,605.2,False,B1,2026-09-27,False
888b2cd5ddfffff,-17.397283,-65.985873,549,13,37.01,0.49272,-0.4181,esperado,1,99.4,False,B1,2026-09-27,False
888b2cd5e1fffff,-17.391574,-65.951712,20,0,0.957,0.60739,-0.5402,esperado,0,2408.6,False,B1,2026-09-27,True
888b2cd5e9fffff,-17.399601,-65.955012,47,0,2.248,0.46001,-0.5949,esperado,0,1658.1,False,B1,2026-09-27,False
888b2cd5ebfffff,-17.393002,-65.960251,26,0,1.341,0.5477,-0.5655,esperado,0,1582.2,False,B1,2026-09-27,True
888b2cd5edfffff,-17.398173,-65.946474,177,0,8.466,0.27753,-0.6326,esperado,0,2261.5,False,B1,2026-09-27,True
888b2cd629fffff,-17.489322,-65.999878,20,2,0.157,0.99442,3.9596,exceso,0,5370.1,False,B1,2026-09-27,False
888b2cd651fffff,-17.503067,-66.037375,48,9,0.0,1.0,8999.9883,exceso,0,4218.3,False,B1,2026-09-27,False
888b2cd681fffff,-17.445983,-66.05367,135,0,76.209,0.11229,-0.6463,esperado,0,688.1,True,B1,2026-09-27,False
888b2cd683fffff,-17.439381,-66.058913,906,31,236.894,0.33117,-0.5628,esperado,1,32.4,True,B1,2026-09-27,False
888b2cd685fffff,-17.444557,-66.045121,197,0,24.273,0.18068,-0.6425,esperado,1,204.1,True,B1,2026-09-27,False
888b2cd687fffff,-17.437955,-66.050363,248,6,160.687,0.20537,-0.6231,esperado,1,386.0,True,B1,2026-09-27,False
888b2cd689fffff,-17.454012,-66.056977,218,6,1.194,0.96586,2.2435,exceso,0,988.9,True,B1,2026-09-27,False
888b2cd68dfffff,-17.452585,-66.048427,181,36,18.256,0.8402,0.6228,esperado,1,79.9,True,B1,2026-09-27,False
888b2cd691fffff,-17.434203,-66.072707,52,0,5.403,0.33144,-0.6243,esperado,0,662.5,True,B1,2026-09-27,False
888b2cd693fffff,-17.427598,-66.07795,259,21,44.959,0.5437,-0.3438,esperado,1,119.8,True,B1,2026-09-27,False
888b2cd695fffff,-17.432777,-66.064156,508,3,185.737,0.1512,-0.6369,esperado,0,593.7,True,B1,2026-09-27,False
888b2cd697fffff,-17.426173,-66.069399,553,3,232.498,0.13767,-0.6391,esperado,1,229.3,True,B1,2026-09-27,False
888b2cd69dfffff,-17.440806,-66.067464,161,0,8.226,0.28075,-0.6321,esperado,0,520.7,True,B1,2026-09-27,False
888b2cd6a1fffff,-17.435102,-66.033267,404,2,45.043,0.23893,-0.6164,esperado,0,667.9,True,B1,2026-09-27,False
888b2cd6a3fffff,-17.4285,-66.038509,419,19,51.626,0.49861,-0.4079,esperado,1,79.3,True,B1,2026-09-27,False
888b2cd6a5fffff,-17.433675,-66.02472,140,4,16.858,0.44153,-0.4883,esperado,0,620.8,True,B1,2026-09-27,False
888b2cd6a7fffff,-17.427074,-66.029961,487,0,54.297,0.12935,-0.6456,esperado,0,568.0,True,B1,2026-09-27,False
888b2cd6a9fffff,-17.44313,-66.036572,544,9,60.652,0.35556,-0.55,esperado,1,354.5,True,B1,2026-09-27,False
888b2cd6abfffff,-17.436528,-66.041815,181,1,22.301,0.26423,-0.6133,esperado,1,148.4,True,B1,2026-09-27,False
888b2cd6adfffff,-17.441703,-66.028025,135,0,16.256,0.21306,-0.6399,esperado,0,1266.8,True,B1,2026-09-27,False
888b2cd6b1fffff,-17.423323,-66.052299,865,8,226.173,0.19859,-0.6246,esperado,1,396.8,True,B1,2026-09-27,False
888b2cd6b3fffff,-17.416719,-66.057542,978,85,381.344,0.40722,-0.5033,esperado,1,94.8,True,B1,2026-09-27,False
888b2cd6b5fffff,-17.421897,-66.043751,705,24,456.792,0.22862,-0.6137,esperado,1,154.9,True,B1,2026-09-27,False
888b2cd6b7fffff,-17.415294,-66.048993,880,78,255.202,0.4604,-0.4496,esperado,1,56.9,True,B1,2026-09-27,False
888b2cd6b9fffff,-17.431352,-66.055606,674,23,176.232,0.33181,-0.5628,esperado,1,270.4,True,B1,2026-09-27,False
888b2cd6bbfffff,-17.424748,-66.060849,668,16,244.274,0.25183,-0.6051,esperado,1,387.3,True,B1,2026-09-27,False
888b2cd6bdfffff,-17.429926,-66.047057,999,15,647.284,0.1639,-0.6328,esperado,1,89.1,True,B1,2026-09-27,False
888b2cd6c7fffff,-17.460613,-66.051734,129,0,0.699,0.66256,-0.5122,esperado,0,659.5,True,B1,2026-09-27,False
888b2cd6cbfffff,-17.470069,-66.063592,26,0,0.491,0.72246,-0.4757,esperado,0,2219.1,True,B1,2026-09-27,False
888b2cd6d3fffff,-17.450261,-66.079323,56,0,0.319,0.7888,-0.4257,esperado,0,1921.4,True,B1,2026-09-27,False
888b2cd6dbfffff,-17.45829,-66.082632,32,0,1.06,0.58916,-0.5485,esperado,0,1972.2,True,B1,2026-09-27,False
888b2cd6e1fffff,-17.457759,-66.034636,177,1,19.824,0.27717,-0.609,esperado,0,1001.7,True,B1,2026-09-27,False
888b2cd6e3fffff,-17.451158,-66.039878,771,24,85.961,0.44784,-0.466,esperado,1,315.4,True,B1,2026-09-27,False
888b2cd6e7fffff,-17.449731,-66.03133,228,15,27.455,0.57727,-0.2918,esperado,0,681.1,True,B1,2026-09-27,False
888b2cd6ebfffff,-17.459186,-66.043185,130,0,10.387,0.25564,-0.6353,esperado,1,267.6,True,B1,2026-09-27,False
888b2cd6edfffff,-17.464359,-66.029393,38,0,3.964,0.3734,-0.6162,esperado,0,1787.2,True,B1,2026-09-27,False
888b2cd707fffff,-17.474144,-65.953858,17,0,0.0,1.0,-0.001,esperado,0,5103.2,False,B1,2026-09-27,False
888b2cd717fffff,-17.462384,-65.972881,14,0,0.0,1.0,-0.001,esperado,0,2929.3,False,B1,2026-09-27,False
888b2cd749fffff,-17.512839,-65.961824,10,0,0.308,0.79387,-0.4214,esperado,0,2169.0,False,B1,2026-09-27,False
888b2cd74dfffff,-17.511406,-65.953281,21,0,0.232,0.83132,-0.3866,esperado,0,2451.9,False,B1,2026-09-27,False
88b32d9041fffff,-17.571879,-66.002039,26,0,0.035,0.96665,-0.1805,esperado,0,3078.4,False,B1,2026-09-27,True
88b32d9045fffff,-17.573312,-66.010588,97,0,0.132,0.8917,-0.3167,esperado,0,3150.1,False,B1,2026-09-27,True
88b32d904dfffff,-17.565286,-66.007283,432,2,0.587,0.93237,1.1912,esperado,0,2297.5,False,B1,2026-09-27,False
88b32d9069fffff,-17.574744,-66.019138,22,0,0.018,0.98232,-0.1321,esperado,0,3367.3,False,B1,2026-09-27,True
88b32d9201fffff,-17.538346,-65.980276,33,14,0.566,0.99996,11.659,exceso,1,420.4,False,B1,2026-09-27,False
88b32d9205fffff,-17.539778,-65.988822,108,8,2.956,0.8976,1.0348,esperado,1,92.8,False,B1,2026-09-27,False
88b32d9209fffff,-17.530321,-65.976973,71,12,0.47,0.99996,11.5494,exceso,1,273.9,False,B1,2026-09-27,False
88b32d920bfffff,-17.536913,-65.971731,135,2,2.225,0.7222,-0.0602,esperado,0,522.8,False,B1,2026-09-27,False
88b32d920dfffff,-17.531753,-65.985518,19,2,0.291,0.97955,2.4384,esperado,0,548.3,False,B1,2026-09-27,False
88b32d9211fffff,-17.550096,-65.961247,44,0,0.251,0.82116,-0.3966,esperado,0,1912.8,False,B1,2026-09-27,True
88b32d9215fffff,-17.551529,-65.969792,44,0,0.251,0.82116,-0.3966,esperado,0,2150.7,False,B1,2026-09-27,True
88b32d9219fffff,-17.542072,-65.957945,50,0,0.725,0.65634,-0.5156,esperado,0,993.2,False,B1,2026-09-27,True
88b32d9229fffff,-17.54121,-65.997368,81,2,2.217,0.72294,-0.0582,esperado,1,121.6,False,B1,2026-09-27,False
88b32d922dfffff,-17.542642,-66.005916,235,22,6.432,0.92886,1.5197,esperado,1,184.4,False,B1,2026-09-27,False
88b32d9231fffff,-17.560987,-65.98164,126,0,0.698,0.66297,-0.512,esperado,0,2544.3,False,B1,2026-09-27,True
88b32d9235fffff,-17.562421,-65.990187,14,0,0.078,0.93134,-0.2558,esperado,0,2349.3,False,B1,2026-09-27,True
88b32d9243fffff,-17.522296,-65.97367,19,0,0.306,0.79444,-0.4209,esperado,0,1110.6,False,B1,2026-09-27,False
88b32d9251fffff,-17.527456,-65.959885,150,3,0.993,0.91667,1.0975,esperado,0,593.9,False,B1,2026-09-27,False
88b32d9253fffff,-17.534047,-65.954644,124,12,2.044,0.9776,2.8751,exceso,1,61.2,False,B1,2026-09-27,False
88b32d9255fffff,-17.528888,-65.968428,186,12,1.232,0.99532,4.8924,exceso,1,354.6,False,B1,2026-09-27,False
88b32d9257fffff,-17.53548,-65.963187,500,45,8.242,0.97462,2.8194,exceso,1,340.9,False,B1,2026-09-27,False
88b32d925bfffff,-17.526023,-65.951342,77,0,0.458,0.73355,-0.4681,esperado,0,848.9,False,B1,2026-09-27,False
88b32d925dfffff,-17.520863,-65.965126,25,1,0.369,0.91795,0.7566,esperado,0,1255.2,False,B1,2026-09-27,False
88b32d9267fffff,-17.534617,-66.002611,69,1,1.071,0.76449,-0.0366,esperado,0,1019.2,False,B1,2026-09-27,False
88b32d9305fffff,-17.549798,-66.048666,45,8,3.854,0.85458,0.662,esperado,0,745.6,False,B1,2026-09-27,False
88b32d9309fffff,-17.540341,-66.036807,180,8,6.601,0.75042,0.1332,esperado,1,96.7,False,B1,2026-09-27,False
88b32d930bfffff,-17.546937,-66.031563,168,1,4.846,0.47936,-0.4934,esperado,1,463.8,False,B1,2026-09-27,False
88b32d930dfffff,-17.541772,-66.045359,179,16,13.929,0.73337,0.0949,esperado,1,319.9,False,B1,2026-09-27,False
88b32d9311fffff,-17.560126,-66.021076,114,0,0.414,0.74976,-0.4565,esperado,0,1771.7,False,B1,2026-09-27,False
88b32d9313fffff,-17.566719,-66.015832,292,1,1.06,0.76644,-0.031,esperado,0,2435.0,False,B1,2026-09-27,False
88b32d9315fffff,-17.561557,-66.029626,406,0,1.474,0.53125,-0.5717,esperado,0,1966.7,False,B1,2026-09-27,False
88b32d9317fffff,-17.568151,-66.024382,922,0,3.347,0.39799,-0.6109,esperado,0,2659.7,False,B1,2026-09-27,True
88b32d931bfffff,-17.558693,-66.012526,144,1,4.256,0.50236,-0.473,esperado,0,1523.5,False,B1,2026-09-27,False
88b32d9325fffff,-17.560686,-66.069081,29,0,9.26,0.26774,-0.6338,esperado,0,2302.4,False,B1,2026-09-27,False
88b32d9329fffff,-17.551229,-66.057219,73,0,22.437,0.18663,-0.6421,esperado,0,1021.1,False,B1,2026-09-27,False
88b32d9331fffff,-17.571015,-66.041484,448,2,1.626,0.78275,0.1328,esperado,0,3034.0,False,B1,2026-09-27,True
88b32d9335fffff,-17.572447,-66.050037,76,0,0.276,0.80892,-0.408,esperado,0,3255.3,False,B1,2026-09-27,True
88b32d9339fffff,-17.562989,-66.038177,263,0,0.955,0.60776,-0.5401,esperado,0,2185.1,False,B1,2026-09-27,False
88b32d933bfffff,-17.569583,-66.032933,537,0,1.949,0.48355,-0.5878,esperado,0,2908.6,False,B1,2026-09-27,True
88b32d9351fffff,-17.537479,-66.019707,114,1,7.403,0.40917,-0.5453,esperado,0,752.2,False,B1,2026-09-27,False
88b32d9353fffff,-17.544074,-66.014464,395,8,25.649,0.47638,-0.4423,esperado,1,159.8,False,B1,2026-09-27,False
88b32d9355fffff,-17.53891,-66.028257,218,1,7.204,0.41343,-0.5425,esperado,0,520.6,False,B1,2026-09-27,False
88b32d9357fffff,-17.545505,-66.023013,235,17,7.766,0.86082,0.7505,esperado,1,147.2,False,B1,2026-09-27,False
88b32d9359fffff,-17.529453,-66.016402,15,0,0.974,0.60419,-0.5417,esperado,0,1637.4,False,B1,2026-09-27,False
88b32d935bfffff,-17.536048,-66.011159,120,1,7.792,0.40121,-0.5503,esperado,0,975.1,False,B1,2026-09-27,False
88b32d9361fffff,-17.536605,-66.059155,322,2,78.834,0.18963,-0.6299,esperado,0,520.7,False,B1,2026-09-27,False
88b32d9363fffff,-17.543202,-66.053911,464,33,111.567,0.45661,-0.4555,esperado,1,87.9,False,B1,2026-09-27,False
88b32d9365fffff,-17.538034,-66.067709,168,31,51.636,0.59251,-0.258,esperado,1,115.2,False,B1,2026-09-27,False
88b32d9367fffff,-17.544632,-66.062464,362,17,111.264,0.35492,-0.548,esperado,1,421.2,False,B1,2026-09-27,False
88b32d9369fffff,-17.528578,-66.055847,12,0,0.783,0.64286,-0.5228,esperado,0,1456.5,False,B1,2026-09-27,False
88b32d936bfffff,-17.535175,-66.050603,52,0,4.489,0.35608,-0.6197,esperado,0,857.0,False,B1,2026-09-27,False
