h3_cell,lat,lon,population,query_count,expected_count,p_low,pearson_residual,gap_category,gtfs_covered,dist_stop_m,in_test,model_id,model_date,edge_cell
888b2c8001fffff,-17.429585,-66.27015,253,35,178.99,0.41014,-0.4987,esperado,0,1733.9,False,B1,2026-09-27,False
888b2c8003fffff,-17.422968,-66.2754,10,3,10.466,0.50036,-0.4347,esperado,0,873.3,False,B1,2026-09-27,False
888b2c8005fffff,-17.428167,-66.261581,200,0,137.702,0.10383,-0.6197,bajo_lo_esperado,0,1792.6,False,B1,2026-09-27,False
888b2c8007fffff,-17.421551,-66.26683,69,4,67.705,0.27677,-0.5822,esperado,0,1049.4,False,B1,2026-09-27,False
888b2c8009fffff,-17.437619,-66.27347,137,1,2.186,0.63896,-0.3105,esperado,0,1985.1,False,B1,2026-09-27,False
888b2c800dfffff,-17.436201,-66.264901,294,1,6.0,0.46184,-0.5013,esperado,0,2372.8,False,B1,2026-09-27,False
888b2c8011fffff,-17.417768,-66.289221,942,103,653.262,0.37735,-0.5225,esperado,1,108.2,False,B1,2026-09-27,False
888b2c8013fffff,-17.41115,-66.294471,863,26,95.264,0.46347,-0.4503,esperado,1,94.1,False,B1,2026-09-27,False
888b2c8015fffff,-17.416351,-66.28065,1420,169,3001.962,0.25634,-0.5856,esperado,1,176.0,False,B1,2026-09-27,False
888b2c8017fffff,-17.409733,-66.2859,2236,293,4769.79,0.26478,-0.5824,esperado,1,134.9,False,B1,2026-09-27,False
888b2c8019fffff,-17.425803,-66.292542,626,42,6.252,0.98403,3.4439,exceso,1,341.4,False,B1,2026-09-27,False
888b2c801bfffff,-17.419185,-66.297793,1100,118,11.379,0.99683,5.7183,exceso,1,307.8,False,B1,2026-09-27,False
888b2c801dfffff,-17.424386,-66.283971,463,89,319.085,0.46422,-0.4472,esperado,1,156.7,False,B1,2026-09-27,False
888b2c8021fffff,-17.418714,-66.249694,491,10,516.875,0.17473,-0.6083,bajo_lo_esperado,0,1022.6,False,B1,2026-09-27,False
888b2c8023fffff,-17.412098,-66.254943,65,11,16.049,0.63811,-0.1929,esperado,0,1139.4,False,B1,2026-09-27,False
888b2c8025fffff,-17.417296,-66.241126,261,11,392.885,0.20079,-0.6029,esperado,0,968.0,False,B1,2026-09-27,False
888b2c8027fffff,-17.41068,-66.246375,420,13,442.134,0.20386,-0.602,esperado,0,1001.7,False,B1,2026-09-27,False
888b2c802bfffff,-17.420133,-66.258262,190,13,46.913,0.46992,-0.4467,esperado,0,1429.2,False,B1,2026-09-27,False
888b2c802dfffff,-17.42533,-66.244445,136,2,10.071,0.45387,-0.4881,esperado,1,114.5,False,B1,2026-09-27,False
888b2c8031fffff,-17.406899,-66.26876,1016,113,3106.559,0.21729,-0.5979,esperado,1,401.6,False,B1,2026-09-27,False
888b2c8033fffff,-17.400281,-66.27401,1904,1530,8134.283,0.4017,-0.5038,esperado,1,52.4,False,B1,2026-09-27,False
888b2c8035fffff,-17.405482,-66.260192,732,87,915.143,0.31278,-0.5614,esperado,0,601.8,False,B1,2026-09-27,False
888b2c8037fffff,-17.398864,-66.265441,1899,651,2954.685,0.42558,-0.4838,esperado,1,15.5,False,B1,2026-09-27,False
888b2c8039fffff,-17.414934,-66.27208,836,136,1948.416,0.27816,-0.5772,esperado,1,167.0,False,B1,2026-09-27,False
888b2c803bfffff,-17.408316,-66.27733,2615,689,7452.777,0.30874,-0.5632,esperado,1,34.9,False,B1,2026-09-27,False
888b2c803dfffff,-17.413516,-66.263511,794,23,2010.618,0.14082,-0.6134,bajo_lo_esperado,0,523.5,False,B1,2026-09-27,False
888b2c8043fffff,-17.445654,-66.276791,79,0,0.806,0.64736,-0.5105,esperado,0,2589.8,False,B1,2026-09-27,False
888b2c8045fffff,-17.45085,-66.26297,26,0,0.665,0.67958,-0.4938,esperado,0,1112.5,False,B1,2026-09-27,False
888b2c8047fffff,-17.444235,-66.26822,121,0,2.188,0.48123,-0.5722,esperado,0,1960.3,False,B1,2026-09-27,False
888b2c8051fffff,-17.440455,-66.290613,116,0,0.0,1.0,-0.001,esperado,0,1923.3,False,B1,2026-09-27,False
888b2c8053fffff,-17.433838,-66.295864,136,8,1.01,0.98825,3.6545,exceso,0,1296.9,False,B1,2026-09-27,False
888b2c8055fffff,-17.439037,-66.282041,21,1,0.0,1.0,999.9977,exceso,0,1729.4,False,B1,2026-09-27,False
888b2c8057fffff,-17.432421,-66.287292,10,0,0.07,0.93766,-0.2435,esperado,0,985.5,False,B1,2026-09-27,False
888b2c8065fffff,-17.439978,-66.242514,195,0,6.306,0.33307,-0.6024,esperado,0,990.1,False,B1,2026-09-27,False
888b2c8069fffff,-17.449431,-66.254401,108,2,2.28,0.72386,-0.0704,esperado,0,582.2,False,B1,2026-09-27,False
888b2c806bfffff,-17.442816,-66.259651,84,1,1.773,0.67785,-0.2452,esperado,0,1468.8,False,B1,2026-09-27,False
888b2c806dfffff,-17.448011,-66.245833,176,4,3.717,0.74252,0.0449,esperado,0,560.3,False,B1,2026-09-27,False
888b2c8081fffff,-17.383254,-66.3069,1594,14,156.596,0.31022,-0.5644,esperado,1,119.7,False,B1,2026-09-27,False
888b2c8083fffff,-17.376632,-66.312151,1499,37,50.909,0.64291,-0.1689,esperado,0,691.4,False,B1,2026-09-27,False
888b2c8085fffff,-17.381839,-66.298329,1605,73,779.825,0.31115,-0.5623,esperado,1,126.9,False,B1,2026-09-27,False
888b2c8087fffff,-17.375218,-66.303579,1662,44,157.393,0.4658,-0.4465,esperado,0,663.9,False,B1,2026-09-27,False
888b2c8089fffff,-17.39129,-66.310222,2166,161,41.102,0.94219,1.8017,esperado,1,233.6,False,B1,2026-09-27,False
888b2c808bfffff,-17.384669,-66.315473,1933,339,48.179,0.98666,3.7308,exceso,1,234.6,False,B1,2026-09-27,False
888b2c808dfffff,-17.389875,-66.30165,2053,137,295.661,0.55327,-0.3328,esperado,1,468.4,False,B1,2026-09-27,False
888b2c8091fffff,-17.371424,-66.325974,1075,27,22.236,0.7477,0.1318,esperado,1,84.7,False,B1,2026-09-27,False
888b2c8093fffff,-17.364801,-66.331225,548,6,7.888,0.66656,-0.145,esperado,0,574.5,False,B1,2026-09-27,False
888b2c8095fffff,-17.37001,-66.317401,87,35,2.077,0.9997,9.0352,exceso,1,246.9,False,B1,2026-09-27,False
888b2c8097fffff,-17.363387,-66.322651,305,53,6.431,0.99182,4.3646,exceso,1,64.1,False,B1,2026-09-27,False
888b2c8099fffff,-17.379461,-66.329297,925,15,19.633,0.65718,-0.145,esperado,0,822.9,False,B1,2026-09-27,False
888b2c809bfffff,-17.372838,-66.334548,746,17,20.438,0.67343,-0.1034,esperado,1,357.2,False,B1,2026-09-27,False
888b2c809dfffff,-17.378047,-66.320723,509,43,9.321,0.95852,2.1971,exceso,1,240.6,False,B1,2026-09-27,False
888b2c80a1fffff,-17.372388,-66.286438,2020,109,226.62,0.56048,-0.3218,esperado,1,39.8,False,B1,2026-09-27,False
888b2c80a3fffff,-17.365767,-66.291687,1468,35,139.957,0.44824,-0.4647,esperado,1,51.8,False,B1,2026-09-27,False
888b2c80a5fffff,-17.370972,-66.277868,2573,103,186.617,0.58678,-0.2778,esperado,1,73.3,False,B1,2026-09-27,False
888b2c80a7fffff,-17.364352,-66.283117,2262,171,137.709,0.74936,0.1498,esperado,1,44.2,False,B1,2026-09-27,False
888b2c80a9fffff,-17.380423,-66.289758,1694,253,998.648,0.4478,-0.4632,esperado,1,196.7,False,B1,2026-09-27,False
888b2c80abfffff,-17.373803,-66.295008,1374,38,154.146,0.44571,-0.467,esperado,1,315.4,False,B1,2026-09-27,False
888b2c80adfffff,-17.379008,-66.281188,2704,503,1523.322,0.49173,-0.4156,esperado,1,98.9,False,B1,2026-09-27,False
888b2c80b1fffff,-17.36056,-66.305507,337,9,9.357,0.7079,-0.0232,esperado,0,843.0,False,B1,2026-09-27,False
888b2c80b3fffff,-17.353937,-66.310757,194,5,5.387,0.70921,-0.043,esperado,0,1404.2,False,B1,2026-09-27,False
888b2c80b5fffff,-17.359145,-66.296936,595,86,28.949,0.90668,1.2148,esperado,1,485.4,False,B1,2026-09-27,False
888b2c80b7fffff,-17.352523,-66.302186,726,16,19.206,0.67413,-0.1026,esperado,0,1023.8,False,B1,2026-09-27,False
888b2c80b9fffff,-17.368596,-66.308829,1083,6,34.296,0.40637,-0.5091,esperado,0,981.6,False,B1,2026-09-27,False
888b2c80bbfffff,-17.361974,-66.314079,185,6,5.858,0.72559,0.0145,esperado,0,930.0,False,B1,2026-09-27,False
888b2c80bdfffff,-17.367182,-66.300257,968,22,54.499,0.53208,-0.3687,esperado,1,194.0,False,B1,2026-09-27,False
888b2c80c1fffff,-17.405946,-66.308294,1104,32,42.042,0.65264,-0.1475,esperado,0,800.3,False,B1,2026-09-27,False
888b2c80c3fffff,-17.399326,-66.313544,2049,688,83.466,0.99226,4.4841,exceso,1,308.5,False,B1,2026-09-27,False
888b2c80c5fffff,-17.40453,-66.299721,1429,44,137.635,0.4884,-0.4216,esperado,1,413.1,False,B1,2026-09-27,False
888b2c80c7fffff,-17.397911,-66.304972,2199,287,159.983,0.82137,0.4921,esperado,1,266.4,False,B1,2026-09-27,False
888b2c80c9fffff,-17.413982,-66.311616,801,9,8.88,0.71836,0.0082,esperado,0,1124.2,False,B1,2026-09-27,False
888b2c80cbfffff,-17.407362,-66.316867,1179,66,38.005,0.81602,0.4548,esperado,1,410.7,False,B1,2026-09-27,False
888b2c80cdfffff,-17.412566,-66.303043,870,6,52.78,0.34693,-0.548,esperado,0,624.7,False,B1,2026-09-27,False
888b2c80d1fffff,-17.39412,-66.327369,1241,74,39.781,0.82877,0.5312,esperado,1,74.9,False,B1,2026-09-27,False
888b2c80d3fffff,-17.387498,-66.33262,804,17,13.289,0.76002,0.1708,esperado,1,351.9,False,B1,2026-09-27,False
888b2c80d5fffff,-17.392705,-66.318795,2291,665,76.974,0.99351,4.7286,exceso,1,223.3,False,B1,2026-09-27,False
888b2c80d7fffff,-17.386083,-66.324046,625,59,15.389,0.93971,1.7369,esperado,0,629.9,False,B1,2026-09-27,False
888b2c80d9fffff,-17.402156,-66.330692,1067,89,41.885,0.85268,0.6948,esperado,1,191.8,False,B1,2026-09-27,False
888b2c80dbfffff,-17.395534,-66.335944,1046,22,12.073,0.82696,0.5023,esperado,1,71.7,False,B1,2026-09-27,False
888b2c80ddfffff,-17.400741,-66.322118,1735,182,66.552,0.89421,1.0733,esperado,1,180.2,False,B1,2026-09-27,False
888b2c80e1fffff,-17.395079,-66.287829,2999,1898,2233.228,0.67162,-0.0931,esperado,1,44.3,False,B1,2026-09-27,False
888b2c80e3fffff,-17.388459,-66.293079,2546,281,1543.4,0.39723,-0.5075,esperado,1,208.2,False,B1,2026-09-27,False
888b2c80e5fffff,-17.393663,-66.279259,3357,27239,3854.874,0.98692,3.7641,exceso,1,27.2,False,B1,2026-09-27,False
888b2c80e7fffff,-17.387043,-66.284509,3925,1007,3152.786,0.48591,-0.4223,esperado,1,80.5,False,B1,2026-09-27,False
888b2c80e9fffff,-17.403114,-66.29115,2457,475,649.287,0.64149,-0.1665,esperado,1,53.5,False,B1,2026-09-27,False
888b2c80ebfffff,-17.396495,-66.2964,2425,320,1451.808,0.4258,-0.4837,esperado,1,182.5,False,B1,2026-09-27,False
888b2c80edfffff,-17.401698,-66.282579,2967,5224,1103.346,0.96125,2.3171,exceso,1,68.6,False,B1,2026-09-27,False
888b2c8101fffff,-17.419652,-66.210182,1587,28,2737.304,0.13463,-0.6141,bajo_lo_esperado,1,162.1,False,B1,2026-09-27,False
888b2c8103fffff,-17.413039,-66.21543,1343,132,2301.104,0.25828,-0.5849,esperado,1,68.4,False,B1,2026-09-27,False
888b2c8105fffff,-17.418232,-66.201619,2158,137,5081.541,0.19374,-0.6038,bajo_lo_esperado,1,26.6,False,B1,2026-09-27,False
888b2c8107fffff,-17.411619,-66.206866,1911,56,4115.211,0.14952,-0.6121,bajo_lo_esperado,0,613.2,False,B1,2026-09-27,False
888b2c8109fffff,-17.427685,-66.213499,78,10,4.563,0.86219,0.71,esperado,0,687.6,False,B1,2026-09-27,False
888b2c810bfffff,-17.421072,-66.218747,763,29,1298.931,0.18153,-0.6066,bajo_lo_esperado,1,189.5,False,B1,2026-09-27,False
888b2c810dfffff,-17.426265,-66.204935,1697,29,975.952,0.20249,-0.602,esperado,1,114.1,False,B1,2026-09-27,False
888b2c8111fffff,-17.407843,-66.229243,934,115,2531.577,0.23646,-0.5923,esperado,0,719.8,False,B1,2026-09-27,False
888b2c8113fffff,-17.401228,-66.234491,1724,363,4367.158,0.29674,-0.5689,esperado,1,119.7,False,B1,2026-09-27,False
888b2c8115fffff,-17.406425,-66.220678,1120,302,2102.821,0.364,-0.5314,esperado,0,587.3,False,B1,2026-09-27,False
888b2c8117fffff,-17.39981,-66.225926,2535,1243,5106.327,0.4411,-0.4695,esperado,1,381.8,False,B1,2026-09-27,False
888b2c8119fffff,-17.415877,-66.23256,392,8,858.363,0.13288,-0.6146,bajo_lo_esperado,0,897.9,False,B1,2026-09-27,False
888b2c811bfffff,-17.409262,-66.237809,354,6,659.372,0.13301,-0.6147,bajo_lo_esperado,0,560.3,False,B1,2026-09-27,False
888b2c811dfffff,-17.414458,-66.223995,716,43,1940.695,0.18048,-0.6067,bajo_lo_esperado,1,45.8,False,B1,2026-09-27,False
888b2c8121fffff,-17.40878,-66.189741,1722,343,6317.212,0.25265,-0.5868,esperado,1,210.6,False,B1,2026-09-27,False
888b2c8123fffff,-17.402167,-66.194988,4051,1686,11697.371,0.36424,-0.5311,esperado,1,218.6,False,B1,2026-09-27,False
888b2c8125fffff,-17.407359,-66.18118,3933,4967,15200.239,0.48974,-0.4178,esperado,1,91.6,False,B1,2026-09-27,False
888b2c8127fffff,-17.400747,-66.186427,4817,7065,17671.317,0.52534,-0.3724,esperado,1,18.2,False,B1,2026-09-27,False
888b2c8129fffff,-17.416812,-66.193056,1788,99,5439.357,0.16681,-0.6092,bajo_lo_esperado,1,405.6,False,B1,2026-09-27,False
888b2c812bfffff,-17.4102,-66.198304,1885,168,5442.988,0.20394,-0.6014,esperado,1,151.2,False,B1,2026-09-27,False
888b2c812dfffff,-17.415392,-66.184495,306,35,810.872,0.2331,-0.5936,esperado,0,585.4,False,B1,2026-09-27,False
888b2c8131fffff,-17.396972,-66.208798,4852,3978,8499.217,0.55435,-0.3301,esperado,1,11.6,False,B1,2026-09-27,False
888b2c8133fffff,-17.390357,-66.214045,2994,5499,5812.177,0.69345,-0.0334,esperado,1,178.2,False,B1,2026-09-27,False
888b2c8135fffff,-17.395553,-66.200235,4596,9718,10495.947,0.68902,-0.046,esperado,1,41.9,False,B1,2026-09-27,False
888b2c8137fffff,-17.388939,-66.205482,2819,8849,3978.149,0.86015,0.7597,esperado,1,122.3,False,B1,2026-09-27,False
888b2c8139fffff,-17.405005,-66.212114,1927,255,3429.344,0.28463,-0.5744,esperado,1,299.8,False,B1,2026-09-27,False
888b2c813bfffff,-17.398391,-66.217361,2715,5133,5207.538,0.70181,-0.0089,esperado,1,143.0,False,B1,2026-09-27,False
888b2c813dfffff,-17.403586,-66.203551,2542,727,5848.704,0.34485,-0.5434,esperado,1,390.4,False,B1,2026-09-27,False
888b2c8141fffff,-17.442331,-66.211567,396,28,26.153,0.72218,0.0435,esperado,0,550.7,False,B1,2026-09-27,False
888b2c8143fffff,-17.435718,-66.216815,423,23,25.05,0.69182,-0.0504,esperado,1,308.0,False,B1,2026-09-27,False
888b2c8145fffff,-17.44091,-66.203003,1762,187,121.633,0.79186,0.333,esperado,1,98.7,False,B1,2026-09-27,False
888b2c8147fffff,-17.434298,-66.208251,429,29,25.724,0.73251,0.0785,esperado,1,226.5,False,B1,2026-09-27,False
888b2c8149fffff,-17.450363,-66.214884,1540,104,46.776,0.86051,0.756,esperado,1,112.7,False,B1,2026-09-27,False
888b2c814bfffff,-17.443751,-66.220132,397,10,13.922,0.64837,-0.1725,esperado,1,423.8,False,B1,2026-09-27,False
888b2c814dfffff,-17.448942,-66.206319,1528,181,123.01,0.78325,0.2921,esperado,1,116.9,False,B1,2026-09-27,False
888b2c8151fffff,-17.430525,-66.230629,162,0,5.349,0.35346,-0.5993,esperado,0,569.7,False,B1,2026-09-27,False
888b2c8153fffff,-17.423911,-66.235878,130,1,9.627,0.39079,-0.5453,esperado,0,600.8,False,B1,2026-09-27,False
888b2c8155fffff,-17.429105,-66.222064,351,4,12.193,0.51599,-0.4105,esperado,0,978.5,False,B1,2026-09-27,False
888b2c8157fffff,-17.422491,-66.227312,241,7,21.831,0.5014,-0.4179,esperado,0,617.4,False,B1,2026-09-27,False
888b2c8159fffff,-17.438558,-66.233947,969,0,31.997,0.18148,-0.6168,bajo_lo_esperado,1,174.4,False,B1,2026-09-27,False
888b2c815dfffff,-17.437138,-66.225381,747,13,25.95,0.57566,-0.3074,esperado,1,407.7,False,B1,2026-09-27,False
888b2c8161fffff,-17.431457,-66.191124,1001,689,51.455,0.99916,7.66,exceso,1,154.7,False,B1,2026-09-27,False
888b2c8163fffff,-17.424845,-66.196372,1294,71,66.517,0.71945,0.0417,esperado,0,573.3,False,B1,2026-09-27,False
888b2c8165fffff,-17.430036,-66.182562,1242,190,127.498,0.78573,0.3037,esperado,1,74.6,False,B1,2026-09-27,False
888b2c8167fffff,-17.423424,-66.187809,1138,50,102.65,0.56407,-0.3177,esperado,1,177.4,False,B1,2026-09-27,False
888b2c8169fffff,-17.439489,-66.19444,2106,241,135.344,0.82001,0.4837,esperado,1,212.7,False,B1,2026-09-27,False
888b2c816bfffff,-17.432877,-66.199687,104,13,6.49,0.84573,0.6047,esperado,1,206.9,False,B1,2026-09-27,False
888b2c816dfffff,-17.438068,-66.185877,1729,52,73.782,0.63591,-0.1827,esperado,1,325.6,False,B1,2026-09-27,False
888b2c8181fffff,-17.373343,-66.246917,622,65,148.446,0.54366,-0.3484,esperado,0,550.6,True,B1,2026-09-27,False
888b2c8183fffff,-17.366725,-66.252166,1010,77,73.677,0.71505,0.0279,esperado,1,57.0,True,B1,2026-09-27,False
888b2c8185fffff,-17.371926,-66.238352,1111,325,851.043,0.51742,-0.3835,esperado,0,625.3,True,B1,2026-09-27,False
888b2c8187fffff,-17.365308,-66.2436,593,75,129.233,0.59692,-0.26,esperado,0,965.7,True,B1,2026-09-27,False
888b2c8189fffff,-17.381378,-66.250236,1156,390,292.252,0.76356,0.2074,esperado,1,127.0,True,B1,2026-09-27,False
888b2c818bfffff,-17.37476,-66.255484,1699,123,297.609,0.53225,-0.3638,esperado,1,365.8,True,B1,2026-09-27,False
888b2c818dfffff,-17.379961,-66.241669,807,257,289.864,0.68059,-0.0703,esperado,0,659.3,True,B1,2026-09-27,False
888b2c8191fffff,-17.361521,-66.265981,1183,40,81.35,0.56641,-0.3147,esperado,1,372.6,True,B1,2026-09-27,False
888b2c8193fffff,-17.354901,-66.271229,1253,41,97.377,0.53745,-0.3586,esperado,1,493.7,True,B1,2026-09-27,False
888b2c8195fffff,-17.360105,-66.257414,1294,124,165.668,0.64674,-0.1559,esperado,1,427.9,True,B1,2026-09-27,False
888b2c8197fffff,-17.353486,-66.262662,1194,108,197.637,0.5848,-0.2812,esperado,0,728.2,True,B1,2026-09-27,False
888b2c8199fffff,-17.369557,-66.2693,1815,30,159.013,0.40528,-0.5029,esperado,1,135.5,True,B1,2026-09-27,False
888b2c819bfffff,-17.362937,-66.274549,2005,138,112.049,0.74783,0.1435,esperado,1,112.6,True,B1,2026-09-27,False
888b2c819dfffff,-17.368141,-66.260732,1341,36,119.294,0.47912,-0.4326,esperado,0,733.3,True,B1,2026-09-27,False
888b2c81a1fffff,-17.362475,-66.22647,1487,631,444.458,0.77584,0.2603,esperado,1,131.0,True,B1,2026-09-27,False
888b2c81a3fffff,-17.355857,-66.231718,469,184,230.303,0.65962,-0.1247,esperado,1,483.8,True,B1,2026-09-27,False
888b2c81a5fffff,-17.361057,-66.217907,1119,265,336.102,0.65676,-0.1312,esperado,1,368.8,True,B1,2026-09-27,False
888b2c81a7fffff,-17.35444,-66.223154,1086,214,563.453,0.51661,-0.3847,esperado,1,314.4,True,B1,2026-09-27,False
888b2c81a9fffff,-17.370509,-66.229787,1251,338,924.172,0.50971,-0.3935,esperado,1,225.0,True,B1,2026-09-27,False
888b2c81abfffff,-17.363891,-66.235035,1617,642,483.314,0.76255,0.2037,esperado,0,528.0,True,B1,2026-09-27,False
888b2c81adfffff,-17.369092,-66.221223,638,53,297.536,0.39551,-0.5097,esperado,0,532.0,True,B1,2026-09-27,False
888b2c81b1fffff,-17.350654,-66.24553,1085,152,200.78,0.64887,-0.1506,esperado,1,175.9,True,B1,2026-09-27,False
888b2c81b3fffff,-17.344035,-66.250777,863,21,159.698,0.35613,-0.5383,esperado,0,879.0,True,B1,2026-09-27,False
888b2c81b5fffff,-17.349238,-66.236965,990,96,546.444,0.39271,-0.5113,esperado,1,192.5,True,B1,2026-09-27,False
888b2c81b7fffff,-17.342619,-66.242212,411,18,69.216,0.4573,-0.4579,esperado,1,391.4,True,B1,2026-09-27,False
888b2c81b9fffff,-17.358689,-66.248848,1199,88,261.889,0.49577,-0.4117,esperado,0,505.8,True,B1,2026-09-27,False
888b2c81bbfffff,-17.35207,-66.254095,1084,226,236.77,0.69569,-0.0282,esperado,1,163.0,True,B1,2026-09-27,False
888b2c81bdfffff,-17.357273,-66.240282,545,210,67.379,0.91339,1.3097,esperado,1,258.1,True,B1,2026-09-27,False
888b2c81c1fffff,-17.39603,-66.248305,1350,526,293.964,0.82078,0.4895,esperado,0,526.6,True,B1,2026-09-27,False
888b2c81c3fffff,-17.389412,-66.253554,2779,4323,6805.548,0.61316,-0.2264,esperado,1,226.7,True,B1,2026-09-27,False
888b2c81c5fffff,-17.394612,-66.239739,1926,6133,561.629,0.99762,6.1536,exceso,1,126.6,True,B1,2026-09-27,False
888b2c81c7fffff,-17.387995,-66.244987,1210,3777,347.65,0.99756,6.1178,exceso,1,308.6,True,B1,2026-09-27,False
888b2c81c9fffff,-17.404064,-66.251624,821,19,74.882,0.45301,-0.4619,esperado,0,603.1,True,B1,2026-09-27,False
888b2c81cbfffff,-17.397447,-66.256873,2126,560,755.773,0.64402,-0.1607,esperado,1,486.4,True,B1,2026-09-27,False
888b2c81cdfffff,-17.402646,-66.243057,798,153,122.032,0.75137,0.1572,esperado,1,272.0,True,B1,2026-09-27,False
888b2c81d1fffff,-17.384211,-66.26737,2462,523,4669.554,0.33176,-0.551,esperado,1,270.2,True,B1,2026-09-27,False
888b2c81d3fffff,-17.377592,-66.272619,1957,251,3102.587,0.29382,-0.5703,esperado,1,222.7,True,B1,2026-09-27,False
888b2c81d5fffff,-17.382794,-66.258803,2705,1852,4665.117,0.52411,-0.3742,esperado,0,796.2,True,B1,2026-09-27,False
888b2c81d7fffff,-17.376176,-66.264051,1199,127,1597.505,0.29219,-0.5711,esperado,0,694.0,True,B1,2026-09-27,False
888b2c81d9fffff,-17.392246,-66.27069,2941,7119,12084.388,0.59835,-0.255,esperado,1,95.4,True,B1,2026-09-27,False
888b2c81dbfffff,-17.385627,-66.275939,3199,588,9209.699,0.26855,-0.5809,esperado,1,132.4,True,B1,2026-09-27,False
888b2c81ddfffff,-17.390829,-66.262122,2015,3340,6700.079,0.56623,-0.3112,esperado,1,156.6,True,B1,2026-09-27,False
888b2c81e1fffff,-17.38516,-66.227857,2700,2864,3010.274,0.6946,-0.0302,esperado,0,686.4,True,B1,2026-09-27,False
888b2c81e3fffff,-17.378543,-66.233104,1436,358,1396.303,0.4496,-0.4614,esperado,1,162.5,True,B1,2026-09-27,False
888b2c81e5fffff,-17.383742,-66.219292,1880,2700,2392.389,0.72946,0.0798,esperado,1,471.8,True,B1,2026-09-27,False
888b2c81e7fffff,-17.377126,-66.22454,1107,209,1081.058,0.40615,-0.5005,esperado,0,1008.5,True,B1,2026-09-27,False
888b2c81e9fffff,-17.393194,-66.231174,2494,6932,2551.433,0.89306,1.0653,esperado,1,40.0,True,B1,2026-09-27,False
888b2c81ebfffff,-17.386578,-66.236421,2132,2330,2023.298,0.73357,0.0941,esperado,1,96.7,True,B1,2026-09-27,False
888b2c81edfffff,-17.391776,-66.222609,2864,8688,4125.425,0.85054,0.6863,esperado,1,55.3,True,B1,2026-09-27,False
888b2c8213fffff,-17.467395,-66.317727,231,6,16.178,0.52953,-0.3858,esperado,0,623.8,False,B1,2026-09-27,False
888b2c8217fffff,-17.465977,-66.309152,18,0,1.135,0.58938,-0.5362,esperado,0,609.6,False,B1,2026-09-27,False
888b2c8231fffff,-17.463141,-66.292005,18,0,0.083,0.92734,-0.2617,esperado,0,2137.6,False,B1,2026-09-27,False
888b2c8235fffff,-17.461722,-66.283433,103,0,0.979,0.61443,-0.5257,esperado,0,3038.6,False,B1,2026-09-27,False
888b2c8237fffff,-17.455106,-66.288683,59,0,0.273,0.81348,-0.3997,esperado,0,2424.1,False,B1,2026-09-27,False
888b2c8245fffff,-17.507085,-66.286216,29,0,0.084,0.92697,-0.2624,esperado,0,4987.9,False,B1,2026-09-27,False
888b2c824dfffff,-17.515119,-66.289538,15,0,0.192,0.85558,-0.3581,esperado,0,4602.1,False,B1,2026-09-27,False
888b2c8263fffff,-17.491019,-66.279573,50,0,0.143,0.88559,-0.3228,esperado,0,4773.6,False,B1,2026-09-27,False
888b2c8269fffff,-17.505665,-66.277643,21,0,0.067,0.94003,-0.239,esperado,0,5839.9,False,B1,2026-09-27,False
888b2c826bfffff,-17.499052,-66.282894,61,0,0.213,0.8443,-0.3701,esperado,0,5209.9,False,B1,2026-09-27,False
888b2c826dfffff,-17.504244,-66.269071,27,0,0.0,1.0,-0.001,esperado,0,5469.1,False,B1,2026-09-27,False
888b2c8281fffff,-17.439505,-66.33016,474,8,14.842,0.5948,-0.2824,esperado,1,221.7,False,B1,2026-09-27,False
888b2c8283fffff,-17.432886,-66.335412,470,26,20.338,0.75812,0.1712,esperado,1,229.8,False,B1,2026-09-27,False
888b2c8285fffff,-17.438089,-66.321584,257,8,11.111,0.65143,-0.1708,esperado,0,600.4,False,B1,2026-09-27,False
888b2c8287fffff,-17.43147,-66.326836,613,16,19.008,0.67622,-0.0972,esperado,1,77.5,False,B1,2026-09-27,False
888b2c8289fffff,-17.447541,-66.333484,581,22,26.217,0.67382,-0.0991,esperado,0,572.1,False,B1,2026-09-27,False
888b2c828bfffff,-17.440922,-66.338736,1006,42,21.749,0.83626,0.5728,esperado,1,155.7,False,B1,2026-09-27,False
888b2c828dfffff,-17.446124,-66.324908,224,9,9.161,0.71213,-0.0107,esperado,0,721.2,False,B1,2026-09-27,False
888b2c8291fffff,-17.427681,-66.349241,254,0,4.359,0.38023,-0.5948,esperado,1,281.9,False,B1,2026-09-27,False
888b2c8293fffff,-17.421059,-66.354493,499,23,9.067,0.88362,0.9339,esperado,1,151.1,False,B1,2026-09-27,False
888b2c8295fffff,-17.426265,-66.340664,573,5,15.598,0.50706,-0.4165,esperado,1,5.2,False,B1,2026-09-27,False
888b2c8297fffff,-17.419644,-66.345916,401,7,5.368,0.77081,0.1823,esperado,1,35.5,False,B1,2026-09-27,False
888b2c8299fffff,-17.435717,-66.352565,385,0,5.495,0.35006,-0.5999,esperado,1,392.5,False,B1,2026-09-27,False
888b2c829bfffff,-17.429096,-66.357818,294,23,4.099,0.97338,2.7355,exceso,0,561.7,False,B1,2026-09-27,False
888b2c829dfffff,-17.434301,-66.343988,562,7,9.644,0.65487,-0.1668,esperado,1,477.4,False,B1,2026-09-27,False
888b2c82a1fffff,-17.428637,-66.309687,37,0,1.917,0.50234,-0.5663,esperado,0,528.6,False,B1,2026-09-27,False
888b2c82a3fffff,-17.422018,-66.314938,301,1,13.758,0.3432,-0.5675,esperado,0,1259.0,False,B1,2026-09-27,False
888b2c82a5fffff,-17.42722,-66.301114,21,0,1.895,0.50418,-0.5657,esperado,0,1167.2,False,B1,2026-09-27,False
888b2c82a7fffff,-17.420601,-66.306365,559,9,26.83,0.50602,-0.4095,esperado,0,993.9,False,B1,2026-09-27,False
888b2c82a9fffff,-17.436672,-66.31301,198,0,9.903,0.28222,-0.6088,esperado,1,230.3,False,B1,2026-09-27,False
888b2c82abfffff,-17.430053,-66.318261,375,1,18.118,0.31001,-0.5802,esperado,1,312.4,False,B1,2026-09-27,False
888b2c82adfffff,-17.435255,-66.304436,15,0,1.268,0.57067,-0.5435,esperado,0,616.3,False,B1,2026-09-27,False
888b2c82b1fffff,-17.416814,-66.328764,1069,65,62.862,0.71311,0.021,esperado,1,365.7,False,B1,2026-09-27,False
888b2c82b3fffff,-17.410193,-66.334016,918,74,39.785,0.82875,0.5311,esperado,1,153.4,False,B1,2026-09-27,False
888b2c82b5fffff,-17.415398,-66.32019,944,10,114.931,0.3092,-0.5656,esperado,0,531.7,False,B1,2026-09-27,False
888b2c82b7fffff,-17.408777,-66.325441,986,17,83.467,0.41918,-0.493,esperado,1,233.3,False,B1,2026-09-27,False
888b2c82b9fffff,-17.42485,-66.332088,963,53,48.428,0.725,0.0583,esperado,1,99.6,False,B1,2026-09-27,False
888b2c82bbfffff,-17.418229,-66.33734,672,20,21.124,0.6987,-0.0327,esperado,1,231.3,False,B1,2026-09-27,False
888b2c82bdfffff,-17.423434,-66.323513,745,2,79.497,0.21116,-0.6035,esperado,0,879.1,False,B1,2026-09-27,False
888b2c82c1fffff,-17.462195,-66.331555,217,0,12.8,0.25651,-0.6114,esperado,1,246.8,False,B1,2026-09-27,False
888b2c82c3fffff,-17.455577,-66.336808,852,55,38.445,0.77873,0.2659,esperado,1,206.3,False,B1,2026-09-27,False
888b2c82c7fffff,-17.45416,-66.328231,547,12,32.266,0.52137,-0.3874,esperado,1,207.6,False,B1,2026-09-27,False
888b2c82c9fffff,-17.470231,-66.33488,787,67,57.514,0.73729,0.102,esperado,1,409.0,False,B1,2026-09-27,False
888b2c82cbfffff,-17.463612,-66.340132,936,20,42.236,0.56208,-0.3252,esperado,1,149.5,False,B1,2026-09-27,False
888b2c82cdfffff,-17.468813,-66.326303,22,0,1.541,0.53803,-0.555,esperado,0,726.9,False,B1,2026-09-27,False
888b2c82d1fffff,-17.450374,-66.350638,518,38,15.386,0.87876,0.9008,esperado,1,216.7,False,B1,2026-09-27,False
888b2c82d3fffff,-17.443753,-66.355891,621,3,14.442,0.44719,-0.4852,esperado,1,91.6,False,B1,2026-09-27,False
888b2c82d5fffff,-17.448958,-66.34206,745,52,22.129,0.87032,0.8305,esperado,1,161.9,False,B1,2026-09-27,False
888b2c82d7fffff,-17.442338,-66.347313,908,12,22.42,0.58899,-0.286,esperado,1,85.8,False,B1,2026-09-27,False
888b2c82d9fffff,-17.45841,-66.353963,1039,52,30.861,0.81057,0.4224,esperado,1,486.6,False,B1,2026-09-27,False
888b2c82dbfffff,-17.45179,-66.359216,981,325,29.139,0.9978,6.2594,exceso,1,18.6,False,B1,2026-09-27,False
888b2c82ddfffff,-17.456993,-66.345385,643,37,19.099,0.83702,0.5758,esperado,1,312.8,False,B1,2026-09-27,False
888b2c82e1fffff,-17.451325,-66.311081,172,0,15.721,0.23748,-0.6131,esperado,1,87.2,False,B1,2026-09-27,False
888b2c82e3fffff,-17.444708,-66.316333,37,0,2.112,0.48683,-0.5707,esperado,0,564.5,False,B1,2026-09-27,False
888b2c82e5fffff,-17.449908,-66.302507,88,0,4.543,0.37471,-0.5958,esperado,0,978.8,False,B1,2026-09-27,False
888b2c82e7fffff,-17.44329,-66.307759,294,0,24.732,0.20014,-0.6158,esperado,1,168.2,False,B1,2026-09-27,False
888b2c82e9fffff,-17.459361,-66.314404,224,47,11.972,0.94234,1.787,esperado,1,73.5,False,B1,2026-09-27,False
888b2c82ebfffff,-17.452743,-66.319656,48,0,2.566,0.45652,-0.5786,esperado,0,835.2,False,B1,2026-09-27,False
888b2c82edfffff,-17.457943,-66.30583,77,0,5.827,0.34273,-0.601,esperado,0,700.3,False,B1,2026-09-27,False
888b2c8301fffff,-17.475882,-66.233403,403,0,21.536,0.2109,-0.6151,esperado,0,714.6,False,B1,2026-09-27,False
888b2c8303fffff,-17.46927,-66.238652,423,12,13.362,0.69139,-0.0624,esperado,1,460.9,False,B1,2026-09-27,False
888b2c8305fffff,-17.474461,-66.224836,58,0,4.619,0.37249,-0.5962,esperado,0,984.6,False,B1,2026-09-27,False
888b2c8307fffff,-17.46785,-66.230085,676,10,37.751,0.46479,-0.4539,esperado,1,200.1,False,B1,2026-09-27,False
888b2c8309fffff,-17.483915,-66.236721,46,3,1.082,0.90458,0.9442,esperado,0,1659.3,False,B1,2026-09-27,False
888b2c830bfffff,-17.477303,-66.241971,526,6,9.282,0.63444,-0.215,esperado,0,1326.6,False,B1,2026-09-27,False
888b2c8311fffff,-17.464078,-66.252471,72,0,1.394,0.55476,-0.5493,esperado,0,988.0,False,B1,2026-09-27,False
888b2c8313fffff,-17.457464,-66.257721,26,3,0.353,0.98725,3.2148,exceso,0,573.3,False,B1,2026-09-27,False
888b2c8315fffff,-17.462658,-66.243902,45,0,0.202,0.85001,-0.3641,esperado,0,947.6,False,B1,2026-09-27,False
888b2c8317fffff,-17.456045,-66.249152,293,7,3.482,0.8498,0.5949,esperado,1,64.0,False,B1,2026-09-27,False
888b2c831dfffff,-17.470691,-66.247221,429,3,8.303,0.54113,-0.3875,esperado,0,1369.4,False,B1,2026-09-27,False
888b2c8321fffff,-17.465007,-66.212952,1813,78,164.437,0.55827,-0.3258,esperado,1,117.5,False,B1,2026-09-27,False
888b2c8323fffff,-17.458396,-66.218201,1333,20,111.515,0.39942,-0.5084,esperado,1,117.6,False,B1,2026-09-27,False
888b2c8325fffff,-17.463585,-66.204387,2471,316,240.098,0.76084,0.196,esperado,1,266.0,False,B1,2026-09-27,False
888b2c8327fffff,-17.456975,-66.209636,1131,55,102.58,0.58215,-0.2873,esperado,1,181.6,False,B1,2026-09-27,False
888b2c8329fffff,-17.473039,-66.216269,877,24,74.039,0.4928,-0.4183,esperado,1,291.0,False,B1,2026-09-27,False
888b2c832bfffff,-17.466428,-66.221518,488,16,40.825,0.52857,-0.3756,esperado,1,370.2,False,B1,2026-09-27,False
888b2c832dfffff,-17.471618,-66.207704,3712,407,310.733,0.75981,0.1921,esperado,1,9.5,False,B1,2026-09-27,False
888b2c8331fffff,-17.453204,-66.232016,728,10,23.7,0.54605,-0.3558,esperado,0,724.0,False,B1,2026-09-27,False
888b2c8333fffff,-17.446591,-66.237265,553,9,1.651,0.97016,2.4877,exceso,1,284.9,False,B1,2026-09-27,False
888b2c8335fffff,-17.451784,-66.22345,104,3,6.223,0.59445,-0.3119,esperado,0,676.6,False,B1,2026-09-27,False
888b2c8337fffff,-17.445171,-66.228698,1177,67,12.812,0.96906,2.5861,exceso,1,171.1,False,B1,2026-09-27,False
888b2c8339fffff,-17.461237,-66.235334,175,2,5.633,0.55306,-0.3872,esperado,1,436.6,False,B1,2026-09-27,False
888b2c833bfffff,-17.454625,-66.240583,527,13,2.184,0.97635,2.8339,exceso,1,360.5,False,B1,2026-09-27,False
888b2c833dfffff,-17.459817,-66.226767,506,30,28.83,0.71617,0.025,esperado,1,150.9,False,B1,2026-09-27,False
888b2c8343fffff,-17.491947,-66.24004,33,0,0.589,0.69944,-0.4826,esperado,0,2612.9,False,B1,2026-09-27,False
888b2c8345fffff,-17.497136,-66.226222,71,0,1.671,0.52468,-0.5594,esperado,0,2964.7,False,B1,2026-09-27,False
888b2c834bfffff,-17.49998,-66.243359,26,0,0.332,0.78712,-0.4222,esperado,0,3568.3,False,B1,2026-09-27,False
888b2c834dfffff,-17.505168,-66.22954,23,0,0.541,0.71321,-0.4743,esperado,0,3913.8,False,B1,2026-09-27,False
888b2c8351fffff,-17.486757,-66.25386,169,0,0.0,1.0,-0.001,esperado,0,2954.8,False,B1,2026-09-27,False
888b2c8353fffff,-17.480145,-66.25911,73,0,0.766,0.65602,-0.5062,esperado,0,2898.0,False,B1,2026-09-27,False
888b2c8355fffff,-17.485336,-66.24529,26,0,0.0,1.0,-0.001,esperado,0,2219.2,False,B1,2026-09-27,False
888b2c8357fffff,-17.478724,-66.25054,420,2,6.512,0.52716,-0.4178,esperado,0,2094.5,False,B1,2026-09-27,False
888b2c8367fffff,-17.47965,-66.211021,403,3,9.159,0.52362,-0.4088,esperado,0,578.7,False,B1,2026-09-27,False
888b2c8369fffff,-17.495713,-66.217655,45,0,0.769,0.65525,-0.5066,esperado,0,2474.8,False,B1,2026-09-27,False
888b2c8505fffff,-17.335477,-66.33508,135,8,2.975,0.89493,0.9863,esperado,0,1134.0,False,B1,2026-09-27,False
888b2c850dfffff,-17.343515,-66.338403,126,2,5.521,0.5567,-0.3826,esperado,0,778.8,False,B1,2026-09-27,False
888b2c8521fffff,-17.326027,-66.323185,112,0,0.161,0.87419,-0.3369,esperado,0,2273.1,False,B1,2026-09-27,False
888b2c8525fffff,-17.324615,-66.314613,140,0,1.244,0.57385,-0.5423,esperado,0,1911.7,False,B1,2026-09-27,False
888b2c8529fffff,-17.334065,-66.326507,126,0,1.352,0.5598,-0.5475,esperado,0,1315.5,False,B1,2026-09-27,False
888b2c852dfffff,-17.332652,-66.317935,233,3,2.308,0.7846,0.1722,esperado,0,1883.2,False,B1,2026-09-27,False
888b2c8541fffff,-17.35959,-66.34505,804,6,9.777,0.62429,-0.2351,esperado,1,339.9,False,B1,2026-09-27,False
888b2c8543fffff,-17.352965,-66.350301,43,17,0.405,1.0,18.2053,exceso,0,938.3,False,B1,2026-09-27,False
888b2c8545fffff,-17.358177,-66.336475,693,0,23.142,0.20524,-0.6154,esperado,0,502.9,False,B1,2026-09-27,False
888b2c8547fffff,-17.351552,-66.341726,359,0,9.8,0.28331,-0.6087,esperado,0,614.6,False,B1,2026-09-27,False
888b2c8549fffff,-17.367627,-66.348374,562,6,4.852,0.76246,0.1413,esperado,0,701.7,False,B1,2026-09-27,False
888b2c854bfffff,-17.361002,-66.353625,96,0,0.456,0.74021,-0.4569,esperado,0,817.6,False,B1,2026-09-27,False
888b2c854dfffff,-17.366214,-66.339799,1013,20,15.878,0.75619,0.1592,esperado,1,63.3,False,B1,2026-09-27,False
888b2c855dfffff,-17.354377,-66.358876,97,1,0.21,0.96062,1.387,esperado,0,1037.4,False,B1,2026-09-27,True
888b2c8561fffff,-17.348727,-66.324579,620,39,23.33,0.80951,0.4134,esperado,1,398.7,False,B1,2026-09-27,False
888b2c8563fffff,-17.342102,-66.329829,213,54,5.429,0.99601,5.3647,exceso,1,358.3,False,B1,2026-09-27,False
888b2c8565fffff,-17.347314,-66.316007,514,8,4.559,0.82506,0.4498,esperado,0,1254.6,False,B1,2026-09-27,False
888b2c8567fffff,-17.34069,-66.321257,392,3,2.372,0.77959,0.1523,esperado,0,1155.1,False,B1,2026-09-27,False
888b2c8569fffff,-17.356764,-66.327902,795,16,37.725,0.54296,-0.3555,esperado,1,373.2,False,B1,2026-09-27,False
888b2c856bfffff,-17.35014,-66.333152,731,10,26.014,0.52907,-0.3792,esperado,1,470.2,False,B1,2026-09-27,False
888b2c856dfffff,-17.355351,-66.319329,92,1,8.608,0.40677,-0.5366,esperado,1,492.9,False,B1,2026-09-27,False
888b2c8701fffff,-17.393153,-66.366925,421,0,9.633,0.28512,-0.6085,esperado,0,2012.0,True,B1,2026-09-27,False
888b2c8703fffff,-17.386528,-66.372177,310,0,6.173,0.33565,-0.602,esperado,0,2460.6,True,B1,2026-09-27,False
888b2c8705fffff,-17.391739,-66.358347,504,0,9.403,0.28769,-0.6082,esperado,0,1517.2,True,B1,2026-09-27,False
888b2c8707fffff,-17.385115,-66.363599,417,1,8.223,0.41346,-0.5327,esperado,0,1541.8,True,B1,2026-09-27,False
888b2c8709fffff,-17.40119,-66.37025,669,0,24.43,0.20107,-0.6157,esperado,0,1207.3,True,B1,2026-09-27,False
888b2c870bfffff,-17.394566,-66.375503,38,0,0.957,0.61838,-0.524,esperado,0,1995.1,True,B1,2026-09-27,False
888b2c870dfffff,-17.399777,-66.361672,548,0,14.643,0.2439,-0.6125,esperado,0,1184.4,True,B1,2026-09-27,False
888b2c8715fffff,-17.379903,-66.37743,78,0,0.723,0.6656,-0.5013,esperado,0,2075.1,True,B1,2026-09-27,True
888b2c871dfffff,-17.387941,-66.380756,68,0,1.363,0.55841,-0.548,esperado,0,2777.4,True,B1,2026-09-27,True
888b2c8721fffff,-17.382289,-66.346446,804,11,15.304,0.64755,-0.1724,esperado,1,95.5,True,B1,2026-09-27,False
888b2c8723fffff,-17.375665,-66.351698,213,1,3.24,0.56685,-0.4056,esperado,1,159.8,True,B1,2026-09-27,False
888b2c8725fffff,-17.380875,-66.337871,703,37,13.918,0.89043,1.0152,esperado,1,419.3,True,B1,2026-09-27,False
888b2c8727fffff,-17.374251,-66.343122,620,7,11.486,0.62046,-0.2384,esperado,0,665.5,True,B1,2026-09-27,False
888b2c8729fffff,-17.390326,-66.349771,547,0,24.027,0.20234,-0.6156,esperado,0,725.0,True,B1,2026-09-27,False
888b2c872bfffff,-17.383702,-66.355022,238,1,4.088,0.52579,-0.4481,esperado,0,642.2,True,B1,2026-09-27,False
888b2c872dfffff,-17.388912,-66.341195,959,12,43.537,0.46968,-0.4475,esperado,1,136.0,True,B1,2026-09-27,False
888b2c8731fffff,-17.370453,-66.365526,703,0,6.518,0.32909,-0.603,esperado,0,707.3,True,B1,2026-09-27,False
888b2c8733fffff,-17.363827,-66.370778,14,0,0.262,0.81876,-0.3949,esperado,1,353.7,True,B1,2026-09-27,True
888b2c8735fffff,-17.36904,-66.35695,441,3,8.432,0.53836,-0.3909,esperado,1,33.0,True,B1,2026-09-27,False
888b2c8737fffff,-17.362415,-66.362201,228,0,4.27,0.38302,-0.5943,esperado,1,125.9,True,B1,2026-09-27,False
888b2c8739fffff,-17.37849,-66.368852,203,92,1.882,1.0,27.0714,exceso,0,1623.8,True,B1,2026-09-27,False
888b2c873dfffff,-17.377078,-66.360274,97,0,1.934,0.50091,-0.5667,esperado,0,940.1,True,B1,2026-09-27,False
888b2c8741fffff,-17.415851,-66.368324,519,1,17.974,0.31093,-0.5798,esperado,1,438.0,True,B1,2026-09-27,False
888b2c8743fffff,-17.409228,-66.373576,780,7,21.303,0.50567,-0.4129,esperado,1,414.6,True,B1,2026-09-27,False
888b2c8745fffff,-17.414437,-66.359745,610,4,18.629,0.44511,-0.4823,esperado,1,79.1,True,B1,2026-09-27,False
888b2c8747fffff,-17.407814,-66.364998,854,11,24.225,0.55867,-0.3361,esperado,1,377.9,True,B1,2026-09-27,False
888b2c8749fffff,-17.423888,-66.37165,70,0,0.214,0.84365,-0.3707,esperado,0,556.6,True,B1,2026-09-27,False
888b2c874bfffff,-17.417265,-66.376903,544,0,6.513,0.32919,-0.603,esperado,1,476.0,True,B1,2026-09-27,False
888b2c874dfffff,-17.422474,-66.363071,429,22,17.969,0.75011,0.1378,esperado,1,299.8,True,B1,2026-09-27,False
888b2c8751fffff,-17.404017,-66.387409,10,0,0.156,0.87727,-0.3332,esperado,0,1375.3,True,B1,2026-09-27,True
888b2c8755fffff,-17.402604,-66.378829,344,1,5.365,0.47994,-0.4877,esperado,0,1148.6,True,B1,2026-09-27,False
888b2c8757fffff,-17.395979,-66.384082,19,0,0.296,0.8027,-0.4092,esperado,0,2035.1,True,B1,2026-09-27,True
888b2c8759fffff,-17.412054,-66.390736,135,1,2.106,0.64594,-0.2996,esperado,0,542.0,True,B1,2026-09-27,True
888b2c875dfffff,-17.410641,-66.382156,743,4,11.588,0.52499,-0.3998,esperado,0,701.9,True,B1,2026-09-27,False
888b2c8761fffff,-17.404986,-66.347843,563,4,28.743,0.38062,-0.5306,esperado,1,308.6,True,B1,2026-09-27,False
888b2c8763fffff,-17.398363,-66.353095,310,6,15.202,0.54079,-0.3709,esperado,0,1148.0,True,B1,2026-09-27,False
888b2c8765fffff,-17.403571,-66.339267,567,6,34.607,0.40503,-0.5101,esperado,1,45.0,True,B1,2026-09-27,False
888b2c8767fffff,-17.396949,-66.344519,640,7,34.799,0.42519,-0.493,esperado,0,650.5,True,B1,2026-09-27,False
888b2c8769fffff,-17.413022,-66.351168,667,5,28.076,0.41193,-0.5066,esperado,1,238.8,True,B1,2026-09-27,False
888b2c876bfffff,-17.4064,-66.35642,639,4,27.865,0.38496,-0.5278,esperado,1,344.2,True,B1,2026-09-27,False
888b2c876dfffff,-17.411608,-66.342591,858,13,43.525,0.4825,-0.4333,esperado,1,121.6,True,B1,2026-09-27,False
888b2c8807fffff,-17.345453,-66.123766,11,1,23.357,0.282,-0.5891,esperado,0,2077.7,True,B1,2026-09-27,False
888b2c8809fffff,-17.361517,-66.130387,1344,624,7419.264,0.29797,-0.5683,esperado,1,303.2,True,B1,2026-09-27,False
888b2c880bfffff,-17.354905,-66.135631,734,27,2495.567,0.13761,-0.6138,bajo_lo_esperado,0,973.1,True,B1,2026-09-27,False
888b2c880dfffff,-17.360096,-66.121833,477,69,1300.856,0.25117,-0.5875,esperado,1,468.8,True,B1,2026-09-27,False
888b2c8817fffff,-17.333646,-66.142808,58,1,49.172,0.21292,-0.6056,esperado,0,2062.2,True,B1,2026-09-27,False
888b2c8819fffff,-17.349711,-66.149431,943,130,775.128,0.38583,-0.5163,esperado,0,611.0,True,B1,2026-09-27,False
888b2c881bfffff,-17.343098,-66.154675,2945,230,2693.023,0.29991,-0.5675,esperado,0,666.6,True,B1,2026-09-27,False
888b2c881dfffff,-17.348292,-66.140875,624,26,512.916,0.2484,-0.5889,esperado,0,1387.3,True,B1,2026-09-27,False
888b2c8823fffff,-17.336001,-66.111904,52,0,0.825,0.64337,-0.5124,esperado,0,3317.0,True,B1,2026-09-27,False
888b2c8835fffff,-17.329389,-66.117147,31,2,0.492,0.94679,1.4243,esperado,0,3904.2,True,B1,2026-09-27,False
888b2c8841fffff,-17.37616,-66.128454,2425,7610,9674.846,0.65588,-0.1324,esperado,1,54.7,True,B1,2026-09-27,False
888b2c8843fffff,-17.369549,-66.133698,3529,9693,39156.555,0.4437,-0.4669,esperado,1,145.1,True,B1,2026-09-27,False
888b2c8845fffff,-17.374739,-66.119899,3548,6787,3655.388,0.82759,0.5316,esperado,1,140.3,True,B1,2026-09-27,False
888b2c8847fffff,-17.368128,-66.125143,3423,3148,10825.896,0.46998,-0.4401,esperado,1,72.8,True,B1,2026-09-27,False
888b2c8849fffff,-17.384191,-66.131765,131,427,573.046,0.64521,-0.1581,esperado,1,428.4,True,B1,2026-09-27,False
888b2c884bfffff,-17.377581,-66.137009,2367,7359,30299.404,0.44067,-0.4698,esperado,1,165.6,True,B1,2026-09-27,False
888b2c884dfffff,-17.38277,-66.12321,1507,3395,1228.427,0.8957,1.0943,esperado,1,328.6,True,B1,2026-09-27,False
888b2c8851fffff,-17.364357,-66.147498,3972,8771,34068.441,0.44999,-0.4608,esperado,1,91.0,True,B1,2026-09-27,False
888b2c8853fffff,-17.357744,-66.152743,3992,4173,19041.003,0.42464,-0.4845,esperado,1,140.8,True,B1,2026-09-27,False
888b2c8855fffff,-17.362937,-66.138942,2002,1523,19594.051,0.28919,-0.5723,esperado,1,60.2,True,B1,2026-09-27,False
888b2c8857fffff,-17.356325,-66.144187,1352,377,8510.672,0.23384,-0.593,esperado,0,522.4,True,B1,2026-09-27,False
888b2c8859fffff,-17.372389,-66.15081,4350,49864,65148.636,0.65036,-0.1456,esperado,1,66.0,True,B1,2026-09-27,False
888b2c885bfffff,-17.365777,-66.156055,4557,13237,40083.704,0.49155,-0.4156,esperado,1,75.6,True,B1,2026-09-27,False
888b2c885dfffff,-17.370969,-66.142254,4278,44930,64924.621,0.63014,-0.1911,esperado,1,24.5,True,B1,2026-09-27,False
888b2c8861fffff,-17.365286,-66.108036,932,179,872.467,0.41511,-0.4931,esperado,0,528.3,True,B1,2026-09-27,False
888b2c8865fffff,-17.363865,-66.099484,653,8,523.153,0.16067,-0.6108,bajo_lo_esperado,1,438.6,True,B1,2026-09-27,False
888b2c8867fffff,-17.357255,-66.104727,15,6,13.207,0.56675,-0.3338,esperado,0,1003.0,True,B1,2026-09-27,False
888b2c8869fffff,-17.373317,-66.111346,1782,2396,1852.107,0.75713,0.1822,esperado,1,48.1,True,B1,2026-09-27,False
888b2c886bfffff,-17.366707,-66.116589,2983,2002,3094.743,0.61679,-0.2191,esperado,1,73.5,True,B1,2026-09-27,False
888b2c886dfffff,-17.371896,-66.102793,2263,1407,1939.286,0.63967,-0.1703,esperado,1,202.4,True,B1,2026-09-27,False
888b2c8881fffff,-17.307185,-66.163784,46,0,21.93,0.20946,-0.6152,esperado,0,3279.5,False,B1,2026-09-27,True
888b2c8889fffff,-17.315219,-66.167097,19,1,9.073,0.39919,-0.5408,esperado,0,2418.9,False,B1,2026-09-27,False
888b2c889dfffff,-17.301984,-66.177585,16,0,1.954,0.49923,-0.5672,esperado,0,3055.3,False,B1,2026-09-27,True
888b2c88c5fffff,-17.32845,-66.156608,26,0,16.835,0.23144,-0.6136,esperado,0,1263.2,False,B1,2026-09-27,False
888b2c88c9fffff,-17.337901,-66.168477,2002,322,1410.62,0.43123,-0.4788,esperado,1,377.8,False,B1,2026-09-27,False
888b2c88cbfffff,-17.331286,-66.173722,312,35,160.725,0.42647,-0.4848,esperado,0,686.5,False,B1,2026-09-27,False
888b2c88cdfffff,-17.336483,-66.15992,786,91,583.004,0.37607,-0.5235,esperado,1,309.4,False,B1,2026-09-27,False
888b2c88d7fffff,-17.310019,-66.180899,13,0,1.604,0.53138,-0.5572,esperado,0,2107.3,False,B1,2026-09-27,False
888b2c88d9fffff,-17.326087,-66.187526,1132,65,143.236,0.55028,-0.3385,esperado,1,385.2,False,B1,2026-09-27,False
888b2c88dbfffff,-17.319469,-66.192771,52,0,9.618,0.28529,-0.6085,esperado,0,1304.9,False,B1,2026-09-27,False
888b2c88ddfffff,-17.32467,-66.178967,78,1,18.879,0.30531,-0.5818,esperado,0,781.3,False,B1,2026-09-27,False
888b2c88e7fffff,-17.310966,-66.14143,19,0,14.408,0.24539,-0.6124,esperado,0,3752.0,False,B1,2026-09-27,True
888b2c8901fffff,-17.343538,-66.067219,228,0,62.355,0.14068,-0.6186,bajo_lo_esperado,0,3165.0,False,B1,2026-09-27,True
888b2c8903fffff,-17.336929,-66.07246,26,1,11.159,0.37047,-0.5554,esperado,0,3860.5,False,B1,2026-09-27,True
888b2c8905fffff,-17.342116,-66.058671,357,0,75.376,0.13083,-0.619,bajo_lo_esperado,0,3568.4,False,B1,2026-09-27,True
888b2c890bfffff,-17.344959,-66.075767,31,0,13.704,0.25004,-0.612,esperado,0,3000.6,False,B1,2026-09-27,False
888b2c890dfffff,-17.350146,-66.061977,104,0,22.483,0.2075,-0.6153,esperado,0,2612.3,False,B1,2026-09-27,False
888b2c8911fffff,-17.33174,-66.086251,31,0,0.778,0.65336,-0.5075,esperado,0,4199.3,False,B1,2026-09-27,True
888b2c8919fffff,-17.339771,-66.089559,11,0,0.258,0.82056,-0.3933,esperado,0,3244.7,False,B1,2026-09-27,False
888b2c891dfffff,-17.33835,-66.081009,21,1,4.37,0.51434,-0.4587,esperado,0,3822.7,False,B1,2026-09-27,True
888b2c8941fffff,-17.366207,-66.068591,40,1,10.183,0.38296,-0.5493,esperado,0,703.4,False,B1,2026-09-27,False
888b2c8949fffff,-17.374237,-66.071898,1487,224,482.881,0.55316,-0.3325,esperado,1,31.8,False,B1,2026-09-27,False
888b2c894bfffff,-17.367629,-66.07714,243,14,110.584,0.35316,-0.541,esperado,0,733.1,False,B1,2026-09-27,False
888b2c894dfffff,-17.372814,-66.063349,476,4,80.336,0.25947,-0.5882,esperado,0,593.7,False,B1,2026-09-27,False
888b2c8961fffff,-17.355331,-66.048189,26,0,1.804,0.51217,-0.5633,esperado,0,2611.2,False,B1,2026-09-27,True
888b2c8963fffff,-17.348724,-66.05343,233,0,27.995,0.19094,-0.6163,bajo_lo_esperado,0,3211.2,False,B1,2026-09-27,True
888b2c8967fffff,-17.347301,-66.044883,78,0,5.41,0.35203,-0.5996,esperado,0,3567.0,False,B1,2026-09-27,True
888b2c896bfffff,-17.356754,-66.056736,35,7,4.391,0.80874,0.3535,esperado,0,2303.8,False,B1,2026-09-27,False
888b2c89c9fffff,-17.327969,-66.108595,46,4,0.73,0.9687,2.2486,esperado,0,4268.3,False,B1,2026-09-27,True
888b2c8a01fffff,-17.409708,-66.150256,4804,28521,15413.062,0.82696,0.5277,esperado,1,6.8,False,B1,2026-09-27,False
888b2c8a03fffff,-17.403097,-66.155502,3914,80049,31897.56,0.88044,0.9367,esperado,1,15.0,False,B1,2026-09-27,False
888b2c8a05fffff,-17.408286,-66.141699,1157,3562,2397.506,0.78474,0.3014,esperado,1,151.0,False,B1,2026-09-27,False
888b2c8a07fffff,-17.401676,-66.146944,3082,26047,27514.394,0.69355,-0.0331,esperado,1,9.6,False,B1,2026-09-27,False
888b2c8a09fffff,-17.417739,-66.153569,4863,10573,1607.215,0.98366,3.4612,exceso,1,139.9,False,B1,2026-09-27,False
888b2c8a0bfffff,-17.411129,-66.158815,3595,23242,15598.473,0.78529,0.3041,esperado,1,104.5,False,B1,2026-09-27,False
888b2c8a0dfffff,-17.416317,-66.145011,4843,6763,2402.464,0.89849,1.1262,esperado,1,45.2,False,B1,2026-09-27,False
888b2c8a11fffff,-17.397907,-66.169306,4031,19547,29298.268,0.62286,-0.2065,esperado,1,49.0,False,B1,2026-09-27,False
888b2c8a13fffff,-17.391294,-66.174552,4401,17320,24875.113,0.63136,-0.1885,esperado,1,81.7,False,B1,2026-09-27,False
888b2c8a15fffff,-17.396486,-66.160747,4746,90676,40646.473,0.86065,0.7638,esperado,1,55.5,False,B1,2026-09-27,False
888b2c8a17fffff,-17.389874,-66.165993,3953,25690,32263.608,0.65835,-0.1264,esperado,1,128.2,False,B1,2026-09-27,False
888b2c8a19fffff,-17.405939,-66.17262,4290,11111,23326.505,0.55762,-0.325,esperado,1,120.4,False,B1,2026-09-27,False
888b2c8a1bfffff,-17.399327,-66.177866,4499,9041,18917.788,0.55825,-0.324,esperado,1,159.2,False,B1,2026-09-27,False
888b2c8a1dfffff,-17.404518,-66.16406,3316,7667,24101.478,0.48513,-0.4231,esperado,1,67.6,False,B1,2026-09-27,False
888b2c8a21fffff,-17.398833,-66.129831,370,71,305.652,0.43506,-0.4761,esperado,1,454.4,False,B1,2026-09-27,False
888b2c8a23fffff,-17.392223,-66.135076,1327,3305,2809.332,0.7379,0.1095,esperado,1,141.6,False,B1,2026-09-27,False
888b2c8a25fffff,-17.397411,-66.121276,167,44,72.481,0.60676,-0.2432,esperado,0,643.9,False,B1,2026-09-27,False
888b2c8a27fffff,-17.390801,-66.12652,37,5,42.25,0.35476,-0.5446,esperado,0,872.1,False,B1,2026-09-27,False
888b2c8a29fffff,-17.406864,-66.133142,182,290,104.918,0.89579,1.0927,esperado,1,435.1,False,B1,2026-09-27,False
888b2c8a2bfffff,-17.400254,-66.138387,1463,6463,2474.237,0.88689,1.0003,esperado,1,82.4,False,B1,2026-09-27,False
888b2c8a2dfffff,-17.405442,-66.124586,332,458,129.757,0.92985,1.5674,esperado,1,382.7,False,B1,2026-09-27,False
888b2c8a31fffff,-17.387033,-66.148877,4160,77452,51269.749,0.788,0.3169,esperado,1,53.1,False,B1,2026-09-27,False
888b2c8a33fffff,-17.380422,-66.154122,3719,59673,54708.432,0.72247,0.0563,esperado,1,80.4,False,B1,2026-09-27,False
888b2c8a35fffff,-17.385612,-66.14032,1339,8514,8880.898,0.69613,-0.0256,esperado,1,77.0,False,B1,2026-09-27,False
888b2c8a37fffff,-17.379001,-66.145565,4031,36486,37451.455,0.69941,-0.016,esperado,1,81.3,False,B1,2026-09-27,False
888b2c8a39fffff,-17.395065,-66.152189,4538,152494,44399.889,0.92638,1.5107,esperado,1,67.9,False,B1,2026-09-27,False
888b2c8a3bfffff,-17.388454,-66.157435,4239,112578,43999.262,0.88358,0.9672,esperado,1,57.1,False,B1,2026-09-27,False
888b2c8a3dfffff,-17.393644,-66.143632,3491,46310,30390.34,0.78971,0.3251,esperado,1,162.6,False,B1,2026-09-27,False
888b2c8a41fffff,-17.43238,-66.151636,4759,4982,2527.23,0.83865,0.6027,esperado,1,56.2,False,B1,2026-09-27,False
888b2c8a43fffff,-17.425771,-66.156882,4830,8039,2325.043,0.92724,1.5249,esperado,1,38.1,False,B1,2026-09-27,False
888b2c8a45fffff,-17.430958,-66.143078,3576,552,2209.975,0.4453,-0.4655,esperado,1,66.9,False,B1,2026-09-27,False
888b2c8a47fffff,-17.424349,-66.148323,4706,1897,2545.415,0.64505,-0.1581,esperado,1,25.6,False,B1,2026-09-27,False
888b2c8a49fffff,-17.440411,-66.154949,4525,2327,2296.209,0.7075,0.0083,esperado,1,75.9,False,B1,2026-09-27,False
888b2c8a4bfffff,-17.433802,-66.160195,4512,4096,1837.858,0.86049,0.7624,esperado,1,29.4,False,B1,2026-09-27,False
888b2c8a4dfffff,-17.438989,-66.14639,4271,2939,2835.909,0.71207,0.0226,esperado,1,81.9,False,B1,2026-09-27,False
888b2c8a51fffff,-17.420582,-66.170687,2581,2073,865.223,0.87282,0.866,esperado,1,81.9,False,B1,2026-09-27,False
888b2c8a53fffff,-17.413971,-66.175934,1365,2229,3617.124,0.6072,-0.2381,esperado,1,158.5,False,B1,2026-09-27,False
888b2c8a55fffff,-17.419161,-66.162128,4772,5141,1687.118,0.91014,1.2702,esperado,1,91.5,False,B1,2026-09-27,False
888b2c8a57fffff,-17.41255,-66.167374,3920,9943,13046.67,0.6495,-0.1476,esperado,1,230.4,False,B1,2026-09-27,False
888b2c8a59fffff,-17.428614,-66.174001,1203,322,403.279,0.65924,-0.125,esperado,1,51.2,False,B1,2026-09-27,False
888b2c8a5bfffff,-17.422003,-66.179248,592,640,179.836,0.93088,1.5861,esperado,0,538.4,False,B1,2026-09-27,False
888b2c8a5dfffff,-17.427193,-66.165441,2802,1874,990.634,0.83109,0.5532,esperado,1,16.8,False,B1,2026-09-27,False
888b2c8a61fffff,-17.421504,-66.131209,3010,9514,1092.582,0.99373,4.7821,exceso,1,70.4,False,B1,2026-09-27,False
888b2c8a63fffff,-17.414895,-66.136454,507,825,175.58,0.96055,2.2927,exceso,1,297.7,False,B1,2026-09-27,False
888b2c8a65fffff,-17.420081,-66.122653,2893,2495,1107.753,0.86232,0.777,esperado,1,62.7,False,B1,2026-09-27,False
888b2c8a67fffff,-17.413473,-66.127897,644,1239,177.241,0.98644,3.7133,exceso,1,172.4,False,B1,2026-09-27,False
888b2c8a69fffff,-17.429535,-66.13452,4505,1443,2400.846,0.60233,-0.2476,esperado,1,85.9,False,B1,2026-09-27,False
888b2c8a6bfffff,-17.422926,-66.139765,4746,8174,2541.327,0.91768,1.3753,esperado,1,81.0,False,B1,2026-09-27,False
888b2c8a6dfffff,-17.428112,-66.125964,5058,4312,2225.935,0.83545,0.5815,esperado,1,16.5,False,B1,2026-09-27,False
888b2c8a81fffff,-17.36342,-66.186976,4830,5943,12170.1,0.56232,-0.3175,esperado,1,97.9,False,B1,2026-09-27,False
888b2c8a83fffff,-17.356805,-66.192222,3605,3205,1270.159,0.88134,0.9451,esperado,1,142.2,False,B1,2026-09-27,False
888b2c8a85fffff,-17.362001,-66.178417,5097,19271,8566.013,0.86211,0.7755,esperado,1,57.4,False,B1,2026-09-27,False
888b2c8a87fffff,-17.355386,-66.183662,4024,14797,1098.88,0.9992,7.734,exceso,1,16.3,False,B1,2026-09-27,False
888b2c8a89fffff,-17.371453,-66.190291,4791,9392,14551.0,0.6163,-0.22,esperado,1,67.6,False,B1,2026-09-27,False
888b2c8a8bfffff,-17.364838,-66.195537,3360,1715,6731.014,0.44836,-0.4624,esperado,1,23.5,False,B1,2026-09-27,False
888b2c8a8dfffff,-17.370034,-66.18173,4759,19927,20732.668,0.69665,-0.0241,esperado,1,136.0,False,B1,2026-09-27,False
888b2c8a91fffff,-17.351606,-66.206029,2544,805,2961.031,0.45896,-0.4518,esperado,1,69.5,False,B1,2026-09-27,False
888b2c8a93fffff,-17.344989,-66.211276,1228,2126,2724.297,0.65432,-0.1363,esperado,1,60.7,False,B1,2026-09-27,False
888b2c8a95fffff,-17.350189,-66.197468,2872,3659,2252.784,0.80216,0.3873,esperado,1,192.9,False,B1,2026-09-27,False
888b2c8a97fffff,-17.343572,-66.202714,2778,3441,2699.446,0.75415,0.1705,esperado,1,77.2,False,B1,2026-09-27,False
888b2c8a99fffff,-17.35964,-66.209345,2110,470,546.248,0.6743,-0.0866,esperado,1,281.2,False,B1,2026-09-27,False
888b2c8a9bfffff,-17.353023,-66.214591,809,218,175.815,0.74895,0.1487,esperado,1,170.8,False,B1,2026-09-27,False
888b2c8a9dfffff,-17.358222,-66.200783,2332,559,2343.4,0.43799,-0.4725,esperado,1,278.3,False,B1,2026-09-27,False
888b2c8aa1fffff,-17.352549,-66.166545,4252,3943,5078.103,0.65329,-0.1387,esperado,1,88.3,False,B1,2026-09-27,False
888b2c8aa3fffff,-17.345935,-66.17179,3627,4894,406.8,0.99852,6.8416,exceso,1,125.1,False,B1,2026-09-27,False
888b2c8aa5fffff,-17.351131,-66.157987,4148,2681,2386.153,0.72855,0.0767,esperado,1,20.3,False,B1,2026-09-27,False
888b2c8aa7fffff,-17.344516,-66.163232,3420,942,383.579,0.87693,0.9029,esperado,1,52.5,False,B1,2026-09-27,False
888b2c8aa9fffff,-17.360582,-66.169858,4576,11586,21885.106,0.57767,-0.292,esperado,1,58.7,False,B1,2026-09-27,False
888b2c8aabfffff,-17.353968,-66.175103,4220,7773,4948.186,0.79566,0.3542,esperado,1,41.2,False,B1,2026-09-27,False
888b2c8aadfffff,-17.359163,-66.1613,5240,6457,18196.268,0.50408,-0.4003,esperado,1,61.6,False,B1,2026-09-27,False
888b2c8ab1fffff,-17.340737,-66.185594,3335,959,670.233,0.77735,0.2673,esperado,1,220.9,False,B1,2026-09-27,False
888b2c8ab3fffff,-17.334121,-66.190839,2453,353,542.595,0.61817,-0.2168,esperado,1,224.5,False,B1,2026-09-27,False
888b2c8ab5fffff,-17.339319,-66.177035,3549,1630,423.245,0.9403,1.7685,esperado,1,21.4,False,B1,2026-09-27,False
888b2c8ab7fffff,-17.332703,-66.18228,3422,426,227.084,0.82965,0.5431,esperado,1,105.5,False,B1,2026-09-27,False
888b2c8ab9fffff,-17.348771,-66.188908,3861,6394,874.43,0.9883,3.9161,exceso,1,23.0,False,B1,2026-09-27,False
888b2c8abbfffff,-17.342155,-66.194154,2907,1239,723.642,0.81234,0.4418,esperado,1,150.5,False,B1,2026-09-27,False
888b2c8abdfffff,-17.347353,-66.180348,4362,3246,723.183,0.95635,2.1642,exceso,1,20.8,False,B1,2026-09-27,False
888b2c8ac1fffff,-17.386101,-66.188359,4447,12316,9479.034,0.75798,0.1857,esperado,1,19.0,False,B1,2026-09-27,False
888b2c8ac3fffff,-17.379487,-66.193605,4362,6897,7755.068,0.68082,-0.0687,esperado,1,76.2,False,B1,2026-09-27,False
888b2c8ac5fffff,-17.384681,-66.179798,4154,28745,15057.652,0.83274,0.5641,esperado,1,62.2,False,B1,2026-09-27,False
888b2c8ac7fffff,-17.378068,-66.185044,4707,15345,14037.978,0.72292,0.0578,esperado,1,72.0,False,B1,2026-09-27,False
888b2c8ac9fffff,-17.394134,-66.191673,5084,9217,6973.886,0.76141,0.1996,esperado,1,121.7,False,B1,2026-09-27,False
888b2c8acbfffff,-17.38752,-66.19692,3979,7779,5597.842,0.77146,0.2418,esperado,1,56.9,False,B1,2026-09-27,False
888b2c8acdfffff,-17.392714,-66.183112,3783,20622,9218.529,0.86113,0.7676,esperado,1,58.5,False,B1,2026-09-27,False
888b2c8ad1fffff,-17.37429,-66.207413,1914,775,3186.374,0.44102,-0.4696,esperado,1,99.2,False,B1,2026-09-27,False
888b2c8ad3fffff,-17.367674,-66.21266,1539,651,792.132,0.66492,-0.1105,esperado,1,1.2,False,B1,2026-09-27,False
888b2c8ad5fffff,-17.372872,-66.198852,2591,1524,4050.146,0.51451,-0.387,esperado,1,125.2,False,B1,2026-09-27,False
888b2c8ad7fffff,-17.366256,-66.204098,2115,646,2607.039,0.444,-0.4667,esperado,1,111.5,False,B1,2026-09-27,False
888b2c8ad9fffff,-17.382324,-66.210729,2425,2529,5373.898,0.55539,-0.3285,esperado,1,109.7,False,B1,2026-09-27,False
888b2c8adbfffff,-17.375708,-66.215976,1156,339,944.572,0.50637,-0.3977,esperado,1,370.3,False,B1,2026-09-27,False
888b2c8addfffff,-17.380905,-66.202167,3550,3739,6367.26,0.59774,-0.2561,esperado,1,16.0,False,B1,2026-09-27,False
888b2c8ae1fffff,-17.375229,-66.167926,5019,23758,55398.663,0.53811,-0.3544,esperado,1,116.4,False,B1,2026-09-27,False
888b2c8ae3fffff,-17.368615,-66.173171,4557,30707,40004.865,0.65094,-0.1442,esperado,1,81.2,False,B1,2026-09-27,False
888b2c8ae5fffff,-17.373809,-66.159367,4824,92158,46908.108,0.83802,0.5986,esperado,1,116.6,False,B1,2026-09-27,False
888b2c8ae7fffff,-17.367196,-66.164613,4603,30397,30340.454,0.70512,0.0012,esperado,1,54.0,False,B1,2026-09-27,False
888b2c8ae9fffff,-17.383262,-66.171239,4876,23054,55128.562,0.5335,-0.361,esperado,1,48.7,False,B1,2026-09-27,False
888b2c8aebfffff,-17.376648,-66.176485,4934,19475,46101.436,0.53535,-0.3584,esperado,1,36.1,False,B1,2026-09-27,False
888b2c8aedfffff,-17.381842,-66.16268,3732,47832,62019.63,0.65189,-0.142,esperado,1,37.9,False,B1,2026-09-27,False
888b2c8b01fffff,-17.399751,-66.090372,694,30,424.536,0.2813,-0.5764,esperado,0,774.1,False,B1,2026-09-27,False
888b2c8b03fffff,-17.393144,-66.095615,1600,565,1461.349,0.51948,-0.3806,esperado,1,58.7,False,B1,2026-09-27,False
888b2c8b05fffff,-17.398328,-66.08182,891,135,227.13,0.60091,-0.2515,esperado,1,78.9,False,B1,2026-09-27,False
888b2c8b07fffff,-17.391721,-66.087063,1870,1616,770.386,0.84987,0.681,esperado,1,147.7,False,B1,2026-09-27,False
888b2c8b09fffff,-17.407781,-66.093681,1393,202,207.468,0.69979,-0.0163,esperado,1,18.8,False,B1,2026-09-27,False
888b2c8b0bfffff,-17.401174,-66.098924,1031,115,685.809,0.3859,-0.5163,esperado,1,70.9,False,B1,2026-09-27,False
888b2c8b0dfffff,-17.406358,-66.085129,1331,127,120.738,0.71585,0.0321,esperado,1,64.3,False,B1,2026-09-27,False
888b2c8b11fffff,-17.387958,-66.109412,2926,4936,4413.53,0.72759,0.0735,esperado,1,114.5,False,B1,2026-09-27,False
888b2c8b13fffff,-17.381348,-66.114655,3454,3711,6354.309,0.59667,-0.2581,esperado,1,149.3,False,B1,2026-09-27,False
888b2c8b15fffff,-17.386535,-66.100859,2020,2796,2362.346,0.73913,0.1139,esperado,1,98.1,False,B1,2026-09-27,False
888b2c8b17fffff,-17.379927,-66.106102,2994,2626,3542.944,0.64393,-0.1606,esperado,1,172.4,False,B1,2026-09-27,False
888b2c8b19fffff,-17.395989,-66.112721,1906,689,3138.225,0.42503,-0.4843,esperado,1,26.2,False,B1,2026-09-27,False
888b2c8b1bfffff,-17.38938,-66.117965,3309,1827,6660.547,0.46035,-0.4503,esperado,1,196.6,False,B1,2026-09-27,False
888b2c8b1dfffff,-17.394566,-66.104168,1730,480,2517.888,0.40382,-0.5022,esperado,1,354.2,False,B1,2026-09-27,False
888b2c8b21fffff,-17.388874,-66.069962,1989,7885,215.195,1.0,22.0969,exceso,1,322.9,False,B1,2026-09-27,False
888b2c8b23fffff,-17.382267,-66.075205,2061,661,222.984,0.90619,1.2179,esperado,1,21.5,False,B1,2026-09-27,False
888b2c8b25fffff,-17.38745,-66.061413,1782,404,192.799,0.84978,0.6791,esperado,1,86.6,False,B1,2026-09-27,False
888b2c8b27fffff,-17.380844,-66.066655,1523,366,164.777,0.86002,0.7569,esperado,1,234.0,False,B1,2026-09-27,False
888b2c8b29fffff,-17.396904,-66.07327,922,228,98.439,0.86727,0.8151,esperado,0,613.9,False,B1,2026-09-27,False
888b2c8b2bfffff,-17.390297,-66.078513,2278,3034,246.462,0.99869,7.0129,exceso,1,49.8,False,B1,2026-09-27,False
888b2c8b2dfffff,-17.39548,-66.06472,1187,1509,122.086,0.99871,7.0383,exceso,1,269.0,False,B1,2026-09-27,False
888b2c8b31fffff,-17.377082,-66.088998,1792,1475,637.576,0.86692,0.8148,esperado,1,18.7,False,B1,2026-09-27,False
888b2c8b33fffff,-17.370474,-66.094241,1009,429,687.176,0.60997,-0.2331,esperado,1,264.2,False,B1,2026-09-27,False
888b2c8b35fffff,-17.37566,-66.080447,1611,660,174.298,0.93835,1.7273,esperado,1,52.6,False,B1,2026-09-27,False
888b2c8b37fffff,-17.369052,-66.08569,503,27,177.542,0.37482,-0.5256,esperado,1,483.0,False,B1,2026-09-27,False
888b2c8b39fffff,-17.385113,-66.092307,2356,1917,1353.42,0.77529,0.2584,esperado,1,249.7,False,B1,2026-09-27,False
888b2c8b3bfffff,-17.378505,-66.09755,2030,2115,1438.668,0.78267,0.2917,esperado,1,43.5,False,B1,2026-09-27,False
888b2c8b3dfffff,-17.38369,-66.083755,2409,1346,773.755,0.81536,0.4588,esperado,1,84.2,False,B1,2026-09-27,False
888b2c8b41fffff,-17.422418,-66.091746,1719,76,266.705,0.46797,-0.4434,esperado,1,130.0,False,B1,2026-09-27,False
888b2c8b43fffff,-17.415811,-66.09699,1797,307,813.582,0.5153,-0.3863,esperado,1,114.4,False,B1,2026-09-27,False
888b2c8b45fffff,-17.420993,-66.083194,622,46,17.278,0.89051,1.0203,esperado,1,415.3,False,B1,2026-09-27,False
888b2c8b47fffff,-17.414388,-66.088437,1647,328,150.879,0.85629,0.7275,esperado,1,43.0,False,B1,2026-09-27,False
888b2c8b49fffff,-17.430447,-66.095055,145,10,32.677,0.489,-0.4281,esperado,0,619.2,False,B1,2026-09-27,False
888b2c8b4bfffff,-17.423841,-66.100299,192,5,57.872,0.31563,-0.565,esperado,0,522.6,False,B1,2026-09-27,False
888b2c8b4dfffff,-17.429023,-66.086502,46,0,1.478,0.54493,-0.5527,esperado,0,530.7,False,B1,2026-09-27,False
888b2c8b51fffff,-17.410628,-66.110787,1002,205,678.4,0.47692,-0.4329,esperado,1,140.9,False,B1,2026-09-27,False
888b2c8b53fffff,-17.40402,-66.116032,1082,217,1076.619,0.41235,-0.4954,esperado,1,135.1,False,B1,2026-09-27,False
888b2c8b55fffff,-17.409204,-66.102234,1181,241,714.465,0.49566,-0.4111,esperado,1,103.3,False,B1,2026-09-27,False
888b2c8b57fffff,-17.402597,-66.107477,1626,715,1473.438,0.56127,-0.3194,esperado,1,7.7,False,B1,2026-09-27,False
888b2c8b59fffff,-17.418658,-66.114097,1417,389,763.094,0.57074,-0.3041,esperado,1,284.3,False,B1,2026-09-27,False
888b2c8b5dfffff,-17.417235,-66.105543,218,37,106.362,0.50351,-0.4039,esperado,1,436.3,False,B1,2026-09-27,False
888b2c8b61fffff,-17.411539,-66.071335,1030,104,52.799,0.83904,0.5996,esperado,1,104.4,False,B1,2026-09-27,False
888b2c8b63fffff,-17.404934,-66.076577,1544,134,79.147,0.81066,0.429,esperado,1,187.0,False,B1,2026-09-27,False
888b2c8b65fffff,-17.410115,-66.062785,720,32,35.051,0.68941,-0.0537,esperado,1,370.4,False,B1,2026-09-27,False
888b2c8b67fffff,-17.40351,-66.068027,953,112,48.296,0.86767,0.8153,esperado,1,195.4,False,B1,2026-09-27,False
888b2c8b69fffff,-17.419569,-66.074642,730,25,31.203,0.66391,-0.1226,esperado,1,109.0,False,B1,2026-09-27,False
888b2c8b6bfffff,-17.412964,-66.079885,1372,237,58.644,0.94564,1.8811,esperado,1,68.0,False,B1,2026-09-27,False
888b2c8b6dfffff,-17.418144,-66.066092,585,20,27.933,0.64242,-0.175,esperado,1,207.5,False,B1,2026-09-27,False
888b2c8c4bfffff,-17.294853,-66.270379,48,0,0.207,0.84739,-0.3669,esperado,0,2457.1,False,B1,2026-09-27,False
888b2c8c51fffff,-17.281604,-66.280874,52,0,3.535,0.40919,-0.5893,esperado,0,1384.2,False,B1,2026-09-27,True
888b2c8c59fffff,-17.289642,-66.284193,100,0,12.432,0.25931,-0.6111,esperado,0,882.8,False,B1,2026-09-27,False
888b2c8c5bfffff,-17.283016,-66.289441,26,0,1.485,0.5442,-0.553,esperado,0,595.1,False,B1,2026-09-27,True
888b2c8c5dfffff,-17.288229,-66.275626,21,0,2.477,0.46191,-0.5773,esperado,0,1768.5,False,B1,2026-09-27,True
888b2c8c69fffff,-17.290614,-66.244685,73,0,4.832,0.36655,-0.5972,esperado,0,3440.6,False,B1,2026-09-27,True
888b2c8c6dfffff,-17.2892,-66.236122,284,0,28.331,0.19008,-0.6164,bajo_lo_esperado,0,3238.5,False,B1,2026-09-27,True
888b2c8e01fffff,-17.327,-66.283655,1631,37,104.423,0.50674,-0.3999,esperado,1,298.9,False,B1,2026-09-27,False
888b2c8e03fffff,-17.320377,-66.288904,1099,6,45.002,0.36796,-0.5355,esperado,0,644.0,False,B1,2026-09-27,False
888b2c8e05fffff,-17.325586,-66.275088,973,24,96.404,0.44884,-0.4651,esperado,0,748.5,False,B1,2026-09-27,False
888b2c8e07fffff,-17.318963,-66.280336,1453,66,124.872,0.57906,-0.2921,esperado,1,150.1,False,B1,2026-09-27,False
888b2c8e09fffff,-17.335036,-66.286975,1586,88,85.583,0.71157,0.0175,esperado,1,324.6,False,B1,2026-09-27,False
888b2c8e0bfffff,-17.328413,-66.292224,1482,7,36.237,0.41902,-0.498,esperado,0,1018.3,False,B1,2026-09-27,False
888b2c8e0dfffff,-17.333622,-66.278407,748,18,52.08,0.50543,-0.4046,esperado,0,524.5,False,B1,2026-09-27,False
888b2c8e11fffff,-17.315165,-66.302722,58,0,2.904,0.43783,-0.5831,esperado,0,1020.1,False,B1,2026-09-27,False
888b2c8e15fffff,-17.313753,-66.294152,881,23,59.99,0.52255,-0.3814,esperado,1,326.3,False,B1,2026-09-27,False
888b2c8e19fffff,-17.323202,-66.306042,935,0,5.784,0.34366,-0.6009,esperado,0,1458.6,False,B1,2026-09-27,False
888b2c8e1dfffff,-17.32179,-66.297473,494,0,15.935,0.23628,-0.6132,esperado,0,1267.6,False,B1,2026-09-27,False
888b2c8e21fffff,-17.316136,-66.263202,589,44,56.329,0.65694,-0.1354,esperado,0,1999.4,False,B1,2026-09-27,False
888b2c8e23fffff,-17.309513,-66.26845,37,0,3.192,0.42389,-0.5862,esperado,0,1742.1,False,B1,2026-09-27,False
888b2c8e25fffff,-17.314722,-66.254637,399,13,44.025,0.48057,-0.4354,esperado,0,1767.2,False,B1,2026-09-27,False
888b2c8e29fffff,-17.324172,-66.266521,810,18,75.009,0.44436,-0.4704,esperado,0,1461.2,False,B1,2026-09-27,False
888b2c8e2bfffff,-17.31755,-66.271769,1516,25,140.65,0.39718,-0.5095,esperado,0,1074.8,False,B1,2026-09-27,False
888b2c8e2dfffff,-17.322758,-66.257955,941,26,100.577,0.4546,-0.4592,esperado,0,1265.8,False,B1,2026-09-27,False
888b2c8e33fffff,-17.297679,-66.287513,63,1,10.704,0.37611,-0.5527,esperado,0,914.1,False,B1,2026-09-27,False
888b2c8e35fffff,-17.30289,-66.273698,10,0,0.0,1.0,-0.001,esperado,0,1770.3,False,B1,2026-09-27,False
888b2c8e37fffff,-17.296266,-66.278945,27,0,0.0,1.0,-0.001,esperado,0,1699.0,False,B1,2026-09-27,False
888b2c8e39fffff,-17.31234,-66.285584,1004,14,79.323,0.39906,-0.5098,esperado,1,205.4,False,B1,2026-09-27,False
888b2c8e3bfffff,-17.305716,-66.290832,131,19,12.259,0.79701,0.336,esperado,1,399.2,False,B1,2026-09-27,False
888b2c8e3dfffff,-17.310927,-66.277017,95,0,12.091,0.26203,-0.6109,esperado,0,934.4,False,B1,2026-09-27,False
888b2c8e41fffff,-17.349695,-66.285046,1120,70,53.67,0.76,0.1881,esperado,1,254.5,False,B1,2026-09-27,False
888b2c8e43fffff,-17.343073,-66.290295,1552,63,76.942,0.66571,-0.1122,esperado,1,236.2,False,B1,2026-09-27,False
888b2c8e45fffff,-17.34828,-66.276478,368,9,21.355,0.54701,-0.3558,esperado,0,1051.8,False,B1,2026-09-27,False
888b2c8e47fffff,-17.341658,-66.281727,1294,32,75.091,0.54042,-0.3552,esperado,1,395.5,False,B1,2026-09-27,False
888b2c8e49fffff,-17.357731,-66.288367,1905,114,123.125,0.68993,-0.0459,esperado,1,243.9,False,B1,2026-09-27,False
888b2c8e4bfffff,-17.351109,-66.293616,689,3,33.523,0.32917,-0.5618,esperado,1,110.2,False,B1,2026-09-27,False
888b2c8e4dfffff,-17.356316,-66.279798,1410,75,67.566,0.72734,0.0681,esperado,1,417.6,False,B1,2026-09-27,False
888b2c8e51fffff,-17.337863,-66.304114,490,4,5.364,0.67078,-0.1524,esperado,1,488.9,False,B1,2026-09-27,False
888b2c8e53fffff,-17.33124,-66.309364,591,0,5.454,0.351,-0.5997,esperado,0,1047.3,False,B1,2026-09-27,False
888b2c8e55fffff,-17.33645,-66.295544,1220,6,13.354,0.56468,-0.3369,esperado,1,463.2,False,B1,2026-09-27,False
888b2c8e57fffff,-17.329827,-66.300793,809,28,7.466,0.93714,1.6643,esperado,0,598.6,False,B1,2026-09-27,False
888b2c8e59fffff,-17.3459,-66.307436,146,0,4.259,0.38335,-0.5943,esperado,0,1046.2,False,B1,2026-09-27,False
888b2c8e5bfffff,-17.339277,-66.312685,562,3,6.908,0.57486,-0.3417,esperado,0,1378.4,False,B1,2026-09-27,False
888b2c8e5dfffff,-17.344487,-66.298865,814,3,22.077,0.38388,-0.5316,esperado,1,153.1,False,B1,2026-09-27,False
888b2c8e61fffff,-17.338829,-66.264591,2494,1053,222.795,0.96108,2.3103,exceso,1,61.0,False,B1,2026-09-27,False
888b2c8e63fffff,-17.332208,-66.269839,1605,94,149.969,0.61169,-0.2313,esperado,0,651.5,False,B1,2026-09-27,False
888b2c8e65fffff,-17.337415,-66.256025,1115,70,63.332,0.72657,0.0651,esperado,1,209.3,False,B1,2026-09-27,False
888b2c8e67fffff,-17.330794,-66.261273,1468,55,120.987,0.55092,-0.3379,esperado,0,623.6,False,B1,2026-09-27,False
888b2c8e69fffff,-17.346865,-66.26791,1426,165,112.139,0.78329,0.292,esperado,0,818.4,False,B1,2026-09-27,False
888b2c8e6bfffff,-17.340244,-66.273159,931,21,73.863,0.47118,-0.443,esperado,0,617.5,False,B1,2026-09-27,False
888b2c8e6dfffff,-17.34545,-66.259343,1457,130,164.672,0.65745,-0.1305,esperado,1,15.0,False,B1,2026-09-27,False
888b2c8ee1fffff,-17.292465,-66.301329,168,0,10.5,0.27616,-0.6095,esperado,1,341.8,False,B1,2026-09-27,True
888b2c8ee3fffff,-17.285839,-66.306578,116,0,6.237,0.33441,-0.6022,esperado,0,963.3,False,B1,2026-09-27,True
888b2c8ee5fffff,-17.291054,-66.292761,95,22,0.503,1.0,19.9704,exceso,1,285.2,False,B1,2026-09-27,False
888b2c8ee7fffff,-17.284428,-66.298009,168,1,0.697,0.83836,0.2164,esperado,1,483.4,False,B1,2026-09-27,True
888b2c8eedfffff,-17.299091,-66.296081,11,13,0.274,1.0,18.5931,exceso,1,48.3,False,B1,2026-09-27,False
888b2c8f01fffff,-17.317098,-66.223699,562,56,547.45,0.32199,-0.5569,esperado,1,251.6,False,B1,2026-09-27,False
888b2c8f05fffff,-17.315683,-66.215137,112,3,74.591,0.24376,-0.594,esperado,0,552.7,False,B1,2026-09-27,False
888b2c8f07fffff,-17.309063,-66.220383,48,0,0.772,0.65459,-0.5069,esperado,0,1159.7,False,B1,2026-09-27,False
888b2c8f09fffff,-17.325133,-66.227015,1064,324,634.044,0.57126,-0.3033,esperado,1,366.9,False,B1,2026-09-27,False
888b2c8f0bfffff,-17.318514,-66.232262,581,23,197.845,0.33987,-0.5479,esperado,1,415.4,False,B1,2026-09-27,False
888b2c8f0dfffff,-17.323718,-66.218453,1237,160,1696.988,0.3114,-0.562,esperado,1,117.6,False,B1,2026-09-27,False
888b2c8f17fffff,-17.297236,-66.239438,84,0,1.444,0.54877,-0.5514,esperado,0,2529.0,False,B1,2026-09-27,True
888b2c8f19fffff,-17.313308,-66.246072,48,33,2.065,0.99957,8.533,exceso,0,1707.5,False,B1,2026-09-27,False
888b2c8f1dfffff,-17.311893,-66.237508,37,1,1.343,0.72877,-0.1398,esperado,0,1142.7,False,B1,2026-09-27,False
888b2c8f21fffff,-17.306232,-66.203262,17,0,0.911,0.62667,-0.5202,esperado,0,1640.2,False,B1,2026-09-27,False
888b2c8f23fffff,-17.299613,-66.208507,65,0,2.822,0.44208,-0.5821,esperado,0,2160.9,False,B1,2026-09-27,True
888b2c8f29fffff,-17.314267,-66.206576,47,10,5.382,0.83376,0.5143,esperado,0,711.7,False,B1,2026-09-27,False
888b2c8f2bfffff,-17.307648,-66.211822,21,0,2.222,0.47878,-0.5729,esperado,0,1253.6,False,B1,2026-09-27,False
888b2c8f39fffff,-17.302443,-66.225629,142,0,2.442,0.46411,-0.5767,esperado,0,1675.8,False,B1,2026-09-27,False
888b2c8f3dfffff,-17.301028,-66.217068,52,7,0.0,1.0,6999.9899,exceso,0,2080.5,False,B1,2026-09-27,True
888b2c8f41fffff,-17.339787,-66.225085,2262,4671,1686.527,0.89602,1.098,esperado,1,245.3,False,B1,2026-09-27,False
888b2c8f43fffff,-17.333168,-66.230331,1181,4247,904.484,0.96051,2.2927,exceso,1,232.1,False,B1,2026-09-27,False
888b2c8f45fffff,-17.338371,-66.216522,2094,8450,1875.181,0.95673,2.1755,exceso,1,21.5,False,B1,2026-09-27,False
888b2c8f47fffff,-17.331753,-66.221769,1522,2092,1362.954,0.79116,0.3319,esperado,1,105.6,False,B1,2026-09-27,False
888b2c8f49fffff,-17.347822,-66.228401,1099,160,769.839,0.41713,-0.4914,esperado,1,407.8,False,B1,2026-09-27,False
888b2c8f4bfffff,-17.341203,-66.233648,982,83,542.028,0.37352,-0.5253,esperado,1,223.6,False,B1,2026-09-27,False
888b2c8f4dfffff,-17.346406,-66.219838,1016,221,757.52,0.47098,-0.4394,esperado,1,417.6,False,B1,2026-09-27,False
888b2c8f51fffff,-17.327964,-66.244142,1432,186,59.864,0.91296,1.3033,esperado,1,116.1,False,B1,2026-09-27,False
888b2c8f53fffff,-17.321343,-66.24939,826,47,35.076,0.766,0.2098,esperado,0,869.2,False,B1,2026-09-27,False
888b2c8f55fffff,-17.326549,-66.235578,653,164,27.298,0.97858,3.0857,exceso,1,378.6,False,B1,2026-09-27,False
888b2c8f57fffff,-17.319929,-66.240825,852,92,36.18,0.88293,0.9523,esperado,0,1051.6,False,B1,2026-09-27,False
888b2c8f59fffff,-17.335999,-66.24746,284,14,50.683,0.46883,-0.4474,esperado,0,519.1,False,B1,2026-09-27,False
888b2c8f5bfffff,-17.329379,-66.252707,684,69,29.309,0.87044,0.8349,esperado,1,375.5,False,B1,2026-09-27,False
888b2c8f5dfffff,-17.334584,-66.238895,1045,266,178.767,0.78532,0.3025,esperado,1,246.2,False,B1,2026-09-27,False
888b2c8f61fffff,-17.32892,-66.204645,1125,268,770.332,0.501,-0.4045,esperado,1,92.3,False,B1,2026-09-27,False
888b2c8f63fffff,-17.322302,-66.209891,1056,126,723.085,0.39131,-0.5123,esperado,1,86.6,False,B1,2026-09-27,False
888b2c8f65fffff,-17.327504,-66.196085,2115,232,243.077,0.69566,-0.0283,esperado,1,471.0,False,B1,2026-09-27,False
888b2c8f67fffff,-17.320886,-66.201331,294,9,33.789,0.46681,-0.4527,esperado,0,811.3,False,B1,2026-09-27,False
888b2c8f69fffff,-17.336955,-66.20796,991,427,752.641,0.59127,-0.2684,esperado,1,198.5,False,B1,2026-09-27,False
888b2c8f6bfffff,-17.330336,-66.213206,908,113,644.45,0.39229,-0.5116,esperado,1,217.8,False,B1,2026-09-27,False
888b2c8f6dfffff,-17.335538,-66.199399,2820,1045,1744.048,0.60176,-0.2487,esperado,1,39.1,False,B1,2026-09-27,False
888b2c9023fffff,-17.570846,-66.264669,20,0,0.582,0.70156,-0.4813,esperado,0,1837.4,True,B1,2026-09-27,True
888b2c9027fffff,-17.569422,-66.256096,68,6,1.462,0.94642,1.7131,esperado,0,1047.4,True,B1,2026-09-27,False
888b2c902bfffff,-17.578878,-66.267991,14,1,0.397,0.91015,0.6727,esperado,0,2679.1,True,B1,2026-09-27,True
888b2c90a3fffff,-17.524573,-66.301435,33,1,0.0,1.0,999.9977,exceso,0,3322.5,False,B1,2026-09-27,False
888b2c90a7fffff,-17.523152,-66.29286,12,0,0.0,1.0,-0.001,esperado,0,4216.5,False,B1,2026-09-27,False
888b2c9101fffff,-17.57836,-66.219881,46,1,1.862,0.66874,-0.2616,esperado,0,3077.8,False,B1,2026-09-27,True
888b2c9105fffff,-17.576935,-66.211312,20,0,1.053,0.60213,-0.531,esperado,0,3089.7,False,B1,2026-09-27,True
888b2c9113fffff,-17.559967,-66.244204,245,11,30.33,0.51769,-0.393,esperado,1,18.8,False,B1,2026-09-27,False
888b2c9117fffff,-17.558543,-66.235634,14,3,1.436,0.86495,0.5999,esperado,1,339.7,False,B1,2026-09-27,False
888b2c9119fffff,-17.574605,-66.242273,12,0,1.273,0.56992,-0.5437,esperado,0,1535.7,False,B1,2026-09-27,True
888b2c911bfffff,-17.567998,-66.247524,42,0,4.718,0.36969,-0.5967,esperado,0,642.9,False,B1,2026-09-27,False
888b2c911dfffff,-17.57318,-66.233702,44,0,4.995,0.36223,-0.5979,esperado,0,1843.6,False,B1,2026-09-27,True
888b2c9121fffff,-17.567478,-66.199427,24,0,0.619,0.6913,-0.4873,esperado,0,2440.4,False,B1,2026-09-27,False
888b2c9123fffff,-17.560874,-66.204677,66,1,4.046,0.5276,-0.4464,esperado,0,1574.3,False,B1,2026-09-27,False
888b2c9129fffff,-17.575509,-66.202744,20,0,0.516,0.72078,-0.4696,esperado,0,3170.3,False,B1,2026-09-27,True
888b2c912bfffff,-17.568904,-66.207995,73,3,5.919,0.60394,-0.2965,esperado,0,2298.1,False,B1,2026-09-27,False
888b2c912dfffff,-17.574082,-66.194177,23,0,0.0,1.0,-0.001,esperado,0,3320.5,False,B1,2026-09-27,True
888b2c9133fffff,-17.549087,-66.223745,80,3,2.424,0.77558,0.1369,esperado,1,199.0,False,B1,2026-09-27,False
888b2c9135fffff,-17.554269,-66.209927,27,0,3.785,0.39958,-0.5912,esperado,0,700.4,False,B1,2026-09-27,False
888b2c9137fffff,-17.547663,-66.215177,104,1,8.957,0.40104,-0.5398,esperado,1,177.3,False,B1,2026-09-27,False
888b2c913dfffff,-17.562299,-66.213245,13,0,1.176,0.58336,-0.5386,esperado,0,1456.7,False,B1,2026-09-27,False
888b2c9181fffff,-17.532109,-66.256638,19,1,0.902,0.79797,0.0566,esperado,0,2204.5,False,B1,2026-09-27,False
888b2c9185fffff,-17.530687,-66.248067,42,0,1.726,0.51933,-0.5611,esperado,0,2197.1,False,B1,2026-09-27,False
888b2c9189fffff,-17.540141,-66.259958,46,0,2.306,0.47301,-0.5744,esperado,0,1655.7,False,B1,2026-09-27,False
888b2c918bfffff,-17.533532,-66.26521,107,0,4.781,0.36796,-0.597,esperado,0,2569.3,False,B1,2026-09-27,False
888b2c918dfffff,-17.538719,-66.251387,122,0,6.349,0.33224,-0.6025,esperado,0,1336.4,False,B1,2026-09-27,False
888b2c9199fffff,-17.528343,-66.279034,25,0,0.654,0.68231,-0.4923,esperado,0,4048.7,False,B1,2026-09-27,False
888b2c91a9fffff,-17.529264,-66.239497,41,0,1.072,0.59905,-0.5323,esperado,0,2550.0,False,B1,2026-09-27,False
888b2c91c1fffff,-17.554783,-66.258027,26,5,1.179,0.94949,1.7466,esperado,0,854.6,False,B1,2026-09-27,False
888b2c91c3fffff,-17.548174,-66.263279,57,0,2.584,0.45542,-0.5789,esperado,0,1566.3,False,B1,2026-09-27,False
888b2c91c5fffff,-17.553359,-66.249456,316,79,17.127,0.95868,2.2169,exceso,1,55.7,False,B1,2026-09-27,False
888b2c91c7fffff,-17.546751,-66.254707,148,2,7.609,0.50014,-0.4463,esperado,0,759.1,False,B1,2026-09-27,False
888b2c91c9fffff,-17.562814,-66.261348,67,1,3.1,0.57481,-0.3965,esperado,0,1182.0,False,B1,2026-09-27,False
888b2c91cbfffff,-17.556206,-66.2666,49,0,2.267,0.47563,-0.5737,esperado,0,1757.1,False,B1,2026-09-27,False
888b2c91cdfffff,-17.561391,-66.252776,263,7,12.594,0.60259,-0.2715,esperado,1,265.2,False,B1,2026-09-27,False
888b2c91d1fffff,-17.542986,-66.277104,43,0,2.263,0.47592,-0.5737,esperado,0,3127.1,False,B1,2026-09-27,False
888b2c91d3fffff,-17.536376,-66.282356,10,0,0.526,0.71766,-0.4716,esperado,0,3900.1,False,B1,2026-09-27,False
888b2c91d5fffff,-17.541564,-66.268531,38,51,1.669,1.0,16.5307,exceso,0,2325.0,False,B1,2026-09-27,False
888b2c91ddfffff,-17.549596,-66.271852,84,0,3.771,0.40012,-0.5911,esperado,0,2404.6,False,B1,2026-09-27,False
888b2c91e3fffff,-17.537296,-66.242816,38,0,1.758,0.5163,-0.562,esperado,0,1593.4,False,B1,2026-09-27,False
888b2c91e5fffff,-17.54248,-66.228996,15,0,0.462,0.73833,-0.4582,esperado,0,1025.9,False,B1,2026-09-27,False
888b2c91e7fffff,-17.535872,-66.234246,15,7,0.462,0.9986,6.4908,exceso,0,1898.0,False,B1,2026-09-27,False
888b2c91e9fffff,-17.551935,-66.240885,148,4,6.604,0.63012,-0.2378,esperado,0,601.8,False,B1,2026-09-27,False
888b2c91ebfffff,-17.545327,-66.246136,107,2,5.146,0.56953,-0.3659,esperado,0,637.5,False,B1,2026-09-27,False
888b2c91edfffff,-17.550511,-66.232315,77,3,2.968,0.73744,0.0064,esperado,1,276.0,False,B1,2026-09-27,False
888b2c9521fffff,-17.484883,-66.332951,47,0,1.993,0.49605,-0.5681,esperado,1,484.6,False,B1,2026-09-27,False
888b2c9523fffff,-17.478266,-66.338204,393,10,17.427,0.60423,-0.2616,esperado,1,176.1,False,B1,2026-09-27,False
888b2c9527fffff,-17.476848,-66.329627,122,33,5.174,0.98128,3.2198,exceso,1,457.0,False,B1,2026-09-27,False
888b2c9529fffff,-17.492918,-66.336276,198,2,8.397,0.48353,-0.4623,esperado,1,79.8,False,B1,2026-09-27,False
888b2c952bfffff,-17.486301,-66.341529,92,0,4.08,0.38922,-0.5932,esperado,1,360.1,False,B1,2026-09-27,False
888b2c9531fffff,-17.473065,-66.352036,143,0,6.506,0.32931,-0.603,esperado,0,1293.7,False,B1,2026-09-27,False
888b2c9533fffff,-17.466446,-66.357289,345,0,12.689,0.25734,-0.6113,esperado,0,1334.3,False,B1,2026-09-27,False
888b2c9535fffff,-17.471648,-66.343457,566,36,29.081,0.75073,0.1467,esperado,1,391.1,False,B1,2026-09-27,False
888b2c9537fffff,-17.465029,-66.34871,360,6,14.989,0.54337,-0.3674,esperado,0,538.7,False,B1,2026-09-27,False
888b2c9539fffff,-17.481101,-66.355361,37,0,1.605,0.53123,-0.5573,esperado,0,1687.7,False,B1,2026-09-27,False
888b2c953dfffff,-17.479683,-66.346782,132,8,6.138,0.76924,0.1826,esperado,0,764.2,False,B1,2026-09-27,False
888b2c9561fffff,-17.507569,-66.334348,29,0,2.036,0.49268,-0.569,esperado,1,26.4,False,B1,2026-09-27,True
888b2c9563fffff,-17.500953,-66.339601,18,0,0.743,0.661,-0.5036,esperado,0,619.7,False,B1,2026-09-27,True
888b2c9565fffff,-17.50615,-66.32577,33,0,2.071,0.4899,-0.5698,esperado,0,794.9,False,B1,2026-09-27,False
888b2c9567fffff,-17.499535,-66.331023,232,3,16.285,0.42848,-0.5003,esperado,1,286.2,False,B1,2026-09-27,False
888b2c9585fffff,-17.447999,-66.381629,106,0,1.278,0.56924,-0.544,esperado,0,745.0,False,B1,2026-09-27,False
888b2c9587fffff,-17.441377,-66.386883,217,2,2.359,0.7174,-0.0875,esperado,0,1109.3,False,B1,2026-09-27,False
888b2c95a1fffff,-17.438547,-66.369723,172,2,2.138,0.73593,-0.0369,esperado,0,644.8,False,B1,2026-09-27,False
888b2c95a3fffff,-17.431925,-66.374976,133,0,1.958,0.49887,-0.5673,esperado,1,396.3,False,B1,2026-09-27,False
888b2c95a5fffff,-17.437132,-66.361144,565,1,6.368,0.45239,-0.508,esperado,1,73.9,False,B1,2026-09-27,False
888b2c95a7fffff,-17.43051,-66.366397,353,2,4.388,0.59911,-0.3238,esperado,1,80.6,False,B1,2026-09-27,False
888b2c95a9fffff,-17.446584,-66.373049,419,0,10.922,0.27214,-0.6099,esperado,1,26.7,False,B1,2026-09-27,False
888b2c95abfffff,-17.439962,-66.378303,293,5,4.314,0.75269,0.0945,esperado,1,193.7,False,B1,2026-09-27,False
888b2c95adfffff,-17.445169,-66.364469,596,1,13.86,0.34226,-0.5679,esperado,1,28.1,False,B1,2026-09-27,False
888b2c95b1fffff,-17.426716,-66.38881,348,1,1.166,0.75403,-0.0767,esperado,0,1078.6,False,B1,2026-09-27,False
888b2c95b3fffff,-17.420092,-66.394063,173,0,0.604,0.6954,-0.4849,esperado,0,715.2,False,B1,2026-09-27,True
888b2c95b5fffff,-17.425302,-66.380229,169,0,1.837,0.50919,-0.5642,esperado,1,164.9,False,B1,2026-09-27,False
888b2c95b7fffff,-17.418679,-66.385483,400,16,1.406,0.99714,5.7049,exceso,1,130.7,False,B1,2026-09-27,False
888b2c95b9fffff,-17.434753,-66.392137,70,0,0.235,0.83261,-0.3818,esperado,0,1708.9,False,B1,2026-09-27,True
888b2c95bdfffff,-17.433339,-66.383556,11,0,0.12,0.90111,-0.3021,esperado,0,950.8,False,B1,2026-09-27,False
888b2c95e1fffff,-17.461242,-66.371122,206,0,1.397,0.55439,-0.5494,esperado,0,1472.6,False,B1,2026-09-27,False
888b2c95e3fffff,-17.454621,-66.376376,48,0,0.971,0.61582,-0.5251,esperado,0,794.4,False,B1,2026-09-27,False
888b2c95e5fffff,-17.459826,-66.362542,778,17,5.505,0.9129,1.2528,esperado,0,861.1,False,B1,2026-09-27,False
888b2c95e7fffff,-17.453205,-66.367796,474,0,3.354,0.41674,-0.5877,esperado,0,542.9,False,B1,2026-09-27,False
888b2c95edfffff,-17.467862,-66.365868,59,0,0.4,0.7601,-0.4429,esperado,0,1806.9,False,B1,2026-09-27,False
888b2c9803fffff,-17.505566,-66.141968,58,0,3.683,0.4034,-0.5904,esperado,0,2474.2,False,B1,2026-09-27,False
888b2c9811fffff,-17.500386,-66.155775,253,1,15.554,0.32804,-0.5736,esperado,0,902.3,False,B1,2026-09-27,False
888b2c9813fffff,-17.49378,-66.161023,1294,22,86.267,0.45311,-0.4613,esperado,0,589.8,False,B1,2026-09-27,False
888b2c9817fffff,-17.492356,-66.152462,273,4,24.993,0.4005,-0.5173,esperado,0,776.5,False,B1,2026-09-27,False
888b2c9819fffff,-17.508416,-66.159089,85,0,3.604,0.40648,-0.5898,esperado,0,1133.9,False,B1,2026-09-27,False
888b2c981bfffff,-17.501811,-66.164337,610,14,26.86,0.58261,-0.295,esperado,1,216.2,False,B1,2026-09-27,False
888b2c9821fffff,-17.501288,-66.116292,89,1,6.763,0.44299,-0.5143,esperado,0,1640.4,False,B1,2026-09-27,False
888b2c9823fffff,-17.494685,-66.121538,366,23,21.269,0.72495,0.0501,esperado,0,941.4,False,B1,2026-09-27,False
888b2c9827fffff,-17.493259,-66.112981,691,40,52.51,0.65213,-0.1473,esperado,0,947.8,False,B1,2026-09-27,False
888b2c9833fffff,-17.482901,-66.140589,442,3,27.889,0.35236,-0.55,esperado,0,760.3,False,B1,2026-09-27,False
888b2c9835fffff,-17.488081,-66.126784,599,6,33.105,0.4116,-0.5051,esperado,0,879.2,False,B1,2026-09-27,False
888b2c9837fffff,-17.481476,-66.13203,1742,26,83.863,0.48483,-0.4272,esperado,0,566.4,False,B1,2026-09-27,False
888b2c983bfffff,-17.490931,-66.143902,45,0,3.485,0.41123,-0.5889,esperado,0,1088.4,False,B1,2026-09-27,False
888b2c9853fffff,-17.516447,-66.162403,20,0,1.36,0.5589,-0.5478,esperado,0,1457.2,False,B1,2026-09-27,False
888b2c985bfffff,-17.524477,-66.165718,45,0,7.55,0.3119,-0.6053,esperado,0,1305.5,False,B1,2026-09-27,False
888b2c9861fffff,-17.523948,-66.117669,93,1,4.372,0.51425,-0.4588,esperado,0,3289.7,False,B1,2026-09-27,False
888b2c9865fffff,-17.522521,-66.109111,224,8,14.098,0.60472,-0.2648,esperado,0,2406.4,False,B1,2026-09-27,False
888b2c9867fffff,-17.515919,-66.114358,72,5,4.327,0.75211,0.0925,esperado,0,2678.5,False,B1,2026-09-27,False
888b2c9869fffff,-17.531977,-66.120981,201,2,7.041,0.51348,-0.4326,esperado,0,3852.3,False,B1,2026-09-27,False
888b2c986bfffff,-17.525375,-66.126228,64,0,2.011,0.49459,-0.5685,esperado,0,4189.0,False,B1,2026-09-27,False
888b2c986dfffff,-17.53055,-66.112423,199,2,9.927,0.45616,-0.4862,esperado,0,2939.1,False,B1,2026-09-27,False
888b2c9881fffff,-17.465928,-66.17345,1567,360,539.591,0.62316,-0.2065,esperado,1,402.6,False,B1,2026-09-27,False
888b2c9883fffff,-17.459319,-66.178698,1092,74,483.85,0.37348,-0.5254,esperado,1,274.0,False,B1,2026-09-27,False
888b2c9885fffff,-17.464505,-66.164889,1781,294,495.908,0.59996,-0.2526,esperado,1,80.4,False,B1,2026-09-27,False
888b2c9887fffff,-17.457897,-66.170136,2211,691,1329.763,0.57427,-0.298,esperado,1,253.0,False,B1,2026-09-27,False
888b2c9889fffff,-17.473959,-66.176765,1560,207,38.629,0.97109,2.6914,exceso,1,111.5,False,B1,2026-09-27,False
888b2c988bfffff,-17.467351,-66.182012,1001,33,77.283,0.54068,-0.3547,esperado,0,892.3,False,B1,2026-09-27,False
888b2c988dfffff,-17.472536,-66.168203,2165,464,214.769,0.85516,0.7195,esperado,1,201.9,False,B1,2026-09-27,False
888b2c9891fffff,-17.454132,-66.192508,657,19,60.951,0.48725,-0.4258,esperado,1,133.4,False,B1,2026-09-27,False
888b2c9893fffff,-17.447521,-66.197755,2360,143,266.353,0.58115,-0.2872,esperado,1,208.2,False,B1,2026-09-27,False
888b2c9895fffff,-17.45271,-66.183945,663,9,116.452,0.29654,-0.5716,esperado,0,558.4,False,B1,2026-09-27,False
888b2c9897fffff,-17.4461,-66.189192,988,29,161.989,0.3977,-0.5088,esperado,0,587.5,False,B1,2026-09-27,False
888b2c9899fffff,-17.462164,-66.195823,1086,19,95.044,0.41576,-0.4955,esperado,0,624.8,False,B1,2026-09-27,False
888b2c989bfffff,-17.455553,-66.201071,2223,262,224.665,0.73645,0.103,esperado,1,111.4,False,B1,2026-09-27,False
888b2c989dfffff,-17.460742,-66.18726,1508,130,139.9,0.69056,-0.0439,esperado,1,286.7,False,B1,2026-09-27,False
888b2c98a1fffff,-17.455051,-66.153015,1983,544,1038.391,0.57587,-0.2954,esperado,1,235.8,False,B1,2026-09-27,False
888b2c98a3fffff,-17.448443,-66.158262,3400,896,2944.793,0.47767,-0.4317,esperado,1,226.0,False,B1,2026-09-27,False
888b2c98a5fffff,-17.453627,-66.144456,1547,490,1029.854,0.55764,-0.3252,esperado,1,215.6,False,B1,2026-09-27,False
888b2c98a7fffff,-17.44702,-66.149702,2737,1904,2129.544,0.68194,-0.0657,esperado,1,47.7,False,B1,2026-09-27,False
888b2c98a9fffff,-17.463082,-66.156329,3895,326,1436.28,0.43034,-0.4796,esperado,1,180.2,False,B1,2026-09-27,False
888b2c98abfffff,-17.456474,-66.161575,3783,1033,2518.943,0.53004,-0.366,esperado,1,51.6,False,B1,2026-09-27,False
888b2c98adfffff,-17.461658,-66.147769,3439,457,987.204,0.55252,-0.3332,esperado,1,24.3,False,B1,2026-09-27,False
888b2c98b1fffff,-17.443256,-66.172069,1593,258,881.507,0.47145,-0.4388,esperado,1,33.8,False,B1,2026-09-27,False
888b2c98b3fffff,-17.436646,-66.177316,956,44,129.177,0.49937,-0.4086,esperado,1,325.2,False,B1,2026-09-27,False
888b2c98b5fffff,-17.441834,-66.163508,3998,2343,3652.771,0.6151,-0.2225,esperado,1,45.9,False,B1,2026-09-27,False
888b2c98b7fffff,-17.435224,-66.168755,1534,212,1133.254,0.4013,-0.5044,esperado,1,107.5,False,B1,2026-09-27,False
888b2c98b9fffff,-17.451288,-66.175383,1138,130,582.749,0.42812,-0.4819,esperado,1,367.5,False,B1,2026-09-27,False
888b2c98bbfffff,-17.444678,-66.18063,540,33,110.803,0.47716,-0.435,esperado,1,357.6,False,B1,2026-09-27,False
888b2c98bdfffff,-17.449865,-66.166822,1833,881,1601.575,0.58516,-0.2792,esperado,1,128.0,False,B1,2026-09-27,False
888b2c98c1fffff,-17.488598,-66.174832,2015,560,46.383,0.99853,6.8432,exceso,1,137.6,False,B1,2026-09-27,False
888b2c98c3fffff,-17.48199,-66.18008,1255,98,28.804,0.92521,1.4808,esperado,0,629.5,False,B1,2026-09-27,False
888b2c98c5fffff,-17.487174,-66.16627,1846,133,35.1,0.9384,1.7214,esperado,0,522.7,False,B1,2026-09-27,False
888b2c98c7fffff,-17.480567,-66.171517,1879,836,39.878,0.99996,12.3291,exceso,1,116.1,False,B1,2026-09-27,False
888b2c98c9fffff,-17.496629,-66.178147,1606,89,48.483,0.82617,0.5165,esperado,1,120.2,False,B1,2026-09-27,False
888b2c98cbfffff,-17.490022,-66.183395,1235,132,34.529,0.93942,1.742,esperado,1,237.2,False,B1,2026-09-27,False
888b2c98cdfffff,-17.495205,-66.169584,1118,56,23.674,0.87136,0.8405,esperado,1,241.7,False,B1,2026-09-27,False
888b2c98d1fffff,-17.476805,-66.193891,676,8,23.915,0.50697,-0.4097,esperado,0,896.4,False,B1,2026-09-27,False
888b2c98d3fffff,-17.470196,-66.199139,1697,23,142.057,0.38414,-0.5194,esperado,1,490.5,False,B1,2026-09-27,False
888b2c98d5fffff,-17.475382,-66.185328,1235,261,45.404,0.97592,2.9341,exceso,1,8.9,False,B1,2026-09-27,False
888b2c98d7fffff,-17.468773,-66.190575,501,4,41.611,0.33208,-0.5583,esperado,0,816.6,False,B1,2026-09-27,False
888b2c98d9fffff,-17.484836,-66.197207,410,6,14.505,0.54937,-0.3591,esperado,0,1429.3,False,B1,2026-09-27,False
888b2c98dbfffff,-17.478227,-66.202455,721,1,26.218,0.27004,-0.5925,esperado,0,514.8,False,B1,2026-09-27,False
888b2c98ddfffff,-17.483414,-66.188643,852,28,31.324,0.68559,-0.0654,esperado,0,749.0,False,B1,2026-09-27,False
888b2c98e1fffff,-17.477719,-66.154395,1424,226,107.927,0.84975,0.6777,esperado,1,236.4,False,B1,2026-09-27,False
888b2c98e3fffff,-17.471112,-66.159642,2113,488,200.998,0.87508,0.8852,esperado,1,176.2,False,B1,2026-09-27,False
888b2c98e5fffff,-17.476295,-66.145836,2151,196,185.857,0.7161,0.0338,esperado,1,285.9,False,B1,2026-09-27,False
888b2c98e7fffff,-17.469689,-66.151082,3739,334,385.454,0.67583,-0.0828,esperado,1,88.2,False,B1,2026-09-27,False
888b2c98e9fffff,-17.48575,-66.157709,1761,126,26.563,0.96126,2.3063,exceso,1,149.3,False,B1,2026-09-27,False
888b2c98ebfffff,-17.479143,-66.162956,1899,233,133.043,0.81688,0.4655,esperado,1,73.6,False,B1,2026-09-27,False
888b2c98edfffff,-17.484326,-66.149149,877,44,8.078,0.97184,2.6961,exceso,1,168.8,False,B1,2026-09-27,False
888b2c9901fffff,-17.502182,-66.076825,68,1,4.17,0.52237,-0.4514,esperado,0,1324.8,False,B1,2026-09-27,False
888b2c9903fffff,-17.495581,-66.08207,93,0,7.826,0.30782,-0.6058,esperado,0,1054.7,False,B1,2026-09-27,False
888b2c9909fffff,-17.51021,-66.080134,63,0,3.57,0.40781,-0.5896,esperado,0,955.2,False,B1,2026-09-27,False
888b2c990bfffff,-17.503609,-66.085379,102,14,8.987,0.79938,0.339,esperado,1,405.0,False,B1,2026-09-27,False
888b2c990dfffff,-17.508782,-66.071581,55,0,3.851,0.39717,-0.5917,esperado,0,1835.3,False,B1,2026-09-27,False
888b2c9911fffff,-17.490406,-66.095869,320,93,28.541,0.91954,1.3921,esperado,1,37.4,False,B1,2026-09-27,False
888b2c9913fffff,-17.483803,-66.101114,2259,188,230.913,0.66343,-0.1152,esperado,1,48.1,False,B1,2026-09-27,False
888b2c9915fffff,-17.488979,-66.087315,203,5,17.027,0.49194,-0.4334,esperado,0,738.6,False,B1,2026-09-27,False
888b2c9917fffff,-17.482377,-66.09256,1026,27,86.057,0.48671,-0.4249,esperado,0,757.5,False,B1,2026-09-27,False
888b2c9919fffff,-17.498435,-66.099179,76,0,6.398,0.33132,-0.6027,esperado,0,660.0,False,B1,2026-09-27,False
888b2c991bfffff,-17.491833,-66.104425,82,26,7.502,0.9277,1.4923,esperado,0,817.1,False,B1,2026-09-27,False
888b2c991dfffff,-17.497008,-66.090624,180,29,16.054,0.82465,0.4945,esperado,1,170.2,False,B1,2026-09-27,False
888b2c9933fffff,-17.472922,-66.080697,161,0,7.441,0.31356,-0.6051,esperado,0,1782.3,False,B1,2026-09-27,False
888b2c9939fffff,-17.487552,-66.078761,12,0,0.612,0.69338,-0.4861,esperado,0,1626.2,False,B1,2026-09-27,False
888b2c993bfffff,-17.480951,-66.084005,140,7,7.135,0.71488,-0.0114,esperado,0,1578.7,False,B1,2026-09-27,False
888b2c993dfffff,-17.486125,-66.070208,31,0,1.433,0.55012,-0.5509,esperado,0,2524.8,False,B1,2026-09-27,False
888b2c9943fffff,-17.518238,-66.083444,58,13,4.42,0.9065,1.1552,esperado,1,332.2,False,B1,2026-09-27,False
888b2c9949fffff,-17.532865,-66.081508,150,14,8.333,0.8136,0.4125,esperado,1,155.1,False,B1,2026-09-27,False
888b2c994bfffff,-17.526266,-66.086753,229,114,11.483,0.99617,5.4495,exceso,1,189.7,False,B1,2026-09-27,False
888b2c994dfffff,-17.531436,-66.072954,25,1,1.358,0.72675,-0.1445,esperado,0,646.2,False,B1,2026-09-27,False
888b2c9955fffff,-17.511638,-66.088689,372,75,23.112,0.91901,1.3816,esperado,1,88.8,False,B1,2026-09-27,False
888b2c9957fffff,-17.505037,-66.093934,13,2,1.003,0.86509,0.524,esperado,1,418.2,False,B1,2026-09-27,False
888b2c9959fffff,-17.521094,-66.100555,67,4,4.65,0.69882,-0.0834,esperado,0,1504.6,False,B1,2026-09-27,False
888b2c995dfffff,-17.519666,-66.091999,178,4,11.059,0.53334,-0.3894,esperado,0,590.9,False,B1,2026-09-27,False
888b2c9981fffff,-17.455962,-66.113539,3095,871,1046.29,0.66748,-0.1039,esperado,1,65.1,False,B1,2026-09-27,False
888b2c9983fffff,-17.449356,-66.118784,2243,1193,1260.804,0.69354,-0.0334,esperado,1,140.6,False,B1,2026-09-27,False
888b2c9985fffff,-17.454537,-66.104984,1619,183,69.485,0.88835,1.011,esperado,1,237.1,False,B1,2026-09-27,False
888b2c9987fffff,-17.447932,-66.110229,2340,1541,1876.771,0.66464,-0.111,esperado,1,17.0,False,B1,2026-09-27,False
888b2c9989fffff,-17.463991,-66.11685,2633,903,125.926,0.9875,3.8234,exceso,1,96.5,False,B1,2026-09-27,False
888b2c998bfffff,-17.457386,-66.122095,2834,690,409.852,0.80916,0.424,esperado,1,253.2,False,B1,2026-09-27,False
888b2c998dfffff,-17.462567,-66.108294,1548,251,100.338,0.88006,0.93,esperado,1,107.3,False,B1,2026-09-27,False
888b2c9991fffff,-17.444173,-66.132586,3523,2385,1890.279,0.75209,0.1624,esperado,1,47.8,False,B1,2026-09-27,False
888b2c9993fffff,-17.437566,-66.137832,3875,554,1547.867,0.50577,-0.3984,esperado,1,207.1,False,B1,2026-09-27,False
888b2c9995fffff,-17.44275,-66.12403,3868,1903,3690.64,0.57268,-0.3006,esperado,1,117.0,False,B1,2026-09-27,False
888b2c9997fffff,-17.436143,-66.129275,4655,2222,4882.284,0.54915,-0.3381,esperado,1,114.3,False,B1,2026-09-27,False
888b2c9999fffff,-17.452204,-66.135898,1612,577,730.515,0.6569,-0.1304,esperado,0,533.3,False,B1,2026-09-27,False
888b2c999bfffff,-17.445597,-66.141144,3108,3996,1937.459,0.84683,0.6593,esperado,1,6.9,False,B1,2026-09-27,False
888b2c999dfffff,-17.45078,-66.127341,2938,2484,1369.644,0.82322,0.5048,esperado,1,78.1,False,B1,2026-09-27,False
888b2c99a3fffff,-17.438477,-66.098364,26,9,1.126,0.98883,3.7472,exceso,0,672.9,False,B1,2026-09-27,False
888b2c99a9fffff,-17.453112,-66.09643,319,1,7.25,0.43232,-0.5213,esperado,0,838.5,False,B1,2026-09-27,False
888b2c99abfffff,-17.446507,-66.101674,1294,118,53.769,0.8582,0.7386,esperado,1,106.2,False,B1,2026-09-27,False
888b2c99b1fffff,-17.433296,-66.112163,1846,614,1348.363,0.54938,-0.3379,esperado,1,299.1,False,B1,2026-09-27,False
888b2c99b3fffff,-17.426689,-66.117408,3686,1167,2831.389,0.53095,-0.3647,esperado,1,17.1,False,B1,2026-09-27,False
888b2c99b5fffff,-17.431872,-66.103609,137,0,20.399,0.21527,-0.6148,esperado,0,848.1,False,B1,2026-09-27,False
888b2c99b7fffff,-17.425265,-66.108853,403,98,95.07,0.71196,0.0191,esperado,1,494.0,False,B1,2026-09-27,False
888b2c99b9fffff,-17.441326,-66.115474,3296,3761,3440.973,0.72292,0.0577,esperado,1,105.3,False,B1,2026-09-27,False
888b2c99bbfffff,-17.434719,-66.120719,4343,2193,4669.696,0.55501,-0.3291,esperado,1,63.7,False,B1,2026-09-27,False
888b2c99bdfffff,-17.439902,-66.106919,1098,281,621.345,0.54832,-0.3398,esperado,1,50.3,False,B1,2026-09-27,False
888b2c99c1fffff,-17.478626,-66.114916,2230,239,120.068,0.84064,0.6137,esperado,1,368.6,False,B1,2026-09-27,False
888b2c99c3fffff,-17.472021,-66.120161,3316,129,202.176,0.61488,-0.2244,esperado,1,32.7,False,B1,2026-09-27,False
888b2c99c5fffff,-17.4772,-66.10636,3530,419,301.558,0.77162,0.2415,esperado,1,142.9,False,B1,2026-09-27,False
888b2c99c7fffff,-17.470596,-66.111605,1963,498,118.861,0.94949,1.9762,esperado,1,134.9,False,B1,2026-09-27,False
888b2c99c9fffff,-17.486655,-66.118227,2159,90,89.958,0.70596,0.0003,esperado,1,44.7,False,B1,2026-09-27,False
888b2c99cbfffff,-17.480051,-66.123473,2529,42,64.542,0.62056,-0.2161,esperado,1,61.3,False,B1,2026-09-27,False
888b2c99cdfffff,-17.485229,-66.10967,1514,119,126.832,0.6926,-0.0383,esperado,1,277.3,False,B1,2026-09-27,False
888b2c99d1fffff,-17.466841,-66.133964,4324,565,498.617,0.73041,0.0826,esperado,1,106.4,False,B1,2026-09-27,False
888b2c99d3fffff,-17.460234,-66.13921,2600,300,567.062,0.57791,-0.2921,esperado,1,364.7,False,B1,2026-09-27,False
888b2c99d5fffff,-17.465416,-66.125407,2542,344,281.39,0.74593,0.138,esperado,1,160.7,False,B1,2026-09-27,False
888b2c99d7fffff,-17.45881,-66.130652,2536,327,705.596,0.55282,-0.3329,esperado,1,167.4,False,B1,2026-09-27,False
888b2c99d9fffff,-17.474871,-66.137277,4310,223,223.702,0.70455,-0.0019,esperado,1,96.3,False,B1,2026-09-27,False
888b2c99dbfffff,-17.468265,-66.142523,4310,557,455.994,0.74567,0.1374,esperado,1,80.5,False,B1,2026-09-27,False
888b2c99ddfffff,-17.473446,-66.128718,2633,191,123.272,0.79337,0.3404,esperado,1,233.7,False,B1,2026-09-27,False
888b2c99e1fffff,-17.467745,-66.094495,1034,48,63.446,0.65029,-0.1506,esperado,1,354.1,False,B1,2026-09-27,False
888b2c99e3fffff,-17.461141,-66.099739,1196,83,72.268,0.73414,0.0919,esperado,1,265.6,False,B1,2026-09-27,False
888b2c99e5fffff,-17.466319,-66.085941,546,4,13.119,0.50321,-0.4251,esperado,0,1246.7,False,B1,2026-09-27,False
888b2c99e7fffff,-17.459716,-66.091185,540,3,0.0,1.0,2999.9951,exceso,0,1062.2,False,B1,2026-09-27,False
888b2c99e9fffff,-17.475774,-66.097804,1716,153,141.669,0.72109,0.0496,esperado,1,450.5,False,B1,2026-09-27,False
888b2c99ebfffff,-17.469171,-66.103049,1079,128,84.757,0.78855,0.3159,esperado,1,217.3,False,B1,2026-09-27,False
888b2c99edfffff,-17.474348,-66.08925,1335,31,34.205,0.68803,-0.0578,esperado,0,982.3,False,B1,2026-09-27,False
888b2c9a01fffff,-17.568375,-66.159917,22,2,1.429,0.80872,0.2203,esperado,0,5449.3,False,B1,2026-09-27,False
888b2c9a03fffff,-17.561773,-66.165166,10,0,0.092,0.92101,-0.2722,esperado,0,4557.2,False,B1,2026-09-27,False
888b2c9a07fffff,-17.560346,-66.156603,35,1,3.715,0.54252,-0.4317,esperado,0,4810.5,False,B1,2026-09-27,False
888b2c9a11fffff,-17.556596,-66.178979,27,0,0.25,0.82477,-0.3893,esperado,0,3111.5,False,B1,2026-09-27,False
888b2c9a13fffff,-17.549992,-66.184228,45,0,0.437,0.74678,-0.4524,esperado,0,2367.2,False,B1,2026-09-27,False
888b2c9a15fffff,-17.55517,-66.170414,13,0,0.1,0.91522,-0.2813,esperado,0,3678.6,False,B1,2026-09-27,False
888b2c9a17fffff,-17.548566,-66.175663,105,1,0.709,0.83574,0.2046,esperado,0,2826.1,False,B1,2026-09-27,False
888b2c9a21fffff,-17.557491,-66.139479,156,20,16.559,0.7478,0.1275,esperado,0,5676.2,False,B1,2026-09-27,False
888b2c9a23fffff,-17.550889,-66.144726,48,0,4.427,0.37814,-0.5952,esperado,0,4768.1,False,B1,2026-09-27,False
888b2c9a25fffff,-17.556063,-66.130918,49,35,5.201,0.98398,3.4305,exceso,0,5622.7,False,B1,2026-09-27,False
888b2c9a27fffff,-17.549462,-66.136165,72,0,6.641,0.32687,-0.6033,esperado,0,5378.3,False,B1,2026-09-27,False
888b2c9a29fffff,-17.56552,-66.142792,22,0,2.335,0.47103,-0.5749,esperado,0,6099.1,False,B1,2026-09-27,False
888b2c9a2bfffff,-17.558918,-66.14804,51,3,5.413,0.62099,-0.2673,esperado,0,5179.7,False,B1,2026-09-27,False
888b2c9a31fffff,-17.545714,-66.158536,14,0,1.009,0.60938,-0.5279,esperado,0,3340.9,False,B1,2026-09-27,False
888b2c9a35fffff,-17.544287,-66.149974,41,2,0.0,1.0,1999.9964,exceso,0,3865.3,False,B1,2026-09-27,False
888b2c9a39fffff,-17.553743,-66.161851,19,0,0.088,0.92383,-0.2676,esperado,0,3904.4,False,B1,2026-09-27,False
888b2c9a3bfffff,-17.54714,-66.167099,44,0,0.411,0.75596,-0.4459,esperado,0,3006.1,False,B1,2026-09-27,False
888b2c9a3dfffff,-17.552317,-66.153288,30,4,2.271,0.83317,0.4369,esperado,0,4260.3,False,B1,2026-09-27,False
888b2c9a5bfffff,-17.580686,-66.188927,10,0,0.0,1.0,-0.001,esperado,0,4217.4,False,B1,2026-09-27,True
888b2c9a91fffff,-17.510354,-66.215723,23,0,0.0,1.0,-0.001,esperado,0,2797.6,True,B1,2026-09-27,False
888b2c9a93fffff,-17.503745,-66.220973,30,0,0.0,1.0,-0.001,esperado,0,3424.8,True,B1,2026-09-27,False
888b2c9a97fffff,-17.502323,-66.212406,32,2,0.0,1.0,1999.9964,exceso,0,3037.5,True,B1,2026-09-27,False
888b2c9aa1fffff,-17.511266,-66.176214,26,1,1.187,0.75098,-0.0848,esperado,1,121.1,True,B1,2026-09-27,False
888b2c9aa3fffff,-17.50466,-66.181462,312,0,40.327,0.16617,-0.6176,bajo_lo_esperado,0,845.2,True,B1,2026-09-27,False
888b2c9aa5fffff,-17.509841,-66.167651,39,0,0.764,0.65648,-0.5059,esperado,0,708.9,True,B1,2026-09-27,False
888b2c9aa7fffff,-17.503235,-66.172899,410,13,19.553,0.63059,-0.206,esperado,1,92.5,True,B1,2026-09-27,False
888b2c9aa9fffff,-17.519297,-66.179529,26,24,1.187,0.99988,10.3666,exceso,1,122.7,True,B1,2026-09-27,False
888b2c9aabfffff,-17.51269,-66.184778,13,0,1.643,0.52743,-0.5585,esperado,0,891.6,True,B1,2026-09-27,False
888b2c9aadfffff,-17.517872,-66.170966,58,0,1.068,0.5996,-0.532,esperado,0,727.3,True,B1,2026-09-27,False
888b2c9ab1fffff,-17.499476,-66.195275,10,0,0.621,0.69073,-0.4876,esperado,0,1686.1,True,B1,2026-09-27,False
888b2c9ab5fffff,-17.498053,-66.18671,338,19,38.573,0.5698,-0.3133,esperado,0,762.7,True,B1,2026-09-27,False
888b2c9ab7fffff,-17.491445,-66.191959,468,11,31.113,0.51317,-0.3987,esperado,0,996.4,True,B1,2026-09-27,False
888b2c9abbfffff,-17.500899,-66.20384,32,0,1.414,0.55231,-0.5501,esperado,0,2609.7,True,B1,2026-09-27,False
888b2c9ac1fffff,-17.544813,-66.198043,15,0,0.124,0.8981,-0.3062,esperado,0,870.0,True,B1,2026-09-27,False
888b2c9ac3fffff,-17.538207,-66.203292,40,11,0.571,0.99968,8.7533,exceso,1,397.5,True,B1,2026-09-27,False
888b2c9ac5fffff,-17.543388,-66.189477,46,1,0.26,0.94709,1.1218,esperado,0,1593.5,True,B1,2026-09-27,False
888b2c9ac7fffff,-17.536782,-66.194726,26,0,0.209,0.84648,-0.3678,esperado,0,675.4,True,B1,2026-09-27,False
888b2c9acbfffff,-17.546238,-66.206609,12,3,0.207,0.99671,4.9526,exceso,1,37.7,True,B1,2026-09-27,False
888b2c9ad9fffff,-17.541056,-66.220427,40,1,0.804,0.81647,0.1244,esperado,0,961.2,True,B1,2026-09-27,False
888b2c9adbfffff,-17.534449,-66.225677,10,0,0.378,0.76832,-0.4369,esperado,0,1690.2,True,B1,2026-09-27,False
888b2c9aebfffff,-17.535357,-66.186161,16,0,0.057,0.94794,-0.2234,esperado,0,1032.4,True,B1,2026-09-27,False
888b2c9b01fffff,-17.558377,-66.099995,216,0,42.091,0.16348,-0.6177,bajo_lo_esperado,0,3256.1,True,B1,2026-09-27,False
888b2c9b03fffff,-17.551778,-66.105241,144,0,12.508,0.25873,-0.6112,esperado,0,3105.2,True,B1,2026-09-27,False
888b2c9b05fffff,-17.556948,-66.091438,397,8,45.193,0.40438,-0.5085,esperado,0,2647.1,True,B1,2026-09-27,False
888b2c9b07fffff,-17.55035,-66.096684,419,11,94.239,0.34427,-0.547,esperado,0,2348.8,True,B1,2026-09-27,False
888b2c9b09fffff,-17.566405,-66.103306,12,0,1.535,0.53866,-0.5548,esperado,0,4185.3,True,B1,2026-09-27,False
888b2c9b0bfffff,-17.559806,-66.108553,85,0,7.175,0.31778,-0.6045,esperado,0,3981.1,True,B1,2026-09-27,False
888b2c9b0dfffff,-17.564976,-66.094748,114,0,2.989,0.43355,-0.5841,esperado,0,3602.2,True,B1,2026-09-27,False
888b2c9b13fffff,-17.540006,-66.124293,27,0,1.593,0.53252,-0.5569,esperado,0,4326.0,True,B1,2026-09-27,False
888b2c9b15fffff,-17.545179,-66.110488,51,0,2.737,0.4467,-0.581,esperado,0,3139.9,True,B1,2026-09-27,False
888b2c9b17fffff,-17.538578,-66.115734,234,10,3.895,0.88732,0.9278,esperado,0,3404.6,True,B1,2026-09-27,False
888b2c9b19fffff,-17.554635,-66.122358,49,18,9.729,0.83035,0.5174,esperado,0,4755.0,True,B1,2026-09-27,False
888b2c9b1bfffff,-17.548035,-66.127605,109,0,11.812,0.26432,-0.6107,esperado,0,4928.0,True,B1,2026-09-27,False
888b2c9b1dfffff,-17.553207,-66.113799,220,0,19.173,0.22037,-0.6144,esperado,0,3910.4,True,B1,2026-09-27,False
888b2c9b21fffff,-17.547491,-66.079572,71,0,6.287,0.33342,-0.6024,esperado,0,1264.3,True,B1,2026-09-27,False
888b2c9b25fffff,-17.546062,-66.071017,17,0,1.078,0.59811,-0.5326,esperado,0,842.2,True,B1,2026-09-27,False
888b2c9b27fffff,-17.539464,-66.076263,230,14,30.845,0.55648,-0.3368,esperado,1,354.8,True,B1,2026-09-27,False
888b2c9b29fffff,-17.555519,-66.082882,224,11,12.53,0.68758,-0.0746,esperado,0,2212.5,True,B1,2026-09-27,False
888b2c9b2bfffff,-17.548921,-66.088128,300,1,55.763,0.20297,-0.6073,esperado,0,1693.2,True,B1,2026-09-27,False
888b2c9b2dfffff,-17.554089,-66.074327,102,0,8.07,0.30438,-0.6062,esperado,0,1796.3,True,B1,2026-09-27,False
888b2c9b33fffff,-17.529122,-66.103865,156,6,4.457,0.77878,0.2061,esperado,0,2022.2,True,B1,2026-09-27,False
888b2c9b35fffff,-17.534294,-66.090063,51,1,10.82,0.37463,-0.5534,esperado,0,659.3,True,B1,2026-09-27,False
888b2c9b37fffff,-17.527694,-66.095309,131,14,33.717,0.54003,-0.3608,esperado,0,1107.1,True,B1,2026-09-27,False
888b2c9b39fffff,-17.54375,-66.10193,351,13,39.0,0.50136,-0.4117,esperado,0,2276.2,True,B1,2026-09-27,False
888b2c9b3bfffff,-17.53715,-66.107176,51,6,1.106,0.96901,2.3652,exceso,0,2484.4,True,B1,2026-09-27,False
888b2c9b3dfffff,-17.542322,-66.093373,130,0,19.129,0.22056,-0.6144,esperado,0,1468.9,True,B1,2026-09-27,False
888b2c9b53fffff,-17.562664,-66.125671,21,1,3.863,0.53567,-0.4386,esperado,0,5547.8,True,B1,2026-09-27,False
888b2c9b61fffff,-17.570143,-66.080946,12,0,0.062,0.94432,-0.2307,esperado,0,3703.1,True,B1,2026-09-27,False
888b2c9b63fffff,-17.563546,-66.086192,165,0,7.322,0.31543,-0.6048,esperado,0,3165.4,True,B1,2026-09-27,False
888b2c9b65fffff,-17.568713,-66.07239,351,0,1.807,0.51187,-0.5634,esperado,0,3252.6,True,B1,2026-09-27,False
888b2c9b67fffff,-17.562116,-66.077636,267,2,10.448,0.44804,-0.4928,esperado,0,2748.8,True,B1,2026-09-27,False
888b2cc251fffff,-17.426863,-65.894676,399,0,0.44,0.74573,-0.4531,esperado,0,5091.9,True,B1,2026-09-27,True
888b2cc253fffff,-17.42027,-65.899914,165,0,1.095,0.59541,-0.5338,esperado,0,4457.2,True,B1,2026-09-27,True
888b2cc259fffff,-17.434888,-65.897973,41,0,0.0,1.0,-0.001,esperado,0,4990.5,True,B1,2026-09-27,False
888b2cc25bfffff,-17.428294,-65.903211,104,0,0.17,0.86853,-0.3436,esperado,0,4238.5,True,B1,2026-09-27,False
888b2cc25dfffff,-17.433457,-65.889439,52,0,0.0,1.0,-0.001,esperado,0,5802.4,True,B1,2026-09-27,True
888b2cc64bfffff,-17.357666,-66.017313,15,1,0.071,0.99312,3.2109,esperado,0,3059.5,False,B1,2026-09-27,True
888b2cd001fffff,-17.518266,-65.860725,404,2,32.501,0.29605,-0.5789,esperado,1,446.8,False,B1,2026-09-27,False
888b2cd003fffff,-17.51168,-65.865963,217,2,4.502,0.59431,-0.331,esperado,0,522.8,False,B1,2026-09-27,False
888b2cd005fffff,-17.51683,-65.852192,488,16,36.204,0.55056,-0.3445,esperado,1,416.7,False,B1,2026-09-27,False
888b2cd007fffff,-17.510244,-65.857429,460,21,2.517,0.9915,4.2435,exceso,1,430.8,False,B1,2026-09-27,False
888b2cd009fffff,-17.526289,-65.864021,189,0,5.509,0.34974,-0.5999,esperado,0,1189.0,False,B1,2026-09-27,False
888b2cd00bfffff,-17.519702,-65.869259,294,8,7.831,0.72125,0.0131,esperado,1,352.9,False,B1,2026-09-27,False
888b2cd00dfffff,-17.524852,-65.855487,354,3,46.086,0.29229,-0.5777,esperado,1,294.7,False,B1,2026-09-27,False
888b2cd011fffff,-17.506527,-65.879735,78,0,0.681,0.67567,-0.4959,esperado,0,1353.7,False,B1,2026-09-27,False
888b2cd015fffff,-17.505092,-65.8712,35,0,0.289,0.80625,-0.4061,esperado,0,1280.2,False,B1,2026-09-27,False
888b2cd017fffff,-17.498504,-65.876438,10,0,0.082,0.92801,-0.2606,esperado,0,2116.2,False,B1,2026-09-27,False
888b2cd019fffff,-17.51455,-65.883032,186,0,4.311,0.38173,-0.5945,esperado,0,551.2,False,B1,2026-09-27,False
888b2cd01bfffff,-17.507962,-65.88827,142,0,1.239,0.57447,-0.542,esperado,0,1369.5,False,B1,2026-09-27,False
888b2cd01dfffff,-17.513115,-65.874497,292,8,6.767,0.75018,0.11,esperado,1,486.6,False,B1,2026-09-27,False
888b2cd021fffff,-17.507372,-65.840366,144,0,0.664,0.67992,-0.4936,esperado,0,1853.4,False,B1,2026-09-27,False
888b2cd023fffff,-17.500786,-65.845602,45,0,0.193,0.85495,-0.3588,esperado,0,1867.0,False,B1,2026-09-27,False
888b2cd025fffff,-17.505936,-65.831835,89,0,0.395,0.7621,-0.4415,esperado,0,2755.9,False,B1,2026-09-27,True
888b2cd027fffff,-17.49935,-65.837071,29,0,0.129,0.89497,-0.3105,esperado,0,2620.8,False,B1,2026-09-27,True
888b2cd029fffff,-17.515394,-65.84366,394,1,1.478,0.71135,-0.1789,esperado,0,1270.2,False,B1,2026-09-27,False
888b2cd02bfffff,-17.508808,-65.848897,243,0,0.873,0.63383,-0.5169,esperado,0,985.0,False,B1,2026-09-27,False
888b2cd02dfffff,-17.513957,-65.835129,329,11,1.516,0.98575,3.4663,exceso,0,2179.1,False,B1,2026-09-27,False
888b2cd031fffff,-17.495635,-65.859371,30,0,0.0,1.0,-0.001,esperado,0,2062.2,False,B1,2026-09-27,False
888b2cd037fffff,-17.487612,-65.856076,13,0,0.043,0.95971,-0.1975,esperado,0,2933.7,False,B1,2026-09-27,False
888b2cd039fffff,-17.503657,-65.862667,359,3,2.96,0.73793,0.0079,esperado,0,1233.8,False,B1,2026-09-27,False
888b2cd03dfffff,-17.502222,-65.854134,66,1,0.374,0.91613,0.7292,esperado,0,1340.2,False,B1,2026-09-27,False
888b2cd041fffff,-17.540896,-65.862079,426,0,12.266,0.26062,-0.611,esperado,0,1433.1,False,B1,2026-09-27,False
888b2cd043fffff,-17.534311,-65.867317,175,0,3.933,0.39424,-0.5922,esperado,0,1771.2,False,B1,2026-09-27,False
888b2cd045fffff,-17.539459,-65.853545,705,21,62.31,0.50019,-0.4101,esperado,0,527.1,False,B1,2026-09-27,False
888b2cd047fffff,-17.532874,-65.858783,572,5,45.493,0.34519,-0.55,esperado,0,851.0,False,B1,2026-09-27,False
888b2cd049fffff,-17.548918,-65.865375,95,0,2.888,0.43864,-0.5829,esperado,0,2092.1,False,B1,2026-09-27,False
888b2cd04bfffff,-17.542333,-65.870613,145,0,2.52,0.45924,-0.578,esperado,0,2347.1,False,B1,2026-09-27,False
888b2cd04dfffff,-17.547481,-65.856841,323,4,9.301,0.56496,-0.3466,esperado,0,1256.2,False,B1,2026-09-27,False
888b2cd051fffff,-17.52916,-65.88109,26,0,0.556,0.70884,-0.477,esperado,0,1093.0,False,B1,2026-09-27,False
888b2cd053fffff,-17.522573,-65.886329,450,6,9.43,0.63135,-0.2212,esperado,1,263.4,False,B1,2026-09-27,False
888b2cd055fffff,-17.527725,-65.872555,76,0,1.151,0.58697,-0.5372,esperado,0,1140.3,False,B1,2026-09-27,False
888b2cd057fffff,-17.521138,-65.877793,410,11,7.182,0.79759,0.3214,esperado,0,545.2,False,B1,2026-09-27,False
888b2cd05bfffff,-17.530596,-65.889626,245,3,8.101,0.54559,-0.3818,esperado,0,1105.0,False,B1,2026-09-27,False
888b2cd05dfffff,-17.535747,-65.875852,32,0,0.059,0.94633,-0.2267,esperado,0,1963.3,False,B1,2026-09-27,False
888b2cd061fffff,-17.530001,-65.841718,446,10,35.75,0.47382,-0.4446,esperado,0,993.1,False,B1,2026-09-27,False
888b2cd063fffff,-17.523416,-65.846955,177,0,13.315,0.25275,-0.6118,esperado,0,672.4,False,B1,2026-09-27,False
888b2cd065fffff,-17.528563,-65.833186,428,0,1.135,0.58931,-0.5362,esperado,0,1893.1,False,B1,2026-09-27,False
888b2cd067fffff,-17.521979,-65.838423,134,1,0.529,0.87657,0.4201,esperado,0,1583.8,False,B1,2026-09-27,False
888b2cd069fffff,-17.538022,-65.845012,585,15,38.545,0.52774,-0.3772,esperado,1,344.3,False,B1,2026-09-27,False
888b2cd06bfffff,-17.531438,-65.85025,530,8,31.695,0.45936,-0.4611,esperado,1,86.4,False,B1,2026-09-27,False
888b2cd06dfffff,-17.536585,-65.83648,852,17,83.004,0.42002,-0.4923,esperado,0,963.6,False,B1,2026-09-27,False
888b2cd087fffff,-17.464121,-65.894092,16,0,0.0,1.0,-0.001,esperado,0,6243.8,True,B1,2026-09-27,False
888b2cd089fffff,-17.480169,-65.900687,12,0,0.104,0.91219,-0.2859,esperado,0,4584.7,True,B1,2026-09-27,False
888b2cd097fffff,-17.452369,-65.913104,52,0,0.0,1.0,-0.001,esperado,0,4776.7,True,B1,2026-09-27,False
888b2cd0a9fffff,-17.469279,-65.88032,26,0,0.0,1.0,-0.001,esperado,0,5362.1,True,B1,2026-09-27,False
888b2cd0abfffff,-17.462689,-65.885558,57,0,0.0,1.0,-0.001,esperado,0,6195.1,True,B1,2026-09-27,False
888b2cd0b3fffff,-17.442913,-65.901271,238,0,0.0,1.0,-0.001,esperado,0,5062.9,True,B1,2026-09-27,False
888b2cd0b7fffff,-17.441481,-65.892736,47,0,0.0,1.0,-0.001,esperado,0,5789.0,True,B1,2026-09-27,False
888b2cd0bbfffff,-17.450937,-65.904568,10,0,0.0,1.0,-0.001,esperado,0,5305.3,True,B1,2026-09-27,False
888b2cd0bdfffff,-17.456097,-65.890795,12,0,0.0,1.0,-0.001,esperado,0,6804.6,True,B1,2026-09-27,False
888b2cd0c3fffff,-17.488193,-65.903985,14,0,0.143,0.88559,-0.3228,esperado,0,3781.5,True,B1,2026-09-27,False
888b2cd0cdfffff,-17.501373,-65.893508,163,0,0.923,0.62442,-0.5213,esperado,0,2158.2,True,B1,2026-09-27,False
888b2cd0e5fffff,-17.482458,-65.869846,47,0,0.0,1.0,-0.001,esperado,0,3702.4,True,B1,2026-09-27,False
888b2cd141fffff,-17.530833,-65.802361,211,0,1.852,0.50784,-0.5646,esperado,0,4395.3,False,B1,2026-09-27,True
888b2cd143fffff,-17.52425,-65.807597,474,0,2.105,0.48733,-0.5705,esperado,0,4201.1,False,B1,2026-09-27,True
888b2cd149fffff,-17.538853,-65.805654,277,6,3.439,0.82659,0.4382,esperado,0,3841.3,False,B1,2026-09-27,False
888b2cd14bfffff,-17.532271,-65.81089,454,0,2.362,0.46927,-0.5754,esperado,0,3490.0,False,B1,2026-09-27,False
888b2cd14dfffff,-17.537414,-65.797126,18,0,0.194,0.85455,-0.3592,esperado,0,4761.4,False,B1,2026-09-27,True
888b2cd151fffff,-17.519105,-65.821362,92,0,0.679,0.67617,-0.4957,esperado,0,3420.2,False,B1,2026-09-27,False
888b2cd153fffff,-17.512521,-65.826599,167,2,1.403,0.81176,0.2337,esperado,0,3095.0,False,B1,2026-09-27,True
888b2cd155fffff,-17.517667,-65.812833,70,0,0.639,0.68616,-0.4902,esperado,0,4202.7,False,B1,2026-09-27,True
888b2cd157fffff,-17.511084,-65.818069,53,0,0.319,0.79283,-0.4175,esperado,0,4012.9,False,B1,2026-09-27,True
888b2cd159fffff,-17.527126,-65.824656,200,1,0.165,0.9723,1.7174,esperado,0,2572.7,False,B1,2026-09-27,False
888b2cd15bfffff,-17.520542,-65.829892,139,0,1.872,0.50613,-0.5651,esperado,0,2501.1,False,B1,2026-09-27,False
888b2cd15dfffff,-17.525688,-65.816126,318,0,1.837,0.50917,-0.5642,esperado,0,3359.6,False,B1,2026-09-27,False
888b2cd201fffff,-17.574421,-65.883802,115,0,0.491,0.72879,-0.4645,esperado,0,5389.8,False,B1,2026-09-27,False
888b2cd203fffff,-17.567836,-65.889041,295,1,0.802,0.81685,0.1259,esperado,0,5122.1,False,B1,2026-09-27,False
888b2cd205fffff,-17.572983,-65.875265,164,0,0.663,0.67999,-0.4936,esperado,0,4664.8,False,B1,2026-09-27,False
888b2cd207fffff,-17.566399,-65.880504,141,0,0.359,0.77605,-0.431,esperado,0,4528.9,False,B1,2026-09-27,False
888b2cd20bfffff,-17.575858,-65.89234,17,0,0.112,0.90645,-0.2944,esperado,0,5853.5,False,B1,2026-09-27,False
888b2cd20dfffff,-17.581005,-65.878563,159,0,1.18,0.58281,-0.5388,esperado,0,5584.9,False,B1,2026-09-27,True
888b2cd211fffff,-17.562687,-65.902819,195,0,0.559,0.70788,-0.4776,esperado,0,4155.6,False,B1,2026-09-27,False
888b2cd213fffff,-17.5561,-65.908059,130,0,0.468,0.7363,-0.4595,esperado,0,3314.1,False,B1,2026-09-27,False
888b2cd219fffff,-17.570709,-65.906118,279,0,0.89,0.63057,-0.5185,esperado,0,4933.5,False,B1,2026-09-27,False
888b2cd21bfffff,-17.564123,-65.911358,336,0,0.964,0.61709,-0.5245,esperado,0,4090.5,False,B1,2026-09-27,False
888b2cd21dfffff,-17.569273,-65.897579,137,0,0.437,0.74669,-0.4525,esperado,0,4999.5,False,B1,2026-09-27,False
888b2cd221fffff,-17.563524,-65.863433,251,0,3.704,0.4026,-0.5906,esperado,0,3079.0,False,B1,2026-09-27,False
888b2cd223fffff,-17.55694,-65.868671,195,15,0.789,0.99975,9.1657,exceso,0,2892.2,False,B1,2026-09-27,False
888b2cd225fffff,-17.562086,-65.854899,226,0,3.967,0.39308,-0.5924,esperado,0,2471.6,False,B1,2026-09-27,False
888b2cd227fffff,-17.555502,-65.860137,259,4,3.822,0.73713,0.0275,esperado,0,2148.9,False,B1,2026-09-27,False
888b2cd229fffff,-17.571545,-65.866729,272,0,4.014,0.39144,-0.5928,esperado,0,4020.9,False,B1,2026-09-27,False
888b2cd22bfffff,-17.564961,-65.871968,136,0,0.55,0.7106,-0.4759,esperado,0,3762.2,False,B1,2026-09-27,False
888b2cd22dfffff,-17.570107,-65.858195,48,0,0.842,0.63991,-0.5141,esperado,0,3407.7,False,B1,2026-09-27,False
888b2cd231fffff,-17.551791,-65.882446,542,0,0.0,1.0,-0.001,esperado,0,3522.4,False,B1,2026-09-27,False
888b2cd233fffff,-17.545205,-65.887685,199,2,1.333,0.82048,0.2737,esperado,0,2734.0,False,B1,2026-09-27,False
888b2cd235fffff,-17.550355,-65.87391,171,0,0.572,0.7043,-0.4797,esperado,0,2970.5,False,B1,2026-09-27,False
888b2cd237fffff,-17.543769,-65.879149,155,0,0.381,0.76725,-0.4377,esperado,0,2722.0,False,B1,2026-09-27,False
888b2cd239fffff,-17.559814,-65.885744,180,0,0.0,1.0,-0.001,esperado,0,4364.6,False,B1,2026-09-27,False
888b2cd23dfffff,-17.558377,-65.877207,205,9,0.686,0.99792,6.0218,exceso,0,3712.7,False,B1,2026-09-27,False
888b2cd251fffff,-17.585317,-65.904177,372,4,3.624,0.74742,0.0612,esperado,0,6553.1,False,B1,2026-09-27,True
888b2cd253fffff,-17.578732,-65.909417,845,9,5.561,0.80934,0.371,esperado,0,5711.3,False,B1,2026-09-27,True
888b2cd255fffff,-17.58388,-65.895638,56,0,0.546,0.71191,-0.4751,esperado,0,6619.2,False,B1,2026-09-27,True
888b2cd257fffff,-17.577295,-65.900878,296,0,1.948,0.49971,-0.567,esperado,0,5780.3,False,B1,2026-09-27,False
888b2cd25bfffff,-17.586754,-65.912717,280,0,1.388,0.55541,-0.549,esperado,0,6488.7,False,B1,2026-09-27,True
888b2cd261fffff,-17.58615,-65.864787,113,0,1.983,0.49684,-0.5679,esperado,0,5300.3,False,B1,2026-09-27,True
888b2cd263fffff,-17.579567,-65.870026,21,1,0.31,0.93342,0.9227,esperado,0,4967.9,False,B1,2026-09-27,True
888b2cd265fffff,-17.584711,-65.856252,143,0,2.603,0.45429,-0.5792,esperado,0,4790.2,False,B1,2026-09-27,True
888b2cd267fffff,-17.578129,-65.861491,141,0,2.475,0.46204,-0.5773,esperado,0,4352.0,False,B1,2026-09-27,False
888b2cd281fffff,-17.528312,-65.920479,457,9,9.395,0.70709,-0.0256,esperado,1,90.2,False,B1,2026-09-27,False
888b2cd283fffff,-17.521722,-65.925719,62,0,1.953,0.49933,-0.5671,esperado,0,836.3,False,B1,2026-09-27,False
888b2cd285fffff,-17.526878,-65.91194,351,3,4.328,0.66428,-0.1825,esperado,1,76.4,False,B1,2026-09-27,False
888b2cd287fffff,-17.520288,-65.91718,167,0,1.177,0.5832,-0.5386,esperado,0,780.9,False,B1,2026-09-27,False
888b2cd289fffff,-17.536336,-65.923779,194,0,2.817,0.44234,-0.582,esperado,0,794.7,False,B1,2026-09-27,False
888b2cd28bfffff,-17.529746,-65.929019,177,8,6.485,0.75854,0.1409,esperado,1,243.9,False,B1,2026-09-27,False
888b2cd297fffff,-17.508541,-65.936199,33,0,0.0,1.0,-0.001,esperado,0,2542.2,False,B1,2026-09-27,False
888b2cd299fffff,-17.524589,-65.9428,14,0,0.565,0.70641,-0.4785,esperado,0,881.9,False,B1,2026-09-27,False
888b2cd29bfffff,-17.517998,-65.948041,63,0,2.477,0.46193,-0.5773,esperado,0,1702.0,False,B1,2026-09-27,False
888b2cd29dfffff,-17.523156,-65.934259,36,0,1.452,0.54794,-0.5517,esperado,0,910.3,False,B1,2026-09-27,False
888b2cd2a1fffff,-17.51742,-65.900104,143,0,1.085,0.59697,-0.5331,esperado,0,558.3,False,B1,2026-09-27,False
888b2cd2a3fffff,-17.510831,-65.905343,38,0,0.268,0.81613,-0.3973,esperado,0,1422.7,False,B1,2026-09-27,False
888b2cd2a5fffff,-17.515985,-65.891567,378,2,2.915,0.67695,-0.1831,esperado,0,532.7,False,B1,2026-09-27,False
888b2cd2a7fffff,-17.509397,-65.896806,261,5,1.537,0.92164,1.2505,esperado,0,1323.8,False,B1,2026-09-27,False
888b2cd2a9fffff,-17.525443,-65.903402,272,3,3.354,0.71386,-0.062,esperado,1,292.5,False,B1,2026-09-27,False
888b2cd2abfffff,-17.518854,-65.908642,61,0,0.463,0.73787,-0.4585,esperado,0,690.4,False,B1,2026-09-27,False
888b2cd2adfffff,-17.524008,-65.894865,781,33,10.706,0.91221,1.2696,esperado,1,306.6,False,B1,2026-09-27,False
888b2cd2b1fffff,-17.505675,-65.91912,23,0,0.0,1.0,-0.001,esperado,0,2400.1,False,B1,2026-09-27,False
888b2cd2b9fffff,-17.513698,-65.922419,24,0,0.0,1.0,-0.001,esperado,0,1614.9,False,B1,2026-09-27,False
888b2cd2bdfffff,-17.512265,-65.913881,26,0,0.0,1.0,-0.001,esperado,0,1554.6,False,B1,2026-09-27,False
888b2cd2c1fffff,-17.550948,-65.921839,10,0,0.071,0.93663,-0.2454,esperado,0,2405.8,False,B1,2026-09-27,False
888b2cd2c3fffff,-17.544359,-65.927079,23,0,0.24,0.82965,-0.3847,esperado,0,1589.9,False,B1,2026-09-27,False
888b2cd2c5fffff,-17.549513,-65.913299,105,0,0.445,0.74408,-0.4543,esperado,0,2470.2,False,B1,2026-09-27,False
888b2cd2c9fffff,-17.558971,-65.925139,223,5,0.621,0.98744,3.4369,exceso,0,3184.1,False,B1,2026-09-27,False
888b2cd2cbfffff,-17.552383,-65.930379,50,0,0.557,0.70854,-0.4772,esperado,0,2342.6,False,B1,2026-09-27,False
888b2cd2cdfffff,-17.557536,-65.916598,470,1,0.676,0.84284,0.2371,esperado,0,3247.8,False,B1,2026-09-27,False
888b2cd2d3fffff,-17.532614,-65.946101,154,4,10.72,0.53896,-0.3822,esperado,1,152.6,False,B1,2026-09-27,False
888b2cd2d5fffff,-17.53777,-65.932319,66,0,1.635,0.52822,-0.5583,esperado,0,721.3,False,B1,2026-09-27,False
888b2cd2d7fffff,-17.53118,-65.93756,74,1,4.19,0.52156,-0.4521,esperado,1,137.8,False,B1,2026-09-27,False
888b2cd2d9fffff,-17.547228,-65.944161,58,0,1.279,0.56911,-0.544,esperado,0,1571.6,False,B1,2026-09-27,False
888b2cd2ddfffff,-17.545794,-65.93562,31,0,0.581,0.70167,-0.4813,esperado,0,1537.5,False,B1,2026-09-27,False
888b2cd2e3fffff,-17.533466,-65.906701,177,0,2.209,0.4797,-0.5726,esperado,0,916.5,False,B1,2026-09-27,False
888b2cd2e5fffff,-17.538619,-65.892924,12,0,0.143,0.88522,-0.3233,esperado,0,1915.9,False,B1,2026-09-27,False
888b2cd2e7fffff,-17.532031,-65.898163,205,0,2.559,0.45691,-0.5785,esperado,0,1051.5,False,B1,2026-09-27,False
888b2cd2ebfffff,-17.541489,-65.91,17,0,0.113,0.90563,-0.2956,esperado,0,1706.2,False,B1,2026-09-27,False
888b2cd301fffff,-17.564353,-65.824063,241,0,4.224,0.38447,-0.5941,esperado,0,2923.0,False,B1,2026-09-27,False
888b2cd303fffff,-17.557771,-65.8293,279,1,4.47,0.51045,-0.4622,esperado,0,2006.3,False,B1,2026-09-27,False
888b2cd305fffff,-17.562914,-65.815533,223,0,2.831,0.44164,-0.5822,esperado,0,3465.7,False,B1,2026-09-27,False
888b2cd307fffff,-17.556333,-65.820769,329,1,4.78,0.49911,-0.4721,esperado,0,2591.6,False,B1,2026-09-27,False
888b2cd309fffff,-17.572374,-65.827357,177,2,3.489,0.64254,-0.2513,esperado,0,3492.1,False,B1,2026-09-27,False
888b2cd30bfffff,-17.565792,-65.832595,436,1,10.082,0.38434,-0.5486,esperado,0,2602.0,False,B1,2026-09-27,False
888b2cd30dfffff,-17.570934,-65.818826,254,0,4.027,0.39101,-0.5928,esperado,0,3839.9,False,B1,2026-09-27,True
888b2cd311fffff,-17.552627,-65.84307,618,6,14.29,0.55211,-0.3552,esperado,0,984.7,False,B1,2026-09-27,False
888b2cd313fffff,-17.546043,-65.848307,566,26,14.036,0.82953,0.5218,esperado,0,599.1,False,B1,2026-09-27,False
888b2cd315fffff,-17.551189,-65.834538,911,41,17.015,0.87467,0.865,esperado,0,1090.6,False,B1,2026-09-27,False
888b2cd317fffff,-17.544606,-65.839775,1223,225,23.708,0.99547,5.2265,exceso,1,191.8,False,B1,2026-09-27,False
888b2cd319fffff,-17.560648,-65.846365,318,0,6.07,0.3377,-0.6017,esperado,0,1930.5,False,B1,2026-09-27,False
888b2cd31bfffff,-17.554065,-65.851603,321,3,6.017,0.60082,-0.3016,esperado,0,1540.1,False,B1,2026-09-27,False
888b2cd31dfffff,-17.55921,-65.837832,431,3,9.966,0.50881,-0.4256,esperado,0,1740.3,False,B1,2026-09-27,False
888b2cd321fffff,-17.553454,-65.80371,134,0,0.838,0.64091,-0.5136,esperado,0,4145.1,False,B1,2026-09-27,True
888b2cd323fffff,-17.546873,-65.808946,284,0,1.775,0.51477,-0.5625,esperado,0,3466.6,False,B1,2026-09-27,False
888b2cd327fffff,-17.545434,-65.800418,125,1,0.781,0.82098,0.1422,esperado,0,4360.5,False,B1,2026-09-27,True
888b2cd329fffff,-17.561475,-65.807003,249,2,1.556,0.79387,0.1584,esperado,0,4144.0,False,B1,2026-09-27,True
888b2cd32bfffff,-17.554894,-65.812239,290,0,1.812,0.51137,-0.5636,esperado,0,3332.0,False,B1,2026-09-27,False
888b2cd331fffff,-17.54173,-65.822713,390,1,3.701,0.54319,-0.431,esperado,0,2001.9,False,B1,2026-09-27,False
888b2cd333fffff,-17.535147,-65.827949,415,1,5.047,0.49002,-0.4796,esperado,0,1727.6,False,B1,2026-09-27,False
888b2cd335fffff,-17.540292,-65.814183,477,10,1.711,0.9748,2.7169,exceso,0,2921.4,False,B1,2026-09-27,False
888b2cd337fffff,-17.533709,-65.819419,367,0,0.378,0.76863,-0.4366,esperado,0,2595.2,False,B1,2026-09-27,False
888b2cd339fffff,-17.549751,-65.826006,605,10,8.327,0.7511,0.1219,esperado,0,1761.9,False,B1,2026-09-27,False
888b2cd33bfffff,-17.543168,-65.831243,1000,31,17.125,0.82491,0.4972,esperado,0,1083.9,False,B1,2026-09-27,False
888b2cd33dfffff,-17.548312,-65.817476,441,0,3.275,0.42018,-0.587,esperado,0,2591.1,False,B1,2026-09-27,False
888b2cd341fffff,-17.586974,-65.825414,39,0,0.623,0.69043,-0.4878,esperado,0,5067.8,False,B1,2026-09-27,True
888b2cd343fffff,-17.580394,-65.830652,128,0,2.169,0.48257,-0.5719,esperado,0,4203.6,False,B1,2026-09-27,True
888b2cd347fffff,-17.578954,-65.82212,523,3,9.62,0.51498,-0.4187,esperado,0,4393.3,False,B1,2026-09-27,True
888b2cd34bfffff,-17.588414,-65.833946,67,0,1.093,0.59575,-0.5336,esperado,0,4996.9,False,B1,2026-09-27,True
888b2cd351fffff,-17.575252,-65.844422,362,0,6.59,0.32778,-0.6032,esperado,0,3490.0,False,B1,2026-09-27,False
888b2cd353fffff,-17.568669,-65.84966,236,1,4.296,0.51723,-0.4561,esperado,0,2882.5,False,B1,2026-09-27,False
888b2cd355fffff,-17.573813,-65.835889,261,0,4.982,0.36258,-0.5979,esperado,0,3367.5,False,B1,2026-09-27,False
888b2cd357fffff,-17.567231,-65.841127,262,4,5.001,0.68452,-0.1197,esperado,0,2586.9,False,B1,2026-09-27,False
888b2cd359fffff,-17.583272,-65.847718,238,0,4.333,0.38104,-0.5947,esperado,0,4415.0,False,B1,2026-09-27,True
888b2cd35bfffff,-17.57669,-65.852956,108,0,1.966,0.49823,-0.5675,esperado,0,3836.0,False,B1,2026-09-27,False
888b2cd35dfffff,-17.581833,-65.839184,231,0,4.205,0.38508,-0.5939,esperado,0,4211.1,False,B1,2026-09-27,True
888b2cd363fffff,-17.569495,-65.810296,119,0,1.51,0.54132,-0.5539,esperado,0,4357.6,False,B1,2026-09-27,True
888b2cd36bfffff,-17.577515,-65.813589,144,0,2.283,0.47457,-0.574,esperado,0,4756.8,False,B1,2026-09-27,True
888b2cd401fffff,-17.435993,-65.993843,228,3,20.532,0.39415,-0.525,esperado,1,410.8,True,B1,2026-09-27,False
888b2cd403fffff,-17.429393,-65.999084,337,5,36.972,0.37262,-0.5338,esperado,1,129.4,True,B1,2026-09-27,False
888b2cd405fffff,-17.434565,-65.9853,347,0,16.779,0.23174,-0.6135,esperado,1,175.5,True,B1,2026-09-27,False
888b2cd407fffff,-17.427966,-65.99054,191,21,10.769,0.83939,0.5793,esperado,1,261.5,True,B1,2026-09-27,False
888b2cd40bfffff,-17.437421,-66.002387,191,11,16.76,0.62954,-0.2109,esperado,0,524.4,True,B1,2026-09-27,False
888b2cd40dfffff,-17.442592,-65.988602,36,0,2.859,0.44017,-0.5825,esperado,0,722.4,True,B1,2026-09-27,False
888b2cd411fffff,-17.42422,-66.012869,404,6,40.749,0.38161,-0.5267,esperado,1,437.6,True,B1,2026-09-27,False
888b2cd413fffff,-17.417619,-66.01811,1104,65,140.293,0.55415,-0.3326,esperado,1,89.1,True,B1,2026-09-27,False
888b2cd415fffff,-17.422793,-66.004324,745,14,79.438,0.39885,-0.5099,esperado,1,308.8,True,B1,2026-09-27,False
888b2cd417fffff,-17.416192,-66.009565,979,46,117.953,0.52324,-0.3779,esperado,1,43.6,True,B1,2026-09-27,False
888b2cd419fffff,-17.432248,-66.016174,42,0,3.273,0.42025,-0.587,esperado,1,456.0,True,B1,2026-09-27,False
888b2cd41bfffff,-17.425647,-66.021415,321,1,33.089,0.24738,-0.5983,esperado,1,310.8,True,B1,2026-09-27,False
888b2cd41dfffff,-17.430821,-66.007628,466,4,43.637,0.32627,-0.5612,esperado,1,162.1,True,B1,2026-09-27,False
888b2cd421fffff,-17.425109,-65.973455,207,0,6.905,0.32224,-0.6039,esperado,0,583.9,True,B1,2026-09-27,False
888b2cd423fffff,-17.418511,-65.978695,119,1,4.337,0.51563,-0.4576,esperado,1,495.6,True,B1,2026-09-27,False
888b2cd425fffff,-17.423681,-65.964914,166,1,5.436,0.47778,-0.4894,esperado,0,596.5,True,B1,2026-09-27,False
888b2cd427fffff,-17.417083,-65.970154,388,0,12.944,0.25544,-0.6115,esperado,1,220.3,True,B1,2026-09-27,False
888b2cd429fffff,-17.433136,-65.976757,78,0,2.588,0.4552,-0.579,esperado,0,707.0,True,B1,2026-09-27,False
888b2cd42bfffff,-17.426538,-65.981997,793,4,28.899,0.37987,-0.5311,esperado,1,124.7,True,B1,2026-09-27,False
888b2cd42dfffff,-17.431708,-65.968216,196,0,6.384,0.33159,-0.6026,esperado,0,1351.8,True,B1,2026-09-27,False
888b2cd431fffff,-17.413338,-65.992478,1378,31,61.325,0.57247,-0.3059,esperado,1,153.9,True,B1,2026-09-27,False
888b2cd433fffff,-17.406738,-65.997718,932,110,44.395,0.87868,0.913,esperado,1,78.4,True,B1,2026-09-27,False
888b2cd435fffff,-17.411911,-65.983935,710,32,23.372,0.77113,0.2272,esperado,1,80.0,True,B1,2026-09-27,False
888b2cd437fffff,-17.405311,-65.989175,911,103,38.967,0.88904,1.0147,esperado,1,279.5,True,B1,2026-09-27,False
888b2cd439fffff,-17.421366,-65.995781,912,7,70.571,0.328,-0.5575,esperado,1,57.0,True,B1,2026-09-27,False
888b2cd43bfffff,-17.414766,-66.001021,797,28,71.391,0.52579,-0.3761,esperado,1,190.6,True,B1,2026-09-27,False
888b2cd43dfffff,-17.419938,-65.987237,710,4,28.516,0.38172,-0.5299,esperado,1,65.7,True,B1,2026-09-27,False
888b2cd451fffff,-17.446876,-66.014236,233,2,9.264,0.46732,-0.4768,esperado,0,1725.9,True,B1,2026-09-27,False
888b2cd453fffff,-17.440276,-66.019478,829,30,13.261,0.86454,0.7722,esperado,0,1390.0,True,B1,2026-09-27,False
888b2cd457fffff,-17.438848,-66.010932,46,0,3.028,0.43165,-0.5845,esperado,0,781.7,True,B1,2026-09-27,False
888b2cd459fffff,-17.454903,-66.017541,31,0,0.912,0.62652,-0.5203,esperado,0,2235.4,True,B1,2026-09-27,False
888b2cd45bfffff,-17.448304,-66.022783,63,6,1.474,0.94569,1.6973,esperado,0,1590.6,True,B1,2026-09-27,False
888b2cd45dfffff,-17.453475,-66.008995,10,1,0.292,0.93818,0.9863,esperado,0,2217.2,True,B1,2026-09-27,False
888b2cd461fffff,-17.447761,-65.974819,72,0,0.758,0.65775,-0.5053,esperado,0,1430.5,True,B1,2026-09-27,False
888b2cd463fffff,-17.441163,-65.980059,83,0,0.901,0.62862,-0.5194,esperado,0,517.9,True,B1,2026-09-27,False
888b2cd467fffff,-17.439734,-65.971517,151,0,1.638,0.52789,-0.5584,esperado,0,1309.4,True,B1,2026-09-27,False
888b2cd46dfffff,-17.454357,-65.969579,25,0,0.339,0.78416,-0.4246,esperado,0,2348.1,True,B1,2026-09-27,False
888b2cd481fffff,-17.389782,-66.030529,1378,14,75.497,0.40632,-0.5042,esperado,1,67.9,False,B1,2026-09-27,False
888b2cd483fffff,-17.383178,-66.035771,1253,17,79.625,0.42638,-0.4869,esperado,1,322.0,False,B1,2026-09-27,False
888b2cd485fffff,-17.388357,-66.021984,296,0,15.863,0.23668,-0.6131,esperado,0,769.0,False,B1,2026-09-27,False
888b2cd487fffff,-17.381753,-66.027225,471,4,4.433,0.70822,-0.0581,esperado,1,201.6,False,B1,2026-09-27,False
888b2cd489fffff,-17.397811,-66.033834,1828,1243,114.208,0.99757,6.1229,exceso,1,63.8,False,B1,2026-09-27,False
888b2cd48bfffff,-17.391207,-66.039076,1709,79,90.774,0.67774,-0.0803,esperado,1,220.6,False,B1,2026-09-27,False
888b2cd48dfffff,-17.396386,-66.025288,694,44,33.481,0.76225,0.1938,esperado,1,476.8,False,B1,2026-09-27,False
888b2cd491fffff,-17.377997,-66.049559,1021,49,116.742,0.53644,-0.3595,esperado,0,609.2,False,B1,2026-09-27,False
888b2cd493fffff,-17.371391,-66.0548,310,0,35.446,0.17455,-0.6172,bajo_lo_esperado,0,704.1,False,B1,2026-09-27,False
888b2cd495fffff,-17.376573,-66.041012,477,6,9.771,0.62441,-0.2349,esperado,0,1169.0,False,B1,2026-09-27,False
888b2cd497fffff,-17.369967,-66.046253,88,0,1.803,0.51226,-0.5633,esperado,0,1360.6,False,B1,2026-09-27,False
888b2cd499fffff,-17.386026,-66.052865,1668,110,190.7,0.59526,-0.2623,esperado,1,41.4,False,B1,2026-09-27,False
888b2cd49bfffff,-17.379421,-66.058107,1491,195,170.464,0.73267,0.0892,esperado,1,178.2,False,B1,2026-09-27,False
888b2cd49dfffff,-17.384602,-66.044317,1176,41,120.239,0.49973,-0.4083,esperado,1,336.1,False,B1,2026-09-27,False
888b2cd4a3fffff,-17.3723,-66.015376,10,0,0.1,0.91475,-0.282,esperado,0,1837.8,False,B1,2026-09-27,False
888b2cd4a7fffff,-17.370875,-66.006832,31,0,0.261,0.81957,-0.3942,esperado,0,2668.8,False,B1,2026-09-27,True
888b2cd4a9fffff,-17.386932,-66.013439,68,0,4.079,0.38922,-0.5932,esperado,0,891.2,False,B1,2026-09-27,False
888b2cd4abfffff,-17.380328,-66.01868,56,0,0.561,0.7073,-0.4779,esperado,0,1074.2,False,B1,2026-09-27,False
888b2cd4b9fffff,-17.375149,-66.032466,217,0,2.812,0.44263,-0.582,esperado,0,843.6,False,B1,2026-09-27,False
888b2cd4c1fffff,-17.412443,-66.031898,1637,219,78.589,0.89706,1.106,esperado,1,42.5,False,B1,2026-09-27,False
888b2cd4c3fffff,-17.40584,-66.03714,2553,5127,112.199,1.0,27.6878,exceso,1,110.2,False,B1,2026-09-27,False
888b2cd4c5fffff,-17.411017,-66.023352,1533,108,54.9,0.83879,0.5981,esperado,1,201.0,False,B1,2026-09-27,False
888b2cd4c7fffff,-17.404414,-66.028593,2321,914,105.122,0.99367,4.7661,exceso,1,139.3,False,B1,2026-09-27,False
888b2cd4c9fffff,-17.420471,-66.035203,626,23,16.709,0.77321,0.231,esperado,1,187.5,False,B1,2026-09-27,False
888b2cd4cbfffff,-17.413869,-66.040445,2227,273,96.463,0.89938,1.1334,esperado,1,62.2,False,B1,2026-09-27,False
888b2cd4cdfffff,-17.419045,-66.026656,964,160,33.276,0.96247,2.3496,exceso,1,60.9,False,B1,2026-09-27,False
888b2cd4d1fffff,-17.400661,-66.050929,2299,1736,119.552,0.99948,8.3767,exceso,1,100.4,False,B1,2026-09-27,False
888b2cd4d3fffff,-17.394056,-66.056171,1544,1214,158.805,0.98991,4.1182,exceso,1,238.6,False,B1,2026-09-27,False
888b2cd4d5fffff,-17.399236,-66.042381,2346,3034,134.82,0.99998,13.3251,exceso,1,55.3,False,B1,2026-09-27,False
888b2cd4d7fffff,-17.392632,-66.047623,994,93,71.973,0.75782,0.1808,esperado,0,621.2,False,B1,2026-09-27,False
888b2cd4d9fffff,-17.40869,-66.054235,637,45,33.125,0.76882,0.2212,esperado,0,563.8,False,B1,2026-09-27,False
888b2cd4dbfffff,-17.402085,-66.059478,1264,149,58.727,0.88244,0.9507,esperado,1,113.2,False,B1,2026-09-27,False
888b2cd4ddfffff,-17.407265,-66.045687,2067,1118,118.786,0.99539,5.2114,exceso,1,90.0,False,B1,2026-09-27,False
888b2cd4e1fffff,-17.401563,-66.011502,818,80,46.568,0.81379,0.4437,esperado,1,288.1,False,B1,2026-09-27,False
888b2cd4e3fffff,-17.39496,-66.016743,1041,27,57.572,0.55884,-0.3284,esperado,1,47.9,False,B1,2026-09-27,False
888b2cd4e5fffff,-17.400137,-66.002958,611,11,42.199,0.46125,-0.4567,esperado,1,136.2,False,B1,2026-09-27,False
888b2cd4e7fffff,-17.393535,-66.008199,161,0,10.387,0.27727,-0.6093,esperado,0,662.1,False,B1,2026-09-27,False
888b2cd4e9fffff,-17.409591,-66.014806,1957,298,100.036,0.90694,1.2256,esperado,1,60.9,False,B1,2026-09-27,False
888b2cd4ebfffff,-17.402989,-66.020047,1425,313,62.433,0.96602,2.4828,exceso,1,178.4,False,B1,2026-09-27,False
888b2cd4edfffff,-17.408164,-66.006262,1631,107,110.821,0.69854,-0.0214,esperado,1,255.3,False,B1,2026-09-27,False
888b2cd503fffff,-17.419394,-65.939296,451,2,3.833,0.62464,-0.2829,esperado,1,276.5,True,B1,2026-09-27,False
888b2cd505fffff,-17.424561,-65.92552,134,0,0.0,1.0,-0.001,esperado,0,1846.4,True,B1,2026-09-27,False
888b2cd507fffff,-17.417965,-65.930759,52,1,0.0,1.0,999.9977,exceso,0,1173.0,True,B1,2026-09-27,False
888b2cd511fffff,-17.414226,-65.953074,429,10,3.9,0.88712,0.9259,esperado,0,558.6,True,B1,2026-09-27,False
888b2cd513fffff,-17.407628,-65.958313,223,0,2.77,0.44488,-0.5814,esperado,0,733.5,True,B1,2026-09-27,False
888b2cd515fffff,-17.412797,-65.944535,52,1,0.442,0.89833,0.5728,esperado,0,654.5,True,B1,2026-09-27,False
888b2cd517fffff,-17.406199,-65.949774,62,0,0.527,0.71748,-0.4717,esperado,0,1495.2,True,B1,2026-09-27,False
888b2cd519fffff,-17.422252,-65.956374,477,4,6.629,0.62938,-0.2392,esperado,1,393.9,True,B1,2026-09-27,False
888b2cd51bfffff,-17.415654,-65.961613,507,19,7.85,0.87646,0.8605,esperado,1,103.8,True,B1,2026-09-27,False
888b2cd51dfffff,-17.420823,-65.947835,989,21,8.991,0.87046,0.8116,esperado,1,114.9,True,B1,2026-09-27,False
888b2cd521fffff,-17.415105,-65.913686,363,0,0.0,1.0,-0.001,esperado,0,3007.5,True,B1,2026-09-27,True
888b2cd523fffff,-17.408509,-65.918924,207,1,0.0,1.0,999.9977,exceso,0,2653.7,True,B1,2026-09-27,True
888b2cd525fffff,-17.413675,-65.905151,11,0,0.0,1.0,-0.001,esperado,0,3927.5,True,B1,2026-09-27,True
888b2cd527fffff,-17.40708,-65.910388,145,0,0.0,1.0,-0.001,esperado,0,3555.7,True,B1,2026-09-27,True
888b2cd529fffff,-17.423131,-65.916984,678,11,0.0,1.0,10999.9847,exceso,0,2683.9,True,B1,2026-09-27,False
888b2cd52bfffff,-17.416535,-65.922222,849,6,0.0,1.0,5999.9912,exceso,0,2088.6,True,B1,2026-09-27,False
888b2cd52dfffff,-17.4217,-65.908448,26,0,0.0,1.0,-0.001,esperado,0,3562.2,True,B1,2026-09-27,True
888b2cd531fffff,-17.403342,-65.932698,88,0,0.0,1.0,-0.001,esperado,0,1898.5,True,B1,2026-09-27,True
888b2cd535fffff,-17.401913,-65.924161,83,0,0.0,1.0,-0.001,esperado,0,2593.7,True,B1,2026-09-27,True
888b2cd539fffff,-17.411368,-65.935997,279,0,0.0,1.0,-0.001,esperado,0,966.6,True,B1,2026-09-27,False
888b2cd53bfffff,-17.404771,-65.941235,234,0,0.0,1.0,-0.001,esperado,0,1476.4,True,B1,2026-09-27,False
888b2cd53dfffff,-17.409939,-65.92746,160,0,0.0,1.0,-0.001,esperado,0,1771.7,True,B1,2026-09-27,False
888b2cd551fffff,-17.436876,-65.954435,21,0,0.228,0.83612,-0.3783,esperado,0,1903.9,True,B1,2026-09-27,False
888b2cd55bfffff,-17.438305,-65.962976,57,0,0.618,0.69154,-0.4871,esperado,0,2204.7,True,B1,2026-09-27,False
888b2cd561fffff,-17.43775,-65.915044,249,0,0.0,1.0,-0.001,esperado,0,3523.8,True,B1,2026-09-27,False
888b2cd563fffff,-17.431156,-65.920282,52,0,0.0,1.0,-0.001,esperado,0,2659.9,True,B1,2026-09-27,False
888b2cd565fffff,-17.436319,-65.906508,300,0,0.0,1.0,-0.001,esperado,0,4221.7,True,B1,2026-09-27,False
888b2cd567fffff,-17.429725,-65.911746,285,1,0.0,1.0,999.9977,exceso,0,3418.4,True,B1,2026-09-27,False
888b2cd569fffff,-17.445775,-65.918343,10,0,0.0,1.0,-0.001,esperado,0,3860.2,True,B1,2026-09-27,False
888b2cd56dfffff,-17.444344,-65.909806,68,0,0.0,1.0,-0.001,esperado,0,4408.9,True,B1,2026-09-27,False
888b2cd581fffff,-17.379802,-65.970729,83,0,5.879,0.34164,-0.6012,esperado,0,2207.2,False,B1,2026-09-27,True
888b2cd589fffff,-17.387829,-65.97403,362,1,26.502,0.26895,-0.5928,esperado,0,1315.3,False,B1,2026-09-27,False
888b2cd58bfffff,-17.381228,-65.979269,176,0,10.052,0.28066,-0.609,esperado,0,1650.1,False,B1,2026-09-27,True
888b2cd58dfffff,-17.386402,-65.96549,37,0,1.69,0.52282,-0.56,esperado,0,1904.5,False,B1,2026-09-27,True
888b2cd599fffff,-17.376052,-65.99305,25,0,0.293,0.804,-0.4081,esperado,0,2244.7,False,B1,2026-09-27,True
888b2cd59bfffff,-17.36945,-65.99829,63,0,0.185,0.85993,-0.3533,esperado,0,3034.7,False,B1,2026-09-27,True
888b2cd5c1fffff,-17.402456,-65.972092,751,18,40.73,0.5498,-0.3447,esperado,1,24.9,False,B1,2026-09-27,False
888b2cd5c3fffff,-17.395856,-65.977331,160,0,7.668,0.31013,-0.6055,esperado,0,593.9,False,B1,2026-09-27,False
888b2cd5c5fffff,-17.401029,-65.963552,213,0,3.839,0.39761,-0.5916,esperado,0,830.7,False,B1,2026-09-27,False
888b2cd5c7fffff,-17.394429,-65.968791,67,0,3.301,0.41903,-0.5872,esperado,0,951.3,False,B1,2026-09-27,False
888b2cd5c9fffff,-17.410484,-65.975393,316,0,8.569,0.29773,-0.607,esperado,1,455.3,False,B1,2026-09-27,False
888b2cd5cbfffff,-17.403884,-65.980633,1015,60,55.403,0.72265,0.0513,esperado,1,97.3,False,B1,2026-09-27,False
888b2cd5cdfffff,-17.409056,-65.966853,223,6,3.79,0.80909,0.3448,esperado,1,104.1,False,B1,2026-09-27,False
888b2cd5d1fffff,-17.390682,-65.991113,129,0,11.05,0.27096,-0.61,esperado,0,612.9,False,B1,2026-09-27,False
888b2cd5d3fffff,-17.38408,-65.996352,16,0,0.202,0.85007,-0.364,esperado,0,1405.2,False,B1,2026-09-27,False
888b2cd5d5fffff,-17.389256,-65.982571,243,2,14.829,0.39536,-0.53,esperado,0,707.0,False,B1,2026-09-27,False
888b2cd5d7fffff,-17.382654,-65.98781,78,0,6.438,0.33058,-0.6028,esperado,0,1507.9,False,B1,2026-09-27,False
888b2cd5d9fffff,-17.39871,-65.994415,844,29,77.04,0.51829,-0.386,esperado,1,220.0,False,B1,2026-09-27,False
888b2cd5dbfffff,-17.392109,-65.999655,280,3,19.867,0.39888,-0.5218,esperado,0,605.2,False,B1,2026-09-27,False
888b2cd5ddfffff,-17.397283,-65.985873,549,14,34.69,0.53484,-0.3681,esperado,1,99.4,False,B1,2026-09-27,False
888b2cd5e1fffff,-17.391574,-65.951712,20,0,0.0,1.0,-0.001,esperado,0,2408.6,False,B1,2026-09-27,True
888b2cd5e9fffff,-17.399601,-65.955012,47,0,0.936,0.62214,-0.5223,esperado,0,1658.1,False,B1,2026-09-27,False
888b2cd5ebfffff,-17.393002,-65.960251,26,0,0.412,0.75582,-0.446,esperado,0,1582.2,False,B1,2026-09-27,True
888b2cd5edfffff,-17.398173,-65.946474,177,0,1.424,0.55111,-0.5506,esperado,0,2261.5,False,B1,2026-09-27,True
888b2cd629fffff,-17.489322,-65.999878,20,2,0.157,0.99396,3.9115,exceso,0,5370.1,False,B1,2026-09-27,False
888b2cd651fffff,-17.503067,-66.037375,48,9,0.0,1.0,8999.9873,exceso,0,4218.3,False,B1,2026-09-27,False
888b2cd681fffff,-17.445983,-66.05367,135,0,10.058,0.2806,-0.609,esperado,0,688.1,False,B1,2026-09-27,False
888b2cd683fffff,-17.439381,-66.058913,906,31,163.406,0.40599,-0.5022,esperado,1,32.4,False,B1,2026-09-27,False
888b2cd685fffff,-17.444557,-66.045121,197,0,7.657,0.3103,-0.6055,esperado,1,204.1,False,B1,2026-09-27,False
888b2cd687fffff,-17.437955,-66.050363,248,6,22.795,0.4703,-0.4534,esperado,1,386.0,False,B1,2026-09-27,False
888b2cd689fffff,-17.454012,-66.056977,218,6,2.466,0.88142,0.8268,esperado,0,988.9,False,B1,2026-09-27,False
888b2cd68dfffff,-17.452585,-66.048427,181,36,6.196,0.97599,2.8963,exceso,1,79.9,False,B1,2026-09-27,False
888b2cd691fffff,-17.434203,-66.072707,52,0,2.386,0.46767,-0.5758,esperado,0,662.5,False,B1,2026-09-27,False
888b2cd693fffff,-17.427598,-66.07795,259,21,13.154,0.80232,0.3648,esperado,1,119.8,False,B1,2026-09-27,False
888b2cd695fffff,-17.432777,-66.064156,508,3,45.032,0.29484,-0.5767,esperado,0,593.7,False,B1,2026-09-27,False
888b2cd697fffff,-17.426173,-66.069399,553,3,50.263,0.28293,-0.5813,esperado,1,229.3,False,B1,2026-09-27,False
888b2cd69dfffff,-17.440806,-66.067464,161,0,7.388,0.31438,-0.605,esperado,0,520.7,False,B1,2026-09-27,False
888b2cd6a1fffff,-17.435102,-66.033267,404,2,31.241,0.30046,-0.5773,esperado,0,667.9,False,B1,2026-09-27,False
888b2cd6a3fffff,-17.4285,-66.038509,419,19,49.047,0.5254,-0.3787,esperado,1,79.3,False,B1,2026-09-27,False
888b2cd6a5fffff,-17.433675,-66.02472,140,4,3.641,0.74653,0.0582,esperado,0,620.8,False,B1,2026-09-27,False
888b2cd6a7fffff,-17.427074,-66.029961,487,0,46.891,0.15688,-0.618,bajo_lo_esperado,0,568.0,False,B1,2026-09-27,False
888b2cd6a9fffff,-17.44313,-66.036572,544,9,38.278,0.44657,-0.4723,esperado,1,354.5,False,B1,2026-09-27,False
888b2cd6abfffff,-17.436528,-66.041815,181,1,19.209,0.30335,-0.5824,esperado,1,148.4,False,B1,2026-09-27,False
888b2cd6adfffff,-17.441703,-66.028025,135,0,3.364,0.41629,-0.5878,esperado,0,1266.8,False,B1,2026-09-27,False
888b2cd6b1fffff,-17.423323,-66.052299,865,8,190.471,0.23629,-0.5939,esperado,1,396.8,False,B1,2026-09-27,False
888b2cd6b3fffff,-17.416719,-66.057542,978,86,48.85,0.81836,0.4701,esperado,1,94.8,False,B1,2026-09-27,False
888b2cd6b5fffff,-17.421897,-66.043751,705,24,458.438,0.25166,-0.5878,esperado,1,154.9,False,B1,2026-09-27,False
888b2cd6b7fffff,-17.415294,-66.048993,880,79,256.273,0.48112,-0.4289,esperado,1,56.9,False,B1,2026-09-27,False
888b2cd6b9fffff,-17.431352,-66.055606,674,23,128.202,0.39885,-0.5084,esperado,1,270.4,False,B1,2026-09-27,False
888b2cd6bbfffff,-17.424748,-66.060849,668,16,40.78,0.52876,-0.3753,esperado,1,387.3,False,B1,2026-09-27,False
888b2cd6bdfffff,-17.429926,-66.047057,999,15,568.289,0.19513,-0.604,bajo_lo_esperado,1,89.1,False,B1,2026-09-27,False
888b2cd6c7fffff,-17.460613,-66.051734,129,0,2.016,0.49425,-0.5686,esperado,0,659.5,False,B1,2026-09-27,False
888b2cd6cbfffff,-17.470069,-66.063592,26,0,1.202,0.57969,-0.54,esperado,0,2219.1,False,B1,2026-09-27,False
888b2cd6d3fffff,-17.450261,-66.079323,56,0,0.319,0.79271,-0.4176,esperado,0,1921.4,False,B1,2026-09-27,False
888b2cd6dbfffff,-17.45829,-66.082632,32,0,1.095,0.5955,-0.5337,esperado,0,1972.2,False,B1,2026-09-27,False
888b2cd6e1fffff,-17.457759,-66.034636,177,1,5.92,0.46398,-0.4997,esperado,0,1001.7,False,B1,2026-09-27,False
888b2cd6e3fffff,-17.451158,-66.039878,771,25,25.344,0.706,-0.0084,esperado,1,315.4,False,B1,2026-09-27,False
888b2cd6e7fffff,-17.449731,-66.03133,228,16,7.495,0.85602,0.6868,esperado,0,681.1,False,B1,2026-09-27,False
888b2cd6ebfffff,-17.459186,-66.043185,130,0,4.348,0.38056,-0.5948,esperado,1,267.6,False,B1,2026-09-27,False
888b2cd6edfffff,-17.464359,-66.029393,38,0,1.271,0.57022,-0.5436,esperado,0,1787.2,False,B1,2026-09-27,False
888b2cd707fffff,-17.474144,-65.953858,17,0,0.0,1.0,-0.001,esperado,0,5103.2,False,B1,2026-09-27,False
888b2cd717fffff,-17.462384,-65.972881,14,0,0.0,1.0,-0.001,esperado,0,2929.3,False,B1,2026-09-27,False
888b2cd749fffff,-17.512839,-65.961824,10,0,0.308,0.79761,-0.4136,esperado,0,2169.0,False,B1,2026-09-27,False
888b2cd74dfffff,-17.511406,-65.953281,21,0,0.232,0.83393,-0.3805,esperado,0,2451.9,False,B1,2026-09-27,False
88b32d900dfffff,-17.587929,-66.00865,398,6,0.27,0.99966,8.4565,exceso,0,4780.5,True,B1,2026-09-27,True
88b32d9041fffff,-17.571879,-66.002039,26,0,0.101,0.91452,-0.2824,esperado,0,3078.4,True,B1,2026-09-27,False
88b32d9043fffff,-17.57847,-65.996796,46,0,0.102,0.91349,-0.284,esperado,0,3899.3,True,B1,2026-09-27,True
88b32d9045fffff,-17.573312,-66.010588,97,0,0.132,0.89284,-0.3133,esperado,0,3150.1,True,B1,2026-09-27,False
88b32d9047fffff,-17.579904,-66.005345,931,6,1.199,0.96333,2.1618,esperado,0,3924.0,True,B1,2026-09-27,True
88b32d904bfffff,-17.570445,-65.993491,139,2,0.0,1.0,1999.9964,exceso,0,3133.6,True,B1,2026-09-27,False
88b32d904dfffff,-17.565286,-66.007283,432,2,0.581,0.93187,1.1743,esperado,0,2297.5,True,B1,2026-09-27,False
88b32d9055fffff,-17.585061,-65.991553,51,0,0.0,1.0,-0.001,esperado,0,4740.9,True,B1,2026-09-27,True
88b32d9059fffff,-17.575603,-65.979702,211,1,0.0,1.0,999.9977,exceso,0,4103.7,True,B1,2026-09-27,False
88b32d905dfffff,-17.577037,-65.988248,199,0,0.0,1.0,-0.001,esperado,0,3963.6,True,B1,2026-09-27,True
88b32d9061fffff,-17.58277,-66.022444,98,3,0.044,0.99998,13.2709,exceso,0,4274.8,True,B1,2026-09-27,True
88b32d9065fffff,-17.584202,-66.030995,63,0,0.049,0.95464,-0.2091,esperado,0,4470.0,True,B1,2026-09-27,True
88b32d9069fffff,-17.574744,-66.019138,22,0,0.015,0.98507,-0.1215,esperado,0,3367.3,True,B1,2026-09-27,False
88b32d906bfffff,-17.581337,-66.013894,1454,18,1.014,0.99968,8.85,exceso,0,4034.0,True,B1,2026-09-27,True
88b32d906dfffff,-17.576177,-66.027688,165,0,0.0,1.0,-0.001,esperado,0,3554.2,True,B1,2026-09-27,True
88b32d9141fffff,-17.581904,-66.061899,194,0,0.0,1.0,-0.001,esperado,0,4448.3,False,B1,2026-09-27,True
88b32d9149fffff,-17.573878,-66.05859,199,4,0.362,0.99417,4.3363,exceso,0,3510.2,False,B1,2026-09-27,False
88b32d914bfffff,-17.580473,-66.053345,478,2,0.816,0.89349,0.7416,esperado,0,4167.7,False,B1,2026-09-27,True
88b32d914dfffff,-17.575309,-66.067145,355,0,0.966,0.61672,-0.5247,esperado,0,3852.4,False,B1,2026-09-27,True
88b32d9201fffff,-17.538346,-65.980276,33,14,0.437,0.99999,14.0546,exceso,1,420.4,False,B1,2026-09-27,False
88b32d9205fffff,-17.539778,-65.988822,108,9,1.931,0.95828,2.0746,esperado,1,92.8,False,B1,2026-09-27,False
88b32d9209fffff,-17.530321,-65.976973,71,13,0.929,0.99871,6.7773,exceso,1,273.9,False,B1,2026-09-27,False
88b32d920bfffff,-17.536913,-65.971731,135,3,1.623,0.84568,0.4732,esperado,0,522.8,False,B1,2026-09-27,False
88b32d920dfffff,-17.531753,-65.985518,19,4,0.291,0.99695,5.1958,exceso,0,548.3,False,B1,2026-09-27,False
88b32d9211fffff,-17.550096,-65.961247,44,0,0.465,0.73709,-0.459,esperado,0,1912.8,False,B1,2026-09-27,False
88b32d9213fffff,-17.556686,-65.956006,57,0,0.919,0.62512,-0.521,esperado,0,2569.0,False,B1,2026-09-27,False
88b32d9215fffff,-17.551529,-65.969792,44,0,0.343,0.78232,-0.4261,esperado,0,2150.7,False,B1,2026-09-27,False
88b32d9217fffff,-17.55812,-65.96455,280,4,2.593,0.80997,0.3143,esperado,0,2841.1,False,B1,2026-09-27,False
88b32d9219fffff,-17.542072,-65.957945,50,0,1.471,0.54578,-0.5524,esperado,0,993.2,False,B1,2026-09-27,False
88b32d921bfffff,-17.548662,-65.952704,119,0,2.064,0.49046,-0.5697,esperado,0,1660.3,False,B1,2026-09-27,False
88b32d9229fffff,-17.54121,-65.997368,81,4,1.67,0.88209,0.7804,esperado,1,121.6,False,B1,2026-09-27,False
88b32d922dfffff,-17.542642,-66.005916,235,23,6.432,0.93154,1.5526,esperado,1,184.4,False,B1,2026-09-27,False
88b32d9231fffff,-17.560987,-65.98164,126,0,0.486,0.73032,-0.4635,esperado,0,2544.3,False,B1,2026-09-27,False
88b32d9233fffff,-17.567578,-65.976398,200,0,0.455,0.74069,-0.4566,esperado,0,3433.6,False,B1,2026-09-27,False
88b32d9235fffff,-17.562421,-65.990187,14,0,0.066,0.94052,-0.2381,esperado,0,2349.3,False,B1,2026-09-27,False
88b32d9237fffff,-17.569012,-65.984944,67,0,0.366,0.77312,-0.4332,esperado,0,3217.3,False,B1,2026-09-27,False
88b32d923bfffff,-17.559554,-65.973095,348,1,0.562,0.86866,0.3723,esperado,0,2825.0,False,B1,2026-09-27,False
88b32d9243fffff,-17.522296,-65.97367,19,0,0.0,1.0,-0.001,esperado,0,1110.6,False,B1,2026-09-27,False
88b32d9251fffff,-17.527456,-65.959885,150,3,2.29,0.78605,0.178,esperado,0,593.9,False,B1,2026-09-27,False
88b32d9253fffff,-17.534047,-65.954644,124,12,1.708,0.98459,3.3778,exceso,1,61.2,False,B1,2026-09-27,False
88b32d9255fffff,-17.528888,-65.968428,186,12,2.84,0.9496,1.8784,esperado,1,354.6,False,B1,2026-09-27,False
88b32d9257fffff,-17.53548,-65.963187,500,56,10.791,0.96841,2.5545,exceso,1,340.9,False,B1,2026-09-27,False
88b32d925bfffff,-17.526023,-65.951342,77,0,1.333,0.56217,-0.5466,esperado,0,848.9,False,B1,2026-09-27,False
88b32d925dfffff,-17.520863,-65.965126,25,1,0.0,1.0,999.9977,exceso,0,1255.2,False,B1,2026-09-27,False
88b32d9267fffff,-17.534617,-66.002611,69,1,1.071,0.76884,-0.0355,esperado,0,1019.2,False,B1,2026-09-27,False
88b32d9281fffff,-17.584476,-65.943583,107,0,1.11,0.59311,-0.5347,esperado,0,5669.3,False,B1,2026-09-27,True
88b32d9285fffff,-17.585912,-65.952127,286,0,1.566,0.53537,-0.5559,esperado,0,5786.1,False,B1,2026-09-27,True
88b32d9289fffff,-17.576453,-65.940282,167,1,2.53,0.61191,-0.3496,esperado,0,4831.0,False,B1,2026-09-27,False
88b32d928bfffff,-17.58304,-65.93504,602,10,6.252,0.80639,0.361,esperado,0,5641.2,False,B1,2026-09-27,True
88b32d928dfffff,-17.577888,-65.948825,43,0,0.284,0.80833,-0.4043,esperado,0,4906.0,False,B1,2026-09-27,True
88b32d9299fffff,-17.588191,-65.921258,505,9,4.385,0.8517,0.6261,esperado,0,6425.0,False,B1,2026-09-27,True
88b32d929dfffff,-17.589627,-65.929799,1337,1,11.611,0.36516,-0.5579,esperado,0,6430.1,False,B1,2026-09-27,True
88b32d92a9fffff,-17.587347,-65.960671,153,1,0.596,0.86066,0.3272,esperado,0,5996.9,False,B1,2026-09-27,True
88b32d92c1fffff,-17.561841,-65.942222,213,4,1.98,0.85596,0.5795,esperado,0,3200.3,False,B1,2026-09-27,False
88b32d92c3fffff,-17.56843,-65.936981,439,2,1.913,0.75665,0.0258,esperado,0,4011.4,False,B1,2026-09-27,False
88b32d92c5fffff,-17.563276,-65.950764,126,0,0.903,0.62812,-0.5196,esperado,0,3279.6,False,B1,2026-09-27,False
88b32d92c7fffff,-17.569865,-65.945523,246,0,2.568,0.45634,-0.5787,esperado,0,4038.5,False,B1,2026-09-27,False
88b32d92c9fffff,-17.553817,-65.938921,263,5,0.0,1.0,4999.9925,exceso,0,2383.6,False,B1,2026-09-27,False
88b32d92cbfffff,-17.560406,-65.93368,203,2,1.408,0.81118,0.2312,esperado,0,3167.7,False,B1,2026-09-27,False
88b32d92cdfffff,-17.555252,-65.947463,162,7,0.0,1.0,6999.9899,exceso,0,2408.6,False,B1,2026-09-27,False
88b32d92d1fffff,-17.573581,-65.923198,296,0,1.825,0.51026,-0.5639,esperado,0,4803.3,False,B1,2026-09-27,False
88b32d92d3fffff,-17.580168,-65.917957,556,5,3.002,0.82043,0.3889,esperado,0,5652.2,False,B1,2026-09-27,True
88b32d92d5fffff,-17.575017,-65.931739,462,4,2.78,0.79735,0.2553,esperado,0,4798.8,False,B1,2026-09-27,False
88b32d92d7fffff,-17.581604,-65.926498,359,2,2.2,0.7306,-0.0519,esperado,0,5599.2,False,B1,2026-09-27,True
88b32d92d9fffff,-17.565559,-65.919898,339,0,1.977,0.49738,-0.5677,esperado,0,4033.4,False,B1,2026-09-27,False
88b32d92dbfffff,-17.572145,-65.914658,376,0,2.318,0.4722,-0.5746,esperado,0,4869.2,False,B1,2026-09-27,False
88b32d92ddfffff,-17.566994,-65.928439,176,0,0.97,0.61607,-0.525,esperado,0,3969.6,False,B1,2026-09-27,False
88b32d92e1fffff,-17.572734,-65.962611,33,0,0.181,0.86232,-0.3507,esperado,0,4419.0,False,B1,2026-09-27,False
88b32d92e3fffff,-17.579323,-65.957369,30,0,0.164,0.87216,-0.3393,esperado,0,5080.8,False,B1,2026-09-27,True
88b32d92e5fffff,-17.574169,-65.971156,59,0,0.247,0.82608,-0.3881,esperado,0,4335.0,False,B1,2026-09-27,False
88b32d92e7fffff,-17.580758,-65.965913,36,0,0.14,0.88721,-0.3207,esperado,0,5242.1,False,B1,2026-09-27,True
88b32d92e9fffff,-17.56471,-65.959308,146,0,0.668,0.6787,-0.4943,esperado,0,3491.4,False,B1,2026-09-27,False
88b32d92ebfffff,-17.5713,-65.954066,60,0,0.265,0.81762,-0.396,esperado,0,4170.7,False,B1,2026-09-27,False
88b32d92edfffff,-17.566144,-65.967853,170,0,1.027,0.60639,-0.5292,esperado,0,3736.5,False,B1,2026-09-27,False
88b32d9305fffff,-17.549798,-66.048666,45,8,0.566,0.99833,6.2871,exceso,0,745.6,True,B1,2026-09-27,False
88b32d9309fffff,-17.540341,-66.036807,180,8,13.458,0.61374,-0.2481,esperado,1,96.7,True,B1,2026-09-27,False
88b32d930bfffff,-17.546937,-66.031563,168,1,4.578,0.50641,-0.4658,esperado,1,463.8,True,B1,2026-09-27,False
88b32d930dfffff,-17.541772,-66.045359,179,16,5.281,0.91035,1.216,esperado,1,319.9,True,B1,2026-09-27,False
88b32d9311fffff,-17.560126,-66.021076,114,0,0.318,0.7929,-0.4175,esperado,0,1771.7,True,B1,2026-09-27,False
88b32d9313fffff,-17.566719,-66.015832,292,1,1.06,0.77071,-0.03,esperado,0,2435.0,True,B1,2026-09-27,False
88b32d9315fffff,-17.561557,-66.029626,406,0,4.006,0.39172,-0.5927,esperado,0,1966.7,True,B1,2026-09-27,False
88b32d9317fffff,-17.568151,-66.024382,922,0,9.097,0.29122,-0.6078,esperado,0,2659.7,True,B1,2026-09-27,False
88b32d931bfffff,-17.558693,-66.012526,144,1,4.433,0.51186,-0.461,esperado,0,1523.5,True,B1,2026-09-27,False
88b32d9325fffff,-17.560686,-66.069081,29,0,0.081,0.92946,-0.2581,esperado,0,2302.4,True,B1,2026-09-27,False
88b32d9329fffff,-17.551229,-66.057219,73,0,1.269,0.5705,-0.5435,esperado,0,1021.1,True,B1,2026-09-27,False
88b32d9331fffff,-17.571015,-66.041484,448,2,2.97,0.67337,-0.1907,esperado,0,3034.0,True,B1,2026-09-27,False
88b32d9333fffff,-17.577609,-66.03624,453,0,2.742,0.44641,-0.5811,esperado,0,3816.5,True,B1,2026-09-27,True
88b32d9335fffff,-17.572447,-66.050037,76,0,0.372,0.77083,-0.435,esperado,0,3255.3,True,B1,2026-09-27,False
88b32d9337fffff,-17.579041,-66.044792,194,0,1.059,0.60108,-0.5314,esperado,0,3929.4,True,B1,2026-09-27,True
88b32d9339fffff,-17.562989,-66.038177,263,0,2.309,0.47277,-0.5745,esperado,0,2185.1,True,B1,2026-09-27,False
88b32d933bfffff,-17.569583,-66.032933,537,0,4.629,0.3722,-0.5962,esperado,0,2908.6,True,B1,2026-09-27,False
88b32d9351fffff,-17.537479,-66.019707,114,1,8.291,0.41226,-0.5334,esperado,0,752.2,True,B1,2026-09-27,False
88b32d9353fffff,-17.544074,-66.014464,395,8,28.727,0.47558,-0.4448,esperado,1,159.8,True,B1,2026-09-27,False
88b32d9355fffff,-17.53891,-66.028257,218,1,8.005,0.41743,-0.5304,esperado,0,520.6,True,B1,2026-09-27,False
88b32d9357fffff,-17.545505,-66.023013,235,17,8.629,0.84183,0.589,esperado,1,147.2,True,B1,2026-09-27,False
88b32d9359fffff,-17.529453,-66.016402,15,0,1.091,0.59607,-0.5335,esperado,0,1637.4,True,B1,2026-09-27,False
88b32d935bfffff,-17.536048,-66.011159,120,1,8.727,0.40478,-0.5377,esperado,0,975.1,True,B1,2026-09-27,False
88b32d9361fffff,-17.536605,-66.059155,322,2,17.757,0.37029,-0.5448,esperado,0,520.7,True,B1,2026-09-27,False
88b32d9363fffff,-17.543202,-66.053911,464,34,15.64,0.85754,0.7196,esperado,1,87.9,True,B1,2026-09-27,False
88b32d9365fffff,-17.538034,-66.067709,168,31,9.265,0.92321,1.4265,esperado,1,115.2,True,B1,2026-09-27,False
88b32d9367fffff,-17.544632,-66.062464,362,19,12.202,0.7979,0.3404,esperado,1,421.2,True,B1,2026-09-27,False
88b32d9369fffff,-17.528578,-66.055847,12,0,0.73,0.66413,-0.502,esperado,0,1456.5,True,B1,2026-09-27,False
88b32d936bfffff,-17.535175,-66.050603,52,0,2.868,0.4397,-0.5826,esperado,0,857.0,True,B1,2026-09-27,False
