h3_cell,municipality,population,observed,dist_centro_km,dist_trazado_m,gtfs_covered,lat,lon,expected,partition,expected_week,gap_pearson,ratio_obs_exp,unmet_demand,gap_pearson_global
888b2c8001fffff,Quillacollo,253,35,12.6537,1733.9,0,-17.4296,-66.2702,4.3014,entrenamiento,0.053,14.8018,6.7907,0,-19.5469
888b2c8003fffff,Quillacollo,10,3,12.979,876.9,0,-17.423,-66.2754,0.1302,entrenamiento,0.0016,7.9517,3.5391,0,-3.5025
888b2c8005fffff,Quillacollo,200,0,11.7421,1792.6,0,-17.4282,-66.2616,2.9613,entrenamiento,0.0365,-1.7209,0.2524,2.9613,-18.8473
888b2c8007fffff,Quillacollo,69,4,12.0596,1049.4,0,-17.4216,-66.2668,1.1538,entrenamiento,0.0142,2.6496,2.3214,0,-10.709
888b2c8009fffff,Quillacollo,137,1,13.2907,1985.1,0,-17.4376,-66.2735,2.1862,entrenamiento,0.0269,-0.8022,0.6277,1.1862,-15.5348
888b2c800dfffff,Quillacollo,294,1,12.3887,2372.8,0,-17.4362,-66.2649,3.3011,entrenamiento,0.0407,-1.2665,0.465,2.3011,-22.8074
888b2c8011fffff,Quillacollo,942,103,14.2831,94.5,1,-17.4178,-66.2892,10.0965,entrenamiento,0.1244,29.238,9.3724,0,-38.3853
888b2c8013fffff,Quillacollo,863,26,14.7152,10.4,1,-17.4111,-66.2945,9.1955,entrenamiento,0.1133,5.5416,2.6482,0,-38.4867
888b2c8015fffff,Quillacollo,1420,169,13.3603,112.1,1,-17.4164,-66.2807,15.2197,entrenamiento,0.1876,39.4182,10.4811,0,-46.8551
888b2c8017fffff,Quillacollo,2236,293,13.7929,135.9,1,-17.4097,-66.2859,23.8253,entrenamiento,0.2936,55.1462,11.8428,0,-58.3695
888b2c8019fffff,Quillacollo,626,42,14.8193,341.4,1,-17.4258,-66.2925,8.9146,entrenamiento,0.1099,11.0812,4.3371,0,-32.0847
888b2c801bfffff,Quillacollo,1100,118,15.2059,314.7,1,-17.4192,-66.2978,11.7899,entrenamiento,0.1453,30.9322,9.3042,0,-41.5313
888b2c801dfffff,Quillacollo,463,89,13.8989,156.7,1,-17.4244,-66.284,6.5934,entrenamiento,0.0813,32.0929,11.8525,0,-25.5728
888b2c8021fffff,Colcapirhua,491,10,10.2229,1022.7,0,-17.4187,-66.2497,8.4075,entrenamiento,0.1036,0.5492,1.1693,0,-29.1922
888b2c8023fffff,Colcapirhua,65,11,10.5927,1139.4,0,-17.4121,-66.2549,9.0676,entrenamiento,0.1117,0.6417,1.1919,0,-9.7209
888b2c8025fffff,Colcapirhua,261,11,9.306,968.1,0,-17.4173,-66.2411,4.4692,entrenamiento,0.0551,3.0893,2.1941,0,-21.0196
888b2c8027fffff,Colcapirhua,420,13,9.6704,1001.7,0,-17.4107,-66.2464,58.5908,entrenamiento,0.7221,-5.9561,0.2349,45.5908,-26.8364
888b2c802bfffff,Quillacollo,190,13,11.1409,1429.2,0,-17.4201,-66.2583,3.2534,entrenamiento,0.0401,5.4036,3.2915,0,-17.6624
888b2c802dfffff,Colcapirhua,136,2,9.9255,114.7,1,-17.4253,-66.2444,1.331,entrenamiento,0.0164,0.5799,1.287,0,-15.4132
888b2c8031fffff,Quillacollo,1016,113,11.9491,320.6,1,-17.4069,-66.2688,266.645,entrenamiento,3.2861,-9.4092,0.4259,153.645,-39.8196
888b2c8033fffff,Quillacollo,1904,1530,12.4365,21,1,-17.4003,-66.274,270.772,entrenamiento,3.337,76.5248,5.6334,0,-31.8423
888b2c8035fffff,Quillacollo,732,87,11.0275,593.1,0,-17.4055,-66.2602,209.384,entrenamiento,2.5804,-8.4577,0.4183,122.384,-33.6442
888b2c8037fffff,Quillacollo,1899,651,11.52,13.2,1,-17.3989,-66.2654,543.197,entrenamiento,6.6943,4.6254,1.1981,0,-46.8666
888b2c8039fffff,Quillacollo,836,136,12.4377,167,1,-17.4149,-66.2721,13.4261,entrenamiento,0.1655,33.452,9.4967,0,-35.004
888b2c803bfffff,Quillacollo,2615,689,12.8709,35.1,1,-17.4083,-66.2773,257.202,entrenamiento,3.1697,26.9242,2.6723,0,-58.0408
888b2c803dfffff,Quillacollo,794,23,11.5151,523.5,0,-17.4135,-66.2635,110.765,entrenamiento,1.3651,-8.3391,0.2147,87.7646,-36.9406
888b2c8043fffff,Quillacollo,79,0,13.9646,2589.8,0,-17.4457,-66.2768,0.8061,entrenamiento,0.0099,-0.8978,0.5537,0.8061,-11.8454
888b2c8045fffff,Cochabamba,26,0,12.9196,1112.5,0,-17.4509,-66.263,0.665,entrenamiento,0.0082,-0.8155,0.6006,0.665,-6.7955
888b2c8047fffff,Quillacollo,121,0,13.0739,1960.3,0,-17.4442,-66.2682,2.1881,entrenamiento,0.027,-1.4792,0.3137,2.1881,-14.6598
888b2c8051fffff,Quillacollo,116,0,15.1023,1923.3,0,-17.4405,-66.2906,0,entrenamiento,0,-0.001,1,0,-14.3537
888b2c8053fffff,Quillacollo,136,8,15.3968,1296.9,0,-17.4338,-66.2959,1.0099,entrenamiento,0.0124,6.9557,4.4778,0,-15.0272
888b2c8055fffff,Quillacollo,21,1,14.1953,1729.4,0,-17.439,-66.282,0,entrenamiento,0,999.999,2,0,-5.9435
888b2c8057fffff,Quillacollo,10,0,14.4813,985.5,0,-17.4324,-66.2873,0.0708,entrenamiento,0.0009,-0.2661,0.9339,0.0708,-4.2144
888b2c8065fffff,Cochabamba,195,0,10.4356,991.6,0,-17.44,-66.2425,4.4268,entrenamiento,0.0546,-2.104,0.1843,4.4268,-18.6102
888b2c8069fffff,Cochabamba,108,2,12.0548,582.2,0,-17.4494,-66.2544,2.2797,entrenamiento,0.0281,-0.1852,0.9147,0.2797,-13.7055
888b2c806bfffff,Quillacollo,84,1,12.188,1468.8,0,-17.4428,-66.2597,1.0817,entrenamiento,0.0133,-0.0785,0.9608,0.0817,-12.1326
888b2c806dfffff,Cochabamba,176,4,11.1993,557.2,0,-17.448,-66.2458,3.7174,entrenamiento,0.0458,0.1466,1.0599,0,-17.4541
888b2c8081fffff,Quillacollo,1594,14,15.9464,119.7,1,-17.3833,-66.3069,82.8968,prueba,1.0216,-7.5671,0.1788,68.8968,-54.9754
888b2c8083fffff,Vinto,1499,37,16.5699,687.2,0,-17.3766,-66.3122,50.9094,prueba,0.6274,-1.9494,0.732,13.9094,-52.8669
888b2c8085fffff,Quillacollo,1605,73,15.0522,103.2,1,-17.3818,-66.2983,350.289,prueba,4.3169,-14.8156,0.2107,277.289,-54.1018
888b2c8087fffff,Quillacollo,1662,44,15.6863,663.9,0,-17.3752,-66.3036,73.0141,prueba,0.8998,-3.3955,0.608,29.0141,-55.6144
888b2c8089fffff,Vinto,2166,161,16.2591,233.6,1,-17.3913,-66.3102,41.102,prueba,0.5065,18.7017,3.8478,0,-61.8792
888b2c808bfffff,Vinto,1933,339,16.8437,234.7,1,-17.3847,-66.3155,48.179,prueba,0.5938,41.8983,6.9135,0,-55.2448
888b2c808dfffff,Quillacollo,2053,137,15.3531,468,1,-17.3899,-66.3017,400.709,prueba,4.9383,-13.1738,0.3435,263.709,-60.4924
888b2c8091fffff,Vinto,1075,27,18.098,66.5,1,-17.3714,-66.326,22.2357,prueba,0.274,1.0104,1.205,0,-44.7598
888b2c8093fffff,Vinto,548,6,18.762,572.8,0,-17.3648,-66.3312,7.888,prueba,0.0972,-0.6722,0.7876,1.888,-32.1973
888b2c8095fffff,Vinto,87,35,17.2205,216.6,1,-17.37,-66.3174,2.0256,prueba,0.025,23.1683,11.8983,0,-10.1901
888b2c8097fffff,Vinto,305,53,17.8951,33.5,1,-17.3634,-66.3227,6.4311,prueba,0.0793,18.3633,7.2667,0,-21.9648
888b2c8099fffff,Vinto,925,15,18.349,824.7,0,-17.3795,-66.3293,19.6328,prueba,0.242,-1.0456,0.7755,4.6328,-41.7154
888b2c809bfffff,Vinto,746,17,18.9799,355.7,1,-17.3728,-66.3345,20.4384,prueba,0.2519,-0.7606,0.8396,3.4384,-37.3326
888b2c809dfffff,Vinto,509,43,17.4577,236.5,1,-17.378,-66.3207,9.3214,prueba,0.1149,11.031,4.263,0,-29.8313
888b2c80a1fffff,Quillacollo,2020,109,13.9347,20,1,-17.3724,-66.2864,99.6759,prueba,1.2284,0.9339,1.0926,0,-60.4192
888b2c80a3fffff,Quillacollo,1468,35,14.6222,52.3,1,-17.3658,-66.2917,75.0617,prueba,0.9251,-4.624,0.4733,40.0617,-52.3407
888b2c80a5fffff,Quillacollo,2573,103,13.0688,73.2,1,-17.371,-66.2779,162.161,prueba,1.9985,-4.6458,0.6374,59.1607,-68.7005
888b2c80a7fffff,Quillacollo,2262,171,13.771,23.4,1,-17.3644,-66.2831,111.617,prueba,1.3756,5.6208,1.5273,0,-63.1921
888b2c80a9fffff,Quillacollo,1694,253,14.1618,196.2,1,-17.3804,-66.2898,557.959,prueba,6.8762,-12.9104,0.4544,304.959,-52.4912
888b2c80abfffff,Quillacollo,1374,38,14.8076,315.4,1,-17.3738,-66.295,70.2553,prueba,0.8658,-3.8482,0.5473,32.2553,-50.535
888b2c80adfffff,Quillacollo,2704,503,13.276,71.7,1,-17.379,-66.2812,900.32,prueba,11.0955,-13.2417,0.5592,397.32,-64.9398
888b2c80b1fffff,Quillacollo,337,9,16.1803,843.2,0,-17.3606,-66.3055,10.4502,prueba,0.1288,-0.4486,0.8733,1.4502,-25.0399
888b2c80b3fffff,Vinto,194,5,16.9006,1406.7,0,-17.3539,-66.3108,2.3218,prueba,0.0286,1.7576,1.8062,0,-19.0079
888b2c80b5fffff,Quillacollo,595,86,15.3344,485.4,1,-17.3591,-66.2969,25.5579,prueba,0.315,11.9558,3.2759,0,-31.194
888b2c80b7fffff,Quillacollo,726,16,16.0683,1019.4,0,-17.3525,-66.3022,2.6416,prueba,0.0326,8.219,4.6683,0,-36.8434
888b2c80b9fffff,Quillacollo,1083,6,16.3481,981.6,0,-17.3686,-66.3088,35.7439,prueba,0.4405,-4.975,0.1905,29.7439,-45.3917
888b2c80bbfffff,Vinto,185,6,17.0342,930.2,0,-17.362,-66.3141,5.4638,prueba,0.0673,0.2294,1.083,0,-18.4963
888b2c80bdfffff,Quillacollo,968,22,15.4816,194,1,-17.3672,-66.3003,39.5797,prueba,0.4878,-2.7943,0.5668,17.5797,-42.5276
888b2c80c1fffff,Vinto,1104,32,16.1106,520.6,0,-17.4059,-66.3083,42.0417,prueba,0.5181,-1.5487,0.7667,10.0417,-45.2666
888b2c80c3fffff,Vinto,2049,688,16.6215,10,1,-17.3993,-66.3135,83.4665,prueba,1.0286,66.1705,8.1571,0,-51.6297
888b2c80c5fffff,Quillacollo,1429,44,15.1911,310.9,1,-17.4045,-66.2997,137.635,prueba,1.6962,-7.9813,0.3246,93.6353,-51.4509
888b2c80c7fffff,Vinto,2199,287,15.7071,264.6,1,-17.3979,-66.305,159.983,prueba,1.9716,10.0421,1.789,0,-60.4442
888b2c80c9fffff,Vinto,801,9,16.56,1126.9,0,-17.414,-66.3116,8.8803,prueba,0.1094,0.0402,1.0121,0,-38.9207
888b2c80cbfffff,Vinto,1179,66,17.0305,381.6,1,-17.4074,-66.3169,38.0047,prueba,0.4684,4.5412,1.7177,0,-46.1088
888b2c80cdfffff,Quillacollo,870,6,15.6375,624.7,0,-17.4126,-66.303,52.7795,prueba,0.6505,-6.4391,0.1302,46.7795,-40.6549
888b2c80d1fffff,Vinto,1241,74,18.0765,65.2,1,-17.3941,-66.3274,39.7806,prueba,0.4903,5.4255,1.8391,0,-47.2127
888b2c80d3fffff,Vinto,804,17,18.6462,351.9,1,-17.3875,-66.3326,13.2893,prueba,0.1638,1.0179,1.2597,0,-38.7904
888b2c80d5fffff,Vinto,2291,665,17.167,218.7,1,-17.3927,-66.3188,76.9744,prueba,0.9486,67.0229,8.5413,0,-56.1681
888b2c80d7fffff,Vinto,625,59,17.7438,629.9,0,-17.3861,-66.324,15.3893,prueba,0.1897,11.1169,3.6609,0,-32.8769
888b2c80d9fffff,Vinto,1067,89,18.4533,179.1,1,-17.4022,-66.3307,41.8855,prueba,0.5162,7.2799,2.0986,0,-43.2164
888b2c80dbfffff,Vinto,1046,22,18.9874,6.1,1,-17.3955,-66.3359,12.0729,prueba,0.1488,2.857,1.7594,0,-44.2474
888b2c80ddfffff,Vinto,1735,182,17.537,7.1,1,-17.4007,-66.3221,66.5522,prueba,0.8202,14.1516,2.709,0,-54.4611
888b2c80e1fffff,Quillacollo,2999,1898,13.8818,44.2,1,-17.3951,-66.2878,999.142,prueba,12.3133,28.4366,1.8987,0,-50.7002
888b2c80e3fffff,Quillacollo,2546,281,14.4493,213.5,1,-17.3885,-66.2931,848.221,prueba,10.4534,-19.4759,0.3321,567.221,-65.7735
888b2c80e5fffff,Quillacollo,3357,27239,12.9715,23.3,1,-17.3937,-66.2793,1137.28,prueba,14.0158,773.989,23.9308,0,259.706
888b2c80e7fffff,Quillacollo,3925,1007,13.5483,33.7,1,-17.387,-66.2845,1230.45,prueba,15.164,-6.3702,0.8185,223.452,-75.0451
888b2c80e9fffff,Quillacollo,2457,475,14.2723,53.2,1,-17.4031,-66.2912,649.287,prueba,8.0018,-6.8398,0.732,174.287,-61.6411
888b2c80ebfffff,Quillacollo,2425,320,14.7937,158.7,1,-17.3965,-66.2964,611.928,prueba,7.5413,-11.8012,0.5237,291.928,-63.4229
888b2c80edfffff,Quillacollo,2967,5224,13.354,49.2,1,-17.4017,-66.2826,1103.35,prueba,13.5976,124.054,4.7313,0,-6.0193
888b2c8101fffff,Cochabamba,1587,28,6.3425,161.4,1,-17.4197,-66.2102,2155.05,entrenamiento,26.5587,-45.8194,0.0135,2127.05,-57.7492
888b2c8103fffff,Cochabamba,1343,132,6.5649,69.4,1,-17.413,-66.2154,1914.35,entrenamiento,23.5923,-40.7363,0.0694,1782.35,-51.1027
888b2c8105fffff,Cochabamba,2158,137,5.4691,19.1,1,-17.4182,-66.2016,3704.24,entrenamiento,45.6508,-58.6115,0.0372,3567.24,-65.8846
888b2c8107fffff,Cochabamba,1911,56,5.657,613.4,0,-17.4116,-66.2069,4260.07,entrenamiento,52.5008,-64.4112,0.0134,4204.07,-63.0218
888b2c8109fffff,Cochabamba,78,10,7.092,690.5,0,-17.4277,-66.2135,11.639,entrenamiento,0.1434,-0.4804,0.8703,1.639,-12.1348
888b2c810bfffff,Cochabamba,763,29,7.2281,189.7,1,-17.4211,-66.2187,35.3552,entrenamiento,0.4357,-1.0688,0.8252,6.3552,-39.6575
888b2c810dfffff,Cochabamba,1697,29,6.2497,81.3,1,-17.4263,-66.2049,349.737,entrenamiento,4.3101,-17.1506,0.0855,320.737,-59.7326
888b2c8111fffff,Colcapirhua,934,115,7.8262,726.1,0,-17.4078,-66.2292,31.9723,entrenamiento,0.394,14.6837,3.5181,0,-42.0973
888b2c8113fffff,Colcapirhua,1724,363,8.2648,119.1,1,-17.4012,-66.2345,109.746,entrenamiento,1.3525,24.1747,3.2868,0,-54.7103
888b2c8115fffff,Colcapirhua,1120,302,6.9044,584.8,0,-17.4064,-66.2207,920.592,entrenamiento,11.3453,-20.3878,0.3288,618.592,-42.7442
888b2c8117fffff,Colcapirhua,2535,1243,7.3448,42.8,1,-17.3998,-66.2259,1720.14,entrenamiento,21.1988,-11.5043,0.7228,477.136,-56.7051
888b2c8119fffff,Cochabamba,392,8,8.3903,897.8,0,-17.4159,-66.2326,10.789,entrenamiento,0.133,-0.8491,0.7634,2.789,-28.6638
888b2c811bfffff,Colcapirhua,354,6,8.7483,560.5,0,-17.4093,-66.2378,12.118,entrenamiento,0.1493,-1.7575,0.5336,6.118,-27.2836
888b2c811dfffff,Colcapirhua,716,43,7.4764,33.9,1,-17.4145,-66.224,19.7064,entrenamiento,0.2429,5.2473,2.1249,0,-38.013
888b2c8121fffff,Cochabamba,1722,343,3.8619,204.4,1,-17.4088,-66.1897,4641.05,entrenamiento,57.1959,-63.0904,0.0741,4298.05,-55.0013
888b2c8123fffff,Cochabamba,4051,1686,4.1409,192,1,-17.4022,-66.195,10963.1,entrenamiento,135.108,-88.6024,0.1539,9277.09,-74.911
888b2c8125fffff,Cochabamba,3933,4967,2.9869,81.5,1,-17.4074,-66.1812,8668.95,entrenamiento,106.835,-39.76,0.573,3701.95,-37.4842
888b2c8127fffff,Cochabamba,4817,7065,3.221,10.1,1,-17.4007,-66.1864,14012,entrenamiento,172.683,-58.688,0.5042,6947.04,-31.8077
888b2c8129fffff,Cochabamba,1788,99,4.6148,405.5,1,-17.4168,-66.1931,4125.94,entrenamiento,50.8478,-62.6922,0.0242,4026.94,-60.2059
888b2c812bfffff,Cochabamba,1885,168,4.7547,147.6,1,-17.4102,-66.1983,4904.6,entrenamiento,60.4439,-67.634,0.0345,4736.6,-60.8148
888b2c812dfffff,Cochabamba,306,35,3.7925,56.8,1,-17.4154,-66.1845,586.442,entrenamiento,7.2273,-22.7713,0.0613,551.442,-24.2005
888b2c8131fffff,Cochabamba,4852,3978,5.5077,9.8,1,-17.397,-66.2088,7506.11,entrenamiento,92.5048,-40.7225,0.53,3528.11,-62.7464
888b2c8133fffff,Colcapirhua,2994,5499,6.0623,177.1,1,-17.3904,-66.214,3485.26,entrenamiento,42.9521,34.1103,1.5776,0,-11.2263
888b2c8135fffff,Cochabamba,4596,9718,4.5914,17.5,1,-17.3956,-66.2002,10495.9,entrenamiento,129.351,-7.5934,0.9259,777.947,-1.026
888b2c8137fffff,Cochabamba,2819,8849,5.1689,109.5,1,-17.3889,-66.2055,3978.15,entrenamiento,49.0264,77.2261,2.2241,0,36.414
888b2c8139fffff,Cochabamba,1927,255,5.9829,299.5,1,-17.405,-66.2121,2981.1,entrenamiento,36.7388,-49.929,0.0858,2726.1,-60.191
888b2c813bfffff,Colcapirhua,2715,5133,6.4257,141.6,1,-17.3984,-66.2174,3655.08,entrenamiento,45.045,24.4456,1.4042,0,-8.7678
888b2c813dfffff,Cochabamba,2542,727,5.0616,384.9,1,-17.4036,-66.2036,5707.61,entrenamiento,70.3402,-65.9258,0.1275,4980.61,-63.8316
888b2c8141fffff,Cochabamba,396,28,7.9298,549.1,0,-17.4423,-66.2116,25.5554,entrenamiento,0.3149,0.4836,1.0921,0,-28.1249
888b2c8143fffff,Cochabamba,423,23,7.8872,308,1,-17.4357,-66.2168,35.855,entrenamiento,0.4419,-2.1468,0.6512,12.855,-29.2977
888b2c8145fffff,Cochabamba,1762,187,7.1765,91.2,1,-17.4409,-66.203,128.161,entrenamiento,1.5794,5.1974,1.4555,0,-58.3089
888b2c8147fffff,Cochabamba,429,29,7.0745,226.4,1,-17.4343,-66.2083,31.2038,entrenamiento,0.3846,-0.3945,0.9316,2.2038,-29.3173
888b2c8149fffff,Cochabamba,1540,104,8.8067,113.3,1,-17.4504,-66.2149,84.5966,entrenamiento,1.0426,2.1096,1.2267,0,-55.5482
888b2c814bfffff,Cochabamba,397,10,8.7157,422.6,1,-17.4438,-66.2201,32.7761,entrenamiento,0.4039,-3.9783,0.3257,22.7761,-28.7808
888b2c814dfffff,Cochabamba,1528,181,8.0781,110.1,1,-17.4489,-66.2063,98.6076,entrenamiento,1.2152,8.2972,1.8272,0,-53.9695
888b2c8151fffff,Cochabamba,162,0,8.8249,571,0,-17.4305,-66.2306,3.5574,entrenamiento,0.0438,-1.8861,0.2194,3.5574,-18.6044
888b2c8153fffff,Cochabamba,130,1,9.0216,600.9,0,-17.4239,-66.2359,3.1138,entrenamiento,0.0384,-1.1979,0.4862,2.1138,-16.6059
888b2c8155fffff,Cochabamba,351,4,7.9521,978.5,0,-17.4291,-66.2221,7.7078,entrenamiento,0.095,-1.3355,0.5742,3.7078,-27.2389
888b2c8157fffff,Cochabamba,241,7,8.1219,617.4,0,-17.4225,-66.2273,5.7725,entrenamiento,0.0711,0.5109,1.1813,0,-22.3832
888b2c8159fffff,Cochabamba,969,0,9.5726,175.6,1,-17.4386,-66.2339,11.4675,entrenamiento,0.1413,-3.3864,0.0802,11.4675,-45.5009
888b2c815dfffff,Cochabamba,747,13,8.7218,408.9,1,-17.4371,-66.2254,16.5352,entrenamiento,0.2038,-0.8694,0.7984,3.5352,-39.6248
888b2c8161fffff,Cochabamba,1001,689,5.5528,154.5,1,-17.4315,-66.1911,182.589,entrenamiento,2.2502,37.477,3.7584,0,-31.3476
888b2c8163fffff,Cochabamba,1294,71,5.4334,573.3,0,-17.4248,-66.1964,673.956,entrenamiento,8.3058,-23.2258,0.1067,602.956,-51.2303
888b2c8165fffff,Cochabamba,1242,190,4.8762,67.2,1,-17.43,-66.1826,454.181,entrenamiento,5.5973,-12.3962,0.4196,264.181,-47.8249
888b2c8167fffff,Cochabamba,1138,50,4.6569,160.9,1,-17.4234,-66.1878,901.972,entrenamiento,11.1158,-28.368,0.0565,851.972,-48.2954
888b2c8169fffff,Cochabamba,2106,241,6.4671,212.2,1,-17.4395,-66.1944,135.345,entrenamiento,1.668,9.0818,1.7749,0,-63.4864
888b2c816bfffff,Cochabamba,104,13,6.2921,190,1,-17.4329,-66.1997,15.3314,entrenamiento,0.1889,-0.5954,0.8572,2.3314,-14.0344
888b2c816dfffff,Cochabamba,1729,52,5.8177,325.4,1,-17.4381,-66.1859,73.7818,entrenamiento,0.9093,-2.5358,0.7087,21.7818,-59.9238
888b2c8181fffff,Colcapirhua,622,65,9.8021,551,0,-17.3733,-66.2469,181.042,prueba,2.2312,-8.6244,0.3626,116.043,-32.6158
888b2c8183fffff,Quillacollo,1010,77,10.5297,55.6,1,-17.3667,-66.2522,197.814,prueba,2.4378,-8.5899,0.3923,120.814,-42.211
888b2c8185fffff,Colcapirhua,1111,325,8.961,593.4,0,-17.3719,-66.2384,851.043,prueba,10.4882,-18.0321,0.3826,526.043,-39.0596
888b2c8187fffff,Colcapirhua,593,75,9.7114,963.7,0,-17.3653,-66.2436,151.654,prueba,1.869,-6.2246,0.4979,76.6544,-31.4595
888b2c8189fffff,Colcapirhua,1156,390,9.9848,127.3,1,-17.3814,-66.2502,292.252,prueba,3.6017,5.7178,1.3333,0,-38.7407
888b2c818bfffff,Quillacollo,1699,123,10.6568,363.3,1,-17.3748,-66.2555,444.536,prueba,5.4784,-15.2502,0.2783,321.536,-54.8617
888b2c818dfffff,Colcapirhua,807,257,9.11,659,0,-17.38,-66.2417,289.864,prueba,3.5723,-1.9303,0.887,32.8643,-32.757
888b2c8191fffff,Quillacollo,1183,40,12.1006,372.6,1,-17.3615,-66.266,96.1933,prueba,1.1855,-5.7294,0.4218,56.1933,-46.7382
888b2c8193fffff,Quillacollo,1253,41,12.8613,493.7,1,-17.3549,-66.2712,97.3773,prueba,1.2001,-5.7132,0.4269,56.3773,-48.129
888b2c8195fffff,Quillacollo,1294,124,11.286,425.7,1,-17.3601,-66.2574,214.19,prueba,2.6397,-6.1625,0.5809,90.19,-47.2691
888b2c8197fffff,Quillacollo,1194,108,12.0656,725.9,0,-17.3535,-66.2627,197.637,prueba,2.4357,-6.3761,0.5487,89.6374,-45.5401
888b2c8199fffff,Quillacollo,1815,30,12.2113,136.6,1,-17.3696,-66.2693,132.949,prueba,1.6385,-8.9285,0.2314,102.949,-58.4242
888b2c819bfffff,Quillacollo,2005,138,12.9298,102.7,1,-17.3629,-66.2745,139.375,prueba,1.7176,-0.1164,0.9902,1.3747,-59.7132
888b2c819dfffff,Quillacollo,1341,36,11.3641,737.9,0,-17.3681,-66.2607,109.041,prueba,1.3438,-6.9947,0.3362,73.0408,-49.9459
888b2c81a1fffff,Tiquipaya,1487,631,8.142,92.8,1,-17.3625,-66.2265,444.458,prueba,5.4775,8.8483,1.4188,0,-41.5139
888b2c81a3fffff,Tiquipaya,469,184,8.9691,461.2,1,-17.3559,-66.2317,230.303,prueba,2.8382,-3.0511,0.7998,46.3027,-23.8157
888b2c81a5fffff,Tiquipaya,1119,265,7.4052,368.4,1,-17.3611,-66.2179,336.102,prueba,4.1421,-3.8783,0.7891,71.1016,-40.5472
888b2c81a7fffff,Tiquipaya,1086,214,8.2589,306.6,1,-17.3544,-66.2232,563.453,prueba,6.944,-14.7218,0.3809,349.453,-40.8922
888b2c81a9fffff,Colcapirhua,1251,338,8.1375,223.3,1,-17.3705,-66.2298,924.172,prueba,11.3894,-19.2818,0.3664,586.172,-42.019
888b2c81abfffff,Colcapirhua,1617,642,8.9135,527.9,0,-17.3639,-66.235,483.314,prueba,5.9563,7.2181,1.3277,0,-44.0845
888b2c81adfffff,Colcapirhua,638,53,7.3378,531.1,0,-17.3691,-66.2212,297.536,prueba,3.6668,-14.1766,0.1809,244.536,-33.4239
888b2c81b1fffff,Quillacollo,1085,152,10.5368,168.8,1,-17.3507,-66.2455,200.78,prueba,2.4744,-3.4425,0.7583,48.7795,-42.2297
888b2c81b3fffff,Quillacollo,863,21,11.3741,879,0,-17.344,-66.2508,159.698,prueba,1.9681,-10.9754,0.1369,138.698,-40.1208
888b2c81b5fffff,Tiquipaya,990,96,9.8134,152.9,1,-17.3492,-66.237,546.444,prueba,6.7343,-19.2694,0.1772,450.444,-41.3194
888b2c81b7fffff,Tiquipaya,411,18,10.6708,387.9,1,-17.3426,-66.2422,69.2157,prueba,0.853,-6.156,0.2706,51.2157,-27.4023
888b2c81b9fffff,Quillacollo,1199,88,10.4894,497.4,1,-17.3587,-66.2488,261.889,prueba,3.2275,-10.7452,0.3385,173.889,-46.0624
888b2c81bbfffff,Quillacollo,1084,226,11.2894,149.4,1,-17.3521,-66.2541,236.77,prueba,2.9179,-0.6999,0.9547,10.7702,-40.5824
888b2c81bdfffff,Tiquipaya,545,210,9.7152,268.1,1,-17.3573,-66.2403,67.3795,prueba,0.8304,17.3747,3.0857,0,-25.7911
888b2c81c1fffff,Colcapirhua,1350,526,9.6907,306.8,1,-17.396,-66.2483,293.964,prueba,3.6228,13.5334,1.7867,0,-40.4773
888b2c81c3fffff,Quillacollo,2779,4323,10.2545,218.8,1,-17.3894,-66.2536,872.571,prueba,10.7535,116.808,4.9498,0,-13.6418
888b2c81c5fffff,Colcapirhua,1926,6133,8.7787,114.3,1,-17.3946,-66.2397,561.629,prueba,6.9215,235.092,10.9024,0,40.3151
888b2c81c7fffff,Colcapirhua,1210,3777,9.3557,308.6,1,-17.388,-66.245,347.65,prueba,4.2844,183.925,10.8361,0,30.3745
888b2c81c9fffff,Quillacollo,821,19,10.1062,593.6,0,-17.4041,-66.2516,74.8817,prueba,0.9228,-6.4578,0.2636,55.8817,-39.157
888b2c81cbfffff,Quillacollo,2126,560,10.6046,122.8,1,-17.3974,-66.2569,755.773,prueba,9.3141,-7.1213,0.7413,195.773,-55.003
888b2c81cdfffff,Colcapirhua,798,153,9.1853,272,1,-17.4026,-66.2431,122.032,prueba,1.5039,2.8033,1.2517,0,-35.1619
888b2c81d1fffff,Quillacollo,2462,523,11.7565,256.7,1,-17.3842,-66.2674,925.587,prueba,11.4069,-13.2328,0.5655,402.587,-61.0185
888b2c81d3fffff,Quillacollo,1957,251,12.3957,221.8,1,-17.3776,-66.2726,651.6,prueba,8.0303,-15.6935,0.3861,400.6,-57.0935
888b2c81d5fffff,Quillacollo,2705,1852,10.8676,796.2,0,-17.3828,-66.2588,1160.26,prueba,14.299,20.3079,1.5957,0,-46.2042
888b2c81d7fffff,Quillacollo,1199,127,11.522,691.8,0,-17.3762,-66.2641,518.884,prueba,6.3947,-17.2037,0.2462,391.884,-45.2482
888b2c81d9fffff,Quillacollo,2941,7119,12.0632,69.2,1,-17.3922,-66.2707,1105.67,prueba,13.6261,180.844,6.4337,0,19.8777
888b2c81dbfffff,Quillacollo,3199,588,12.6504,121.2,1,-17.3856,-66.2759,1034.25,prueba,12.746,-13.876,0.5689,446.247,-70.7247
888b2c81ddfffff,Quillacollo,2015,3340,11.1573,156.5,1,-17.3908,-66.2621,864.297,prueba,10.6515,84.2106,3.8611,0,-8.3072
888b2c81e1fffff,Colcapirhua,2700,2864,7.5754,685.8,0,-17.3852,-66.2279,3010.27,prueba,37.0984,-2.666,0.9514,146.274,-32.0347
888b2c81e3fffff,Colcapirhua,1436,358,8.2457,162.4,1,-17.3785,-66.2331,1396.3,prueba,17.2079,-27.7865,0.2569,1038.3,-45.5908
888b2c81e5fffff,Colcapirhua,1880,2700,6.6985,467.2,1,-17.3837,-66.2193,2392.39,prueba,29.4836,6.2891,1.1285,0,-14.9636
888b2c81e7fffff,Colcapirhua,1107,209,7.3955,981.6,0,-17.3771,-66.2245,1081.06,prueba,13.3229,-26.5229,0.1941,872.058,-41.4842
888b2c81e9fffff,Colcapirhua,2494,6932,7.8692,28.6,1,-17.3932,-66.2312,2551.43,prueba,31.4437,86.7238,2.7162,0,31.2605
888b2c81ebfffff,Colcapirhua,2132,2330,8.4621,94.2,1,-17.3866,-66.2364,2023.3,prueba,24.935,6.8185,1.1515,0,-27.3939
888b2c81edfffff,Colcapirhua,2864,8688,6.9632,6.5,1,-17.3918,-66.2226,4125.42,prueba,50.8414,71.0355,2.1057,0,43.3276
888b2c8213fffff,Sipesipe,231,6,18.9226,623.8,0,-17.4674,-66.3177,16.5745,entrenamiento,0.2043,-2.5974,0.3983,10.5745,-22.7014
888b2c8217fffff,Sipesipe,18,0,18.0363,609.6,0,-17.466,-66.3092,1.3407,entrenamiento,0.0165,-1.1579,0.4272,1.3407,-6.4099
888b2c8231fffff,Sipesipe,18,0,16.2763,2137.6,0,-17.4631,-66.292,0.8067,entrenamiento,0.0099,-0.8982,0.5535,0.8067,-6.4099
888b2c8235fffff,Quillacollo,103,0,15.404,3038.6,0,-17.4617,-66.2834,0.7453,entrenamiento,0.0092,-0.8633,0.573,0.7453,-15.3333
888b2c8237fffff,Quillacollo,59,0,15.5543,2424,0,-17.4551,-66.2887,0.1549,entrenamiento,0.0019,-0.3935,0.8659,0.1549,-11.605
888b2c8245fffff,Villa Santivañez,29,0,18.6313,4988,0,-17.5071,-66.2862,0,entrenamiento,0,-0.001,1,0,-8.1361
888b2c824dfffff,Villa Santivañez,15,0,19.4999,4602.6,0,-17.5151,-66.2895,3.4305,entrenamiento,0.0423,-1.8522,0.2257,3.4305,-5.8514
888b2c8263fffff,Villa Santivañez,50,0,16.9239,4773.6,0,-17.491,-66.2796,0.1453,entrenamiento,0.0018,-0.3812,0.8731,0.1453,-10.6832
888b2c8269fffff,Villa Santivañez,21,0,17.8624,5839.9,0,-17.5057,-66.2776,0.049,entrenamiento,0.0006,-0.2212,0.9533,0.049,-6.9235
888b2c826bfffff,Villa Santivañez,61,0,17.7722,5209.9,0,-17.4991,-66.2829,0,entrenamiento,0,-0.001,1,0,-11.8
888b2c826dfffff,Villa Santivañez,27,0,17.1087,5469.1,0,-17.5042,-66.2691,0,entrenamiento,0,-0.001,1,0,-7.8505
888b2c8281fffff,Sipesipe,474,8,19.0667,165.2,1,-17.4395,-66.3302,5.2478,entrenamiento,0.0647,1.2014,1.4405,0,-32.4744
888b2c8283fffff,Sipesipe,470,26,19.4258,186.4,1,-17.4329,-66.3354,4.2727,entrenamiento,0.0527,10.5112,5.1207,0,-31.7826
888b2c8285fffff,Sipesipe,257,8,18.1483,600.7,0,-17.4381,-66.3216,15.5279,entrenamiento,0.1914,-1.9104,0.5445,7.5279,-23.7601
888b2c8287fffff,Sipesipe,613,16,18.504,34.1,1,-17.4315,-66.3268,23.7625,entrenamiento,0.2928,-1.5924,0.6865,7.7625,-36.7783
888b2c8289fffff,Sipesipe,581,22,19.6604,572.2,0,-17.4475,-66.3335,5.4564,entrenamiento,0.0672,7.0823,3.5623,0,-35.6168
888b2c828bfffff,Sipesipe,1006,42,19.9857,155.5,1,-17.4409,-66.3387,11.9373,entrenamiento,0.1471,8.7011,3.3237,0,-46.7849
888b2c828dfffff,Sipesipe,224,9,18.7464,247.5,1,-17.4461,-66.3249,6.2595,entrenamiento,0.0771,1.0954,1.3775,0,-22.0922
888b2c8291fffff,Sipesipe,254,0,20.7448,281.9,1,-17.4277,-66.3492,3.4285,entrenamiento,0.0423,-1.8516,0.2258,3.4285,-23.9512
888b2c8293fffff,Sipesipe,499,23,21.1746,152.1,1,-17.4211,-66.3545,9.0674,entrenamiento,0.1117,4.6269,2.3839,0,-32.8856
888b2c8295fffff,Sipesipe,573,5,19.8214,20.6,1,-17.4263,-66.3407,6.6564,entrenamiento,0.082,-0.642,0.7837,1.6564,-35.8349
888b2c8297fffff,Sipesipe,401,7,20.2514,10.2,1,-17.4196,-66.3459,5.3676,entrenamiento,0.0662,0.7046,1.2564,0,-29.8615
888b2c8299fffff,Sipesipe,385,0,21.2701,395.8,1,-17.4357,-66.3526,5.0969,entrenamiento,0.0628,-2.2576,0.164,5.0969,-29.4877
888b2c829bfffff,Sipesipe,294,23,21.6682,560.5,0,-17.4291,-66.3578,5.4566,entrenamiento,0.0672,7.5103,3.7171,0,-24.8756
888b2c829dfffff,Sipesipe,562,7,20.3478,476.1,1,-17.4343,-66.344,6.6118,entrenamiento,0.0815,0.151,1.051,0,-35.4304
888b2c82a1fffff,Sipesipe,37,0,16.661,528.8,0,-17.4286,-66.3097,3.3383,entrenamiento,0.0411,-1.8271,0.2305,3.3383,-9.1414
888b2c82a3fffff,Sipesipe,301,1,17.0518,1127,0,-17.422,-66.3149,24.3788,entrenamiento,0.3004,-4.735,0.0788,23.3788,-26.0348
888b2c82a5fffff,Quillacollo,21,0,15.74,1167.2,0,-17.4272,-66.3011,1.8947,entrenamiento,0.0234,-1.3765,0.3455,1.8947,-6.8868
888b2c82a7fffff,Vinto,559,9,16.1288,993.9,0,-17.4206,-66.3064,45.2749,entrenamiento,0.558,-5.3911,0.2161,36.2749,-35.2784
888b2c82a9fffff,Sipesipe,198,0,17.2304,230.2,1,-17.4367,-66.313,16.7324,entrenamiento,0.2062,-4.0905,0.0564,16.7324,-21.1467
888b2c82abfffff,Sipesipe,375,1,17.5824,312.7,1,-17.4301,-66.3183,33.8346,entrenamiento,0.417,-5.6448,0.0574,32.8346,-29.0678
888b2c82adfffff,Quillacollo,15,0,16.3132,613,0,-17.4353,-66.3044,1.2676,entrenamiento,0.0156,-1.1259,0.441,1.2676,-5.8204
888b2c82b1fffff,Sipesipe,1069,65,18.4055,324.9,1,-17.4168,-66.3288,11.3551,entrenamiento,0.1399,15.9196,5.3419,0,-47.813
888b2c82b3fffff,Sipesipe,918,74,18.8715,146.5,1,-17.4102,-66.334,9.7511,entrenamiento,0.1202,20.5749,6.976,0,-43.9083
888b2c82b5fffff,Sipesipe,944,10,17.4827,536.6,0,-17.4154,-66.3202,45.4168,entrenamiento,0.5597,-5.2553,0.237,35.4168,-45.9573
888b2c82b7fffff,Sipesipe,986,17,17.9508,53.4,1,-17.4088,-66.3254,10.8937,entrenamiento,0.1343,1.8501,1.5134,0,-46.8296
888b2c82b9fffff,Sipesipe,963,53,18.8981,41.8,1,-17.4248,-66.3321,10.1559,entrenamiento,0.1252,13.4441,4.8405,0,-45.4997
888b2c82bbfffff,Sipesipe,672,20,19.3284,221.4,1,-17.4182,-66.3373,7.087,entrenamiento,0.0873,4.8506,2.5968,0,-38.4444
888b2c82bdfffff,Sipesipe,745,2,17.9749,260.1,1,-17.4234,-66.3235,40.4218,entrenamiento,0.4982,-6.0432,0.0724,38.4218,-40.9705
888b2c82c1fffff,Sipesipe,217,0,20.0273,39.7,1,-17.4622,-66.3316,4.5958,entrenamiento,0.0566,-2.1438,0.1787,4.5958,-22.1381
888b2c82c3fffff,Sipesipe,852,55,20.2821,195.6,1,-17.4556,-66.3368,7.2771,entrenamiento,0.0897,17.6908,6.7657,0,-42.6124
888b2c82c7fffff,Sipesipe,547,12,19.3736,207.3,1,-17.4542,-66.3282,12.2502,entrenamiento,0.151,-0.0715,0.9811,0.2502,-34.8068
888b2c82c9fffff,Sipesipe,787,67,20.7049,333.3,1,-17.4702,-66.3349,16.6676,entrenamiento,0.2054,12.3285,3.8489,0,-40.5705
888b2c82cbfffff,Sipesipe,936,20,20.9295,149.5,1,-17.4636,-66.3401,20.1573,entrenamiento,0.2484,-0.035,0.9926,0.1573,-45.5428
888b2c82cdfffff,Sipesipe,22,0,19.8122,565.4,0,-17.4688,-66.3263,0.4944,entrenamiento,0.0061,-0.7031,0.6692,0.4944,-7.0489
888b2c82d1fffff,Sipesipe,518,38,21.491,216.6,1,-17.4504,-66.3506,4.0787,entrenamiento,0.0503,16.7961,7.6791,0,-33.0928
888b2c82d3fffff,Sipesipe,621,3,21.825,83.6,1,-17.4438,-66.3559,4.2547,entrenamiento,0.0524,-0.6083,0.7612,1.2547,-37.3702
888b2c82d5fffff,Sipesipe,745,52,20.5753,162.2,1,-17.449,-66.3421,5.8661,entrenamiento,0.0723,19.0477,7.719,0,-39.7516
888b2c82d7fffff,Sipesipe,908,12,20.9052,85.5,1,-17.4423,-66.3473,10.7924,entrenamiento,0.133,0.3676,1.1024,0,-45.0199
888b2c82d9fffff,Sipesipe,1039,52,22.1031,485.5,1,-17.4584,-66.354,8.8509,entrenamiento,0.1091,14.5036,5.3802,0,-47.3681
888b2c82dbfffff,Sipesipe,981,325,22.4074,19.9,1,-17.4518,-66.3592,9.5552,entrenamiento,0.1178,102.048,30.8853,0,-40.1654
888b2c82ddfffff,Sipesipe,643,37,21.192,309.5,1,-17.457,-66.3454,4.562,entrenamiento,0.0562,15.1872,6.8321,0,-37.137
888b2c82e1fffff,Sipesipe,172,0,17.5614,85.8,1,-17.4513,-66.3111,4.1661,entrenamiento,0.0513,-2.0411,0.1936,4.1661,-19.7094
888b2c82e3fffff,Sipesipe,37,0,17.8334,564.6,0,-17.4447,-66.3163,1.0339,entrenamiento,0.0127,-1.0168,0.4917,1.0339,-9.1414
888b2c82e5fffff,Quillacollo,88,0,16.6582,979.1,0,-17.4499,-66.3025,2.0288,entrenamiento,0.025,-1.4244,0.3302,2.0288,-14.0978
888b2c82e7fffff,Sipesipe,294,0,16.9215,168.3,1,-17.4433,-66.3078,22.0343,entrenamiento,0.2715,-4.6941,0.0434,22.0343,-25.7682
888b2c82e9fffff,Sipesipe,224,47,18.2294,56.9,1,-17.4594,-66.3144,4.1227,entrenamiento,0.0508,21.1172,9.3701,0,-20.4027
888b2c82ebfffff,Sipesipe,48,0,18.4666,834.4,0,-17.4527,-66.3197,1.1626,entrenamiento,0.0143,-1.0783,0.4624,1.1626,-10.4119
888b2c82edfffff,Sipesipe,77,0,17.3343,700.2,0,-17.4579,-66.3058,1.4172,entrenamiento,0.0175,-1.1905,0.4137,1.4172,-13.1873
888b2c8301fffff,Cochabamba,403,0,12.2237,714.6,0,-17.4759,-66.2334,4.6657,entrenamiento,0.0575,-2.16,0.1765,4.6657,-29.3434
888b2c8303fffff,Cochabamba,423,12,12.0765,460.9,1,-17.4693,-66.2387,5.0272,entrenamiento,0.062,3.1099,2.1569,0,-29.6636
888b2c8305fffff,Cochabamba,58,0,11.5172,984.6,0,-17.4745,-66.2248,2.5161,entrenamiento,0.031,-1.5862,0.2844,2.5161,-11.132
888b2c8307fffff,Cochabamba,676,10,11.3265,198.3,1,-17.4678,-66.2301,33.8762,entrenamiento,0.4175,-4.1022,0.3154,23.8762,-37.7411
888b2c8309fffff,Cochabamba,46,3,13.1297,1659.3,0,-17.4839,-66.2367,0.1712,entrenamiento,0.0021,6.8364,3.4153,0,-9.6111
888b2c830bfffff,Cochabamba,526,6,12.9573,1326.6,0,-17.4773,-66.242,9.2824,entrenamiento,0.1144,-1.0773,0.6808,3.2824,-33.3447
888b2c8311fffff,Cochabamba,72,0,12.8063,990.7,0,-17.4641,-66.2525,1.3935,entrenamiento,0.0172,-1.1805,0.4178,1.3935,-12.4029
888b2c8313fffff,Cochabamba,26,3,12.8299,573.3,0,-17.4575,-66.2577,0.3534,entrenamiento,0.0044,4.452,2.9555,0,-7.0507
888b2c8315fffff,Cochabamba,45,0,11.9986,945.6,0,-17.4627,-66.2439,0.5348,entrenamiento,0.0066,-0.7313,0.6515,0.5348,-9.8054
888b2c8317fffff,Cochabamba,293,7,11.9913,64.4,1,-17.456,-66.2492,3.4822,entrenamiento,0.0429,1.8852,1.7848,0,-24.7405
888b2c831dfffff,Cochabamba,429,3,12.849,1369.4,0,-17.4707,-66.2472,8.3032,entrenamiento,0.1023,-1.8404,0.43,5.3032,-30.1761
888b2c8321fffff,Cochabamba,1813,78,9.9143,113.4,1,-17.465,-66.213,96.554,entrenamiento,1.1899,-1.8882,0.8098,18.554,-60.985
888b2c8323fffff,Cochabamba,1333,20,9.6994,117.6,1,-17.4584,-66.2182,71.1929,entrenamiento,0.8774,-6.0672,0.2909,51.1929,-52.9923
888b2c8325fffff,Cochabamba,2471,316,9.2655,265.9,1,-17.4636,-66.2044,150.057,entrenamiento,1.8493,13.5466,2.0985,0,-68.3109
888b2c8327fffff,Cochabamba,1131,55,8.9918,182.1,1,-17.457,-66.2096,65.6919,entrenamiento,0.8096,-1.3192,0.8397,10.6919,-48.0386
888b2c8329fffff,Cochabamba,877,24,10.8433,291,1,-17.473,-66.2163,38.73,entrenamiento,0.4773,-2.3669,0.6292,14.73,-42.7326
888b2c832bfffff,Cochabamba,488,16,10.6038,366.6,1,-17.4664,-66.2215,25.9892,entrenamiento,0.3203,-1.9594,0.6299,9.9892,-31.7945
888b2c832dfffff,Cochabamba,3712,407,10.2083,8.5,1,-17.4716,-66.2077,163.929,entrenamiento,2.0202,18.9848,2.4738,0,-84.4857
888b2c8331fffff,Cochabamba,728,10,10.3571,713.2,0,-17.4532,-66.232,9.119,entrenamiento,0.1124,0.2917,1.0871,0,-39.1853
888b2c8333fffff,Cochabamba,553,9,10.3554,204.8,1,-17.4466,-66.2373,6.9269,entrenamiento,0.0854,0.7877,1.2615,0,-34.1114
888b2c8335fffff,Cochabamba,104,3,9.5688,676.5,0,-17.4518,-66.2234,8.5862,entrenamiento,0.1058,-1.9064,0.4173,5.5862,-14.7052
888b2c8337fffff,Cochabamba,1177,67,9.5262,145.8,1,-17.4452,-66.2287,15.3106,entrenamiento,0.1887,13.2101,4.1691,0,-48.8111
888b2c8339fffff,Cochabamba,175,2,11.2086,427.9,1,-17.4612,-66.2353,2.1921,entrenamiento,0.027,-0.1297,0.9398,0.1921,-19.233
888b2c833bfffff,Cochabamba,527,13,11.1659,360.1,1,-17.4546,-66.2406,6.6013,entrenamiento,0.0814,2.4905,1.8418,0,-33.1681
888b2c833dfffff,Cochabamba,506,30,10.4405,83.7,1,-17.4598,-66.2268,51.8874,entrenamiento,0.6395,-3.0385,0.5862,21.8874,-31.9677
888b2c8343fffff,Cochabamba,33,0,14.043,2612.9,0,-17.4919,-66.24,0.5893,entrenamiento,0.0073,-0.7676,0.6292,0.5893,-8.3968
888b2c8345fffff,Cochabamba,71,0,13.6559,2976.6,0,-17.4971,-66.2262,1.6706,entrenamiento,0.0206,-1.2925,0.3744,1.6706,-12.3165
888b2c834bfffff,Cochabamba,26,0,14.9621,3568.3,0,-17.5,-66.2434,0.391,entrenamiento,0.0048,-0.6253,0.7189,0.391,-7.4532
888b2c834dfffff,Cochabamba,23,0,14.5993,3924.8,0,-17.5052,-66.2295,0.5412,entrenamiento,0.0067,-0.7356,0.6489,0.5412,-7.0101
888b2c8351fffff,Cochabamba,169,0,14.5907,2954.8,0,-17.4868,-66.2539,0,entrenamiento,0,-0.001,1,0,-19.0021
888b2c8353fffff,Cochabamba,73,0,14.4897,2895.2,0,-17.4801,-66.2591,0.7657,entrenamiento,0.0094,-0.8751,0.5663,0.7657,-12.4888
888b2c8355fffff,Cochabamba,26,0,13.8487,2219.2,0,-17.4853,-66.2453,0,entrenamiento,0,-0.001,1,0,-7.4532
888b2c8357fffff,Cochabamba,420,2,13.7139,2094.5,0,-17.4787,-66.2505,6.5116,entrenamiento,0.0802,-1.768,0.3994,4.5116,-29.8892
888b2c8367fffff,Cochabamba,403,3,11.1541,579.1,0,-17.4796,-66.211,4.3704,entrenamiento,0.0539,-0.6555,0.7448,1.3704,-29.2412
888b2c8369fffff,Cochabamba,45,0,13.0518,2478.7,0,-17.4957,-66.2177,0.7692,entrenamiento,0.0095,-0.8771,0.5652,0.7692,-9.8054
888b2c8505fffff,Vinto,135,8,19.9716,1134,0,-17.3355,-66.3351,1.3374,entrenamiento,0.0165,5.7612,3.8504,0,-17.0032
888b2c850dfffff,Vinto,126,2,20.0388,778.8,0,-17.3435,-66.3384,0.6892,entrenamiento,0.0085,1.579,1.776,0,-16.7507
888b2c8521fffff,Vinto,112,0,19.1688,2273.1,0,-17.326,-66.3232,0.1609,entrenamiento,0.002,-0.4011,0.8614,0.1609,-15.9045
888b2c8525fffff,Vinto,140,0,18.4003,1911.7,0,-17.3246,-66.3146,1.244,entrenamiento,0.0153,-1.1153,0.4456,1.244,-17.7817
888b2c8529fffff,Vinto,126,0,19.1667,1315.5,0,-17.3341,-66.3265,1.2482,entrenamiento,0.0154,-1.1172,0.4448,1.2482,-16.8692
888b2c852dfffff,Vinto,233,3,18.373,1883.2,0,-17.3327,-66.3179,2.3082,entrenamiento,0.0284,0.4553,1.2091,0,-22.8089
888b2c8541fffff,Vinto,804,6,20.3092,339.9,1,-17.3596,-66.345,5.8881,entrenamiento,0.0726,0.0461,1.0162,0,-42.4718
888b2c8543fffff,Vinto,43,17,21.0034,938.3,0,-17.353,-66.3503,0.2042,entrenamiento,0.0025,37.1654,14.9473,0,-8.1297
888b2c8545fffff,Vinto,693,0,19.4472,503.8,0,-17.3582,-66.3365,13.5882,entrenamiento,0.1675,-3.6862,0.0685,13.5882,-39.5618
888b2c8547fffff,Vinto,359,0,20.1516,600.2,0,-17.3516,-66.3417,2.6292,entrenamiento,0.0324,-1.6215,0.2755,2.6292,-28.4746
888b2c8549fffff,Vinto,562,6,20.5108,701.2,0,-17.3676,-66.3484,4.8524,entrenamiento,0.0598,0.521,1.1961,0,-35.4585
888b2c854bfffff,Vinto,96,0,21.1765,818.3,0,-17.361,-66.3536,0.456,entrenamiento,0.0056,-0.6752,0.6868,0.456,-14.7247
888b2c854dfffff,Vinto,1013,20,19.6341,56.8,1,-17.3662,-66.3398,21.4912,entrenamiento,0.2649,-0.3217,0.9337,1.4912,-47.4134
888b2c855dfffff,Vinto,97,1,21.8611,1037.3,0,-17.3544,-66.3589,0.21,entrenamiento,0.0026,1.7242,1.653,0,-14.7336
888b2c8561fffff,Vinto,620,39,18.4688,393.2,1,-17.3487,-66.3246,2.3819,entrenamiento,0.0294,23.7267,11.8278,0,-36.378
888b2c8563fffff,Vinto,213,54,19.2127,358.3,1,-17.3421,-66.3298,0.8334,entrenamiento,0.0103,58.2378,29.9985,0,-19.4711
888b2c8565fffff,Vinto,514,8,17.6399,1254.5,0,-17.3473,-66.316,1.9746,entrenamiento,0.0243,4.2878,3.0256,0,-33.8367
888b2c8567fffff,Vinto,392,3,18.3959,1155.1,0,-17.3407,-66.3213,1.5338,entrenamiento,0.0189,1.1839,1.5786,0,-29.6537
888b2c8569fffff,Vinto,795,16,18.5912,368.6,1,-17.3568,-66.3279,18.3973,entrenamiento,0.2267,-0.5589,0.8764,2.3973,-41.9958
888b2c856bfffff,Vinto,731,10,19.3064,466.7,1,-17.3501,-66.3332,5.5045,entrenamiento,0.0678,1.9161,1.6911,0,-40.3859
888b2c856dfffff,Vinto,92,1,17.742,497,1,-17.3554,-66.3193,0.3633,entrenamiento,0.0045,1.0563,1.467,0,-14.3453
888b2c8701fffff,Vinto,421,0,22.2738,2004.6,0,-17.3932,-66.3669,10.2924,entrenamiento,0.1268,-3.2082,0.0886,10.2924,-27.3449
888b2c8703fffff,Vinto,310,0,22.845,2460.6,0,-17.3865,-66.3722,6.1732,entrenamiento,0.0761,-2.4846,0.1394,6.1732,-23.4647
888b2c8705fffff,Vinto,504,0,21.3647,1516.5,0,-17.3917,-66.3583,15.8356,entrenamiento,0.1952,-3.9794,0.0594,15.8356,-29.9192
888b2c8707fffff,Vinto,417,1,21.9416,1541.8,0,-17.3851,-66.3636,7.9732,entrenamiento,0.0983,-2.4695,0.2229,6.9732,-27.1779
888b2c8709fffff,Vinto,669,0,22.6419,1207.3,0,-17.4012,-66.3703,24.4298,entrenamiento,0.3011,-4.9426,0.0393,24.4298,-34.4705
888b2c870bfffff,Vinto,38,0,23.1842,1995.1,0,-17.3946,-66.3755,0.9566,entrenamiento,0.0118,-0.978,0.5111,0.9566,-8.2154
888b2c870dfffff,Vinto,548,0,21.7269,1172.7,0,-17.3998,-66.3617,18.4484,entrenamiento,0.2274,-4.2952,0.0514,18.4484,-31.1979
888b2c8715fffff,Vinto,78,0,23.4387,2077.7,0,-17.3799,-66.3774,0.7232,entrenamiento,0.0089,-0.8504,0.5803,0.7232,-11.7701
888b2c871dfffff,Vinto,68,0,23.75,2777.4,0,-17.3879,-66.3808,1.3635,entrenamiento,0.0168,-1.1677,0.4231,1.3635,-10.9898
888b2c8721fffff,Vinto,804,11,20.1406,90.7,1,-17.3823,-66.3464,8.1212,entrenamiento,0.1001,1.0102,1.3156,0,-37.4977
888b2c8723fffff,Vinto,213,1,20.7549,155.6,1,-17.3757,-66.3517,2.7539,entrenamiento,0.0339,-1.0569,0.5328,1.7539,-19.3988
888b2c8725fffff,Vinto,703,37,19.2434,418.1,1,-17.3809,-66.3379,8.5148,entrenamiento,0.1049,9.7619,3.9938,0,-34.2885
888b2c8727fffff,Vinto,620,7,19.8657,660.3,0,-17.3743,-66.3431,6.2626,entrenamiento,0.0772,0.2947,1.1015,0,-32.9732
888b2c8729fffff,Vinto,547,0,20.4569,724.8,0,-17.3903,-66.3498,21.9414,entrenamiento,0.2704,-4.6842,0.0436,21.9414,-31.1694
888b2c872bfffff,Vinto,238,1,21.04,642.2,0,-17.3837,-66.355,3.0772,entrenamiento,0.0379,-1.1841,0.4905,2.0772,-20.5114
888b2c872dfffff,Vinto,959,12,19.5507,136,1,-17.3889,-66.3412,32.2515,entrenamiento,0.3975,-3.566,0.391,20.2515,-40.9801
888b2c8731fffff,Vinto,703,0,22.2757,707.3,0,-17.3705,-66.3655,6.5179,entrenamiento,0.0803,-2.553,0.133,6.5179,-35.3356
888b2c8733fffff,Vinto,14,0,22.9245,353,1,-17.3638,-66.3708,0.2622,entrenamiento,0.0032,-0.512,0.7923,0.2622,-4.9865
888b2c8735fffff,Vinto,441,3,21.3915,25.7,1,-17.369,-66.3569,8.4321,entrenamiento,0.1039,-1.8707,0.4241,5.4321,-27.8797
888b2c8737fffff,Vinto,228,0,22.0484,125.1,1,-17.3624,-66.3622,4.2697,entrenamiento,0.0526,-2.0663,0.1898,4.2697,-20.1234
888b2c8739fffff,Vinto,203,92,22.5417,1622.2,0,-17.3785,-66.3689,1.8821,entrenamiento,0.0232,65.6882,32.2679,0,-14.143
888b2c873dfffff,Vinto,97,0,21.6469,938.7,0,-17.3771,-66.3603,1.8547,entrenamiento,0.0229,-1.3619,0.3503,1.8547,-13.1256
888b2c8741fffff,Sipesipe,519,1,22.5571,423.9,1,-17.4159,-66.3683,17.974,entrenamiento,0.2215,-4.0037,0.1054,16.974,-30.3282
888b2c8743fffff,Vinto,780,7,23.0443,408.8,1,-17.4092,-66.3736,21.3025,entrenamiento,0.2625,-3.0988,0.3587,14.3025,-37.0324
888b2c8745fffff,Sipesipe,610,4,21.6353,70.8,1,-17.4144,-66.3597,18.6285,entrenamiento,0.2296,-3.3893,0.2547,14.6285,-32.7939
888b2c8747fffff,Vinto,854,11,22.1251,374.1,1,-17.4078,-66.365,24.2245,entrenamiento,0.2985,-2.6869,0.4757,13.2245,-38.6636
888b2c8749fffff,Sipesipe,70,0,23.0211,554.4,0,-17.4239,-66.3716,0.2137,entrenamiento,0.0026,-0.4623,0.8239,0.2137,-11.1502
888b2c874bfffff,Sipesipe,544,0,23.4791,475.9,1,-17.4173,-66.3769,6.5129,entrenamiento,0.0803,-2.552,0.1331,6.5129,-31.0838
888b2c874dfffff,Sipesipe,429,22,22.0978,300.2,1,-17.4225,-66.3631,17.9686,entrenamiento,0.2214,0.951,1.2125,0,-26.8064
888b2c8751fffff,Vinto,10,0,24.4741,1376.7,0,-17.404,-66.3874,0.156,entrenamiento,0.0019,-0.3949,0.8651,0.156,-4.2144
888b2c8755fffff,Vinto,344,1,23.5577,1148.6,0,-17.4026,-66.3788,5.3651,entrenamiento,0.0661,-1.8845,0.3142,4.3651,-24.6776
888b2c8757fffff,Vinto,19,0,24.0956,2035.1,0,-17.396,-66.3841,0.2963,entrenamiento,0.0037,-0.5444,0.7714,0.2963,-5.8091
888b2c8759fffff,Sipesipe,135,1,24.884,542,0,-17.4121,-66.3907,2.1055,entrenamiento,0.0259,-0.7619,0.644,1.1055,-15.4201
888b2c875dfffff,Vinto,743,4,23.964,701.9,0,-17.4106,-66.3822,11.5881,entrenamiento,0.1428,-2.2291,0.3972,7.5881,-36.2169
888b2c8761fffff,Vinto,563,4,20.288,307.2,1,-17.405,-66.3478,28.0369,entrenamiento,0.3455,-4.5396,0.1722,24.0369,-31.4955
888b2c8763fffff,Vinto,310,6,20.8128,1143,0,-17.3984,-66.3531,15.4378,entrenamiento,0.1903,-2.402,0.4258,9.4378,-23.209
888b2c8765fffff,Vinto,567,6,19.3703,36.4,1,-17.4036,-66.3393,25.6453,entrenamiento,0.3161,-3.8793,0.2627,19.6453,-31.545
888b2c8767fffff,Vinto,640,7,19.8996,647.6,0,-17.3969,-66.3445,29.0077,entrenamiento,0.3575,-4.0862,0.2666,22.0077,-33.5075
888b2c8769fffff,Sipesipe,667,5,20.7138,237.6,1,-17.413,-66.3512,28.0764,entrenamiento,0.346,-4.3551,0.2064,23.0764,-34.2737
888b2c876bfffff,Vinto,639,4,21.2063,338.9,1,-17.4064,-66.3564,24.8249,entrenamiento,0.3059,-4.1796,0.1936,20.8249,-33.57
888b2c876dfffff,Sipesipe,858,13,19.7925,119.2,1,-17.4116,-66.3426,43.5249,entrenamiento,0.5364,-4.6268,0.3144,30.5249,-38.7042
888b2c8807fffff,Sacaba,11,1,6.4103,2077.7,0,-17.3455,-66.1238,7.0238,entrenamiento,0.0866,-2.2729,0.2493,6.0238,-2.9509
888b2c8809fffff,Cochabamba,1344,624,4.5495,300.7,1,-17.3615,-66.1304,9407.14,entrenamiento,115.933,-90.5568,0.0664,8783.14,-18.6824
888b2c880bfffff,Cochabamba,734,27,4.8627,973.1,0,-17.3549,-66.1356,3413.93,entrenamiento,42.0731,-57.9668,0.0082,3386.93,-25.5975
888b2c880dfffff,Sacaba,477,69,5.2729,472.6,1,-17.3601,-66.1218,3328.71,entrenamiento,41.0228,-56.4991,0.021,3259.71,-18.2368
888b2c8817fffff,Cochabamba,58,1,6.8331,2062.2,0,-17.3336,-66.1428,22.5063,entrenamiento,0.2774,-4.5333,0.0851,21.5063,-7.3471
888b2c8819fffff,Cochabamba,943,130,4.9442,611,0,-17.3497,-66.1494,745.798,entrenamiento,9.1912,-22.549,0.1754,615.798,-25.8541
888b2c881bfffff,Cochabamba,2945,230,5.6192,666.6,0,-17.3431,-66.1547,1309.28,entrenamiento,16.1355,-29.8276,0.1763,1079.28,-48.991
888b2c881dfffff,Cochabamba,624,26,5.3194,1382,0,-17.3483,-66.1409,492.79,entrenamiento,6.0731,-21.0276,0.0547,466.79,-23.4775
888b2c8823fffff,Sacaba,52,0,7.9947,3314.8,0,-17.336,-66.1119,2.3636,entrenamiento,0.0291,-1.5374,0.2973,2.3636,-7.0833
888b2c8835fffff,Cochabamba,31,2,8.2979,3905.9,0,-17.3294,-66.1171,1.1589,entrenamiento,0.0143,0.7813,1.3896,0,-5.1034
888b2c8841fffff,Sacaba,2425,7610,3.597,51.2,1,-17.3762,-66.1285,16918.4,entrenamiento,208.501,-71.5642,0.4498,9308.42,108.954
888b2c8843fffff,Cochabamba,3529,9693,3.642,144,1,-17.3695,-66.1337,26024.3,entrenamiento,320.721,-101.235,0.3725,16331.3,107.76
888b2c8845fffff,Sacaba,3548,6787,4.4612,137.7,1,-17.3747,-66.1199,56453.5,entrenamiento,695.728,-209.035,0.1202,49666.5,57.4901
888b2c8847fffff,Sacaba,3423,3148,4.4102,46.1,1,-17.3681,-66.1251,25201.1,entrenamiento,310.576,-138.918,0.125,22053.1,-2.6919
888b2c8849fffff,Cochabamba,131,427,2.8756,429.1,1,-17.3842,-66.1318,913.943,entrenamiento,11.2634,-16.1072,0.4678,486.943,26.7379
888b2c884bfffff,Cochabamba,2367,7359,2.7699,165.6,1,-17.3776,-66.137,16513.8,entrenamiento,203.514,-71.2401,0.4457,9154.77,106.199
888b2c884dfffff,Sacaba,1507,3395,3.7832,327.8,1,-17.3828,-66.1232,8974.02,entrenamiento,110.595,-58.8931,0.3784,5579.02,50.9013
888b2c8851fffff,Cochabamba,3972,8771,3.4031,82.9,1,-17.3644,-66.1475,27801.5,entrenamiento,342.623,-114.134,0.3155,19030.5,79.7751
888b2c8853fffff,Cochabamba,3992,4173,4.0108,133,1,-17.3577,-66.1527,19041,entrenamiento,234.66,-107.748,0.2192,14868,5.177
888b2c8855fffff,Cochabamba,2002,1523,3.9103,60.2,1,-17.3629,-66.1389,14012.7,entrenamiento,172.692,-105.51,0.1088,12489.7,-9.2978
888b2c8857fffff,Cochabamba,1352,377,4.3609,514.8,0,-17.3563,-66.1442,6293.47,entrenamiento,77.5602,-74.5792,0.0601,5916.47,-25.6796
888b2c8859fffff,Cochabamba,4350,49864,2.4469,64.8,1,-17.3724,-66.1508,37262.7,entrenamiento,459.223,65.2795,1.3382,0,704.896
888b2c885bfffff,Cochabamba,4557,13237,3.0936,65.6,1,-17.3658,-66.1561,40083.7,entrenamiento,493.988,-134.093,0.3303,26846.7,133.318
888b2c885dfffff,Cochabamba,4278,44930,2.9625,3.7,1,-17.371,-66.1423,31547.7,entrenamiento,388.792,75.3435,1.4242,0,635.087
888b2c8861fffff,Sacaba,932,179,6.0757,527.1,0,-17.3653,-66.108,119.062,entrenamiento,1.4673,5.4931,1.4992,0,-24.0183
888b2c8865fffff,Sacaba,653,8,6.942,409.2,1,-17.3639,-66.0995,84.0773,entrenamiento,1.0362,-8.2969,0.1058,76.0773,-24.7821
888b2c8867fffff,Sacaba,15,6,6.8634,1003,0,-17.3573,-66.1047,0.7441,entrenamiento,0.0092,6.0929,4.0135,0,-2.2272
888b2c8869fffff,Sacaba,1782,2396,5.3445,28.6,1,-17.3733,-66.1113,239.134,entrenamiento,2.9471,139.477,9.9819,0,16.3179
888b2c886bfffff,Sacaba,2983,2002,5.2281,26.5,1,-17.3667,-66.1166,53661.4,entrenamiento,661.319,-223.007,0.0373,51659.4,-16.3316
888b2c886dfffff,Sacaba,2263,1407,6.2387,196.5,1,-17.3719,-66.1028,303.682,entrenamiento,3.7425,63.3128,4.6212,0,-16.6169
888b2c8881fffff,Cochabamba,46,0,9.6339,3279.5,0,-17.3072,-66.1638,13.4617,entrenamiento,0.1659,-3.669,0.0691,13.4617,-9.9137
888b2c8889fffff,Cochabamba,19,1,8.7792,2418.9,0,-17.3152,-66.1671,8.8675,entrenamiento,0.1093,-2.642,0.2027,7.8675,-6.2145
888b2c889dfffff,Cochabamba,16,0,10.4167,3055.3,0,-17.302,-66.1776,4.7052,entrenamiento,0.058,-2.1692,0.1753,4.7052,-5.8468
888b2c88c5fffff,Cochabamba,26,0,7.2426,1263.2,0,-17.3285,-66.1566,4.7482,entrenamiento,0.0585,-2.179,0.174,4.7482,-7.4532
888b2c88c9fffff,Cochabamba,2002,322,6.3099,377.2,1,-17.3379,-66.1685,1410.62,entrenamiento,17.3844,-28.9849,0.2288,1088.62,-60.4785
888b2c88cbfffff,Cochabamba,312,35,7.1505,686.5,0,-17.3313,-66.1737,160.725,entrenamiento,1.9808,-9.917,0.2226,125.725,-24.4632
888b2c88cdfffff,Cochabamba,786,91,6.3567,309.4,1,-17.3365,-66.1599,495.096,entrenamiento,6.1015,-18.161,0.1854,404.096,-38.7592
888b2c88d7fffff,Cochabamba,13,0,9.6315,2107.3,0,-17.31,-66.1809,3.823,entrenamiento,0.0471,-1.9552,0.2073,3.823,-5.2702
888b2c88d9fffff,Cochabamba,1132,65,8.174,385.2,1,-17.3261,-66.1875,332.894,entrenamiento,4.1026,-14.6829,0.1977,267.894,-47.8575
888b2c88dbfffff,Tiquipaya,52,0,9.0729,1304.9,0,-17.3195,-66.1928,22.6901,entrenamiento,0.2796,-4.7634,0.0422,22.6901,-10.5405
888b2c88ddfffff,Cochabamba,78,1,8.0092,781.3,0,-17.3247,-66.179,20.5897,entrenamiento,0.2537,-4.3172,0.0926,19.5897,-12.8319
888b2c88e7fffff,Cochabamba,19,0,9.3343,3752,0,-17.311,-66.1414,1.4591,entrenamiento,0.018,-1.2079,0.4066,1.4591,-6.3714
888b2c8901fffff,Sacaba,228,0,11.0353,3165,0,-17.3435,-66.0672,92.3282,entrenamiento,1.1378,-9.6088,0.0107,92.3282,-22.8131
888b2c8903fffff,Sacaba,26,1,10.9639,3860.5,0,-17.3369,-66.0725,0.611,entrenamiento,0.0075,0.4977,1.2415,0,-7.574
888b2c8905fffff,Sacaba,357,0,11.9028,3568.4,0,-17.3421,-66.0587,7.8404,entrenamiento,0.0966,-2.8001,0.1131,7.8404,-28.5464
888b2c890bfffff,Sacaba,31,0,10.1772,3000.6,0,-17.345,-66.0758,12.5534,entrenamiento,0.1547,-3.5431,0.0738,12.5534,-8.412
888b2c890dfffff,Sacaba,104,0,11.1825,2612.3,0,-17.3501,-66.062,42.9355,entrenamiento,0.5291,-6.5525,0.0228,42.9355,-15.4076
888b2c8911fffff,Sacaba,31,0,10.1827,4192.1,0,-17.3317,-66.0863,0.7779,entrenamiento,0.0096,-0.882,0.5625,0.7779,-8.412
888b2c8919fffff,Sacaba,11,0,9.3301,3236.8,0,-17.3398,-66.0896,0.2585,entrenamiento,0.0032,-0.5084,0.7946,0.2585,-5.0109
888b2c891dfffff,Sacaba,21,1,10.1381,3822.7,0,-17.3383,-66.081,0.4935,entrenamiento,0.0061,0.7211,1.3392,0,-6.7791
888b2c8941fffff,Sacaba,40,1,9.8648,703.4,0,-17.3662,-66.0686,28.3153,entrenamiento,0.349,-5.1333,0.0682,27.3153,-9.4507
888b2c8949fffff,Sacaba,1487,224,9.2849,21.8,1,-17.3742,-66.0719,1052.62,entrenamiento,12.9724,-25.54,0.2135,828.622,-54.4155
888b2c894bfffff,Sacaba,243,14,8.9539,733.1,0,-17.3676,-66.0771,172.016,entrenamiento,2.1199,-12.048,0.0867,158.016,-22.9572
888b2c894dfffff,Sacaba,476,4,10.2042,593.7,0,-17.3728,-66.0633,336.144,entrenamiento,4.1426,-18.116,0.0148,332.144,-32.8412
888b2c8961fffff,Sacaba,26,0,12.3071,2611.2,0,-17.3553,-66.0482,10.7339,entrenamiento,0.1323,-3.2763,0.0852,10.7339,-7.7038
888b2c8963fffff,Sacaba,233,0,12.0715,3211.2,0,-17.3487,-66.0534,5.1171,entrenamiento,0.0631,-2.2621,0.1635,5.1171,-23.0619
888b2c8967fffff,Sacaba,78,0,12.9649,3567,0,-17.3473,-66.0449,1.713,entrenamiento,0.0211,-1.3088,0.3686,1.713,-13.3433
888b2c896bfffff,Sacaba,35,7,11.4024,2304.2,0,-17.3568,-66.0567,14.4495,entrenamiento,0.1781,-1.9597,0.5178,7.4495,-8.1551
888b2c89c9fffff,Sacaba,46,4,8.924,4268.3,0,-17.328,-66.1086,1.0147,entrenamiento,0.0125,2.9636,2.4818,0,-9.5103
888b2c8a01fffff,Cochabamba,4804,28521,1.931,2.8,1,-17.4097,-66.1503,14499.8,entrenamiento,178.695,116.44,1.9669,0,350.839
888b2c8a03fffff,Cochabamba,3914,80049,1.07,6.8,1,-17.4031,-66.1555,23673.4,entrenamiento,291.75,366.404,3.3813,0,1241.16
888b2c8a05fffff,Cochabamba,1157,3562,2.3051,151,1,-17.4083,-66.1417,3077.27,entrenamiento,37.9241,8.738,1.1575,0,73.1979
888b2c8a07fffff,Cochabamba,3082,26047,1.397,7.5,1,-17.4017,-66.1469,26404.2,entrenamiento,325.404,-2.1984,0.9865,357.22,423.119
888b2c8a09fffff,Cochabamba,4863,10573,2.7108,96.4,1,-17.4177,-66.1536,1607.21,entrenamiento,19.8072,223.641,6.575,0,85.854
888b2c8a0bfffff,Cochabamba,3595,23242,1.9604,77.9,1,-17.4111,-66.1588,3246.9,entrenamiento,40.0145,350.905,7.1563,0,335.737
888b2c8a0dfffff,Cochabamba,4843,6763,2.8306,42.4,1,-17.4163,-66.145,2472.96,entrenamiento,30.4766,86.2686,2.7341,0,30.5773
888b2c8a11fffff,Cochabamba,4031,19547,1.3901,25.5,1,-17.3979,-66.1693,21080.9,entrenamiento,259.799,-10.5644,0.9272,1533.88,251.067
888b2c8a13fffff,Cochabamba,4401,17320,1.8783,9,1,-17.3913,-66.1746,24875.1,entrenamiento,306.559,-47.9025,0.6963,7555.11,200.627
888b2c8a15fffff,Cochabamba,4746,90676,0.511,37.8,1,-17.3965,-66.1607,31702.7,entrenamiento,390.702,331.213,2.8601,0,1272.31
888b2c8a17fffff,Cochabamba,3953,25690,1.0382,69.9,1,-17.3899,-66.166,32263.6,entrenamiento,397.614,-36.5972,0.7963,6573.61,354.219
888b2c8a19fffff,Cochabamba,4290,11111,2.1517,43.5,1,-17.4059,-66.1726,9731.97,entrenamiento,119.936,13.9789,1.1417,0,108.364
888b2c8a1bfffff,Cochabamba,4499,9041,2.3029,121.9,1,-17.3993,-66.1779,11721.9,entrenamiento,144.46,-24.7616,0.7713,2680.88,71.3377
888b2c8a1dfffff,Cochabamba,3316,7667,1.4274,65.3,1,-17.4045,-66.1641,16100.4,entrenamiento,198.42,-66.4635,0.4762,8433.37,78.9823
888b2c8a21fffff,Cochabamba,370,71,2.9428,453.9,1,-17.3988,-66.1298,1975.57,entrenamiento,24.3467,-42.85,0.0364,1904.57,-15.1366
888b2c8a23fffff,Cochabamba,1327,3305,2.3328,132.9,1,-17.3922,-66.1351,9216.88,entrenamiento,113.588,-61.5791,0.3587,5911.88,56.5822
888b2c8a25fffff,Sacaba,167,44,3.816,643.9,0,-17.3974,-66.1213,60.3651,entrenamiento,0.7439,-2.1063,0.7333,16.3651,-9.2275
888b2c8a27fffff,Cochabamba,37,5,3.2505,872.1,0,-17.3908,-66.1265,413.32,entrenamiento,5.0937,-20.0843,0.0145,408.32,-5.1381
888b2c8a29fffff,Cochabamba,182,290,2.932,433.7,1,-17.4069,-66.1331,66.2663,entrenamiento,0.8167,27.4843,4.3261,0,8.6327
888b2c8a2bfffff,Cochabamba,1463,6463,2.1111,58.6,1,-17.4003,-66.1384,16869.2,entrenamiento,207.895,-80.1207,0.3832,10406.2,134.45
888b2c8a2dfffff,Cochabamba,332,458,3.6848,382.1,1,-17.4054,-66.1246,120.007,entrenamiento,1.479,30.8535,3.7932,0,7.6919
888b2c8a31fffff,Cochabamba,4160,77452,1.1296,52.7,1,-17.387,-66.1489,39192.7,entrenamiento,483.007,193.257,1.9762,0,1159.16
888b2c8a33fffff,Cochabamba,3719,59673,1.4953,74.7,1,-17.3804,-66.1541,35037.9,entrenamiento,431.804,131.609,1.7031,0,936.268
888b2c8a35fffff,Cochabamba,1339,8514,1.9807,77,1,-17.3856,-66.1403,10584.4,entrenamiento,130.441,-20.1244,0.8044,2070.41,200.928
888b2c8a37fffff,Cochabamba,4031,36486,2.0261,79,1,-17.379,-66.1456,31863.9,entrenamiento,392.688,25.8934,1.1451,0,522.679
888b2c8a39fffff,Cochabamba,4538,152494,0.5378,58.2,1,-17.3951,-66.1522,45943.7,entrenamiento,566.207,497.098,3.3191,0,2238.4
888b2c8a3bfffff,Cochabamba,4239,112578,0.5721,58,1,-17.3885,-66.1574,42916.6,entrenamiento,528.9,336.264,2.6231,0,1696.36
888b2c8a3dfffff,Cochabamba,3491,46310,1.42,160.8,1,-17.3936,-66.1436,32889.8,entrenamiento,405.332,73.9994,1.408,0,739.9
888b2c8a41fffff,Cochabamba,4759,4982,4.3516,39.7,1,-17.4324,-66.1516,2527.23,entrenamiento,31.1454,48.8302,1.9709,0,5.7591
888b2c8a43fffff,Cochabamba,4830,8039,3.5792,9.4,1,-17.4258,-66.1569,2243.89,entrenamiento,27.6536,122.338,3.5815,0,49.4938
888b2c8a45fffff,Cochabamba,3576,552,4.4111,69,1,-17.431,-66.1431,2209.98,entrenamiento,27.2356,-35.2683,0.2501,1657.98,-49.342
888b2c8a47fffff,Cochabamba,4706,1897,3.5431,13.3,1,-17.4243,-66.1483,2545.41,entrenamiento,31.3695,-12.8521,0.7454,648.414,-39.232
888b2c8a49fffff,Cochabamba,4525,2327,5.2117,73.8,1,-17.4404,-66.1549,2296.21,entrenamiento,28.2983,0.6426,1.0134,0,-30.8582
888b2c8a4bfffff,Cochabamba,4512,4096,4.4849,29.4,1,-17.4338,-66.1602,1837.86,entrenamiento,22.6496,52.6739,2.228,0,-3.9016
888b2c8a4dfffff,Cochabamba,4271,2939,5.1732,16.5,1,-17.439,-66.1464,2835.91,entrenamiento,34.9495,1.9359,1.0363,0,-18.4113
888b2c8a51fffff,Cochabamba,2581,2073,3.3343,46.4,1,-17.4206,-66.1707,1557.84,entrenamiento,19.1987,13.0522,1.3305,0,-8.3621
888b2c8a53fffff,Cochabamba,1365,2229,3.0281,148.4,1,-17.414,-66.1759,1164.35,entrenamiento,14.3494,31.2007,1.9136,0,25.1295
888b2c8a55fffff,Cochabamba,4772,5141,2.8954,83.8,1,-17.4192,-66.1621,2629.14,entrenamiento,32.4014,48.9877,1.955,0,7.9096
888b2c8a57fffff,Cochabamba,3920,9943,2.3783,230.7,1,-17.4126,-66.1674,6212.26,entrenamiento,76.5593,47.3338,1.6004,0,100.175
888b2c8a59fffff,Cochabamba,1203,322,4.2921,51.3,1,-17.4286,-66.174,143.767,entrenamiento,1.7718,14.8648,2.2312,0,-24.6181
888b2c8a5bfffff,Cochabamba,592,640,3.9436,533,0,-17.422,-66.1792,60.6106,entrenamiento,0.747,74.4211,10.4041,0,2.8789
888b2c8a5dfffff,Cochabamba,2802,1874,3.8427,5.4,1,-17.4272,-66.1654,915.767,entrenamiento,11.2858,31.6649,2.0452,0,-15.9538
888b2c8a61fffff,Cochabamba,3010,9514,4.1395,11.9,1,-17.4215,-66.1312,1115.37,entrenamiento,13.7457,251.478,8.5232,0,122.651
888b2c8a63fffff,Cochabamba,507,825,3.221,297.7,1,-17.4149,-66.1365,187.871,entrenamiento,2.3153,46.4834,4.3734,0,15.1834
888b2c8a65fffff,Cochabamba,2893,2495,4.6876,9,1,-17.4201,-66.1227,1219.35,entrenamiento,15.0272,36.5315,2.0453,0,-5.6088
888b2c8a67fffff,Cochabamba,644,1239,3.7995,172.4,1,-17.4135,-66.1279,234.481,entrenamiento,2.8897,65.6001,5.2658,0,24.7774
888b2c8a69fffff,Cochabamba,4505,1443,4.6559,84.9,1,-17.4295,-66.1345,2400.85,entrenamiento,29.5878,-19.5485,0.6012,957.846,-44.0423
888b2c8a6bfffff,Cochabamba,4746,8174,3.741,58.9,1,-17.4229,-66.1398,2600.22,entrenamiento,32.045,109.306,3.1428,0,53.1225
888b2c8a6dfffff,Cochabamba,5058,4312,5.0591,15.1,1,-17.4281,-66.126,2225.93,entrenamiento,27.4322,44.2152,1.9367,0,-8.1342
888b2c8a81fffff,Cochabamba,4830,5943,4.6216,21.7,1,-17.3634,-66.187,14389.9,entrenamiento,177.34,-70.4155,0.413,8446.89,-28.4558
888b2c8a83fffff,Cochabamba,3605,3205,5.5394,137.3,1,-17.3568,-66.1922,5269.68,entrenamiento,64.9431,-28.442,0.6083,2064.68,-39.9644
888b2c8a85fffff,Cochabamba,5097,19271,4.1822,61.6,1,-17.362,-66.1784,8566.01,entrenamiento,105.567,115.664,2.2496,0,107.394
888b2c8a87fffff,Cochabamba,4024,14797,5.1026,17.3,1,-17.3554,-66.1837,4393.31,entrenamiento,54.1428,156.961,3.3675,0,90.4887
888b2c8a89fffff,Cochabamba,4791,9392,4.304,62.6,1,-17.3715,-66.1903,14551,entrenamiento,179.325,-42.768,0.6455,5159,9.5686
888b2c8a8bfffff,Tiquipaya,3360,1715,5.1892,27.5,1,-17.3648,-66.1955,7752.16,entrenamiento,95.5371,-68.568,0.2213,6037.16,-55.0507
888b2c8a8dfffff,Cochabamba,4759,19927,3.7062,124.4,1,-17.37,-66.1817,20732.7,entrenamiento,255.508,-5.5954,0.9611,805.668,124.808
888b2c8a91fffff,Tiquipaya,2544,805,6.9888,26.8,1,-17.3516,-66.206,4002.28,entrenamiento,49.3238,-50.5391,0.2013,3197.28,-55.2434
888b2c8a93fffff,Tiquipaya,1228,2126,7.8967,57.2,1,-17.345,-66.2113,145.258,entrenamiento,1.7902,164.345,14.5428,0,-1.179
888b2c8a95fffff,Tiquipaya,2872,3659,6.4586,192.8,1,-17.3502,-66.1975,339.725,entrenamiento,4.1867,180.086,10.7418,0,-20.1898
888b2c8a97fffff,Tiquipaya,2778,3441,7.3788,53.7,1,-17.3436,-66.2027,328.606,entrenamiento,4.0497,171.695,10.4428,0,-21.2553
888b2c8a99fffff,Tiquipaya,2110,470,6.7145,281.3,1,-17.3596,-66.2093,3353.92,entrenamiento,41.3335,-49.7974,0.1404,2883.92,-53.54
888b2c8a9bfffff,Tiquipaya,809,218,7.5944,171.2,1,-17.353,-66.2146,1666.45,entrenamiento,20.5371,-35.4819,0.1313,1448.45,-32.155
888b2c8a9dfffff,Tiquipaya,2332,559,6.0856,278.3,1,-17.3582,-66.2008,4839.61,entrenamiento,59.643,-61.532,0.1157,4280.61,-55.6716
888b2c8aa1fffff,Cochabamba,4252,3943,4.6735,88.2,1,-17.3525,-66.1665,5078.1,entrenamiento,62.5821,-15.9289,0.7765,1135.1,-41.5295
888b2c8aa3fffff,Cochabamba,3627,4894,5.5254,124,1,-17.3459,-66.1718,406.8,entrenamiento,5.0134,222.477,12.0034,0,-19.2862
888b2c8aa5fffff,Cochabamba,4148,2681,4.7216,15.8,1,-17.3511,-66.158,2386.15,entrenamiento,29.4068,6.036,1.1235,0,-54.5979
888b2c8aa7fffff,Cochabamba,3420,942,5.4957,56.6,1,-17.3445,-66.1632,383.579,entrenamiento,4.7272,28.5124,2.452,0,-65.8512
888b2c8aa9fffff,Cochabamba,4576,11586,3.9144,58.3,1,-17.3606,-66.1699,21885.1,entrenamiento,269.71,-69.6186,0.5294,10299.1,38.3631
888b2c8aabfffff,Cochabamba,4220,7773,4.8051,11.1,1,-17.354,-66.1751,4948.19,entrenamiento,60.9811,40.1575,1.5708,0,3.2091
888b2c8aadfffff,Cochabamba,5240,6457,3.8542,8.6,1,-17.3592,-66.1613,18196.3,entrenamiento,224.249,-87.0262,0.3549,11739.3,-29.5403
888b2c8ab1fffff,Cochabamba,3335,959,6.6128,212.6,1,-17.3407,-66.1856,400.314,entrenamiento,4.9334,27.9234,2.3921,0,-64.5026
888b2c8ab3fffff,Tiquipaya,2453,353,7.5236,224.5,1,-17.3341,-66.1908,157.403,entrenamiento,1.9398,15.5903,2.2348,0,-60.658
888b2c8ab5fffff,Cochabamba,3549,1630,6.397,28,1,-17.3393,-66.177,423.245,entrenamiento,5.216,58.6574,3.8445,0,-58.8635
888b2c8ab7fffff,Cochabamba,3422,426,7.2812,110.1,1,-17.3327,-66.1823,227.084,entrenamiento,2.7986,13.2001,1.8721,0,-72.4962
888b2c8ab9fffff,Tiquipaya,3861,6394,6.0237,22,1,-17.3488,-66.1889,463.452,entrenamiento,5.7115,275.482,13.7689,0,-5.5978
888b2c8abbfffff,Tiquipaya,2907,1239,6.9453,149.9,1,-17.3422,-66.1942,343.865,entrenamiento,4.2378,48.2719,3.5956,0,-54.612
888b2c8abdfffff,Cochabamba,4362,3246,5.7059,20.9,1,-17.3474,-66.1803,447.323,entrenamiento,5.5128,132.325,7.2425,0,-51.1409
888b2c8ac1fffff,Cochabamba,4447,12316,3.4286,18.2,1,-17.3861,-66.1884,9479.03,entrenamiento,116.819,29.1388,1.2993,0,49.7076
888b2c8ac3fffff,Cochabamba,4362,6897,4.1873,69.9,1,-17.3795,-66.1936,7833.84,entrenamiento,96.5437,-10.5847,0.8804,936.843,-9.6613
888b2c8ac5fffff,Cochabamba,4154,28745,2.6125,63.1,1,-17.3847,-66.1798,15057.7,entrenamiento,185.569,111.543,1.9089,0,248.758
888b2c8ac7fffff,Cochabamba,4707,15345,3.4386,56.6,1,-17.3781,-66.185,14038,entrenamiento,173.003,11.0314,1.0931,0,76.3925
888b2c8ac9fffff,Cochabamba,5084,9217,3.6782,40.5,1,-17.3941,-66.1917,6973.89,entrenamiento,85.9456,26.8605,1.3216,0,1.9707
888b2c8acbfffff,Cochabamba,3979,7779,4.2878,55.2,1,-17.3875,-66.1969,5597.84,entrenamiento,68.9874,29.1526,1.3896,0,8.4679
888b2c8acdfffff,Cochabamba,3783,20622,2.771,58.4,1,-17.3927,-66.1831,9218.53,entrenamiento,113.608,118.77,2.2369,0,169.611
888b2c8ad1fffff,Colcapirhua,1914,775,5.7624,4.1,1,-17.3743,-66.2074,3532.53,entrenamiento,43.5346,-46.3957,0.2196,2757.53,-45.0128
888b2c8ad3fffff,Tiquipaya,1539,651,6.5704,5.8,1,-17.3677,-66.2127,2582.63,entrenamiento,31.8282,-38.0096,0.2524,1931.63,-39.8306
888b2c8ad5fffff,Cochabamba,2591,1524,5.0014,60.9,1,-17.3729,-66.1989,4761.29,entrenamiento,58.6777,-46.9158,0.3202,3237.29,-45.3718
888b2c8ad7fffff,Tiquipaya,2115,646,5.8479,111.8,1,-17.3663,-66.2041,3903.5,entrenamiento,48.1065,-52.1384,0.1657,3257.5,-50.75
888b2c8ad9fffff,Colcapirhua,2425,2529,5.8358,103,1,-17.3823,-66.2107,4475.65,entrenamiento,55.1575,-29.0977,0.5652,1946.65,-27.093
888b2c8adbfffff,Colcapirhua,1156,339,6.5649,368.6,1,-17.3757,-66.216,1939.91,entrenamiento,23.9073,-36.3476,0.1752,1600.91,-37.8306
888b2c8addfffff,Cochabamba,3550,3739,4.9944,22,1,-17.3809,-66.2022,6523.57,entrenamiento,80.396,-34.4759,0.5732,2784.57,-32.3176
888b2c8ae1fffff,Cochabamba,5019,23758,2.3465,74.7,1,-17.3752,-66.1679,55398.7,entrenamiento,682.729,-134.43,0.4289,31640.7,157.217
888b2c8ae3fffff,Cochabamba,4557,30707,3.263,81.5,1,-17.3686,-66.1732,40004.9,entrenamiento,493.017,-46.4865,0.7676,9297.87,251.356
888b2c8ae5fffff,Cochabamba,4824,92158,2.2129,115.7,1,-17.3738,-66.1594,46908.1,entrenamiento,578.092,208.927,1.9646,0,903.059
888b2c8ae7fffff,Cochabamba,4603,30397,3.0429,42.5,1,-17.3672,-66.1646,30340.5,entrenamiento,373.913,0.3246,1.0019,0,245.765
888b2c8ae9fffff,Cochabamba,4876,23054,1.8962,13.8,1,-17.3833,-66.1712,55128.6,entrenamiento,679.4,-136.607,0.4182,32074.6,154.67
888b2c8aebfffff,Cochabamba,4934,19475,2.7955,18.8,1,-17.3766,-66.1765,46101.4,entrenamiento,568.15,-124.01,0.4225,26626.4,114.426
888b2c8aedfffff,Cochabamba,3732,47832,1.4374,37.8,1,-17.3818,-66.1627,62019.6,entrenamiento,764.325,-56.9699,0.7712,14187.6,506.092
888b2c8b01fffff,Sacaba,694,30,7.1045,774.4,0,-17.3998,-66.0904,424.536,prueba,5.2319,-19.1483,0.0728,394.536,-35.6187
888b2c8b03fffff,Sacaba,1600,565,6.5152,46.1,1,-17.3931,-66.0956,1461.35,prueba,18.0095,-23.4477,0.387,896.348,-45.1217
888b2c8b05fffff,Sacaba,891,135,7.9961,75.5,1,-17.3983,-66.0818,227.13,prueba,2.7991,-6.1131,0.5962,92.1302,-38.0221
888b2c8b07fffff,Sacaba,1870,1616,7.4254,120.1,1,-17.3917,-66.0871,770.386,prueba,9.4942,30.4662,2.0962,0,-32.8049
888b2c8b09fffff,Sacaba,1393,202,6.903,11.8,1,-17.4078,-66.0937,207.468,prueba,2.5568,-0.3796,0.9738,5.4681,-47.7169
888b2c8b0bfffff,Sacaba,1031,115,6.2213,61.9,1,-17.4012,-66.0989,685.809,prueba,8.4519,-21.7966,0.1689,570.809,-41.8281
888b2c8b0dfffff,Sacaba,1331,127,7.7587,63,1,-17.4064,-66.0851,120.737,prueba,1.488,0.5699,1.0514,0,-47.9509
888b2c8b11fffff,Sacaba,2926,4936,5.0898,114.4,1,-17.388,-66.1094,4413.53,prueba,54.392,7.8644,1.1184,0,-8.8617
888b2c8b13fffff,Sacaba,3454,3711,4.6962,147.6,1,-17.3813,-66.1147,6354.31,prueba,78.31,-33.1599,0.5841,2643.31,-35.652
888b2c8b15fffff,Sacaba,2020,2796,6.0101,97.6,1,-17.3865,-66.1009,2362.35,prueba,29.1134,8.9222,1.1835,0,-17.2006
888b2c8b17fffff,Sacaba,2994,2626,5.6118,151.9,1,-17.3799,-66.1061,3542.94,prueba,43.663,-15.405,0.7413,916.944,-40.9982
888b2c8b19fffff,Sacaba,1906,689,4.7075,22.3,1,-17.396,-66.1127,3138.23,prueba,38.6752,-43.7207,0.2198,2449.23,-48.9838
888b2c8b1bfffff,Sacaba,3309,1827,4.1698,185.3,1,-17.3894,-66.118,6660.55,prueba,82.0841,-59.2258,0.2744,4833.55,-56.614
888b2c8b1dfffff,Sacaba,1730,480,5.6086,352.8,1,-17.3946,-66.1042,2517.89,prueba,31.0303,-40.6127,0.191,2037.89,-49.1942
888b2c8b21fffff,Sacaba,1989,7885,9.252,320.4,1,-17.3889,-66.07,215.195,prueba,2.652,522.84,36.4764,0,66.1159
888b2c8b23fffff,Sacaba,2061,661,8.7718,7.6,1,-17.3823,-66.0752,222.984,prueba,2.748,29.3327,2.9556,0,-52.2747
888b2c8b25fffff,Sacaba,1782,404,10.1673,32.8,1,-17.3875,-66.0614,192.799,prueba,2.376,15.2105,2.0898,0,-51.4766
888b2c8b27fffff,Sacaba,1523,366,9.6924,230.1,1,-17.3808,-66.0667,164.777,prueba,2.0307,15.6758,2.2138,0,-47.2051
888b2c8b29fffff,Sacaba,922,228,8.8937,613.9,0,-17.3969,-66.0733,98.4386,prueba,1.2131,13.0585,2.3029,0,-36.5756
888b2c8b2bfffff,Sacaba,2278,3034,8.3379,13.1,1,-17.3903,-66.0785,246.462,prueba,3.0374,177.56,12.2645,0,-20.0702
888b2c8b2dfffff,Sacaba,1187,1509,9.7956,268.9,1,-17.3955,-66.0647,122.086,prueba,1.5046,125.521,12.2678,0,-15.997
888b2c8b31fffff,Sacaba,1792,1475,7.4471,15.8,1,-17.3771,-66.089,637.576,prueba,7.8574,33.165,2.3114,0,-33.3702
888b2c8b33fffff,Sacaba,1009,429,7.1397,228.6,1,-17.3705,-66.0942,687.176,prueba,8.4687,-9.8488,0.6248,258.176,-34.1776
888b2c8b35fffff,Sacaba,1611,660,8.3658,17,1,-17.3757,-66.0804,174.298,prueba,2.148,36.7895,3.7707,0,-43.6355
888b2c8b37fffff,Sacaba,503,27,8.0453,483,1,-17.3691,-66.0857,177.542,prueba,2.188,-11.2981,0.1568,150.542,-30.1543
888b2c8b39fffff,Sacaba,2356,1917,6.9306,233.2,1,-17.3851,-66.0923,1353.42,prueba,16.6794,15.3193,1.4161,0,-38.5939
888b2c8b3bfffff,Sacaba,2030,2115,6.529,39,1,-17.3785,-66.0975,1438.67,prueba,17.73,17.8312,1.4698,0,-28.3916
888b2c8b3dfffff,Sacaba,2409,1346,7.8512,89,1,-17.3837,-66.0838,773.755,prueba,9.5357,20.5722,1.7386,0,-48.0708
888b2c8b41fffff,Sacaba,1719,76,7.6313,115.6,1,-17.4224,-66.0917,266.705,prueba,3.2869,-11.6774,0.2876,190.706,-56.0284
888b2c8b43fffff,Sacaba,1797,307,6.8316,101.2,1,-17.4158,-66.097,813.582,prueba,10.0265,-17.7602,0.3781,506.582,-53.4049
888b2c8b45fffff,Sacaba,622,46,8.4046,401.8,1,-17.421,-66.0832,17.2778,prueba,0.2129,6.9099,2.5714,0,-33.1665
888b2c8b47fffff,Sacaba,1647,328,7.6352,3.5,1,-17.4144,-66.0884,150.879,prueba,1.8594,14.4197,2.1662,0,-50.2969
888b2c8b49fffff,Sacaba,145,10,7.7471,619.2,0,-17.4304,-66.0951,32.6773,prueba,0.4027,-3.9671,0.3266,22.6773,-16.057
888b2c8b4bfffff,Sacaba,192,5,6.8943,515.5,0,-17.4238,-66.1003,57.8722,prueba,0.7132,-6.9501,0.1019,52.8722,-18.907
888b2c8b4dfffff,Sacaba,46,0,8.4557,530.7,0,-17.429,-66.0865,1.4781,prueba,0.0182,-1.2158,0.4035,1.4781,-9.3821
888b2c8b51fffff,Sacaba,1002,205,5.2583,141.1,1,-17.4106,-66.1108,678.4,prueba,8.3606,-18.1755,0.3032,473.4,-39.1064
888b2c8b53fffff,Sacaba,1082,217,4.5007,135,1,-17.404,-66.116,1076.62,prueba,13.2682,-26.1984,0.2023,859.619,-40.7335
888b2c8b55fffff,Sacaba,1181,241,6.0665,83.1,1,-17.4092,-66.1022,714.465,prueba,8.805,-17.7132,0.3382,473.465,-42.4691
888b2c8b57fffff,Sacaba,1626,715,5.3509,6.5,1,-17.4026,-66.1075,1473.44,prueba,18.1585,-19.7585,0.4856,758.438,-42.9623
888b2c8b59fffff,Cochabamba,1417,389,5.3394,284.3,1,-17.4187,-66.1141,763.094,prueba,9.4043,-13.5423,0.5104,374.094,-44.6019
888b2c8b5dfffff,Sacaba,218,37,6.0615,436.5,1,-17.4172,-66.1055,106.362,prueba,1.3108,-6.7255,0.3539,69.3616,-18.6129
888b2c8b61fffff,Sacaba,1030,104,9.3077,103.5,1,-17.4115,-66.0713,52.799,prueba,0.6507,7.0464,1.9517,0,-42.0531
888b2c8b63fffff,Sacaba,1544,134,8.6277,181.6,1,-17.4049,-66.0766,79.1473,prueba,0.9754,6.1657,1.6844,0,-51.8905
888b2c8b65fffff,Sacaba,720,32,10.1659,352.1,1,-17.4101,-66.0628,35.0507,prueba,0.432,-0.5153,0.9154,3.0507,-36.2562
888b2c8b67fffff,Sacaba,953,112,9.5065,195.3,1,-17.4035,-66.068,48.2962,prueba,0.5952,9.1666,2.2923,0,-40.0813
888b2c8b69fffff,Sacaba,730,25,9.2051,109,1,-17.4196,-66.0746,31.2028,prueba,0.3845,-1.1104,0.8074,6.2028,-36.7063
888b2c8b6bfffff,Sacaba,1372,237,8.4627,30.8,1,-17.413,-66.0799,58.6441,prueba,0.7227,23.2903,3.9903,0,-46.6134
888b2c8b6dfffff,Sacaba,585,20,10.0263,49.2,1,-17.4181,-66.0661,27.9332,prueba,0.3442,-1.501,0.7258,7.9332,-32.8602
888b2c8c4bfffff,Quillacollo,48,0,16.2881,2457.2,0,-17.2949,-66.2704,0.2069,entrenamiento,0.0025,-0.4549,0.8286,0.2069,-9.2333
888b2c8c51fffff,Quillacollo,52,0,18.1074,1397.5,0,-17.2816,-66.2809,4.5022,entrenamiento,0.0555,-2.1218,0.1817,4.5022,-9.6103
888b2c8c59fffff,Quillacollo,100,0,17.7708,884.4,0,-17.2896,-66.2842,8.658,entrenamiento,0.1067,-2.9424,0.1035,8.658,-13.3271
888b2c8c5bfffff,Quillacollo,26,0,18.6743,608.8,0,-17.283,-66.2894,2.2511,entrenamiento,0.0277,-1.5004,0.3076,2.2511,-6.7955
888b2c8c5dfffff,Quillacollo,21,0,17.197,1773.6,0,-17.2882,-66.2756,0.21,entrenamiento,0.0026,-0.4583,0.8264,0.21,-6.1072
888b2c8c69fffff,Quillacollo,73,0,14.7542,3440.6,0,-17.2906,-66.2447,3.025,entrenamiento,0.0373,-1.7392,0.2484,3.025,-11.3867
888b2c8c6dfffff,Quillacollo,284,0,14.3255,3238.5,0,-17.2892,-66.2361,11.7683,entrenamiento,0.145,-3.4305,0.0783,11.7683,-22.4592
888b2c8e01fffff,Quillacollo,1631,37,15.3447,134.6,1,-17.327,-66.2837,60.4074,entrenamiento,0.7445,-3.0117,0.6188,23.4074,-60.4097
888b2c8e03fffff,Quillacollo,1099,6,16.1925,644,0,-17.3204,-66.2889,45.0022,entrenamiento,0.5546,-5.814,0.1522,39.0022,-49.9662
888b2c8e05fffff,Quillacollo,973,24,14.6355,748.6,0,-17.3256,-66.2751,45.3113,entrenamiento,0.5584,-3.166,0.5398,21.3113,-46.6182
888b2c8e07fffff,Quillacollo,1453,66,15.4968,150.2,1,-17.319,-66.2803,87.2298,entrenamiento,1.075,-2.2731,0.7594,21.2298,-56.4444
888b2c8e09fffff,Quillacollo,1586,88,15.2517,323.5,1,-17.335,-66.287,17.3604,entrenamiento,0.2139,16.9538,4.8474,0,-58.7059
888b2c8e0bfffff,Vinto,1482,7,16.0757,1017.6,0,-17.3284,-66.2922,26.1872,entrenamiento,0.3227,-3.7494,0.2943,19.1872,-58.042
888b2c8e0dfffff,Quillacollo,748,18,14.5062,524.5,0,-17.3336,-66.2784,15.0942,entrenamiento,0.186,0.7479,1.1806,0,-40.8851
888b2c8e11fffff,Vinto,58,0,17.7533,1026.8,0,-17.3152,-66.3027,2.9038,entrenamiento,0.0358,-1.7041,0.2562,2.9038,-11.5062
888b2c8e15fffff,Quillacollo,881,23,17.0483,326.4,1,-17.3138,-66.2942,59.9903,entrenamiento,0.7393,-4.7758,0.3935,36.9903,-44.3312
888b2c8e19fffff,Vinto,935,0,17.6467,1458.6,0,-17.3232,-66.306,5.7835,entrenamiento,0.0713,-2.4049,0.1474,5.7835,-46.198
888b2c8e1dfffff,Quillacollo,494,0,16.91,1267.4,0,-17.3218,-66.2975,15.9355,entrenamiento,0.1964,-3.9919,0.059,15.9355,-33.58
888b2c8e21fffff,Quillacollo,589,44,14.1837,1999.4,0,-17.3161,-66.2632,0,entrenamiento,0,44000,45,0,-35.467
888b2c8e23fffff,Quillacollo,37,0,15.0755,1742.5,0,-17.3095,-66.2684,0,entrenamiento,0,-0.001,1,0,-9.1901
888b2c8e25fffff,Quillacollo,399,13,13.5737,1767.1,0,-17.3147,-66.2546,0,entrenamiento,0,13000,14,0,-29.7482
888b2c8e29fffff,Quillacollo,810,18,13.9514,1463.3,0,-17.3242,-66.2665,81.4655,entrenamiento,1.004,-7.0315,0.2304,63.4655,-42.5806
888b2c8e2bfffff,Quillacollo,1516,25,14.826,1074.8,0,-17.3175,-66.2718,192.946,entrenamiento,2.3778,-12.0907,0.1341,167.946,-58.4007
888b2c8e2dfffff,Quillacollo,941,26,13.2962,1263.6,0,-17.3228,-66.258,0,entrenamiento,0,26000,27,0,-45.785
888b2c8e33fffff,Quillacollo,63,1,17.4806,916.1,0,-17.2977,-66.2875,10.7039,entrenamiento,0.1319,-2.966,0.1709,9.7039,-11.9085
888b2c8e35fffff,Quillacollo,10,0,15.971,1771.6,0,-17.3029,-66.2737,0,entrenamiento,0,-0.001,1,0,-4.7777
888b2c8e37fffff,Quillacollo,27,0,16.8696,1699,0,-17.2963,-66.2789,0,entrenamiento,0,-0.001,1,0,-7.8505
888b2c8e39fffff,Quillacollo,1004,14,16.365,187.1,1,-17.3123,-66.2856,79.3228,entrenamiento,0.9776,-7.3344,0.1867,65.3228,-47.5799
888b2c8e3bfffff,Quillacollo,131,19,17.239,396.2,1,-17.3057,-66.2908,12.2594,entrenamiento,0.1511,1.9252,1.5084,0,-16.1936
888b2c8e3dfffff,Quillacollo,95,0,15.7064,935.4,0,-17.3109,-66.277,12.0909,entrenamiento,0.149,-3.4772,0.0764,12.0909,-14.7258
888b2c8e41fffff,Quillacollo,1120,70,14.437,249.4,1,-17.3497,-66.285,28.1407,entrenamiento,0.3468,7.8909,2.4365,0,-49.1778
888b2c8e43fffff,Quillacollo,1552,63,15.2188,218.7,1,-17.3431,-66.2903,42.0934,entrenamiento,0.5188,3.2224,1.4851,0,-58.4616
888b2c8e45fffff,Quillacollo,368,9,13.6421,1051.8,0,-17.3483,-66.2765,9.2462,entrenamiento,0.1139,-0.081,0.976,0.2462,-28.6723
888b2c8e47fffff,Quillacollo,1294,32,14.4397,394.4,1,-17.3417,-66.2817,35.0959,entrenamiento,0.4325,-0.5226,0.9142,3.0959,-53.7593
888b2c8e49fffff,Quillacollo,1905,114,14.4981,230,1,-17.3577,-66.2884,47.8643,entrenamiento,0.5899,9.5594,2.3535,0,-64.2137
888b2c8e4bfffff,Quillacollo,689,3,15.2465,107.5,1,-17.3511,-66.2936,17.3116,entrenamiento,0.2133,-3.4397,0.2184,14.3116,-39.582
888b2c8e4dfffff,Quillacollo,1410,75,13.673,417.6,1,-17.3563,-66.2798,481.698,entrenamiento,5.9364,-18.5304,0.1574,406.698,-55.4099
888b2c8e51fffff,Vinto,490,4,16.7958,459.4,1,-17.3379,-66.3041,5.3636,entrenamiento,0.0661,-0.5888,0.7857,1.3636,-33.3242
888b2c8e53fffff,Vinto,591,0,17.5921,1047.3,0,-17.3312,-66.3094,5.4542,entrenamiento,0.0672,-2.3354,0.1549,5.4542,-36.7292
888b2c8e55fffff,Vinto,1220,6,16.0157,459.5,1,-17.3364,-66.2955,13.3542,entrenamiento,0.1646,-2.0125,0.4877,7.3542,-52.6576
888b2c8e57fffff,Vinto,809,28,16.8256,598.6,0,-17.3298,-66.3008,7.4661,entrenamiento,0.092,7.515,3.4254,0,-42.321
888b2c8e59fffff,Vinto,146,0,16.8209,1046.8,0,-17.3459,-66.3074,4.2593,entrenamiento,0.0525,-2.0638,0.1901,4.2593,-18.2555
888b2c8e5bfffff,Vinto,562,3,17.5898,1377.3,0,-17.3393,-66.3127,6.9078,entrenamiento,0.0851,-1.4868,0.5058,3.9078,-35.733
888b2c8e5dfffff,Vinto,814,3,16.0132,157.8,1,-17.3445,-66.2989,22.0773,entrenamiento,0.2721,-4.0602,0.1733,19.0773,-43.0356
888b2c8e61fffff,Quillacollo,2494,1053,12.9387,25.2,1,-17.3388,-66.2646,81.0743,entrenamiento,0.9992,107.942,12.842,0,-61.4951
888b2c8e63fffff,Quillacollo,1605,94,13.7823,651.5,0,-17.3322,-66.2698,43.8134,entrenamiento,0.54,7.582,2.1199,0,-58.9748
888b2c8e65fffff,Quillacollo,1115,70,12.2238,200,1,-17.3374,-66.256,1070.25,entrenamiento,13.1897,-30.575,0.0663,1000.25,-49.0617
888b2c8e67fffff,Quillacollo,1468,55,13.0835,623.2,0,-17.3308,-66.2613,81.2975,entrenamiento,1.0019,-2.9166,0.6805,26.2975,-56.9368
888b2c8e69fffff,Quillacollo,1426,165,12.8643,818.4,0,-17.3469,-66.2679,750.286,entrenamiento,9.2465,-21.3676,0.221,585.286,-54.1608
888b2c8e6bfffff,Quillacollo,931,21,13.6787,617.5,0,-17.3402,-66.2732,30.4278,entrenamiento,0.375,-1.7091,0.7,9.4278,-45.6436
888b2c8e6dfffff,Quillacollo,1457,130,12.1069,2.8,1,-17.3455,-66.2593,879.311,entrenamiento,10.8366,-25.2692,0.1488,749.311,-55.4154
888b2c8ee1fffff,Quillacollo,168,0,19.0013,347.2,1,-17.2925,-66.3013,4.4251,entrenamiento,0.0545,-2.1036,0.1843,4.4251,-17.2739
888b2c8ee3fffff,Quillacollo,116,0,19.8884,964.1,0,-17.2858,-66.3066,3.0555,entrenamiento,0.0377,-1.748,0.2466,3.0555,-14.3537
888b2c8ee5fffff,Quillacollo,95,22,18.3731,287.8,1,-17.2911,-66.2928,8.5973,entrenamiento,0.106,4.571,2.3965,0,-11.296
888b2c8ee7fffff,Quillacollo,168,1,19.2687,483.9,1,-17.2844,-66.298,15.2036,entrenamiento,0.1874,-3.6427,0.1234,14.2036,-17.216
888b2c8eedfffff,Quillacollo,11,13,18.118,39.6,1,-17.2991,-66.2961,0.2897,entrenamiento,0.0036,23.6129,10.8549,0,-1.479
888b2c8f01fffff,Tiquipaya,562,56,11.0644,255.8,1,-17.3171,-66.2237,547.449,prueba,6.7467,-21.0042,0.1039,491.45,-31.086
888b2c8f05fffff,Tiquipaya,112,3,10.6342,543.4,0,-17.3157,-66.2151,74.5909,prueba,0.9193,-8.2892,0.0529,71.5909,-14.4347
888b2c8f07fffff,Tiquipaya,48,0,11.5568,1162.4,0,-17.3091,-66.2204,0.7723,prueba,0.0095,-0.8788,0.5642,0.7723,-9.5839
888b2c8f09fffff,Tiquipaya,1064,324,10.636,368.9,1,-17.3251,-66.227,634.044,prueba,7.8139,-12.313,0.5118,310.044,-37.942
888b2c8f0bfffff,Tiquipaya,581,23,11.5524,415.4,1,-17.3185,-66.2323,197.845,prueba,2.4382,-12.4305,0.1207,174.845,-32.6536
888b2c8f0dfffff,Tiquipaya,1237,160,10.1425,116,1,-17.3237,-66.2185,1696.99,prueba,20.9136,-37.3105,0.0948,1536.99,-45.364
888b2c8f17fffff,Quillacollo,84,0,13.8314,2529,0,-17.2972,-66.2394,1.4444,prueba,0.0178,-1.2019,0.4091,1.4444,-12.6783
888b2c8f19fffff,Quillacollo,48,33,13.0007,1709.7,0,-17.3133,-66.2461,2.0653,prueba,0.0255,21.5254,11.0918,0,-6.1406
888b2c8f1dfffff,Quillacollo,37,1,12.4698,1142.7,0,-17.3119,-66.2375,1.3434,prueba,0.0166,-0.2963,0.8535,0.3434,-8.2955
888b2c8f21fffff,Tiquipaya,17,0,10.8828,1648.4,0,-17.3062,-66.2033,0.911,prueba,0.0112,-0.9544,0.5233,0.911,-5.7036
888b2c8f23fffff,Tiquipaya,65,0,11.792,2162.4,0,-17.2996,-66.2085,2.8223,prueba,0.0348,-1.68,0.2616,2.8223,-11.1527
888b2c8f29fffff,Tiquipaya,47,10,10.2691,722.9,0,-17.3143,-66.2066,5.3825,prueba,0.0663,1.9903,1.7235,0,-8.4291
888b2c8f2bfffff,Tiquipaya,21,0,11.1869,1253,0,-17.3076,-66.2118,2.2223,prueba,0.0274,-1.4907,0.3103,2.2223,-6.3392
888b2c8f39fffff,Quillacollo,142,0,12.4796,1678.6,0,-17.3024,-66.2256,2.4418,prueba,0.0301,-1.5626,0.2905,2.4418,-16.4841
888b2c8f3dfffff,Tiquipaya,52,7,12.1056,2076.9,0,-17.301,-66.2171,0,prueba,0,7000,8,0,-9.2735
888b2c8f41fffff,Tiquipaya,2262,4671,9.3792,244.6,1,-17.3398,-66.2251,1686.53,prueba,20.7846,72.6727,2.7685,0,5.2061
888b2c8f43fffff,Tiquipaya,1181,4247,10.2797,219.5,1,-17.3332,-66.2303,904.484,prueba,11.1468,111.141,4.6914,0,41.7992
888b2c8f45fffff,Tiquipaya,2094,8450,8.8077,20.2,1,-17.3384,-66.2165,1875.18,prueba,23.1096,151.832,4.5044,0,70.1884
888b2c8f47fffff,Tiquipaya,1522,2092,9.721,104.2,1,-17.3318,-66.2218,1362.95,prueba,16.7969,19.7476,1.5345,0,-15.2027
888b2c8f49fffff,Tiquipaya,1099,160,9.1261,407.6,1,-17.3478,-66.2284,769.839,prueba,9.4874,-21.9794,0.2089,609.839,-42.3696
888b2c8f4bfffff,Tiquipaya,982,83,10.0033,203.7,1,-17.3412,-66.2336,542.028,prueba,6.6799,-19.7164,0.1547,459.028,-41.4341
888b2c8f4dfffff,Tiquipaya,1016,221,8.4835,417.6,1,-17.3464,-66.2198,757.52,prueba,9.3356,-19.4935,0.2927,536.52,-39.0808
888b2c8f51fffff,Quillacollo,1432,186,11.7789,115.2,1,-17.328,-66.2441,59.8644,prueba,0.7378,16.3025,3.0724,0,-48.794
888b2c8f53fffff,Quillacollo,826,47,12.6744,873.3,0,-17.3213,-66.2494,35.0763,prueba,0.4323,2.0133,1.3305,0,-38.5746
888b2c8f55fffff,Tiquipaya,653,164,11.184,363.6,1,-17.3265,-66.2356,27.2985,prueba,0.3364,26.164,5.8307,0,-30.7097
888b2c8f57fffff,Quillacollo,852,92,12.0912,1051.6,0,-17.3199,-66.2408,36.1804,prueba,0.4459,9.28,2.5013,0,-38.0992
888b2c8f59fffff,Quillacollo,284,14,11.5384,512.9,0,-17.336,-66.2475,50.6831,prueba,0.6246,-5.1527,0.2902,36.6831,-22.7115
888b2c8f5bfffff,Quillacollo,684,69,12.414,373.3,1,-17.3294,-66.2527,29.3087,prueba,0.3612,7.3316,2.3096,0,-34.2712
888b2c8f5dfffff,Quillacollo,1045,266,10.8882,246.1,1,-17.3346,-66.2389,178.768,prueba,2.2031,6.5243,1.4853,0,-38.7693
888b2c8f61fffff,Tiquipaya,1125,268,8.7893,91.6,1,-17.3289,-66.2046,770.332,prueba,9.4935,-18.0989,0.3487,502.332,-40.6217
888b2c8f63fffff,Tiquipaya,1056,126,9.7117,87.6,1,-17.3223,-66.2099,723.085,prueba,8.9112,-22.2045,0.1754,597.085,-42.1495
888b2c8f65fffff,Tiquipaya,2115,232,8.437,471.4,1,-17.3275,-66.1961,243.077,prueba,2.9957,-0.7105,0.9546,11.0767,-59.9708
888b2c8f67fffff,Tiquipaya,294,9,9.3523,811.3,0,-17.3209,-66.2013,33.7894,prueba,0.4164,-4.2646,0.2874,24.7894,-23.3395
888b2c8f69fffff,Tiquipaya,991,427,8.2996,198.5,1,-17.337,-66.208,752.641,prueba,9.2755,-11.8699,0.5679,325.641,-33.7415
888b2c8f6bfffff,Tiquipaya,908,113,9.2208,218.6,1,-17.3303,-66.2132,644.45,prueba,7.9422,-20.9347,0.1766,531.45,-38.9726
888b2c8f6dfffff,Tiquipaya,2820,1045,7.8672,37.2,1,-17.3355,-66.1994,1744.05,prueba,21.4935,-16.7389,0.5994,699.048,-59.2336
888b2c9023fffff,Villa Santivañez,20,0,22.7789,1837.7,0,-17.5708,-66.2647,0.5817,entrenamiento,0.0072,-0.7627,0.6322,0.5817,-4.3928
888b2c9027fffff,Villa Santivañez,68,6,22.1975,1048.5,0,-17.5694,-66.2561,1.4624,entrenamiento,0.018,3.7523,2.8428,0,-7.3593
888b2c902bfffff,Villa Santivañez,14,1,23.7286,2675.7,0,-17.5789,-66.268,0.3965,entrenamiento,0.0049,0.9584,1.4321,0,-3.4032
888b2c90a3fffff,Sipesipe,33,1,21.1383,3322.6,0,-17.5246,-66.3014,0,prueba,0,999.999,2,0,-7.8207
888b2c90a7fffff,Sipesipe,12,0,20.3767,4216.5,0,-17.5232,-66.2929,0,prueba,0,-0.001,1,0,-4.792
888b2c9101fffff,Villa Santivañez,46,1,21.6011,3065.4,0,-17.5784,-66.2199,5.2216,entrenamiento,0.0644,-1.8475,0.3215,4.2216,-9.8129
888b2c9105fffff,Villa Santivañez,20,0,21.1855,3079,0,-17.5769,-66.2113,1.6216,entrenamiento,0.02,-1.2734,0.3814,1.6216,-6.5369
888b2c9113fffff,Villa Santivañez,245,11,20.6835,17.6,1,-17.56,-66.2442,12.8947,entrenamiento,0.1589,-0.5276,0.8636,1.8947,-22.3984
888b2c9117fffff,Villa Santivañez,14,3,20.1491,335.7,1,-17.5585,-66.2356,0.8305,entrenamiento,0.0102,2.3806,2.1852,0,-4.9207
888b2c9119fffff,Villa Santivañez,12,0,22.0665,1521.4,0,-17.5746,-66.2423,0.8235,entrenamiento,0.0101,-0.9075,0.5484,0.8235,-5.0635
888b2c911bfffff,Villa Santivañez,42,0,21.6398,640.7,0,-17.568,-66.2475,2.8824,entrenamiento,0.0355,-1.6977,0.2576,2.8824,-9.4729
888b2c911dfffff,Villa Santivañez,44,0,21.563,1840.9,0,-17.5732,-66.2337,2.4789,entrenamiento,0.0305,-1.5744,0.2874,2.4789,-9.6958
888b2c9121fffff,Villa Santivañez,24,0,19.8526,2438.8,0,-17.5675,-66.1994,0.6194,entrenamiento,0.0076,-0.787,0.6175,0.6194,-7.1608
888b2c9123fffff,Villa Santivañez,66,1,19.2766,1567.5,0,-17.5609,-66.2047,4.046,entrenamiento,0.0499,-1.5143,0.3964,3.046,-11.7907
888b2c9129fffff,Villa Santivañez,20,0,20.8025,3168.9,0,-17.5755,-66.2027,0.5161,entrenamiento,0.0064,-0.7184,0.6596,0.5161,-6.5369
888b2c912bfffff,Villa Santivañez,73,3,20.2308,2298.2,0,-17.5689,-66.208,5.9189,entrenamiento,0.0729,-1.1998,0.5781,2.9189,-12.2486
888b2c912dfffff,Villa Santivañez,23,0,20.454,3321.4,0,-17.5741,-66.1942,0,entrenamiento,0,-0.001,1,0,-7.0101
888b2c9133fffff,Villa Santivañez,80,3,18.6838,188.9,1,-17.5491,-66.2237,5.1613,entrenamiento,0.0636,-0.9513,0.6492,2.1613,-12.8444
888b2c9135fffff,Villa Santivañez,27,0,18.7281,695.9,0,-17.5543,-66.2099,3.785,entrenamiento,0.0466,-1.9455,0.209,3.785,-7.5952
888b2c9137fffff,Villa Santivañez,104,1,18.2097,175,1,-17.5477,-66.2152,13.3333,entrenamiento,0.1643,-3.3776,0.1395,12.3333,-14.8394
888b2c913dfffff,Villa Santivañez,13,0,19.6855,1446.6,0,-17.5623,-66.2132,1.8224,entrenamiento,0.0225,-1.35,0.3543,1.8224,-5.2702
888b2c9181fffff,Villa Santivañez,19,1,18.6797,2204.5,0,-17.5321,-66.2566,0,entrenamiento,0,999.999,2,0,-6.2145
888b2c9185fffff,Villa Santivañez,42,0,18.047,2197.1,0,-17.5307,-66.2481,0.5455,entrenamiento,0.0067,-0.7385,0.6471,0.5455,-9.4729
888b2c9189fffff,Villa Santivañez,46,0,19.6164,1655.7,0,-17.5401,-66.26,2.8163,entrenamiento,0.0347,-1.6782,0.262,2.8163,-9.9137
888b2c918bfffff,Villa Santivañez,107,0,19.3357,2569.3,0,-17.5335,-66.2652,0,entrenamiento,0,-0.001,1,0,-15.1199
888b2c918dfffff,Villa Santivañez,122,0,18.9907,1336.4,0,-17.5387,-66.2514,6.1884,entrenamiento,0.0763,-2.4877,0.1391,6.1884,-16.145
888b2c9199fffff,Villa Santivañez,25,0,19.8004,4048.7,0,-17.5283,-66.279,0,entrenamiento,0,-0.001,1,0,-7.3085
888b2c91a9fffff,Villa Santivañez,41,0,17.4403,2550,0,-17.5293,-66.2395,0.3981,entrenamiento,0.0049,-0.6309,0.7153,0.3981,-9.3595
888b2c91c1fffff,Villa Santivañez,26,5,20.8824,854.3,0,-17.5548,-66.258,1.7843,entrenamiento,0.022,2.4073,2.1549,0,-6.7824
888b2c91c3fffff,Villa Santivañez,57,0,20.5553,1563.1,0,-17.5482,-66.2633,3.9118,entrenamiento,0.0482,-1.9778,0.2036,3.9118,-11.0356
888b2c91c5fffff,Villa Santivañez,316,79,20.2922,23.8,1,-17.5534,-66.2495,16.6316,entrenamiento,0.205,15.2932,4.5373,0,-22.9434
888b2c91c7fffff,Villa Santivañez,148,2,19.9359,759.1,0,-17.5468,-66.2547,7.7895,entrenamiento,0.096,-2.0744,0.3413,5.7895,-17.6699
888b2c91c9fffff,Villa Santivañez,67,1,21.8302,1184.3,0,-17.5628,-66.2613,4.598,entrenamiento,0.0567,-1.678,0.3573,3.598,-11.881
888b2c91cbfffff,Villa Santivañez,49,0,21.4961,1756.4,0,-17.5562,-66.2666,3.3627,entrenamiento,0.0414,-1.8338,0.2292,3.3627,-10.2319
888b2c91cdfffff,Villa Santivañez,263,7,21.2445,266.2,1,-17.5614,-66.2528,18.049,entrenamiento,0.2224,-2.6007,0.42,11.049,-23.4095
888b2c91d1fffff,Villa Santivañez,43,0,20.9341,3127.1,0,-17.543,-66.2771,2.5049,entrenamiento,0.0309,-1.5827,0.2853,2.5049,-9.585
888b2c91d3fffff,Villa Santivañez,10,0,20.7089,3900.1,0,-17.5364,-66.2824,0,entrenamiento,0,-0.001,1,0,-4.6223
888b2c91d5fffff,Villa Santivañez,38,51,20.2649,2325,0,-17.5416,-66.2685,2.2136,entrenamiento,0.0273,32.7907,16.1813,0,-3.3505
888b2c91ddfffff,Villa Santivañez,84,0,21.1969,2405,0,-17.5496,-66.2719,5.7647,entrenamiento,0.071,-2.401,0.1478,5.7647,-13.3967
888b2c91e3fffff,Villa Santivañez,38,0,18.39,1593.4,0,-17.5373,-66.2428,2.2542,entrenamiento,0.0278,-1.5014,0.3073,2.2542,-9.0105
888b2c91e5fffff,Villa Santivañez,15,0,18.2322,1018.3,0,-17.5425,-66.229,2.2059,entrenamiento,0.0272,-1.4852,0.3119,2.2059,-5.6611
888b2c91e7fffff,Villa Santivañez,15,7,17.8168,1880.8,0,-17.5359,-66.2342,1.4516,entrenamiento,0.0179,4.6051,3.2632,0,-4.4246
888b2c91e9fffff,Villa Santivañez,148,4,19.7275,576.9,0,-17.5519,-66.2409,8.7797,entrenamiento,0.1082,-1.6131,0.5113,4.7797,-17.5574
888b2c91ebfffff,Villa Santivañez,107,2,19.3406,637.5,0,-17.5453,-66.2461,6.3475,entrenamiento,0.0782,-1.7256,0.4083,4.3475,-14.9877
888b2c91edfffff,Villa Santivañez,77,3,19.1906,273.8,1,-17.5505,-66.2323,4.9677,entrenamiento,0.0612,-0.8829,0.6703,1.9677,-12.5925
888b2c9521fffff,Sipesipe,47,0,21.2465,484.8,1,-17.4849,-66.333,0.9954,entrenamiento,0.0123,-0.9977,0.5012,0.9954,-10.3029
888b2c9523fffff,Sipesipe,393,10,21.4042,156.7,1,-17.4783,-66.3382,8.3232,entrenamiento,0.1026,0.5812,1.1799,0,-29.4568
888b2c9527fffff,Sipesipe,122,33,20.5194,457,1,-17.4768,-66.3296,2.5417,entrenamiento,0.0313,19.105,9.6,0,-14.6113
888b2c9529fffff,Sipesipe,198,2,21.9915,78.9,1,-17.4929,-66.3363,4.1934,entrenamiento,0.0517,-1.0711,0.5777,2.1934,-21.0521
888b2c952bfffff,Sipesipe,92,0,22.1231,359.8,1,-17.4863,-66.3415,1.9813,entrenamiento,0.0244,-1.4076,0.3354,1.9813,-14.4146
888b2c9531fffff,Sipesipe,143,0,22.4979,1293.7,0,-17.4731,-66.352,1.6025,entrenamiento,0.0197,-1.2659,0.3842,1.6025,-17.9712
888b2c9533fffff,Sipesipe,345,0,22.7393,1332.7,0,-17.4664,-66.3573,3.8662,entrenamiento,0.0476,-1.9663,0.2055,3.8662,-27.9138
888b2c9535fffff,Sipesipe,566,36,21.6003,389.4,1,-17.4716,-66.3435,12.1891,entrenamiento,0.1502,6.8201,2.8053,0,-34.7466
888b2c9537fffff,Sipesipe,360,6,21.8336,533.6,0,-17.465,-66.3487,3.0667,entrenamiento,0.0378,1.675,1.7213,0,-28.3038
888b2c9539fffff,Sipesipe,37,0,23.183,1687.7,0,-17.4811,-66.3554,0.6031,entrenamiento,0.0074,-0.7766,0.6238,0.6031,-9.1414
888b2c953dfffff,Sipesipe,132,8,22.2922,764.2,0,-17.4797,-66.3468,1.7368,entrenamiento,0.0214,4.7524,3.2885,0,-16.8029
888b2c9561fffff,Sipesipe,29,0,22.6827,12.4,1,-17.5076,-66.3343,0.4213,entrenamiento,0.0052,-0.6491,0.7036,0.4213,-8.093
888b2c9563fffff,Sipesipe,18,0,22.7527,617.7,0,-17.501,-66.3396,0.3204,entrenamiento,0.0039,-0.5661,0.7573,0.3204,-6.376
888b2c9565fffff,Sipesipe,33,0,21.8433,795.7,0,-17.5062,-66.3258,0.5593,entrenamiento,0.0069,-0.7479,0.6413,0.5593,-8.6331
888b2c9567fffff,Sipesipe,232,3,21.8981,280.6,1,-17.4995,-66.331,4.2998,entrenamiento,0.053,-0.6268,0.7548,1.2998,-22.7594
888b2c9585fffff,Sipesipe,106,0,24.5867,745,0,-17.448,-66.3816,20.7943,entrenamiento,0.2563,-4.5601,0.0459,20.7943,-15.555
888b2c9587fffff,Sipesipe,217,2,24.9606,1096.9,0,-17.4414,-66.3869,15.2267,entrenamiento,0.1877,-3.3896,0.1849,13.2267,-22.1662
888b2c95a1fffff,Sipesipe,172,2,23.115,642.3,0,-17.4385,-66.3697,23.0777,entrenamiento,0.2844,-4.3876,0.1246,21.0777,-19.7135
888b2c95a3fffff,Sipesipe,133,0,23.5153,391.9,1,-17.4319,-66.375,3.2963,entrenamiento,0.0406,-1.8156,0.2328,3.2963,-17.4238
888b2c95a5fffff,Sipesipe,565,1,22.1925,61.5,1,-17.4371,-66.3611,11.3,entrenamiento,0.1393,-3.0641,0.1626,10.3,-35.8843
888b2c95a7fffff,Sipesipe,353,2,22.5917,75.7,1,-17.4305,-66.3664,20.0315,entrenamiento,0.2469,-4.0288,0.1426,18.0315,-28.3156
888b2c95a9fffff,Sipesipe,419,0,23.6658,28,1,-17.4466,-66.373,35.6038,entrenamiento,0.4388,-5.9669,0.0273,35.6038,-30.9261
888b2c95abfffff,Sipesipe,293,5,24.0378,185.6,1,-17.44,-66.3783,28.5147,entrenamiento,0.3514,-4.4036,0.2033,23.5147,-25.668
888b2c95adfffff,Sipesipe,596,1,22.7452,24.6,1,-17.4452,-66.3645,56.8875,entrenamiento,0.7011,-7.4098,0.0345,55.8875,-36.8571
888b2c95b1fffff,Sipesipe,348,1,24.8681,1078.6,0,-17.4267,-66.3888,1.1662,entrenamiento,0.0144,-0.1539,0.9233,0.1662,-28.1488
888b2c95b3fffff,Sipesipe,173,0,25.3237,715.2,0,-17.4201,-66.3941,0.6041,entrenamiento,0.0074,-0.7772,0.6234,0.6041,-19.872
888b2c95b5fffff,Sipesipe,169,0,23.9446,165.4,1,-17.4253,-66.3802,1.837,entrenamiento,0.0226,-1.3553,0.3525,1.837,-19.6409
888b2c95b7fffff,Sipesipe,400,16,24.4013,130.8,1,-17.4187,-66.3855,1.4065,entrenamiento,0.0173,12.3054,7.0643,0,-29.6872
888b2c95b9fffff,Sipesipe,70,0,25.3628,1708.9,0,-17.4348,-66.3921,0.2346,entrenamiento,0.0029,-0.4843,0.81,0.2346,-12.6406
888b2c95bdfffff,Sipesipe,11,0,24.439,950.8,0,-17.4333,-66.3836,0.1816,entrenamiento,0.0022,-0.4261,0.8463,0.1816,-5.0109
888b2c95e1fffff,Sipesipe,206,0,23.9283,1468.9,0,-17.4612,-66.3711,32.8381,entrenamiento,0.4047,-5.7304,0.0296,32.8381,-21.6846
888b2c95e3fffff,Sipesipe,48,0,24.2421,794.4,0,-17.4546,-66.3764,5.726,entrenamiento,0.0706,-2.3929,0.1487,5.726,-10.4674
888b2c95e5fffff,Sipesipe,778,17,23.0153,851.3,0,-17.4598,-66.3625,124.019,entrenamiento,1.5284,-9.6099,0.144,107.019,-41.7378
888b2c95e7fffff,Sipesipe,474,0,23.3245,541.9,0,-17.4532,-66.3678,56.5445,entrenamiento,0.6969,-7.5196,0.0174,56.5445,-32.8932
888b2c95edfffff,Sipesipe,59,0,23.6465,1798.6,0,-17.4679,-66.3659,7.7787,entrenamiento,0.0959,-2.789,0.1139,7.7787,-11.605
888b2c9803fffff,Cochabamba,58,0,12.5538,2478.9,0,-17.5056,-66.142,3.6832,entrenamiento,0.0454,-1.9192,0.2135,3.6832,-7.4808
888b2c9811fffff,Cochabamba,253,1,11.8767,906.7,0,-17.5004,-66.1558,15.5538,entrenamiento,0.1917,-3.6903,0.1208,14.5538,-15.56
888b2c9813fffff,Cochabamba,1294,22,11.1496,587.4,0,-17.4938,-66.161,86.2667,entrenamiento,1.0631,-6.9193,0.2636,64.2667,-34.7118
888b2c9817fffff,Cochabamba,273,4,10.9937,776.5,0,-17.4924,-66.1525,24.993,entrenamiento,0.308,-4.1992,0.1924,20.993,-15.9833
888b2c9819fffff,Cochabamba,85,0,12.7708,1133.9,0,-17.5084,-66.1591,3.6039,entrenamiento,0.0444,-1.8984,0.2172,3.6039,-9.0561
888b2c981bfffff,Cochabamba,610,14,12.0594,216.2,1,-17.5018,-66.1643,26.8602,entrenamiento,0.331,-2.4814,0.5384,12.8602,-23.6832
888b2c9821fffff,Cochabamba,89,1,12.7315,1640.4,0,-17.5013,-66.1163,5.4594,entrenamiento,0.0673,-1.9086,0.3096,4.4594,-9.1588
888b2c9823fffff,Cochabamba,366,23,11.8552,941.4,0,-17.4947,-66.1215,22.1818,entrenamiento,0.2734,0.1737,1.0353,0,-17.568
888b2c9827fffff,Cochabamba,691,40,12.0275,944.5,0,-17.4933,-66.113,43.245,entrenamiento,0.5329,-0.4935,0.9267,3.245,-24.2717
888b2c9833fffff,Cochabamba,442,3,10.0834,760.3,0,-17.4829,-66.1406,27.8885,entrenamiento,0.3437,-4.7129,0.1385,24.8885,-20.5058
888b2c9835fffff,Cochabamba,599,6,10.9861,879.2,0,-17.4881,-66.1268,33.1051,entrenamiento,0.408,-4.7109,0.2052,27.1051,-23.791
888b2c9837fffff,Cochabamba,1742,26,10.1263,567.1,0,-17.4815,-66.132,83.8632,entrenamiento,1.0335,-6.3185,0.3182,57.8632,-40.3631
888b2c983bfffff,Cochabamba,45,0,10.9136,1086.8,0,-17.4909,-66.1439,3.4852,entrenamiento,0.043,-1.8669,0.223,3.4852,-6.5893
888b2c9853fffff,Cochabamba,20,0,13.6738,1457.2,0,-17.5164,-66.1624,1.3596,entrenamiento,0.0168,-1.166,0.4238,1.3596,-4.3928
888b2c985bfffff,Villa Santivañez,45,0,14.584,1301.3,0,-17.5245,-66.1657,7.5503,entrenamiento,0.093,-2.7478,0.117,7.5503,-6.5893
888b2c9861fffff,Arbieto,93,1,15.0848,3289,0,-17.5239,-66.1177,21.2283,entrenamiento,0.2616,-4.3904,0.09,20.2283,-9.3671
888b2c9865fffff,Arbieto,224,8,15.211,2403.3,0,-17.5225,-66.1091,47.8228,entrenamiento,0.5894,-5.7586,0.1843,39.8228,-14.1571
888b2c9867fffff,Arbieto,72,5,14.336,2678.4,0,-17.5159,-66.1144,10.1421,entrenamiento,0.125,-1.6147,0.5385,5.1421,-7.735
888b2c9869fffff,Arbieto,201,2,15.8563,3852.9,0,-17.532,-66.121,41.6968,entrenamiento,0.5139,-6.1476,0.0703,39.6968,-13.7825
888b2c986bfffff,Arbieto,64,0,15.0141,4189.2,0,-17.5254,-66.1262,6.8085,entrenamiento,0.0839,-2.6093,0.1281,6.8085,-7.8582
888b2c986dfffff,Arbieto,199,2,15.9475,2939.6,0,-17.5305,-66.1124,51.2194,entrenamiento,0.6312,-6.8773,0.0574,49.2194,-13.7123
888b2c9881fffff,Cochabamba,1567,360,8.2312,402.5,1,-17.4659,-66.1735,461.839,entrenamiento,5.6917,-4.7388,0.78,101.839,-53.7876
888b2c9883fffff,Cochabamba,1092,74,7.663,273.5,1,-17.4593,-66.1787,105.46,entrenamiento,1.2997,-3.0634,0.7045,31.4596,-48.4441
888b2c9885fffff,Cochabamba,1781,294,7.9303,75,1,-17.4645,-66.1649,495.908,entrenamiento,6.1115,-9.0668,0.5937,201.908,-59.1491
888b2c9887fffff,Cochabamba,2211,691,7.2856,252.2,1,-17.4579,-66.1701,1329.76,entrenamiento,16.3879,-17.5167,0.52,638.763,-61.3148
888b2c9889fffff,Cochabamba,1560,207,9.1798,111,1,-17.474,-66.1768,38.6286,entrenamiento,0.4761,27.0903,5.2487,0,-56.2044
888b2c988bfffff,Cochabamba,1001,33,8.6207,892.3,0,-17.4674,-66.182,110.47,entrenamiento,1.3614,-7.3707,0.305,77.4697,-47.1104
888b2c988dfffff,Cochabamba,2165,464,8.8591,202.2,1,-17.4725,-66.1682,214.769,entrenamiento,2.6468,17.0066,2.1551,0,-63.6982
888b2c9891fffff,Cochabamba,657,19,7.7142,133.8,1,-17.4541,-66.1925,63.2072,entrenamiento,0.779,-5.5605,0.3115,44.2072,-38.2352
888b2c9893fffff,Cochabamba,2360,143,7.3929,205.5,1,-17.4475,-66.1978,266.353,entrenamiento,3.2825,-7.5582,0.5386,123.353,-71.4479
888b2c9895fffff,Cochabamba,663,9,7.1686,558.4,0,-17.4527,-66.1839,104.3,entrenamiento,1.2854,-9.3315,0.095,95.3005,-38.6709
888b2c9897fffff,Cochabamba,988,29,6.7643,587.5,0,-17.4461,-66.1892,161.989,entrenamiento,1.9963,-10.449,0.1841,132.989,-46.8787
888b2c9899fffff,Cochabamba,1086,19,8.6663,624.7,0,-17.4622,-66.1958,105.695,entrenamiento,1.3026,-8.4327,0.1874,86.6952,-49.4073
888b2c989bfffff,Cochabamba,2223,262,8.3265,99.7,1,-17.4556,-66.2011,239.2,entrenamiento,2.9479,1.4742,1.0949,0,-67.556
888b2c989dfffff,Cochabamba,1508,130,8.1279,285.7,1,-17.4607,-66.1873,140.76,entrenamiento,1.7347,-0.9069,0.9241,10.7603,-56.4545
888b2c98a1fffff,Cochabamba,1983,544,6.848,228.9,1,-17.4551,-66.153,1038.39,entrenamiento,12.797,-15.3423,0.5243,494.391,-59.1932
888b2c98a3fffff,Cochabamba,3400,896,6.1015,226.7,1,-17.4484,-66.1583,2944.79,entrenamiento,36.2914,-37.7547,0.3045,2048.79,-77.9255
888b2c98a5fffff,Cochabamba,1547,490,6.8083,215.6,1,-17.4536,-66.1445,1029.85,entrenamiento,12.6918,-16.8224,0.4763,539.854,-51.1783
888b2c98a7fffff,Cochabamba,2737,1904,5.9923,17.8,1,-17.447,-66.1497,2129.54,entrenamiento,26.2443,-4.8875,0.8941,225.544,-54.9528
888b2c98a9fffff,Cochabamba,3895,326,7.7282,123.9,1,-17.4631,-66.1563,1436.28,entrenamiento,17.7006,-29.2963,0.2275,1110.28,-90.8339
888b2c98abfffff,Cochabamba,3783,1033,7.0099,18.3,1,-17.4565,-66.1616,2518.94,entrenamiento,31.0433,-29.6069,0.4103,1485.94,-81.8093
888b2c98adfffff,Cochabamba,3439,457,7.6329,23.5,1,-17.4617,-66.1478,987.204,entrenamiento,12.1662,-16.8748,0.4635,530.204,-83.442
888b2c98b1fffff,Cochabamba,1593,258,5.7497,32.9,1,-17.4433,-66.1721,881.507,entrenamiento,10.8636,-21.0004,0.2935,623.507,-56.0226
888b2c98b3fffff,Cochabamba,956,44,5.2506,325.6,1,-17.4366,-66.1773,129.177,entrenamiento,1.592,-7.4943,0.3457,85.1768,-45.772
888b2c98b5fffff,Cochabamba,3998,2343,5.4093,29.1,1,-17.4418,-66.1635,3652.77,entrenamiento,45.0165,-21.6713,0.6415,1309.77,-71.0034
888b2c98b7fffff,Cochabamba,1534,212,4.7949,108.1,1,-17.4352,-66.1688,1133.25,entrenamiento,13.9661,-27.3663,0.1878,921.254,-55.5912
888b2c98b9fffff,Cochabamba,1138,130,6.7059,370,1,-17.4513,-66.1754,582.749,entrenamiento,7.1818,-18.755,0.2244,452.749,-48.4163
888b2c98bbfffff,Cochabamba,540,33,6.2095,304.1,1,-17.4447,-66.1806,110.803,entrenamiento,1.3655,-7.3913,0.3041,77.8035,-34.1687
888b2c98bdfffff,Cochabamba,1833,881,6.3442,128,1,-17.4499,-66.1668,1601.58,entrenamiento,19.7377,-18.0055,0.5504,720.576,-51.0643
888b2c98c1fffff,Cochabamba,2015,560,10.7329,135.5,1,-17.4886,-66.1748,46.3826,entrenamiento,0.5716,75.4158,11.8398,0,-59.5624
888b2c98c3fffff,Cochabamba,1255,98,10.1304,628.4,0,-17.482,-66.1801,28.8045,entrenamiento,0.355,12.8928,3.3216,0,-51.6919
888b2c98c5fffff,Cochabamba,1846,133,10.4531,522.3,0,-17.4872,-66.1663,35.1,entrenamiento,0.4326,16.5245,3.7119,0,-62.8644
888b2c98c7fffff,Cochabamba,1879,836,9.7938,112.9,1,-17.4806,-66.1715,39.8777,entrenamiento,0.4914,126.071,20.4757,0,-52.7258
888b2c98c9fffff,Cochabamba,1606,89,11.6754,121.3,1,-17.4966,-66.1781,48.483,entrenamiento,0.5975,5.8189,1.8188,0,-59.0767
888b2c98cbfffff,Cochabamba,1235,132,11.0826,235.5,1,-17.49,-66.1834,34.5286,entrenamiento,0.4255,16.5878,3.7435,0,-50.6086
888b2c98cdfffff,Cochabamba,1118,56,11.3782,239.8,1,-17.4952,-66.1696,23.6742,entrenamiento,0.2918,6.6437,2.3101,0,-49.4086
888b2c98d1fffff,Cochabamba,676,8,10.0468,896.4,0,-17.4768,-66.1939,70.6283,entrenamiento,0.8704,-7.4521,0.1256,62.6283,-39.0781
888b2c98d3fffff,Cochabamba,1697,23,9.62,492.7,1,-17.4702,-66.1991,143.985,entrenamiento,1.7745,-10.0826,0.1655,120.985,-61.8689
888b2c98d5fffff,Cochabamba,1235,261,9.5788,9,1,-17.4754,-66.1853,126.136,entrenamiento,1.5545,12.0081,2.0608,0,-48.1789
888b2c98d7fffff,Cochabamba,501,4,9.0873,816.6,0,-17.4688,-66.1906,43.423,entrenamiento,0.5351,-5.9826,0.1126,39.423,-33.6988
888b2c98d9fffff,Cochabamba,410,6,11.0064,1432.4,0,-17.4848,-66.1972,36.349,entrenamiento,0.448,-5.0338,0.1874,30.349,-30.396
888b2c98dbfffff,Cochabamba,721,1,10.5747,514.8,0,-17.4782,-66.2025,62.0812,entrenamiento,0.7651,-7.7522,0.0317,61.0812,-40.5435
888b2c98ddfffff,Cochabamba,852,28,10.5372,749,0,-17.4834,-66.1886,31.3235,entrenamiento,0.386,-0.5938,0.8972,3.3235,-43.465
888b2c98e1fffff,Cochabamba,1424,226,9.3597,236,1,-17.4777,-66.1544,107.927,entrenamiento,1.3301,11.3654,2.084,0,-53.0488
888b2c98e3fffff,Cochabamba,2113,488,8.6254,156.7,1,-17.4711,-66.1596,200.998,entrenamiento,2.4771,20.2437,2.4208,0,-62.4225
888b2c98e5fffff,Cochabamba,2151,196,9.2733,285.9,1,-17.4763,-66.1458,185.857,entrenamiento,2.2905,0.744,1.0543,0,-67.2737
888b2c98e7fffff,Cochabamba,3739,334,8.4859,63.9,1,-17.4697,-66.1511,385.454,entrenamiento,4.7503,-2.6208,0.8669,51.4543,-88.7683
888b2c98e9fffff,Cochabamba,1761,126,10.2488,142.3,1,-17.4857,-66.1577,26.5629,entrenamiento,0.3274,19.2935,4.6076,0,-61.4138
888b2c98ebfffff,Cochabamba,1899,233,9.5347,73.7,1,-17.4791,-66.163,133.043,entrenamiento,1.6396,8.666,1.7457,0,-62.2996
888b2c98edfffff,Cochabamba,877,44,10.1246,167.4,1,-17.4843,-66.1491,8.0776,entrenamiento,0.0995,12.6393,4.9572,0,-43.7588
888b2c9901fffff,Arbieto,68,1,14.7708,1324,0,-17.5022,-66.0768,4.0505,entrenamiento,0.0499,-1.5157,0.396,3.0505,-11.9705
888b2c9903fffff,Arbieto,93,0,13.8505,1052.5,0,-17.4956,-66.0821,7.5864,entrenamiento,0.0935,-2.7543,0.1165,7.5864,-14.0961
888b2c9909fffff,Arbieto,63,0,15.3194,954.5,0,-17.5102,-66.0801,3.6316,entrenamiento,0.0448,-1.9057,0.2159,3.6316,-11.6019
888b2c990bfffff,Arbieto,102,14,14.4022,405.4,1,-17.5036,-66.0854,8.6307,entrenamiento,0.1064,1.8277,1.5575,0,-13.8141
888b2c990dfffff,Arbieto,55,0,15.6912,1834.5,0,-17.5088,-66.0716,3.8372,entrenamiento,0.0473,-1.9589,0.2067,3.8372,-10.8403
888b2c9911fffff,Arbieto,320,93,12.5692,37.7,1,-17.4904,-66.0959,27.7532,entrenamiento,0.342,12.3852,3.2692,0,-22.591
888b2c9913fffff,Cochabamba,2259,188,11.6537,50,1,-17.4838,-66.1011,230.913,entrenamiento,2.8457,-2.824,0.815,42.9126,-66.767
888b2c9915fffff,Cochabamba,203,5,12.9302,736.6,0,-17.489,-66.0873,16.7083,entrenamiento,0.2059,-2.8644,0.3388,11.7083,-20.5859
888b2c9917fffff,Cochabamba,1026,27,12.0099,756.6,0,-17.4824,-66.0926,86.0565,entrenamiento,1.0606,-6.3661,0.3216,59.0565,-46.2434
888b2c9919fffff,Arbieto,76,0,13.1747,657.8,0,-17.4984,-66.0992,5.3008,entrenamiento,0.0653,-2.3023,0.1587,5.3008,-12.7428
888b2c991bfffff,Cochabamba,82,26,12.2668,818.2,0,-17.4918,-66.1044,7.2296,entrenamiento,0.0891,6.981,3.2808,0,-11.272
888b2c991dfffff,Arbieto,180,29,13.4854,163.5,1,-17.497,-66.0906,15.4749,entrenamiento,0.1907,3.4382,1.8209,0,-18.132
888b2c9933fffff,Cochabamba,161,0,11.9741,1782.3,0,-17.4729,-66.0807,7.3588,entrenamiento,0.0907,-2.7127,0.1196,7.3588,-18.5469
888b2c9939fffff,Cochabamba,12,0,13.3451,1626.2,0,-17.4876,-66.0788,0.6081,entrenamiento,0.0075,-0.7798,0.6218,0.6081,-5.0635
888b2c993bfffff,Cochabamba,140,7,12.4244,1569.4,0,-17.481,-66.084,7.1345,entrenamiento,0.0879,-0.0504,0.9835,0.1345,-16.8903
888b2c993dfffff,Sacaba,31,0,13.809,2519.1,0,-17.4861,-66.0702,0.569,entrenamiento,0.007,-0.7543,0.6374,0.569,-8.1384
888b2c9943fffff,Arbieto,58,13,15.9068,332.1,1,-17.5182,-66.0834,2.7163,entrenamiento,0.0335,6.2397,3.7672,0,-9.9642
888b2c9949fffff,Arbieto,150,14,17.4357,155.1,1,-17.5329,-66.0815,9.0278,entrenamiento,0.1113,1.6549,1.4958,0,-17.1201
888b2c994bfffff,Arbieto,229,114,16.5292,187.7,1,-17.5263,-66.0868,15.8866,entrenamiento,0.1958,24.6157,6.8101,0,-16.9657
888b2c994dfffff,Arbieto,25,1,17.7332,642.2,0,-17.5314,-66.073,1.5046,entrenamiento,0.0185,-0.4114,0.7985,0.5046,-7.1717
888b2c9955fffff,Arbieto,372,75,14.9949,79.4,1,-17.5116,-66.0887,25.2472,entrenamiento,0.3111,9.9017,2.8955,0,-25.532
888b2c9957fffff,Arbieto,13,2,14.0841,417.5,1,-17.505,-66.0939,0.8683,entrenamiento,0.0107,1.2144,1.6057,0,-4.8907
888b2c9959fffff,Arbieto,67,4,15.3914,1502.1,0,-17.5211,-66.1006,1.8231,entrenamiento,0.0225,1.6122,1.7711,0,-11.6302
888b2c995dfffff,Arbieto,178,4,15.6242,585.5,0,-17.5197,-66.092,4.8435,entrenamiento,0.0597,-0.3833,0.8556,0.8435,-19.2964
888b2c9981fffff,Cochabamba,3095,871,8.3297,39.9,1,-17.456,-66.1135,1061.4,entrenamiento,13.0806,-5.8442,0.8208,190.4,-73.1887
888b2c9983fffff,Cochabamba,2243,1193,7.4102,144.1,1,-17.4494,-66.1188,1260.8,entrenamiento,15.5381,-1.9096,0.9463,67.8042,-54.4129
888b2c9985fffff,Cochabamba,1619,183,8.7412,233.4,1,-17.4545,-66.105,840.649,entrenamiento,10.3601,-22.6823,0.2186,657.649,-57.4427
888b2c9987fffff,Cochabamba,2340,1541,7.8204,17,1,-17.4479,-66.1102,2497.77,entrenamiento,30.7823,-19.1439,0.6171,956.77,-51.4997
888b2c9989fffff,Cochabamba,2633,903,8.9135,96.5,1,-17.464,-66.1169,125.926,entrenamiento,1.5519,69.2476,7.1223,0,-65.4045
888b2c998bfffff,Cochabamba,2834,690,8.0036,253.2,1,-17.4574,-66.1221,409.852,entrenamiento,5.051,13.838,1.6819,0,-71.3791
888b2c998dfffff,Cochabamba,1548,251,9.2495,61.8,1,-17.4626,-66.1083,100.338,entrenamiento,1.2366,15.0409,2.4867,0,-54.8833
888b2c9991fffff,Cochabamba,3523,2385,6.1937,29.6,1,-17.4442,-66.1326,1890.28,entrenamiento,23.2957,11.3788,1.2616,0,-62.4627
888b2c9993fffff,Cochabamba,3875,554,5.2972,185.3,1,-17.4376,-66.1378,1547.87,entrenamiento,19.0758,-25.2616,0.3583,993.867,-87.6285
888b2c9995fffff,Cochabamba,3868,1903,6.4912,115.9,1,-17.4427,-66.124,3805.81,entrenamiento,46.9025,-30.8441,0.5002,1902.81,-73.1055
888b2c9997fffff,Cochabamba,4655,2222,5.5729,116.8,1,-17.4361,-66.1293,4882.28,entrenamiento,60.1689,-38.0729,0.4552,2660.28,-80.8637
888b2c9999fffff,Cochabamba,1612,577,6.8926,518.6,0,-17.4522,-66.1359,730.515,entrenamiento,9.0028,-5.6798,0.7901,153.515,-50.7754
888b2c999bfffff,Cochabamba,3108,3996,6.0237,7.3,1,-17.4456,-66.1411,1937.46,entrenamiento,23.8771,46.7674,2.0619,0,-36.0867
888b2c999dfffff,Cochabamba,2938,2484,7.0965,29.1,1,-17.4508,-66.1273,1369.64,entrenamiento,16.8794,30.1107,1.813,0,-50.9643
888b2c99a3fffff,Cochabamba,26,9,7.9775,679.9,0,-17.4385,-66.0984,1.3684,entrenamiento,0.0169,6.5239,4.2222,0,-6.4885
888b2c99a9fffff,Cochabamba,319,1,9.2265,838.5,0,-17.4531,-66.0964,0,entrenamiento,0,999.999,2,0,-26.8041
888b2c99abfffff,Cochabamba,1294,118,8.3129,93.1,1,-17.4465,-66.1017,1018.85,entrenamiento,12.5562,-28.2226,0.1167,900.846,-51.8774
888b2c99b1fffff,Cochabamba,1846,614,6.4918,297.9,1,-17.4333,-66.1122,2177.5,entrenamiento,26.8354,-33.5057,0.2823,1563.5,-55.0601
888b2c99b3fffff,Cochabamba,3686,1167,5.5866,8.5,1,-17.4267,-66.1174,4347.92,entrenamiento,53.5835,-48.2406,0.2686,3180.92,-78.4501
888b2c99b5fffff,Cochabamba,137,0,7.0875,848,0,-17.4319,-66.1036,113.939,entrenamiento,1.4042,-10.6742,0.0087,113.939,-17.5902
888b2c99b7fffff,Cochabamba,403,98,6.2066,493.9,1,-17.4253,-66.1089,476.997,entrenamiento,5.8785,-17.3531,0.2071,378.997,-26.9207
888b2c99b9fffff,Cochabamba,3296,3761,6.8998,105.5,1,-17.4413,-66.1155,3785.73,entrenamiento,46.6551,-0.402,0.9935,24.7328,-42.6874
888b2c99bbfffff,Cochabamba,4343,2193,5.9793,59,1,-17.4347,-66.1207,4988.3,entrenamiento,61.4754,-39.5778,0.4397,2795.3,-76.8958
888b2c99bdfffff,Cochabamba,1098,281,7.401,18.4,1,-17.4399,-66.1069,1265.27,entrenamiento,15.5931,-27.6709,0.2227,984.271,-44.1551
888b2c99c1fffff,Cochabamba,2230,239,10.4579,368.8,1,-17.4786,-66.1149,120.068,entrenamiento,1.4797,10.8539,1.9824,0,-67.6002
888b2c99c3fffff,Cochabamba,3316,129,9.5581,13.9,1,-17.472,-66.1202,202.176,entrenamiento,2.4916,-5.1464,0.6398,73.1757,-85.0494
888b2c99c5fffff,Cochabamba,3530,419,10.739,142.7,1,-17.4772,-66.1064,301.558,entrenamiento,3.7164,6.763,1.3882,0,-84.5962
888b2c99c7fffff,Cochabamba,1963,498,9.8255,137,1,-17.4706,-66.1116,118.861,entrenamiento,1.4648,34.776,4.1632,0,-59.1048
888b2c99c9fffff,Cochabamba,2159,90,11.1371,29.1,1,-17.4867,-66.1182,89.9583,entrenamiento,1.1086,0.0044,1.0005,0,-68.5402
888b2c99cbfffff,Cochabamba,2529,42,10.2521,43.1,1,-17.4801,-66.1235,64.5422,entrenamiento,0.7954,-2.8059,0.6561,22.5422,-75.0203
888b2c99cdfffff,Cochabamba,1514,119,11.361,274.8,1,-17.4852,-66.1097,126.832,entrenamiento,1.5631,-0.6955,0.9387,7.8325,-56.4403
888b2c99d1fffff,Cochabamba,4324,565,8.505,102.6,1,-17.4668,-66.134,498.618,entrenamiento,6.1449,2.9728,1.1329,0,-93.1044
888b2c99d3fffff,Cochabamba,2600,300,7.6482,365.8,1,-17.4602,-66.1392,567.062,entrenamiento,6.9884,-11.2149,0.5299,267.062,-72.7147
888b2c99d5fffff,Cochabamba,2542,344,8.6628,160.5,1,-17.4654,-66.1254,281.39,entrenamiento,3.4678,3.7324,1.2217,0,-71.23
888b2c99d7fffff,Cochabamba,2536,327,7.7735,167.5,1,-17.4588,-66.1307,705.596,entrenamiento,8.6957,-14.2527,0.4642,378.596,-71.3598
888b2c99d9fffff,Cochabamba,4310,223,9.2782,93.7,1,-17.4749,-66.1373,223.702,entrenamiento,2.7569,-0.047,0.9969,0.7024,-96.4014
888b2c99dbfffff,Cochabamba,4310,557,8.4453,83.4,1,-17.4683,-66.1425,455.994,entrenamiento,5.6196,4.7301,1.221,0,-93.0161
888b2c99ddfffff,Cochabamba,2633,191,9.374,234.2,1,-17.4734,-66.1287,123.272,entrenamiento,1.5192,6.1001,1.545,0,-74.6375
888b2c99e1fffff,Cochabamba,1034,48,10.5828,354.1,1,-17.4677,-66.0945,63.4461,entrenamiento,0.7819,-1.9392,0.7603,15.4461,-47.3315
888b2c99e3fffff,Cochabamba,1196,83,9.662,197.3,1,-17.4611,-66.0997,72.2678,entrenamiento,0.8906,1.2625,1.1465,0,-50.3757
888b2c99e5fffff,Cochabamba,546,4,11.0575,1246.7,0,-17.4663,-66.0859,13.1194,entrenamiento,0.1617,-2.5177,0.3541,9.1194,-35.0022
888b2c99e7fffff,Cochabamba,540,3,10.1415,1062.2,0,-17.4597,-66.0912,0,entrenamiento,0,3000,4,0,-34.8367
888b2c99e9fffff,Cochabamba,1716,153,11.0897,450.5,1,-17.4758,-66.0978,141.669,entrenamiento,1.7459,0.952,1.0794,0,-59.7965
888b2c99ebfffff,Cochabamba,1079,128,10.1695,214.8,1,-17.4692,-66.103,84.7566,entrenamiento,1.0445,4.6971,1.5043,0,-46.7722
888b2c99edfffff,Cochabamba,1335,31,11.5036,982.3,0,-17.4743,-66.0893,34.205,entrenamiento,0.4215,-0.548,0.909,3.205,-54.3453
888b2c9a01fffff,Villa Santivañez,22,2,19.4384,5447.4,0,-17.5684,-66.1599,0,entrenamiento,0,2000,3,0,-5.931
888b2c9a03fffff,Villa Santivañez,10,0,18.7218,4557,0,-17.5618,-66.1652,0.1594,entrenamiento,0.002,-0.3992,0.8625,0.1594,-4.2144
888b2c9a07fffff,Villa Santivañez,35,1,18.5432,4811.4,0,-17.5603,-66.1566,0,entrenamiento,0,999.999,2,0,-7.7576
888b2c9a11fffff,Villa Santivañez,27,0,18.2754,3107.5,0,-17.5566,-66.179,0.2389,entrenamiento,0.0029,-0.4888,0.8071,0.2389,-6.9249
888b2c9a13fffff,Villa Santivañez,45,0,17.6298,2369.3,0,-17.55,-66.1842,0.3214,entrenamiento,0.004,-0.5669,0.7568,0.3214,-8.9401
888b2c9a15fffff,Villa Santivañez,13,0,18.0238,3678.9,0,-17.5552,-66.1704,0.0823,entrenamiento,0.001,-0.2868,0.924,0.0823,-4.8051
888b2c9a17fffff,Villa Santivañez,105,1,17.3465,2825,0,-17.5486,-66.1757,0.5122,entrenamiento,0.0063,0.6816,1.3226,0,-13.583
888b2c9a21fffff,Villa Santivañez,156,20,18.3204,5672.4,0,-17.5575,-66.1395,1.2957,entrenamiento,0.016,16.4321,9.1476,0,-15.444
888b2c9a23fffff,Villa Santivañez,48,0,17.5402,4765.9,0,-17.5509,-66.1447,0.3097,entrenamiento,0.0038,-0.5565,0.7635,0.3097,-9.2333
888b2c9a25fffff,Villa Santivañez,49,35,18.2778,5622.6,0,-17.5561,-66.1309,0.4399,entrenamiento,0.0054,52.1099,25.0025,0,-5.5772
888b2c9a27fffff,Villa Santivañez,72,0,17.4735,5378,0,-17.5495,-66.1362,0.6463,entrenamiento,0.008,-0.8039,0.6074,0.6463,-11.3084
888b2c9a29fffff,Villa Santivañez,22,0,19.1779,6099.3,0,-17.5655,-66.1428,0.176,entrenamiento,0.0022,-0.4195,0.8503,0.176,-6.251
888b2c9a2bfffff,Villa Santivañez,51,3,18.4091,5179.8,0,-17.5589,-66.148,0.329,entrenamiento,0.0041,4.6564,3.0097,0,-9.2022
888b2c9a31fffff,Villa Santivañez,14,0,16.917,3340.8,0,-17.5457,-66.1585,0.0592,entrenamiento,0.0007,-0.2433,0.9441,0.0592,-4.9865
888b2c9a35fffff,Villa Santivañez,41,2,16.7742,3864.7,0,-17.5443,-66.15,0.2485,entrenamiento,0.0031,3.5137,2.4029,0,-8.2991
888b2c9a39fffff,Villa Santivañez,19,0,17.8164,3904.6,0,-17.5537,-66.1619,0.1067,entrenamiento,0.0013,-0.3267,0.9036,0.1067,-5.8091
888b2c9a3bfffff,Villa Santivañez,44,0,17.1083,2999.8,0,-17.5471,-66.1671,0.1517,entrenamiento,0.0019,-0.3895,0.8683,0.1517,-8.8402
888b2c9a3dfffff,Villa Santivañez,30,4,17.6548,4260.3,0,-17.5523,-66.1533,0.1818,entrenamiento,0.0022,8.9544,4.2308,0,-6.7516
888b2c9a5bfffff,Villa Santivañez,10,0,21.0784,4219.9,0,-17.5807,-66.1889,0,entrenamiento,0,-0.001,1,0,-4.2144
888b2c9a91fffff,Cochabamba,23,0,14.4006,2797.8,0,-17.5104,-66.2157,0,entrenamiento,0,-0.001,1,0,-6.3914
888b2c9a93fffff,Cochabamba,30,0,14.0029,3429.8,0,-17.5037,-66.221,0,entrenamiento,0,-0.001,1,0,-7.2995
888b2c9a97fffff,Cochabamba,32,2,13.4434,3040.1,0,-17.5023,-66.2124,0,entrenamiento,0,2000,3,0,-7.2736
888b2c9aa1fffff,Cochabamba,26,1,13.2433,111.5,1,-17.5113,-66.1762,1.1866,entrenamiento,0.0146,-0.1713,0.9147,0.1866,-6.6483
888b2c9aa3fffff,Cochabamba,312,0,12.6205,845.1,0,-17.5047,-66.1815,40.3269,entrenamiento,0.497,-6.3503,0.0242,40.3269,-23.5403
888b2c9aa5fffff,Cochabamba,39,0,12.9765,707.2,0,-17.5098,-66.1677,0.7636,entrenamiento,0.0094,-0.8739,0.567,0.7636,-8.3228
888b2c9aa7fffff,Cochabamba,410,13,12.3087,91.7,1,-17.5032,-66.1729,19.5531,entrenamiento,0.241,-1.482,0.6812,6.5531,-26.5035
888b2c9aa9fffff,Villa Santivañez,26,24,14.1813,127.2,1,-17.5193,-66.1795,1.1866,entrenamiento,0.0146,20.9433,11.4334,0,-3.2637
888b2c9aabfffff,Villa Santivañez,13,0,13.5676,873.5,0,-17.5127,-66.1848,1.6429,entrenamiento,0.0202,-1.2817,0.3784,1.6429,-4.8051
888b2c9aadfffff,Cochabamba,58,0,13.8993,702.5,0,-17.5179,-66.171,1.0684,entrenamiento,0.0132,-1.0336,0.4835,1.0684,-10.1496
888b2c9ab1fffff,Cochabamba,10,0,12.4547,1686.1,0,-17.4995,-66.1953,0.6215,entrenamiento,0.0077,-0.7884,0.6167,0.6215,-4.2144
888b2c9ab5fffff,Cochabamba,338,19,12.0361,762.7,0,-17.4981,-66.1867,38.5728,entrenamiento,0.4754,-3.1515,0.5054,19.5728,-23.7261
888b2c9ab7fffff,Cochabamba,468,11,11.4958,996.4,0,-17.4914,-66.192,31.1125,entrenamiento,0.3834,-3.6058,0.3737,20.1125,-28.4493
888b2c9abbfffff,Cochabamba,32,0,12.9256,2609.7,0,-17.5009,-66.2038,1.4141,entrenamiento,0.0174,-1.1892,0.4142,1.4141,-7.5389
888b2c9ac1fffff,Villa Santivañez,15,0,17.37,874,0,-17.5448,-66.198,0.1523,entrenamiento,0.0019,-0.3902,0.8678,0.1523,-5.1616
888b2c9ac3fffff,Villa Santivañez,40,11,16.8139,395.9,1,-17.5382,-66.2033,0.6557,entrenamiento,0.0081,12.7742,7.2475,0,-7.1237
888b2c9ac5fffff,Villa Santivañez,46,1,17.0097,1589.1,0,-17.5434,-66.1895,0.4163,entrenamiento,0.0051,0.9047,1.4121,0,-8.9282
888b2c9ac7fffff,Villa Santivañez,26,0,16.4178,673.4,0,-17.5368,-66.1947,0.264,entrenamiento,0.0033,-0.5138,0.7912,0.264,-6.7955
888b2c9acbfffff,Villa Santivañez,12,3,17.7709,35.5,1,-17.5462,-66.2066,0.2069,entrenamiento,0.0025,6.1406,3.3143,0,-3.9668
888b2c9ad9fffff,Villa Santivañez,40,1,17.7241,961.9,0,-17.5411,-66.2204,0.804,entrenamiento,0.0099,0.2186,1.1086,0,-8.3101
888b2c9adbfffff,Villa Santivañez,10,0,17.274,1687.5,0,-17.5344,-66.2257,0.3784,entrenamiento,0.0047,-0.6151,0.7255,0.3784,-4.2144
888b2c9aebfffff,Villa Santivañez,16,0,16.0649,1032.4,0,-17.5354,-66.1862,0.1119,entrenamiento,0.0014,-0.3345,0.8994,0.1119,-5.3308
888b2c9b01fffff,Arbieto,216,0,19.2965,3256.5,0,-17.5584,-66.1,42.091,prueba,0.5187,-6.4878,0.0232,42.091,-20.3305
888b2c9b03fffff,Arbieto,144,0,18.4277,3105.5,0,-17.5518,-66.1052,12.5078,prueba,0.1541,-3.5366,0.074,12.5078,-16.5998
888b2c9b05fffff,Arbieto,397,8,19.4514,2647.9,0,-17.5569,-66.0914,58.1838,prueba,0.7171,-6.579,0.1521,50.1838,-27.2721
888b2c9b07fffff,Arbieto,419,11,18.569,2348.7,0,-17.5503,-66.0967,94.2388,prueba,1.1614,-8.5745,0.126,83.2388,-27.9273
888b2c9b09fffff,Arbieto,12,0,20.0434,4184.2,0,-17.5664,-66.1033,2.0271,prueba,0.025,-1.4238,0.3303,2.0271,-4.792
888b2c9b0bfffff,Arbieto,85,0,19.1846,3979.8,0,-17.5598,-66.1086,7.1745,prueba,0.0884,-2.6785,0.1223,7.1745,-12.7536
888b2c9b0dfffff,Arbieto,114,0,20.1698,3603.3,0,-17.565,-66.0947,16.7354,prueba,0.2062,-4.0909,0.0564,16.7354,-14.7698
888b2c9b13fffff,Arbieto,27,0,16.6473,4325.5,0,-17.54,-66.1243,1.5929,prueba,0.0196,-1.2621,0.3857,1.5929,-7.1879
888b2c9b15fffff,Arbieto,51,0,17.5642,3139.8,0,-17.5452,-66.1105,2.7368,prueba,0.0337,-1.6543,0.2676,2.7368,-9.8789
888b2c9b17fffff,Arbieto,234,10,16.7067,3404.5,0,-17.5386,-66.1157,3.895,prueba,0.048,3.0934,2.2472,0,-20.6881
888b2c9b19fffff,Arbieto,49,18,18.2815,4755,0,-17.5546,-66.1224,9.7292,prueba,0.1199,2.6516,1.7709,0,-7.8243
888b2c9b1bfffff,Arbieto,109,0,17.4552,4928.5,0,-17.548,-66.1276,11.8118,prueba,0.1456,-3.4368,0.0781,11.8118,-14.4423
888b2c9b1dfffff,Arbieto,220,0,18.3316,3910.7,0,-17.5532,-66.1138,19.1728,prueba,0.2363,-4.3787,0.0496,19.1728,-20.5179
888b2c9b21fffff,Arbieto,71,0,18.9829,1261.2,0,-17.5475,-66.0796,6.2875,prueba,0.0775,-2.5075,0.1372,6.2875,-11.656
888b2c9b25fffff,Tolata,17,0,19.2527,841.5,0,-17.5461,-66.071,1.0778,prueba,0.0133,-1.0382,0.4813,1.0778,-5.7036
888b2c9b27fffff,Arbieto,230,14,18.3436,310.4,1,-17.5395,-66.0763,30.8455,prueba,0.3801,-3.0331,0.471,16.8455,-20.3117
888b2c9b29fffff,Arbieto,224,11,19.6482,2212.5,0,-17.5555,-66.0829,18.0421,prueba,0.2223,-1.6579,0.6302,7.0421,-20.1723
888b2c9b2bfffff,Arbieto,300,1,18.7545,1693.5,0,-17.5489,-66.0881,55.7632,prueba,0.6872,-7.3336,0.0352,54.7632,-23.918
888b2c9b2dfffff,Arbieto,102,0,19.8858,1795.3,0,-17.5541,-66.0743,8.0696,prueba,0.0994,-2.8407,0.1103,8.0696,-13.9708
888b2c9b33fffff,Arbieto,156,6,16.0911,2022.1,0,-17.5291,-66.1039,4.4571,prueba,0.0549,0.7308,1.2827,0,-16.9304
888b2c9b35fffff,Arbieto,51,1,17.1825,659.6,0,-17.5343,-66.0901,10.8204,prueba,0.1333,-2.9854,0.1692,9.8204,-9.7776
888b2c9b37fffff,Arbieto,131,14,16.2856,1104.8,0,-17.5277,-66.0953,33.7173,prueba,0.4155,-3.3956,0.4321,19.7173,-14.9485
888b2c9b39fffff,Arbieto,351,13,17.6905,2276.3,0,-17.5438,-66.1019,39,prueba,0.4806,-4.1633,0.35,26,-25.4148
888b2c9b3bfffff,Arbieto,51,6,16.8164,2485.1,0,-17.5372,-66.1072,1.1059,prueba,0.0136,4.654,3.324,0,-9.2715
888b2c9b3dfffff,Arbieto,130,0,17.8635,1469.1,0,-17.5423,-66.0934,19.1294,prueba,0.2357,-4.3737,0.0497,19.1294,-15.7722
888b2c9b53fffff,Arbieto,21,1,19.0925,5548.1,0,-17.5627,-66.1257,3.8629,prueba,0.0476,-1.4566,0.4113,2.8629,-6.1814
888b2c9b61fffff,Arbieto,12,0,21.2256,3702.8,0,-17.5701,-66.0809,0.8475,prueba,0.0104,-0.9206,0.5413,0.8475,-4.792
888b2c9b63fffff,Arbieto,165,0,20.337,3163.5,0,-17.5635,-66.0862,13.29,prueba,0.1638,-3.6455,0.07,13.29,-17.769
888b2c9b65fffff,Arbieto,351,0,21.4423,3252.8,0,-17.5687,-66.0724,12.35,prueba,0.1522,-3.5143,0.0749,12.35,-25.9164
888b2c9b67fffff,Arbieto,267,2,20.5443,2748.8,0,-17.5621,-66.0776,21.1234,prueba,0.2603,-4.1609,0.1356,19.1234,-22.5151
888b2cc251fffff,Sacaba,399,0,28.0791,5094.1,0,-17.4269,-65.8947,0,prueba,0,-0.001,1,0,-27.6317
888b2cc253fffff,Sacaba,165,0,27.44,4457.2,0,-17.4203,-65.8999,0,prueba,0,-0.001,1,0,-17.769
888b2cc259fffff,Sacaba,41,0,27.8649,4990.9,0,-17.4349,-65.898,0,prueba,0,-0.001,1,0,-8.8576
888b2cc25bfffff,Sacaba,104,0,27.2038,4240,0,-17.4283,-65.9032,0,prueba,0,-0.001,1,0,-14.1071
888b2cc25dfffff,Sacaba,52,0,28.7335,5802.9,0,-17.4335,-65.8894,0,prueba,0,-0.001,1,0,-9.9752
888b2cc64bfffff,Sacaba,15,1,15.3538,3059.5,0,-17.3577,-66.0173,0.2823,entrenamiento,0.0035,1.351,1.5597,0,-5.4845
888b2cd001fffff,Villa José Quintín Mendoza,404,2,34.3507,391.6,1,-17.5183,-65.8607,42.2189,entrenamiento,0.5203,-6.1898,0.0694,40.2189,-29.3117
888b2cd003fffff,Villa José Quintín Mendoza,217,2,33.5503,443.5,1,-17.5117,-65.866,0,entrenamiento,0,2000,3,0,-21.4393
888b2cd005fffff,Villa José Quintín Mendoza,488,16,35.1182,351.9,1,-17.5168,-65.8522,36.2044,entrenamiento,0.4462,-3.3579,0.4569,20.2044,-31.7945
888b2cd007fffff,Villa José Quintín Mendoza,460,21,34.3245,430.1,1,-17.5102,-65.8574,2.6062,entrenamiento,0.0321,11.3937,6.1005,0,-30.6801
888b2cd009fffff,Villa José Quintín Mendoza,189,0,34.4036,1157.6,0,-17.5263,-65.864,5.509,entrenamiento,0.0679,-2.3471,0.1536,5.509,-20.0951
888b2cd00bfffff,Villa José Quintín Mendoza,294,8,33.5907,347.8,1,-17.5197,-65.8693,4.5835,entrenamiento,0.0565,1.5958,1.6119,0,-24.7437
888b2cd00dfffff,Villa José Quintín Mendoza,354,3,35.1569,243.6,1,-17.5249,-65.8555,46.0861,entrenamiento,0.568,-6.3468,0.085,43.0861,-27.3926
888b2cd011fffff,Villa José Quintín Mendoza,78,0,31.9821,1321.5,0,-17.5065,-65.8797,0,entrenamiento,0,-0.001,1,0,-12.9094
888b2cd015fffff,Villa José Quintín Mendoza,35,0,32.756,1276.3,0,-17.5051,-65.8712,0.1136,entrenamiento,0.0014,-0.3371,0.898,0.1136,-8.6475
888b2cd017fffff,Villa José Quintín Mendoza,10,0,31.9684,2111.2,0,-17.4985,-65.8764,0,entrenamiento,0,-0.001,1,0,-4.6223
888b2cd019fffff,Villa José Quintín Mendoza,186,0,32.0245,531.4,0,-17.5146,-65.883,0.6436,entrenamiento,0.0079,-0.8022,0.6084,0.6436,-19.9349
888b2cd01bfffff,Villa José Quintín Mendoza,142,0,31.216,1364.4,0,-17.508,-65.8883,0,entrenamiento,0,-0.001,1,0,-17.4182
888b2cd01dfffff,Villa José Quintín Mendoza,292,8,32.7834,486.6,1,-17.5131,-65.8745,1.0355,entrenamiento,0.0128,6.8442,4.4216,0,-24.6573
888b2cd021fffff,Villa José Quintín Mendoza,144,0,35.8933,1869,0,-17.5074,-65.8404,0.6636,entrenamiento,0.0082,-0.8146,0.6011,0.6636,-17.5404
888b2cd023fffff,Villa José Quintín Mendoza,45,0,35.1193,1874.8,0,-17.5008,-65.8456,0.1934,entrenamiento,0.0024,-0.4398,0.8379,0.1934,-9.8054
888b2cd025fffff,Villa José Quintín Mendoza,89,0,36.6869,2770.2,0,-17.5059,-65.8318,0.3947,entrenamiento,0.0049,-0.6282,0.717,0.3947,-13.7897
888b2cd027fffff,Villa José Quintín Mendoza,29,0,35.9193,2633.1,0,-17.4994,-65.8371,0.1286,entrenamiento,0.0016,-0.3586,0.8861,0.1286,-7.8715
888b2cd029fffff,Villa José Quintín Mendoza,394,1,35.8928,1265.6,0,-17.5154,-65.8437,1.4784,entrenamiento,0.0182,-0.3935,0.807,0.4784,-28.9795
888b2cd02bfffff,Villa José Quintín Mendoza,243,0,35.1057,998,0,-17.5088,-65.8489,0.8733,entrenamiento,0.0108,-0.9345,0.5338,0.8733,-22.7857
888b2cd02dfffff,Villa José Quintín Mendoza,329,11,36.6739,2179.3,0,-17.514,-65.8351,1.5161,entrenamiento,0.0187,7.7022,4.7692,0,-26.098
888b2cd031fffff,Villa José Quintín Mendoza,30,0,33.5514,2059.5,0,-17.4956,-65.8594,0,entrenamiento,0,-0.001,1,0,-8.0061
888b2cd037fffff,Villa José Quintín Mendoza,13,0,33.593,2933.6,0,-17.4876,-65.8561,0.0434,entrenamiento,0.0005,-0.2083,0.9584,0.0434,-5.2702
888b2cd039fffff,Villa José Quintín Mendoza,359,3,33.5372,1232.6,0,-17.5037,-65.8627,1.0301,entrenamiento,0.0127,1.9408,1.9703,0,-27.587
888b2cd03dfffff,Villa José Quintín Mendoza,66,1,34.3251,1338.7,0,-17.5022,-65.8541,0.3739,entrenamiento,0.0046,1.0238,1.4557,0,-11.7907
888b2cd041fffff,Villa Punata,426,0,35.3122,1431.9,0,-17.5409,-65.8621,12.2663,entrenamiento,0.1512,-3.5023,0.0754,12.2663,-30.1692
888b2cd043fffff,Villa Punata,175,0,34.483,1751.3,0,-17.5343,-65.8673,3.9514,entrenamiento,0.0487,-1.9878,0.202,3.9514,-19.3365
888b2cd045fffff,Villa Punata,705,21,36.0444,517.6,0,-17.5395,-65.8535,62.31,entrenamiento,0.7679,-5.2333,0.3475,41.31,-38.2697
888b2cd047fffff,Villa Punata,572,5,35.2216,837.3,0,-17.5329,-65.8588,45.4926,entrenamiento,0.5606,-6.0035,0.1291,40.4926,-34.8158
888b2cd049fffff,Villa Punata,95,0,35.4284,2090.4,0,-17.5489,-65.8654,2.888,entrenamiento,0.0356,-1.6994,0.2572,2.888,-14.2469
888b2cd04bfffff,Villa Punata,145,0,34.5888,2346.3,0,-17.5423,-65.8706,2.5203,entrenamiento,0.0311,-1.5875,0.2841,2.5203,-17.6012
888b2cd04dfffff,Villa Punata,323,4,36.1456,1258.1,0,-17.5475,-65.8568,9.301,entrenamiento,0.1146,-1.7382,0.4854,5.301,-26.1177
888b2cd051fffff,Villa José Quintín Mendoza,26,0,32.922,1093.1,0,-17.5292,-65.8811,0.0487,entrenamiento,0.0006,-0.2208,0.9535,0.0487,-7.4532
888b2cd053fffff,Villa José Quintín Mendoza,450,6,32.0955,261.6,1,-17.5226,-65.8863,1.7408,entrenamiento,0.0215,3.2281,2.554,0,-30.8138
888b2cd055fffff,Villa José Quintín Mendoza,76,0,33.6584,1137.9,0,-17.5277,-65.8726,0.1425,entrenamiento,0.0018,-0.3774,0.8753,0.1425,-12.7428
888b2cd057fffff,Villa José Quintín Mendoza,410,11,32.8388,304,1,-17.5211,-65.8778,1.5861,entrenamiento,0.0195,7.475,4.6402,0,-29.2255
888b2cd05bfffff,Villa José Quintín Mendoza,245,3,32.1949,1103.4,0,-17.5306,-65.8896,0.4592,entrenamiento,0.0057,3.7493,2.7412,0,-22.7481
888b2cd05dfffff,Villa José Quintín Mendoza,32,0,33.7532,1927.4,0,-17.5357,-65.8759,0.06,entrenamiento,0.0007,-0.2449,0.9434,0.06,-8.2686
888b2cd061fffff,Villa Punata,446,10,36.723,990.5,0,-17.53,-65.8417,35.7505,entrenamiento,0.4406,-4.3067,0.2993,25.7505,-30.5453
888b2cd063fffff,Villa José Quintín Mendoza,177,0,35.9179,670.3,0,-17.5234,-65.847,13.3146,entrenamiento,0.1641,-3.6489,0.0699,13.3146,-19.4467
888b2cd065fffff,Villa Punata,428,0,37.4848,1892.9,0,-17.5286,-65.8332,1.1353,entrenamiento,0.014,-1.0655,0.4683,1.1353,-30.2399
888b2cd067fffff,Villa José Quintín Mendoza,134,1,36.686,1583.7,0,-17.522,-65.8384,0.5291,entrenamiento,0.0065,0.6473,1.3079,0,-16.8613
888b2cd069fffff,Villa Punata,585,15,36.7849,342.6,1,-17.538,-65.845,38.5447,entrenamiento,0.475,-3.7924,0.4046,23.5447,-34.9295
888b2cd06bfffff,Villa Punata,530,8,35.9684,76.7,1,-17.5314,-65.8502,31.695,entrenamiento,0.3906,-4.2088,0.2753,23.695,-33.4131
888b2cd06dfffff,Villa Punata,852,17,37.5333,963.6,0,-17.5366,-65.8365,83.0038,entrenamiento,1.0229,-7.2447,0.2143,66.0038,-42.2672
888b2cd087fffff,Sacaba,16,0,28.9751,6239.6,0,-17.4641,-65.8941,0.072,entrenamiento,0.0009,-0.2683,0.9329,0.072,-6.0113
888b2cd089fffff,Villa José Quintín Mendoza,12,0,28.8466,4584.8,0,-17.4802,-65.9007,0,entrenamiento,0,-0.001,1,0,-5.206
888b2cd097fffff,Sacaba,52,0,26.69,4776.8,0,-17.4524,-65.9131,0,entrenamiento,0,-0.001,1,0,-10.8371
888b2cd0a9fffff,Villa José Quintín Mendoza,26,0,30.5369,5360,0,-17.4693,-65.8803,0,entrenamiento,0,-0.001,1,0,-7.663
888b2cd0abfffff,Sacaba,57,0,29.8064,6195,0,-17.4627,-65.8856,0,entrenamiento,0,-0.001,1,0,-11.3461
888b2cd0b3fffff,Sacaba,238,0,27.6823,5064,0,-17.4429,-65.9013,0,entrenamiento,0,-0.001,1,0,-23.1845
888b2cd0b7fffff,Sacaba,47,0,28.5403,5790.2,0,-17.4415,-65.8927,0,entrenamiento,0,-0.001,1,0,-10.3029
888b2cd0bbfffff,Sacaba,10,0,27.5318,5305.3,0,-17.4509,-65.9046,0.0415,entrenamiento,0.0005,-0.2037,0.9602,0.0415,-4.7524
888b2cd0bdfffff,Sacaba,12,0,29.0866,6804.6,0,-17.4561,-65.8908,0,entrenamiento,0,-0.001,1,0,-5.206
888b2cd0c3fffff,Villa José Quintín Mendoza,14,0,28.83,3781.4,0,-17.4882,-65.904,0,entrenamiento,0,-0.001,1,0,-5.6231
888b2cd0cdfffff,Villa José Quintín Mendoza,163,0,30.4138,2158.1,0,-17.5014,-65.8935,0,entrenamiento,0,-0.001,1,0,-19.1869
888b2cd0e5fffff,Villa José Quintín Mendoza,47,0,32.027,3691.6,0,-17.4825,-65.8698,0,entrenamiento,0,-0.001,1,0,-10.3029
888b2cd141fffff,Villa Punata,211,0,40.5961,4395.3,0,-17.5308,-65.8024,3.9797,entrenamiento,0.049,-1.9949,0.2008,3.9797,-14.2683
888b2cd143fffff,Villa Punata,474,0,39.8097,4201.1,0,-17.5243,-65.8076,8.115,entrenamiento,0.1,-2.8487,0.1097,8.115,-21.3856
888b2cd149fffff,Villa Punata,277,6,40.6183,3841.3,0,-17.5389,-65.8057,5.2246,entrenamiento,0.0644,0.3392,1.1246,0,-15.9812
888b2cd14bfffff,Villa Punata,454,0,39.8208,3490,0,-17.5323,-65.8109,8.563,entrenamiento,0.1055,-2.9263,0.1046,8.563,-20.9295
888b2cd14dfffff,Villa Punata,18,0,41.3878,4761.4,0,-17.5374,-65.7971,0.3395,entrenamiento,0.0042,-0.5827,0.7465,0.3395,-4.1674
888b2cd151fffff,Villa José Quintín Mendoza,92,0,38.2419,3411.7,0,-17.5191,-65.8214,1.1265,entrenamiento,0.0139,-1.0614,0.4702,1.1265,-9.4216
888b2cd153fffff,Villa José Quintín Mendoza,167,2,37.4613,3092.7,0,-17.5125,-65.8266,1.4034,entrenamiento,0.0173,0.5036,1.2483,0,-12.5362
888b2cd155fffff,Villa José Quintín Mendoza,70,0,39.029,4202.7,0,-17.5177,-65.8128,0.8571,entrenamiento,0.0106,-0.9258,0.5385,0.8571,-8.2183
888b2cd157fffff,Villa José Quintín Mendoza,53,0,38.2544,4006.2,0,-17.5111,-65.8181,0.4454,entrenamiento,0.0055,-0.6674,0.6919,0.4454,-7.151
888b2cd159fffff,Villa Punata,200,1,38.2535,2572.7,0,-17.5271,-65.8247,3.5633,entrenamiento,0.0439,-1.3579,0.4383,2.5633,-13.8194
888b2cd15bfffff,Villa José Quintín Mendoza,139,0,37.4608,2497.8,0,-17.5205,-65.8299,1.8721,entrenamiento,0.0231,-1.3682,0.3482,1.8721,-11.5808
888b2cd15dfffff,Villa Punata,318,0,39.0286,3359.6,0,-17.5257,-65.8161,5.4442,entrenamiento,0.0671,-2.3333,0.1552,5.4442,-17.5164
888b2cd201fffff,Villa Punata,115,0,35.2699,5391.3,0,-17.5744,-65.8838,0.4551,entrenamiento,0.0056,-0.6746,0.6872,0.4551,-16.1161
888b2cd203fffff,Villa Punata,295,1,34.3975,5117.6,0,-17.5678,-65.889,0.8021,entrenamiento,0.0099,0.221,1.1098,0,-25.7732
888b2cd205fffff,Villa Punata,164,0,35.9285,4665.6,0,-17.573,-65.8753,0.3736,entrenamiento,0.0046,-0.6112,0.728,0.3736,-19.2456
888b2cd207fffff,Villa Punata,141,0,35.0616,4530.5,0,-17.5664,-65.8805,0.4415,entrenamiento,0.0054,-0.6644,0.6937,0.4415,-17.8451
888b2cd20bfffff,Villa Punata,17,0,34.623,5854.4,0,-17.5759,-65.8923,0.1119,entrenamiento,0.0014,-0.3345,0.8994,0.1119,-6.1963
888b2cd20dfffff,Villa Punata,159,0,36.1445,5585.4,0,-17.581,-65.8786,0.153,entrenamiento,0.0019,-0.3912,0.8673,0.153,-18.95
888b2cd211fffff,Cliza,195,0,32.8698,4155.4,0,-17.5627,-65.9028,0.5594,entrenamiento,0.0069,-0.7479,0.6413,0.5594,-20.9859
888b2cd213fffff,Villa José Quintín Mendoza,130,0,31.9966,3313.6,0,-17.5561,-65.9081,0.4676,entrenamiento,0.0058,-0.6838,0.6814,0.4676,-17.1349
888b2cd219fffff,Cliza,279,0,33.1058,4932.4,0,-17.5707,-65.9061,0.8902,entrenamiento,0.011,-0.9435,0.529,0.8902,-25.1022
888b2cd21bfffff,Villa José Quintín Mendoza,336,0,32.2248,4090.5,0,-17.5641,-65.9114,0.9639,entrenamiento,0.0119,-0.9818,0.5092,0.9639,-27.5473
888b2cd21dfffff,Villa Punata,137,0,33.7453,4998.2,0,-17.5693,-65.8976,0.4371,entrenamiento,0.0054,-0.6612,0.6958,0.4371,-17.5902
888b2cd221fffff,Villa Punata,251,0,36.4228,3079.2,0,-17.5635,-65.8634,1.4333,entrenamiento,0.0177,-1.1972,0.411,1.4333,-23.8093
888b2cd223fffff,Villa Punata,195,15,35.5701,2893.9,0,-17.5569,-65.8687,1.042,entrenamiento,0.0128,13.6739,7.8355,0,-20.2711
888b2cd225fffff,Villa Punata,226,0,37.1188,2471.9,0,-17.5621,-65.8549,1.0331,entrenamiento,0.0127,-1.0164,0.4918,1.0331,-22.5925
888b2cd227fffff,Villa Punata,259,4,36.2718,2149.6,0,-17.5555,-65.8601,2.4533,entrenamiento,0.0302,0.9875,1.4479,0,-24.0204
888b2cd229fffff,Villa Punata,272,0,36.5983,4020.8,0,-17.5715,-65.8667,1.4423,entrenamiento,0.0178,-1.201,0.4094,1.4423,-24.7853
888b2cd22bfffff,Villa Punata,136,0,35.7369,3763.5,0,-17.565,-65.872,0.5517,entrenamiento,0.0068,-0.7428,0.6444,0.5517,-17.5259
888b2cd22dfffff,Villa Punata,48,0,37.2786,3409,0,-17.5701,-65.8582,0.2081,entrenamiento,0.0026,-0.4562,0.8277,0.2081,-10.4119
888b2cd231fffff,Villa José Quintín Mendoza,542,0,34.023,3521.8,0,-17.5518,-65.8824,0,entrenamiento,0,-0.001,1,0,-34.9872
888b2cd233fffff,Villa José Quintín Mendoza,199,2,33.1709,2733.9,0,-17.5452,-65.8877,1.3326,entrenamiento,0.0164,0.5782,1.2861,0,-21.1057
888b2cd235fffff,Villa Punata,171,0,34.7207,2971,0,-17.5504,-65.8739,0.5719,entrenamiento,0.007,-0.7562,0.6362,0.5719,-19.6521
888b2cd237fffff,Villa José Quintín Mendoza,155,0,33.8748,2717.9,0,-17.5438,-65.8791,0.3811,entrenamiento,0.0047,-0.6174,0.724,0.3811,-18.7101
888b2cd239fffff,Villa Punata,180,0,34.1973,4364.4,0,-17.5598,-65.8857,0,entrenamiento,0,-0.001,1,0,-20.1626
888b2cd23dfffff,Villa Punata,205,9,34.8784,3713,0,-17.5584,-65.8772,0.9459,entrenamiento,0.0117,8.281,5.1389,0,-21.099
888b2cd251fffff,Cliza,372,4,34.2572,6552.9,0,-17.5853,-65.9042,3.6242,entrenamiento,0.0447,0.1974,1.0813,0,-28.8475
888b2cd253fffff,Cliza,845,9,33.3676,5711.1,0,-17.5787,-65.9094,5.5615,entrenamiento,0.0685,1.4581,1.524,0,-43.4796
888b2cd255fffff,Cliza,56,0,34.8735,6617.3,0,-17.5839,-65.8956,0.5456,entrenamiento,0.0067,-0.7386,0.647,0.5456,-11.2462
888b2cd257fffff,Cliza,296,0,33.9887,5776,0,-17.5773,-65.9009,1.9482,entrenamiento,0.024,-1.3958,0.3392,1.9482,-25.8557
888b2cd25bfffff,Cliza,280,0,33.6547,6488.2,0,-17.5868,-65.9127,1.3882,entrenamiento,0.0171,-1.1782,0.4187,1.3882,-25.1472
888b2cd261fffff,Villa Punata,113,0,37.6695,5300.5,0,-17.5861,-65.8648,0.0962,entrenamiento,0.0012,-0.3101,0.9123,0.0962,-15.9753
888b2cd263fffff,Villa Punata,21,1,36.7979,4967.6,0,-17.5796,-65.87,0.0222,entrenamiento,0.0003,6.5555,1.9565,0,-6.7416
888b2cd265fffff,Villa Punata,143,0,38.3289,4790.2,0,-17.5847,-65.8563,0.1217,entrenamiento,0.0015,-0.3489,0.8915,0.1217,-17.9712
888b2cd267fffff,Villa Punata,141,0,37.4623,4352.7,0,-17.5781,-65.8615,0.1494,entrenamiento,0.0018,-0.3865,0.87,0.1494,-17.8451
888b2cd281fffff,Villa José Quintín Mendoza,457,9,29.2219,19.2,1,-17.5283,-65.9205,8.5764,prueba,0.1057,0.1446,1.0442,0,-29.2676
888b2cd283fffff,Villa José Quintín Mendoza,62,0,28.3715,836.2,0,-17.5217,-65.9257,1.9528,prueba,0.0241,-1.3974,0.3387,1.9528,-10.8923
888b2cd285fffff,Villa José Quintín Mendoza,351,3,29.9239,73.3,1,-17.5269,-65.9119,3.958,prueba,0.0488,-0.4815,0.8068,0.958,-25.8007
888b2cd287fffff,Villa José Quintín Mendoza,167,0,29.0809,770.1,0,-17.5203,-65.9172,1.177,prueba,0.0145,-1.0849,0.4594,1.177,-17.8764
888b2cd289fffff,Villa José Quintín Mendoza,194,0,29.3936,784.7,0,-17.5363,-65.9238,2.2785,prueba,0.0281,-1.5095,0.305,2.2785,-19.2674
888b2cd28bfffff,Villa José Quintín Mendoza,177,8,28.5322,58.5,1,-17.5297,-65.929,6.4849,prueba,0.0799,0.595,1.2024,0,-17.9691
888b2cd297fffff,Villa José Quintín Mendoza,33,0,26.6843,2522.4,0,-17.5085,-65.9362,0,prueba,0,-0.001,1,0,-7.9466
888b2cd299fffff,Villa José Quintín Mendoza,14,0,26.9908,881.9,0,-17.5246,-65.9428,0.5645,prueba,0.007,-0.7513,0.6392,0.5645,-5.1759
888b2cd29bfffff,Tolata,63,0,26.1295,1693.3,0,-17.518,-65.948,2.4767,prueba,0.0305,-1.5737,0.2876,2.4767,-10.9797
888b2cd29dfffff,Villa José Quintín Mendoza,36,0,27.6745,901.5,0,-17.5232,-65.9343,1.4516,prueba,0.0179,-1.2048,0.4079,1.4516,-8.2999
888b2cd2a1fffff,Villa José Quintín Mendoza,143,0,30.533,554.4,0,-17.5174,-65.9001,1.0852,prueba,0.0134,-1.0417,0.4796,1.0852,-16.5421
888b2cd2a3fffff,Villa José Quintín Mendoza,38,0,29.7097,1420.6,0,-17.5108,-65.9053,0.2676,prueba,0.0033,-0.5173,0.7889,0.2676,-8.5273
888b2cd2a5fffff,Villa José Quintín Mendoza,378,2,31.2742,527.3,0,-17.516,-65.8916,2.9152,prueba,0.0359,-0.536,0.7663,0.9152,-26.8204
888b2cd2a7fffff,Villa José Quintín Mendoza,261,5,30.4583,1323.9,0,-17.5094,-65.8968,1.5368,prueba,0.0189,2.7936,2.3652,0,-22.1244
888b2cd2a9fffff,Villa José Quintín Mendoza,272,3,30.6374,180.3,1,-17.5254,-65.9034,3.2861,prueba,0.0405,-0.1578,0.9332,0.2861,-22.6828
888b2cd2abfffff,Villa José Quintín Mendoza,61,0,29.8016,688.3,0,-17.5189,-65.9086,0.4629,prueba,0.0057,-0.6804,0.6836,0.4629,-10.8041
888b2cd2adfffff,Villa José Quintín Mendoza,781,33,31.3615,303.5,1,-17.524,-65.8949,10.706,prueba,0.1319,6.8136,2.9045,0,-37.8051
888b2cd2b1fffff,Villa José Quintín Mendoza,23,0,28.1455,2391.4,0,-17.5057,-65.9191,0,prueba,0,-0.001,1,0,-6.6342
888b2cd2b9fffff,Villa José Quintín Mendoza,24,0,28.2425,1614.3,0,-17.5137,-65.9224,0,prueba,0,-0.001,1,0,-6.7768
888b2cd2bdfffff,Villa José Quintín Mendoza,26,0,28.9708,1549.7,0,-17.5123,-65.9139,0,prueba,0,-0.001,1,0,-7.0536
888b2cd2c1fffff,Cliza,10,0,30.4693,2405.1,0,-17.5509,-65.9218,0.0484,prueba,0.0006,-0.2199,0.9539,0.0484,-4.3744
888b2cd2c3fffff,Villa José Quintín Mendoza,23,0,29.5952,1562.2,0,-17.5444,-65.9271,0.1933,prueba,0.0024,-0.4396,0.838,0.1933,-6.6342
888b2cd2c5fffff,Villa José Quintín Mendoza,105,0,31.126,2469.8,0,-17.5495,-65.9133,0,prueba,0,-0.001,1,0,-14.1748
888b2cd2c9fffff,Cliza,223,5,30.7088,3182.6,0,-17.559,-65.9251,0.6212,prueba,0.0077,5.5559,3.701,0,-20.4153
888b2cd2cbfffff,Cliza,50,0,29.8264,2342.6,0,-17.5524,-65.9304,0.5571,prueba,0.0069,-0.7464,0.6422,0.5571,-9.7815
888b2cd2cdfffff,Villa José Quintín Mendoza,470,1,31.3459,3247.7,0,-17.5575,-65.9166,0,prueba,0,999.999,2,0,-29.9563
888b2cd2d3fffff,Villa José Quintín Mendoza,154,4,27.1934,62.5,1,-17.5326,-65.9461,10.7196,prueba,0.1321,-2.0524,0.4266,6.7196,-16.9335
888b2cd2d5fffff,Villa José Quintín Mendoza,66,0,28.724,719.3,0,-17.5378,-65.9323,1.635,prueba,0.0201,-1.2787,0.3795,1.635,-11.2381
888b2cd2d7fffff,Villa José Quintín Mendoza,74,1,27.8557,96.2,1,-17.5312,-65.9376,4.1896,prueba,0.0516,-1.5583,0.3854,3.1896,-11.8157
888b2cd2d9fffff,Cliza,58,0,28.3121,1568.8,0,-17.5472,-65.9442,1.2794,prueba,0.0158,-1.1311,0.4387,1.2794,-10.535
888b2cd2ddfffff,Cliza,31,0,28.9462,1536.4,0,-17.5458,-65.9356,0.5812,prueba,0.0072,-0.7624,0.6324,0.5812,-7.702
888b2cd2e3fffff,Villa José Quintín Mendoza,177,0,30.7713,916.8,0,-17.5335,-65.9067,1.8543,prueba,0.0229,-1.3617,0.3504,1.8543,-18.4038
888b2cd2e5fffff,Villa José Quintín Mendoza,12,0,32.3224,1914.9,0,-17.5386,-65.8929,0.08,prueba,0.001,-0.2829,0.9259,0.08,-4.792
888b2cd2e7fffff,Villa José Quintín Mendoza,205,0,31.4778,1048.9,0,-17.532,-65.8982,2.4511,prueba,0.0302,-1.5656,0.2898,2.4511,-19.8061
888b2cd2ebfffff,Villa José Quintín Mendoza,17,0,30.9343,1692.8,0,-17.5415,-65.91,0.0589,prueba,0.0007,-0.2426,0.9444,0.0589,-5.7036
888b2cd301fffff,Villa Punata,241,0,40.0946,2923,0,-17.5644,-65.8241,4.5073,entrenamiento,0.0555,-2.123,0.1816,4.5073,-15.2489
888b2cd303fffff,Villa Punata,279,1,39.2612,2006.3,0,-17.5578,-65.8293,5.3686,entrenamiento,0.0662,-1.8854,0.314,4.3686,-16.3462
888b2cd305fffff,Arani,223,0,40.8198,3465.7,0,-17.5629,-65.8155,3.6232,entrenamiento,0.0447,-1.9035,0.2163,3.6232,-14.6684
888b2cd307fffff,Villa Punata,329,1,39.992,2591.6,0,-17.5563,-65.8208,5.4466,entrenamiento,0.0671,-1.9053,0.3102,4.4466,-17.7607
888b2cd309fffff,Villa Punata,177,2,40.2199,3492.1,0,-17.5724,-65.8274,0,entrenamiento,0,2000,3,0,-12.9152
888b2cd30bfffff,Villa Punata,436,1,39.3775,2602,0,-17.5658,-65.8326,6.9898,entrenamiento,0.0861,-2.2656,0.2503,5.9898,-20.4617
888b2cd30dfffff,Villa Punata,254,0,40.9316,3839.9,0,-17.5709,-65.8188,4.0742,entrenamiento,0.0502,-2.0185,0.1971,4.0742,-15.6548
888b2cd311fffff,Villa Punata,618,6,37.7031,984.7,0,-17.5526,-65.8431,12.779,entrenamiento,0.1575,-1.8963,0.508,6.779,-24.1732
888b2cd313fffff,Villa Punata,566,26,36.8717,599.9,0,-17.546,-65.8483,14.036,entrenamiento,0.173,3.1934,1.7957,0,-22.2564
888b2cd315fffff,Villa Punata,911,41,38.4316,1090.6,0,-17.5512,-65.8345,16.5294,entrenamiento,0.2037,6.0189,2.396,0,-28.2648
888b2cd317fffff,Villa Punata,1223,225,37.6061,191.8,1,-17.5446,-65.8398,23.7077,entrenamiento,0.2922,41.3412,9.147,0,-27.8015
888b2cd319fffff,Villa Punata,318,0,37.8242,1930.5,0,-17.5606,-65.8464,2.2981,entrenamiento,0.0283,-1.5159,0.3032,2.2981,-17.5164
888b2cd31bfffff,Villa Punata,321,3,36.983,1540.4,0,-17.5541,-65.8516,3.1782,entrenamiento,0.0392,-0.1,0.9573,0.1782,-17.4284
888b2cd31dfffff,Villa Punata,431,3,38.5385,1740.3,0,-17.5592,-65.8378,8.092,entrenamiento,0.0997,-1.79,0.4399,5.092,-20.2454
888b2cd321fffff,Arani,134,0,41.4756,4145.1,0,-17.5535,-65.8037,2.412,entrenamiento,0.0297,-1.5531,0.2931,2.412,-11.3706
888b2cd323fffff,Villa Punata,284,0,40.663,3466.6,0,-17.5469,-65.8089,5.5285,entrenamiento,0.0681,-2.3513,0.1532,5.5285,-16.5535
888b2cd327fffff,Villa Punata,125,1,41.4207,4360.5,0,-17.5454,-65.8004,2.3577,entrenamiento,0.0291,-0.8842,0.5957,1.3577,-10.8911
888b2cd329fffff,Arani,249,2,41.5526,4144,0,-17.5615,-65.807,3.9378,entrenamiento,0.0485,-0.9765,0.6076,1.9378,-15.3709
888b2cd32bfffff,Arani,290,0,40.7302,3332,0,-17.5549,-65.8122,4.6687,entrenamiento,0.0575,-2.1607,0.1764,4.6687,-16.7275
888b2cd331fffff,Villa Punata,390,1,39.0982,2001.9,0,-17.5417,-65.8227,6.8589,entrenamiento,0.0845,-2.2371,0.2545,5.8589,-19.3467
888b2cd333fffff,Villa Punata,415,1,38.289,1727.6,0,-17.5351,-65.8279,7.2986,entrenamiento,0.0899,-2.3314,0.241,6.2986,-19.9604
888b2cd335fffff,Villa Punata,477,10,39.8549,2921.4,0,-17.5403,-65.8142,9.2855,entrenamiento,0.1144,0.2345,1.0695,0,-20.987
888b2cd337fffff,Villa Punata,367,0,39.0516,2595.2,0,-17.5337,-65.8194,7.1442,entrenamiento,0.088,-2.6729,0.1228,7.1442,-18.8176
888b2cd339fffff,Villa Punata,605,10,39.1681,1761.9,0,-17.5498,-65.826,10.9952,entrenamiento,0.1355,-0.3001,0.917,0.9952,-23.7468
888b2cd33bfffff,Villa Punata,1000,31,38.3484,1083.9,0,-17.5432,-65.8312,18.174,entrenamiento,0.224,3.0086,1.6689,0,-30.0641
888b2cd33dfffff,Villa Punata,441,0,39.912,2591.1,0,-17.5483,-65.8175,7.7558,entrenamiento,0.0956,-2.7849,0.1142,7.7558,-20.6277
888b2cd341fffff,Villa Punata,39,0,41.2212,5067.8,0,-17.587,-65.8254,0,entrenamiento,0,-0.001,1,0,-6.1343
888b2cd343fffff,Villa Punata,128,0,40.3675,4203.6,0,-17.5804,-65.8307,0,entrenamiento,0,-0.001,1,0,-11.1131
888b2cd347fffff,Villa Punata,523,3,41.0655,4393.3,0,-17.579,-65.8221,0,entrenamiento,0,3000,4,0,-22.3302
888b2cd34bfffff,Villa Punata,67,0,40.5371,4996.9,0,-17.5884,-65.8339,0,entrenamiento,0,-0.001,1,0,-8.0402
888b2cd351fffff,Villa Punata,362,0,38.8222,3490,0,-17.5753,-65.8444,0,entrenamiento,0,-0.001,1,0,-18.689
888b2cd353fffff,Villa Punata,236,1,37.969,2882.5,0,-17.5687,-65.8497,0.7045,entrenamiento,0.0087,0.3521,1.1734,0,-15.0237
888b2cd355fffff,Villa Punata,261,0,39.5166,3367.5,0,-17.5738,-65.8359,0,entrenamiento,0,-0.001,1,0,-15.8691
888b2cd357fffff,Villa Punata,262,4,38.6688,2586.9,0,-17.5672,-65.8411,1.2604,entrenamiento,0.0155,2.4403,2.212,0,-15.6479
888b2cd359fffff,Villa Punata,238,0,38.9987,4415,0,-17.5833,-65.8477,0,entrenamiento,0,-0.001,1,0,-15.1537
888b2cd35bfffff,Villa Punata,108,0,38.1373,3836,0,-17.5767,-65.853,0,entrenamiento,0,-0.001,1,0,-10.2081
888b2cd35dfffff,Villa Punata,231,0,39.6784,4211.1,0,-17.5818,-65.8392,0,entrenamiento,0,-0.001,1,0,-14.9292
888b2cd363fffff,Arani,119,0,41.6514,4357.6,0,-17.5695,-65.8103,1.7421,entrenamiento,0.0215,-1.3199,0.3647,1.7421,-10.7153
888b2cd36bfffff,Villa Punata,144,0,41.772,4756.8,0,-17.5775,-65.8136,2.186,entrenamiento,0.0269,-1.4785,0.3139,2.186,-11.7873
888b2cd401fffff,Sacaba,228,3,17.9429,410.9,1,-17.436,-65.9938,3.1557,entrenamiento,0.0389,-0.0877,0.9625,0.1557,-14.6297
888b2cd403fffff,Sacaba,337,5,17.223,70.6,1,-17.4294,-65.9991,1.7341,entrenamiento,0.0214,2.48,2.1945,0,-17.7548
888b2cd405fffff,Sacaba,347,0,18.7799,175.4,1,-17.4346,-65.9853,4.8028,entrenamiento,0.0592,-2.1915,0.1723,4.8028,-18.2977
888b2cd407fffff,Sacaba,191,21,18.072,261.5,1,-17.428,-65.9905,0.9712,entrenamiento,0.012,20.3238,11.1608,0,-12.0283
888b2cd40bfffff,Sacaba,191,11,17.1144,525.4,0,-17.4374,-66.0024,3.0552,entrenamiento,0.0377,4.5453,2.9592,0,-12.765
888b2cd40dfffff,Sacaba,36,0,18.6804,721.4,0,-17.4426,-65.9886,1.3926,entrenamiento,0.0172,-1.1801,0.4179,1.3926,-5.8936
888b2cd411fffff,Sacaba,404,6,15.6688,437.6,1,-17.4242,-66.0129,6.3722,entrenamiento,0.0785,-0.1475,0.9495,0.3722,-19.4395
888b2cd413fffff,Sacaba,1104,65,14.9785,89.2,1,-17.4176,-66.0181,23.6227,entrenamiento,0.2911,8.5133,2.6805,0,-30.6458
888b2cd415fffff,Sacaba,745,14,16.523,302.2,1,-17.4228,-66.0043,11.7508,entrenamiento,0.1448,0.6561,1.1764,0,-26.2886
888b2cd417fffff,Sacaba,979,46,15.8456,20.5,1,-17.4162,-66.0096,20.948,entrenamiento,0.2582,5.4736,2.1414,0,-29.2376
888b2cd419fffff,Sacaba,42,0,15.5493,456,1,-17.4322,-66.0162,0.2161,entrenamiento,0.0027,-0.4649,0.8223,0.2161,-6.3658
888b2cd41bfffff,Sacaba,321,1,14.8224,311.3,1,-17.4256,-66.0214,5.0631,entrenamiento,0.0624,-1.8057,0.3299,4.0631,-17.542
888b2cd41dfffff,Sacaba,466,4,16.3817,161.5,1,-17.4308,-66.0076,2.3979,entrenamiento,0.0296,1.0346,1.4715,0,-21.0157
888b2cd421fffff,Sacaba,207,0,19.7888,592,0,-17.4251,-65.9735,1.0376,entrenamiento,0.0128,-1.0186,0.4908,1.0376,-14.1324
888b2cd423fffff,Sacaba,119,1,19.1221,496.1,1,-17.4185,-65.9787,0.7426,entrenamiento,0.0092,0.2987,1.1477,0,-10.622
888b2cd425fffff,Sacaba,166,1,20.655,601.1,0,-17.4237,-65.9649,3.883,entrenamiento,0.0479,-1.4631,0.4096,2.883,-12.5767
888b2cd427fffff,Sacaba,388,0,19.998,221.4,1,-17.4171,-65.9702,2.4212,entrenamiento,0.0298,-1.556,0.2923,2.4212,-19.3485
888b2cd429fffff,Sacaba,78,0,19.6242,707.9,0,-17.4331,-65.9768,1.0196,entrenamiento,0.0126,-1.0098,0.4951,1.0196,-8.6752
888b2cd42bfffff,Sacaba,793,4,18.9275,120.8,1,-17.4265,-65.982,4.0322,entrenamiento,0.0497,-0.016,0.9936,0.0322,-27.5164
888b2cd42dfffff,Sacaba,196,0,20.4751,1354.7,0,-17.4317,-65.9682,2.5621,entrenamiento,0.0316,-1.6007,0.2807,2.5621,-13.7518
888b2cd431fffff,Sacaba,1378,31,17.5957,153.2,1,-17.4133,-65.9925,29.4856,entrenamiento,0.3634,0.2789,1.0497,0,-35.6131
888b2cd433fffff,Sacaba,932,110,16.9655,68.2,1,-17.4067,-65.9977,37.6328,entrenamiento,0.4638,11.7966,2.8732,0,-26.3192
888b2cd435fffff,Sacaba,710,32,18.4773,76.3,1,-17.4119,-65.9839,15.0998,entrenamiento,0.1861,4.3492,2.0497,0,-24.9508
888b2cd437fffff,Sacaba,911,103,17.8566,277,1,-17.4053,-65.9892,36.8976,entrenamiento,0.4547,10.8822,2.7442,0,-26.1735
888b2cd439fffff,Sacaba,912,7,17.384,22.6,1,-17.4214,-65.9958,14.3849,entrenamiento,0.1773,-1.9471,0.52,7.3849,-29.428
888b2cd43bfffff,Sacaba,797,28,16.7183,190.4,1,-17.4148,-66.001,17.0537,entrenamiento,0.2102,2.6507,1.6063,0,-26.721
888b2cd43dfffff,Sacaba,710,4,18.2506,46.5,1,-17.4199,-65.9872,11.1007,entrenamiento,0.1368,-2.1312,0.4132,7.1007,-26.0206
888b2cd451fffff,Sacaba,233,2,16.2658,1725.8,0,-17.4469,-66.0142,9.2644,entrenamiento,0.1142,-2.3867,0.2923,7.2644,-14.8603
888b2cd453fffff,Sacaba,829,30,15.4883,1390,0,-17.4403,-66.0195,13.2606,entrenamiento,0.1634,4.5968,2.1738,0,-27.2211
888b2cd457fffff,Sacaba,46,0,16.2957,781,0,-17.4388,-66.0109,0.7358,entrenamiento,0.0091,-0.8578,0.5761,0.7358,-6.6621
888b2cd459fffff,Sacaba,31,0,16.2925,2235.4,0,-17.4549,-66.0175,0.9118,entrenamiento,0.0112,-0.9549,0.5231,0.9118,-5.4691
888b2cd45bfffff,Sacaba,63,6,15.4866,1590.6,0,-17.4483,-66.0228,1.4735,entrenamiento,0.0182,3.7289,2.83,0,-7.027
888b2cd45dfffff,Sacaba,10,1,17.0576,2222.2,0,-17.4535,-66.009,0.2925,entrenamiento,0.0036,1.3083,1.5474,0,-2.7843
888b2cd461fffff,Sacaba,72,0,20.2469,1430.5,0,-17.4478,-65.9748,2.8235,entrenamiento,0.0348,-1.6803,0.2615,2.8235,-8.3348
888b2cd463fffff,Sacaba,83,0,19.5055,517.9,0,-17.4412,-65.9801,3.296,entrenamiento,0.0406,-1.8155,0.2328,3.296,-8.9489
888b2cd467fffff,Sacaba,151,0,20.3387,1309.4,0,-17.4397,-65.9715,5.9964,entrenamiento,0.0739,-2.4488,0.1429,5.9964,-12.0703
888b2cd46dfffff,Sacaba,25,0,21.0024,2348.1,0,-17.4544,-65.9696,0.9804,entrenamiento,0.0121,-0.9901,0.505,0.9804,-4.9114
888b2cd481fffff,Sacaba,1378,14,13.4281,67.4,1,-17.3898,-66.0305,80.4426,prueba,0.9914,-7.408,0.1842,66.4426,-51.0781
888b2cd483fffff,Sacaba,1253,17,12.9175,324,1,-17.3832,-66.0358,79.625,prueba,0.9813,-7.0182,0.2233,62.625,-48.6191
888b2cd485fffff,Sacaba,296,0,14.3401,765.8,0,-17.3884,-66.022,19.3363,prueba,0.2383,-4.3973,0.0492,19.3363,-23.7995
888b2cd487fffff,Sacaba,471,4,13.8351,201.6,1,-17.3818,-66.0272,27.3872,prueba,0.3375,-4.4689,0.1761,23.3872,-29.8883
888b2cd489fffff,Sacaba,1828,1243,13.0789,73.3,1,-17.3978,-66.0338,114.207,prueba,1.4075,105.625,10.7979,0,-38.1273
888b2cd48bfffff,Sacaba,1709,79,12.5173,221.6,1,-17.3912,-66.0391,90.7736,prueba,1.1187,-1.2357,0.8717,11.7736,-55.805
888b2cd48dfffff,Sacaba,694,44,13.9808,476.8,1,-17.3964,-66.0253,34.9991,prueba,0.4313,1.5214,1.25,0,-35.2345
888b2cd491fffff,Sacaba,1021,49,11.5336,495.6,1,-17.378,-66.0496,116.742,prueba,1.4387,-6.2697,0.4247,67.7422,-43.0927
888b2cd493fffff,Sacaba,310,0,11.1237,704.1,0,-17.3714,-66.0548,35.4457,prueba,0.4368,-5.9536,0.0274,35.4457,-24.3558
888b2cd495fffff,Sacaba,477,6,12.4541,1169,0,-17.3766,-66.041,9.7709,prueba,0.1204,-1.2064,0.6499,3.7709,-30.0135
888b2cd497fffff,Sacaba,88,0,12.0434,1294.9,0,-17.37,-66.0463,1.8026,prueba,0.0222,-1.3426,0.3568,1.8026,-12.9767
888b2cd499fffff,Sacaba,1668,110,11.0834,38.4,1,-17.386,-66.0529,190.7,prueba,2.3502,-5.8438,0.579,80.7,-54.5492
888b2cd49bfffff,Sacaba,1491,195,10.613,178.4,1,-17.3794,-66.0581,170.464,prueba,2.1008,1.8793,1.1431,0,-49.764
888b2cd49dfffff,Sacaba,1176,41,12.0002,329.8,1,-17.3846,-66.0443,120.239,prueba,1.4818,-7.2263,0.3464,79.2387,-46.5736
888b2cd4a3fffff,Sacaba,10,0,15.2153,1837.8,0,-17.3723,-66.0154,1.0907,prueba,0.0134,-1.0444,0.4783,1.0907,-4.3744
888b2cd4a7fffff,Sacaba,31,0,16.1356,2669.5,0,-17.3709,-66.0068,3.5705,prueba,0.044,-1.8896,0.2188,3.5705,-7.702
888b2cd4a9fffff,Sacaba,68,0,15.253,891.2,0,-17.3869,-66.0134,4.2695,prueba,0.0526,-2.0663,0.1898,4.2695,-11.4071
888b2cd4abfffff,Sacaba,56,0,14.753,1073.3,0,-17.3803,-66.0187,3.4572,prueba,0.0426,-1.8594,0.2244,3.4572,-10.3518
888b2cd4b9fffff,Sacaba,217,0,13.3746,843.6,0,-17.3751,-66.0325,3.0174,prueba,0.0372,-1.7371,0.2489,3.0174,-20.3775
888b2cd4c1fffff,Sacaba,1637,219,13.44,32.3,1,-17.4124,-66.0319,78.5894,prueba,0.9685,15.8386,2.7642,0,-52.0559
888b2cd4c3fffff,Sacaba,2553,5127,12.7923,110.2,1,-17.4058,-66.0371,112.199,prueba,1.3827,473.434,45.3007,0,3.4575
888b2cd4c5fffff,Sacaba,1533,108,14.3142,201.1,1,-17.411,-66.0234,54.8995,prueba,0.6766,7.1666,1.9499,0,-52.1677
888b2cd4c7fffff,Sacaba,2321,914,13.6795,133.6,1,-17.4044,-66.0286,105.122,prueba,1.2955,78.8927,8.6222,0,-52.929
888b2cd4c9fffff,Sacaba,626,23,13.2658,188.3,1,-17.4205,-66.0352,16.7089,prueba,0.2059,1.5391,1.3553,0,-33.946
888b2cd4cbfffff,Sacaba,2227,273,12.5725,62.1,1,-17.4139,-66.0404,96.463,prueba,1.1888,17.9744,2.8113,0,-61.0983
888b2cd4cdfffff,Sacaba,964,160,14.1181,58,1,-17.419,-66.0267,33.2762,prueba,0.4101,21.9681,4.6971,0,-39.2244
888b2cd4d1fffff,Sacaba,2299,1736,11.284,100.2,1,-17.4007,-66.0509,119.552,prueba,1.4734,147.837,14.4087,0,-40.1538
888b2cd4d3fffff,Sacaba,1544,1214,10.7006,238,1,-17.3941,-66.0562,158.804,prueba,1.9571,83.7339,7.603,0,-32.0214
888b2cd4d5fffff,Sacaba,2346,3034,12.1798,48.8,1,-17.3992,-66.0424,134.82,prueba,1.6615,249.689,22.3458,0,-21.7193
888b2cd4d7fffff,Sacaba,994,93,11.608,620.4,0,-17.3926,-66.0476,71.9734,prueba,0.887,2.4785,1.2881,0,-41.4805
888b2cd4d9fffff,Sacaba,637,45,11.0341,563,0,-17.4087,-66.0542,33.1252,prueba,0.4082,2.0632,1.348,0,-33.6244
888b2cd4dbfffff,Sacaba,1264,149,10.3925,85.5,1,-17.4021,-66.0595,58.7275,prueba,0.7238,11.7797,2.5114,0,-46.1511
888b2cd4ddfffff,Sacaba,2067,1118,11.9101,71.5,1,-17.4073,-66.0457,118.786,prueba,1.4639,91.6802,9.3416,0,-45.1149
888b2cd4e1fffff,Sacaba,818,80,15.4654,228.9,1,-17.4016,-66.0115,53.4318,prueba,0.6585,3.6346,1.4881,0,-37.5418
888b2cd4e3fffff,Sacaba,1041,27,14.8849,36.8,1,-17.395,-66.0167,67.9982,prueba,0.838,-4.9718,0.4058,40.9982,-44.0271
888b2cd4e5fffff,Sacaba,611,11,16.3629,79.9,1,-17.4001,-66.003,38.8829,prueba,0.4792,-4.4716,0.3009,27.8829,-33.8717
888b2cd4e7fffff,Sacaba,161,0,15.7908,660.9,0,-17.3935,-66.0082,10.107,prueba,0.1246,-3.1792,0.09,10.107,-17.5523
888b2cd4e9fffff,Sacaba,1957,298,15.1937,60.9,1,-17.4096,-66.0148,100.036,prueba,1.2328,19.7928,2.9593,0,-56.3255
888b2cd4ebfffff,Sacaba,1425,313,14.5708,157.2,1,-17.403,-66.02,66.6927,prueba,0.8219,30.1605,4.6386,0,-46.2251
888b2cd4edfffff,Sacaba,1631,107,16.0777,254.7,1,-17.4082,-66.0063,110.821,prueba,1.3658,-0.363,0.9658,3.8213,-53.9509
888b2cd503fffff,Sacaba,451,2,23.2781,278.9,1,-17.4194,-65.9393,0.4713,prueba,0.0058,2.2269,2.0391,0,-29.3091
888b2cd505fffff,Sacaba,134,0,24.8022,1846.6,0,-17.4246,-65.9255,0,prueba,0,-0.001,1,0,-16.0131
888b2cd507fffff,Sacaba,52,1,24.159,1173.7,0,-17.418,-65.9308,0.0414,prueba,0.0005,4.7132,1.9206,0,-9.875
888b2cd511fffff,Sacaba,429,10,21.7604,558.6,0,-17.4142,-65.9531,0.7974,prueba,0.0098,10.3056,6.12,0,-28.3027
888b2cd513fffff,Sacaba,223,0,21.1412,733.5,0,-17.4076,-65.9583,4.2452,prueba,0.0523,-2.0604,0.1906,4.2452,-20.6573
888b2cd515fffff,Sacaba,52,1,22.6461,654.5,0,-17.4128,-65.9445,0.0967,prueba,0.0012,2.9057,1.8237,0,-9.875
888b2cd517fffff,Sacaba,62,0,22.0343,1493.2,0,-17.4062,-65.9498,1.1803,prueba,0.0145,-1.0864,0.4587,1.1803,-10.8923
888b2cd519fffff,Sacaba,477,4,21.5257,394.1,1,-17.4223,-65.9564,0.4984,prueba,0.0061,4.9597,3.3368,0,-30.0797
888b2cd51bfffff,Sacaba,507,19,20.8775,106.1,1,-17.4157,-65.9616,0.9424,prueba,0.0116,18.6015,10.2967,0,-30.5377
888b2cd51dfffff,Sacaba,989,21,22.4002,88.4,1,-17.4208,-65.9478,1.0334,prueba,0.0127,19.6409,10.8191,0,-43.0203
888b2cd521fffff,Sacaba,363,0,25.9288,3007.5,0,-17.4151,-65.9137,0,prueba,0,-0.001,1,0,-26.3557
888b2cd523fffff,Sacaba,207,1,25.3173,2653.7,0,-17.4085,-65.9189,0.2297,prueba,0.0028,1.607,1.6264,0,-19.8522
888b2cd525fffff,Sacaba,11,0,26.817,3927.5,0,-17.4137,-65.9052,0,prueba,0,-0.001,1,0,-4.5879
888b2cd527fffff,Sacaba,145,0,26.2116,3555.7,0,-17.4071,-65.9104,0,prueba,0,-0.001,1,0,-16.6573
888b2cd529fffff,Sacaba,678,11,25.6787,2686.3,0,-17.4231,-65.917,0,prueba,0,11000,12,0,-35.714
888b2cd52bfffff,Sacaba,849,6,25.0427,2088.6,0,-17.4165,-65.9222,1.655,prueba,0.0204,3.3775,2.6366,0,-40.1577
888b2cd52dfffff,Sacaba,26,0,26.558,3562.7,0,-17.4217,-65.9084,0,prueba,0,-0.001,1,0,-7.0536
888b2cd531fffff,Sacaba,88,0,23.8264,1898.5,0,-17.4033,-65.9327,1.4783,prueba,0.0182,-1.2158,0.4035,1.4783,-12.9767
888b2cd535fffff,Sacaba,83,0,24.7249,2593.7,0,-17.4019,-65.9242,0.0989,prueba,0.0012,-0.3145,0.91,0.0989,-12.6026
888b2cd539fffff,Sacaba,279,0,23.5343,966.6,0,-17.4114,-65.936,0.5186,prueba,0.0064,-0.7201,0.6585,0.5186,-23.106
888b2cd53bfffff,Sacaba,234,0,22.9294,1476.4,0,-17.4048,-65.9412,4.4546,prueba,0.0549,-2.1106,0.1833,4.4546,-21.1607
888b2cd53dfffff,Sacaba,160,0,24.4248,1771.7,0,-17.4099,-65.9275,0.202,prueba,0.0025,-0.4495,0.8319,0.202,-17.4977
888b2cd551fffff,Sacaba,21,0,22.0257,1904.6,0,-17.4369,-65.9544,0.0409,prueba,0.0005,-0.2023,0.9607,0.0409,-6.3392
888b2cd55bfffff,Sacaba,57,0,21.179,2204.7,0,-17.4383,-65.963,0.0583,prueba,0.0007,-0.2414,0.9449,0.0583,-10.4438
888b2cd561fffff,Sacaba,249,0,26.138,3523.8,0,-17.4378,-65.915,0,prueba,0,-0.001,1,0,-21.8284
888b2cd563fffff,Sacaba,52,0,25.4622,2661.5,0,-17.4312,-65.9203,0,prueba,0,-0.001,1,0,-9.9752
888b2cd565fffff,Sacaba,300,0,26.9996,4223.8,0,-17.4363,-65.9065,0,prueba,0,-0.001,1,0,-23.9598
888b2cd567fffff,Sacaba,285,1,26.3314,3418.7,0,-17.4297,-65.9117,0,prueba,0,999.999,2,0,-23.3103
888b2cd569fffff,Sacaba,10,0,25.9785,3860.3,0,-17.4458,-65.9183,0,prueba,0,-0.001,1,0,-4.3744
888b2cd56dfffff,Sacaba,68,0,26.8282,4408.9,0,-17.4443,-65.9098,0,prueba,0,-0.001,1,0,-11.4071
888b2cd581fffff,Sacaba,83,0,19.8269,2207.2,0,-17.3798,-65.9707,4.5305,prueba,0.0558,-2.1285,0.1808,4.5305,-12.6026
888b2cd589fffff,Sacaba,362,1,19.4274,1315.3,0,-17.3878,-65.974,19.7595,prueba,0.2435,-4.2202,0.0963,18.7595,-26.2814
888b2cd58bfffff,Sacaba,176,0,18.9112,1650.1,0,-17.3812,-65.9793,12.3572,prueba,0.1523,-3.5153,0.0749,12.3572,-18.3518
888b2cd58dfffff,Sacaba,37,0,20.3388,1905.2,0,-17.3864,-65.9655,2.3647,prueba,0.0291,-1.5377,0.2972,2.3647,-8.4144
888b2cd599fffff,Sacaba,25,0,17.508,2235.6,0,-17.3761,-65.993,2.8794,prueba,0.0355,-1.6969,0.2578,2.8794,-6.9166
888b2cd59bfffff,Sacaba,63,0,17.0558,3025.6,0,-17.3694,-65.9983,7.2562,prueba,0.0894,-2.6937,0.1211,7.2562,-10.9797
888b2cd5c1fffff,Sacaba,751,18,19.6465,23.8,1,-17.4025,-65.9721,47.9962,prueba,0.5915,-4.3298,0.3878,29.9962,-37.4341
888b2cd5c3fffff,Sacaba,160,0,19.0678,594,0,-17.3959,-65.9773,8.7335,prueba,0.1076,-2.9552,0.1027,8.7335,-17.4977
888b2cd5c5fffff,Sacaba,213,0,20.5446,833.5,0,-17.401,-65.9636,11.6677,prueba,0.1438,-3.4158,0.0789,11.6677,-20.1888
888b2cd5c7fffff,Sacaba,67,0,19.9726,951.9,0,-17.3944,-65.9688,4.282,prueba,0.0528,-2.0693,0.1893,4.282,-11.3229
888b2cd5c9fffff,Sacaba,316,0,19.3624,455,1,-17.4105,-65.9754,8.5686,prueba,0.1056,-2.9272,0.1045,8.5686,-24.5904
888b2cd5cbfffff,Sacaba,1015,60,18.7503,102.9,1,-17.4039,-65.9806,55.4031,prueba,0.6828,0.6176,1.0815,0,-42.7098
888b2cd5cdfffff,Sacaba,223,6,20.2505,105.2,1,-17.4091,-65.9669,4.7686,prueba,0.0588,0.5639,1.2135,0,-20.3669
888b2cd5d1fffff,Sacaba,129,0,17.607,602.1,0,-17.3907,-65.9911,8.2944,prueba,0.1022,-2.88,0.1076,8.2944,-15.7115
888b2cd5d3fffff,Sacaba,16,0,17.081,1392.6,0,-17.3841,-65.9964,0.9815,prueba,0.0121,-0.9907,0.5047,0.9815,-5.5333
888b2cd5d5fffff,Sacaba,243,2,18.5167,707,0,-17.3893,-65.9826,17.0613,prueba,0.2103,-3.6463,0.1661,15.0613,-21.471
888b2cd5d7fffff,Sacaba,78,0,17.9959,1507.9,0,-17.3827,-65.9878,5.0152,prueba,0.0618,-2.2395,0.1662,5.0152,-12.2171
888b2cd5d9fffff,Sacaba,844,29,17.2626,220.2,1,-17.3987,-65.9944,54.2673,prueba,0.6688,-3.43,0.5428,25.2673,-39.4661
888b2cd5dbfffff,Sacaba,280,3,16.6983,606.6,0,-17.3921,-65.9997,17.1719,prueba,0.2116,-3.4199,0.2201,14.1719,-23.0177
888b2cd5ddfffff,Sacaba,549,14,18.1643,98.2,1,-17.3973,-65.9859,38.5459,prueba,0.475,-3.9536,0.3793,24.5459,-31.9802
888b2cd5e1fffff,Sacaba,20,0,21.7859,2411,0,-17.3916,-65.9517,1.0159,prueba,0.0125,-1.0079,0.496,1.0159,-6.1864
888b2cd5e9fffff,Sacaba,47,0,21.4446,1658.6,0,-17.3996,-65.955,2.3875,prueba,0.0294,-1.5451,0.2952,2.3875,-9.4835
888b2cd5ebfffff,Sacaba,26,0,20.8787,1584.2,0,-17.393,-65.9603,1.4242,prueba,0.0176,-1.1934,0.4125,1.4242,-7.0536
888b2cd5edfffff,Sacaba,177,0,22.3461,2261.5,0,-17.3982,-65.9465,8.9911,prueba,0.1108,-2.9985,0.1001,8.9911,-18.4038
888b2cd629fffff,Sacaba,20,2,19.7788,5370.1,0,-17.4893,-65.9999,0.1786,entrenamiento,0.0022,4.3103,2.5455,0,-6.4233
888b2cd651fffff,Sacaba,48,9,17.5862,4220,0,-17.5031,-66.0374,0.1708,entrenamiento,0.0021,21.3625,8.541,0,-9.5475
888b2cd681fffff,Sacaba,135,0,12.4163,688.4,0,-17.446,-66.0537,2.0066,entrenamiento,0.0247,-1.4166,0.3326,2.0066,-17.5543
888b2cd683fffff,Sacaba,906,31,11.5872,24.3,1,-17.4394,-66.0589,37.6315,entrenamiento,0.4638,-1.081,0.8283,6.6315,-44.7943
888b2cd685fffff,Sacaba,197,0,13.1551,204.4,1,-17.4446,-66.0451,4.9093,entrenamiento,0.0605,-2.2157,0.1692,4.9093,-21.2056
888b2cd687fffff,Sacaba,248,6,12.3443,385.3,1,-17.438,-66.0504,7.3116,entrenamiento,0.0901,-0.485,0.8422,1.3116,-23.5405
888b2cd689fffff,Sacaba,218,6,12.5614,991.9,0,-17.454,-66.057,2.1133,entrenamiento,0.026,2.6736,2.2484,0,-22.0383
888b2cd68dfffff,Sacaba,181,36,13.2575,71.4,1,-17.4526,-66.0484,5.9498,entrenamiento,0.0733,12.3195,5.3239,0,-18.5551
888b2cd691fffff,Sacaba,52,0,10.0205,604.3,0,-17.4342,-66.0727,5.4626,entrenamiento,0.0673,-2.3372,0.1547,5.4626,-10.8948
888b2cd693fffff,Sacaba,259,21,9.202,119.8,1,-17.4276,-66.078,51.4067,entrenamiento,0.6335,-4.2409,0.4198,30.4067,-23.4509
888b2cd695fffff,Sacaba,508,3,10.773,595.6,0,-17.4328,-66.0642,47.6893,entrenamiento,0.5877,-6.4713,0.0822,44.6893,-33.9644
888b2cd697fffff,Sacaba,553,3,9.9774,217.6,1,-17.4262,-66.0694,100.465,entrenamiento,1.2381,-9.7239,0.0394,97.4645,-35.4443
888b2cd69dfffff,Sacaba,161,0,10.8555,520.7,0,-17.4408,-66.0675,7.5312,entrenamiento,0.0928,-2.7443,0.1172,7.5312,-19.1704
888b2cd6a1fffff,Sacaba,404,2,13.9174,668.8,0,-17.4351,-66.0333,11.9108,entrenamiento,0.1468,-2.8717,0.2324,9.9108,-30.3016
888b2cd6a3fffff,Sacaba,419,19,13.1592,79.4,1,-17.4285,-66.0385,16.3779,entrenamiento,0.2018,0.6479,1.1509,0,-30.3117
888b2cd6a5fffff,Sacaba,140,4,14.7272,620.8,0,-17.4337,-66.0247,3.6409,entrenamiento,0.0449,0.1882,1.0774,0,-17.6527
888b2cd6a7fffff,Sacaba,487,0,13.9853,568.3,0,-17.4271,-66.03,18.3978,entrenamiento,0.2267,-4.2893,0.0516,18.3978,-33.3413
888b2cd6a9fffff,Sacaba,544,9,13.9155,357,1,-17.4431,-66.0366,13.5565,entrenamiento,0.1671,-1.2375,0.687,4.5565,-34.9831
888b2cd6abfffff,Sacaba,181,1,13.1221,149.6,1,-17.4365,-66.0418,5.3363,entrenamiento,0.0658,-1.8771,0.3156,4.3363,-20.277
888b2cd6adfffff,Sacaba,135,0,14.6941,1266.4,0,-17.4417,-66.028,3.3642,entrenamiento,0.0415,-1.8342,0.2291,3.3642,-17.5543
888b2cd6b1fffff,Sacaba,865,8,11.5921,396.6,1,-17.4233,-66.0523,35.5986,entrenamiento,0.4387,-4.6256,0.2459,27.5986,-44.255
888b2cd6b3fffff,Sacaba,978,86,10.8634,80.9,1,-17.4167,-66.0575,59.2521,entrenamiento,0.7302,3.4749,1.4439,0,-45.4282
888b2cd6b5fffff,Sacaba,705,24,12.423,154.8,1,-17.4219,-66.0438,29.0139,entrenamiento,0.3576,-0.9308,0.8329,5.0139,-39.5172
888b2cd6b7fffff,Sacaba,880,79,11.7129,47.7,1,-17.4153,-66.049,36.2159,entrenamiento,0.4463,7.1094,2.1496,0,-43.056
888b2cd6b9fffff,Sacaba,674,23,11.5499,273,1,-17.4314,-66.0556,28.2747,entrenamiento,0.3485,-0.992,0.8198,5.2747,-38.6372
888b2cd6bbfffff,Sacaba,668,16,10.7757,388.1,1,-17.4247,-66.0608,31.5491,entrenamiento,0.3888,-2.7683,0.5223,15.5491,-38.6389
888b2cd6bdfffff,Sacaba,999,15,12.3465,84.1,1,-17.4299,-66.0471,39.0489,entrenamiento,0.4812,-3.8485,0.3995,24.0489,-47.4388
888b2cd6c7fffff,Sacaba,129,0,13.4278,652.5,0,-17.4606,-66.0517,1.5505,entrenamiento,0.0191,-1.2452,0.3921,1.5505,-17.1598
888b2cd6cbfffff,Sacaba,26,0,13.0598,2219.1,0,-17.4701,-66.0636,0.4908,entrenamiento,0.006,-0.7006,0.6708,0.4908,-7.7038
888b2cd6d3fffff,Cochabamba,56,0,10.3759,1921.4,0,-17.4503,-66.0793,0.3189,entrenamiento,0.0039,-0.5647,0.7582,0.3189,-11.3061
888b2cd6dbfffff,Cochabamba,32,0,10.6791,1972.2,0,-17.4583,-66.0826,1.0602,entrenamiento,0.0131,-1.0297,0.4854,1.0602,-8.5466
888b2cd6e1fffff,Sacaba,177,1,14.8152,1001.7,0,-17.4578,-66.0346,5.9202,entrenamiento,0.073,-2.0222,0.289,4.9202,-20.0506
888b2cd6e3fffff,Sacaba,771,25,13.9795,315.4,1,-17.4512,-66.0399,25.3443,entrenamiento,0.3123,-0.0684,0.9869,0.3443,-41.3553
888b2cd6e7fffff,Sacaba,228,16,14.7236,681.1,0,-17.4497,-66.0313,7.4948,entrenamiento,0.0924,3.1067,2.0012,0,-22.1118
888b2cd6ebfffff,Sacaba,130,0,14.1085,267.6,1,-17.4592,-66.0432,4.3482,entrenamiento,0.0536,-2.0852,0.187,4.3482,-17.2262
888b2cd6edfffff,Sacaba,38,0,15.6604,1787.2,0,-17.4644,-66.0294,1.271,entrenamiento,0.0157,-1.1274,0.4403,1.271,-9.3134
888b2cd707fffff,Sacaba,17,0,23.3397,5103.2,0,-17.4741,-65.9539,0,entrenamiento,0,-0.001,1,0,-6.2293
888b2cd717fffff,Sacaba,14,0,20.9794,2929.3,0,-17.4624,-65.9729,0,entrenamiento,0,-0.001,1,0,-5.653
888b2cd749fffff,Tolata,10,0,24.5874,2169.3,0,-17.5128,-65.9618,0.3501,entrenamiento,0.0043,-0.5917,0.7407,0.3501,-4.7777
888b2cd74dfffff,Tolata,21,0,25.2723,2447.6,0,-17.5114,-65.9533,0.3333,entrenamiento,0.0041,-0.5774,0.75,0.3333,-6.9235
88b32d900dfffff,Arbieto,398,6,26.7316,4779.2,0,-17.5879,-66.0087,0.2699,entrenamiento,0.0033,11.0291,5.5121,0,-19.2901
88b32d9041fffff,Arbieto,26,0,25.7528,3078.5,0,-17.5719,-66.002,0.1006,entrenamiento,0.0012,-0.3171,0.9086,0.1006,-5.0086
88b32d9043fffff,Arbieto,46,0,26.6718,3898.2,0,-17.5785,-65.9968,0.102,entrenamiento,0.0013,-0.3194,0.9074,0.102,-6.6621
88b32d9045fffff,Arbieto,97,0,25.3094,3149.8,0,-17.5733,-66.0106,0.1318,entrenamiento,0.0016,-0.363,0.8836,0.1318,-9.6742
88b32d9047fffff,Arbieto,931,6,26.2293,3921.9,0,-17.5799,-66.0053,1.199,entrenamiento,0.0148,4.3846,3.1833,0,-29.7711
88b32d904bfffff,Arbieto,139,2,26.221,3118,0,-17.5704,-65.9935,0,entrenamiento,0,2000,3,0,-11.4081
88b32d904dfffff,Arbieto,432,2,24.8338,2291.9,0,-17.5653,-66.0073,0.5814,entrenamiento,0.0072,1.8604,1.897,0,-20.3182
88b32d9055fffff,Arbieto,51,0,27.5908,4739.2,0,-17.5851,-65.9916,0,entrenamiento,0,-0.001,1,0,-7.0148
88b32d9059fffff,Arbieto,211,1,27.6276,4102.1,0,-17.5756,-65.9797,0,entrenamiento,0,999.999,2,0,-14.1982
88b32d905dfffff,Arbieto,199,0,27.1383,3963.3,0,-17.577,-65.9882,0,entrenamiento,0,-0.001,1,0,-13.8566
88b32d9061fffff,Arbieto,98,3,25.4209,4274.7,0,-17.5828,-66.0224,0.0445,entrenamiento,0.0005,14.0162,3.8297,0,-9.4155
88b32d9065fffff,Arbieto,63,0,25.0577,4470,0,-17.5842,-66.031,0.0493,entrenamiento,0.0006,-0.2221,0.953,0.0493,-7.7965
88b32d9069fffff,Arbieto,22,0,24.8921,3367.4,0,-17.5747,-66.0191,0.0153,entrenamiento,0.0002,-0.1239,0.9849,0.0153,-4.6073
88b32d906bfffff,Arbieto,1454,18,25.8119,4035,0,-17.5813,-66.0139,1.0139,entrenamiento,0.0125,16.8688,9.4342,0,-36.9747
88b32d906dfffff,Arbieto,165,0,24.5022,3554.6,0,-17.5762,-66.0277,0,entrenamiento,0,-0.001,1,0,-12.6175
88b32d9141fffff,Arbieto,194,0,23.2434,4447.8,0,-17.5819,-66.0619,0.3233,prueba,0.004,-0.5686,0.7557,0.3233,-19.2674
88b32d9149fffff,Arbieto,199,4,22.6027,3509.9,0,-17.5739,-66.0586,0.5328,prueba,0.0066,4.75,3.262,0,-19.3091
88b32d914bfffff,Arbieto,478,2,23.5105,4167.6,0,-17.5805,-66.0533,0.8164,prueba,0.0101,1.31,1.6516,0,-30.1776
88b32d914dfffff,Arbieto,355,0,22.3421,3852,0,-17.5753,-66.0671,0.8659,prueba,0.0107,-0.9305,0.5359,0.8659,-26.0637
88b32d9201fffff,Tolata,33,14,24.709,408.6,1,-17.5383,-65.9803,0.3704,entrenamiento,0.0046,22.3946,10.9456,0,-5.8271
88b32d9205fffff,Tolata,108,9,24.1355,93.8,1,-17.5398,-65.9888,1.9307,entrenamiento,0.0238,5.0876,3.4121,0,-13.2001
88b32d9209fffff,Tolata,71,13,24.4106,273.9,1,-17.5303,-65.977,0.4702,entrenamiento,0.0058,18.2727,9.5225,0,-10.0719
88b32d920bfffff,Tolata,135,3,25.3029,520.9,0,-17.5369,-65.9717,1.4882,entrenamiento,0.0183,1.2393,1.6076,0,-15.2909
88b32d920dfffff,Tolata,19,4,23.8106,502.6,0,-17.5318,-65.9855,0.2905,entrenamiento,0.0036,6.8822,3.8744,0,-5.1206
88b32d9211fffff,Cliza,44,0,27.0928,1912.9,0,-17.5501,-65.9612,0.5099,entrenamiento,0.0063,-0.7141,0.6623,0.5099,-8.8402
88b32d9213fffff,Cliza,57,0,27.9901,2569,0,-17.5567,-65.956,0.9194,entrenamiento,0.0113,-0.9588,0.521,0.9194,-10.0617
88b32d9215fffff,Cliza,44,0,26.51,2150.7,0,-17.5515,-65.9698,0.364,entrenamiento,0.0045,-0.6033,0.7331,0.364,-8.8402
88b32d9217fffff,Cliza,280,4,27.4123,2841,0,-17.5581,-65.9645,2.5926,entrenamiento,0.032,0.8741,1.3918,0,-22.1211
88b32d9219fffff,Tolata,50,0,26.8039,985.4,0,-17.5421,-65.9579,0.7407,entrenamiento,0.0091,-0.8607,0.5745,0.7407,-9.4237
88b32d921bfffff,Cliza,119,0,27.6939,1660.6,0,-17.5487,-65.9527,2.0923,entrenamiento,0.0258,-1.4465,0.3234,2.0923,-14.5381
88b32d9229fffff,Tolata,81,4,23.5839,122.4,1,-17.5412,-65.9974,1.6701,entrenamiento,0.0206,1.8029,1.8726,0,-11.6609
88b32d922dfffff,Tolata,235,23,23.0558,185.5,1,-17.5426,-66.0059,6.4321,entrenamiento,0.0793,6.5327,3.2293,0,-19.3042
88b32d9231fffff,Cliza,126,0,26.3149,2538.1,0,-17.561,-65.9816,0.4859,entrenamiento,0.006,-0.697,0.673,0.4859,-14.9596
88b32d9233fffff,Arbieto,200,0,27.2264,3433.1,0,-17.5676,-65.9764,0.4545,entrenamiento,0.0056,-0.6742,0.6875,0.4545,-18.8473
88b32d9235fffff,Arbieto,14,0,25.7979,2347.9,0,-17.5624,-65.9902,0.0665,entrenamiento,0.0008,-0.2578,0.9377,0.0665,-4.9865
88b32d9237fffff,Arbieto,67,0,26.7126,3217.4,0,-17.569,-65.9849,0.3661,entrenamiento,0.0045,-0.6051,0.732,0.3661,-10.9087
88b32d923bfffff,Cliza,348,1,26.8535,2824.8,0,-17.5596,-65.9731,0.5622,entrenamiento,0.0069,0.5839,1.2802,0,-24.8211
88b32d9243fffff,Tolata,19,0,24.1466,1110,0,-17.5223,-65.9737,0.546,entrenamiento,0.0067,-0.7389,0.6468,0.546,-5.8091
88b32d9251fffff,Tolata,150,3,25.6673,592,0,-17.5275,-65.9599,3.9474,entrenamiento,0.0486,-0.4768,0.8085,0.9474,-16.1385
88b32d9253fffff,Tolata,124,12,26.5464,59.3,1,-17.534,-65.9546,3.2632,entrenamiento,0.0402,4.8365,3.0494,0,-14.0318
88b32d9255fffff,Tolata,186,12,25.03,354.7,1,-17.5289,-65.9684,6.7461,entrenamiento,0.0831,2.0228,1.6783,0,-17.5155
88b32d9257fffff,Tolata,500,56,25.9158,336.9,1,-17.5355,-65.9632,18.1347,entrenamiento,0.2235,8.8917,2.9789,0,-27.9211
88b32d925bfffff,Tolata,77,0,26.3213,847.8,0,-17.526,-65.9513,2.0263,entrenamiento,0.025,-1.4235,0.3304,2.0263,-11.6945
88b32d925dfffff,Tolata,25,1,24.7911,1254.6,0,-17.5209,-65.9651,0.6579,entrenamiento,0.0081,0.4218,1.2063,0,-6.5135
88b32d9267fffff,Tolata,69,1,22.6749,967.3,0,-17.5346,-66.0026,1.0714,entrenamiento,0.0132,-0.069,0.9655,0.0714,-10.98
88b32d9281fffff,Cliza,107,0,31.0309,5668.4,0,-17.5845,-65.9436,0.9514,entrenamiento,0.0117,-0.9754,0.5124,0.9514,-15.6282
88b32d9285fffff,Cliza,286,0,30.488,5786.1,0,-17.5859,-65.9521,1.5657,entrenamiento,0.0193,-1.2513,0.3898,1.5657,-25.5506
88b32d9289fffff,Cliza,167,1,30.6894,4830.7,0,-17.5765,-65.9403,0.9692,entrenamiento,0.0119,0.0313,1.0156,0,-19.4731
88b32d928bfffff,Cliza,602,10,31.5912,5641.2,0,-17.583,-65.935,3.1748,entrenamiento,0.0391,3.8305,2.6348,0,-36.7997
88b32d928dfffff,Cliza,43,0,30.125,4903.1,0,-17.5779,-65.9488,0.198,entrenamiento,0.0024,-0.445,0.8347,0.198,-9.9072
88b32d9299fffff,Cliza,505,9,33.0667,6425.6,0,-17.5882,-65.9213,4.3854,entrenamiento,0.054,2.2036,1.8569,0,-33.6868
88b32d929dfffff,Cliza,1337,1,32.494,6430.3,0,-17.5896,-65.9298,11.6106,entrenamiento,0.1431,-3.1139,0.1586,10.6106,-55.2257
88b32d92a9fffff,Cliza,153,1,29.9634,5997,0,-17.5873,-65.9607,0.5965,entrenamiento,0.0074,0.5225,1.2527,0,-18.6345
88b32d92c1fffff,Cliza,213,4,29.4792,3200,0,-17.5618,-65.9422,1.5491,entrenamiento,0.0191,1.9692,1.9615,0,-21.8685
88b32d92c3fffff,Cliza,439,2,30.3742,4010.7,0,-17.5684,-65.937,0,entrenamiento,0,2000,3,0,-31.5924
88b32d92c5fffff,Cliza,126,0,28.8887,3279.3,0,-17.5633,-65.9508,1.008,entrenamiento,0.0124,-1.004,0.498,1.008,-16.9591
88b32d92c7fffff,Cliza,246,0,29.7885,4038.3,0,-17.5699,-65.9455,1.968,entrenamiento,0.0243,-1.4029,0.3369,1.968,-23.6965
88b32d92c9fffff,Cliza,263,5,29.1982,2380.1,0,-17.5538,-65.9389,6.2433,entrenamiento,0.0769,-0.4976,0.8283,1.2433,-24.2976
88b32d92cbfffff,Cliza,203,2,30.0863,3167.6,0,-17.5604,-65.9337,0,entrenamiento,0,2000,3,0,-21.4332
88b32d92cdfffff,Cliza,162,7,28.5858,2408.4,0,-17.5553,-65.9475,1.1782,entrenamiento,0.0145,5.3636,3.6728,0,-18.8658
88b32d92d1fffff,Cliza,296,0,31.8675,4803.1,0,-17.5736,-65.9232,1.531,entrenamiento,0.0189,-1.2373,0.3951,1.531,-25.9934
88b32d92d3fffff,Cliza,556,5,32.7604,5645.7,0,-17.5802,-65.918,3.0017,entrenamiento,0.037,1.1534,1.4994,0,-35.4847
88b32d92d5fffff,Cliza,462,4,31.2705,4798.9,0,-17.575,-65.9317,2.3897,entrenamiento,0.0294,1.0417,1.4751,0,-32.351
88b32d92d7fffff,Cliza,359,2,32.168,5599.3,0,-17.5816,-65.9265,1.9381,entrenamiento,0.0239,0.0444,1.0211,0,-28.5564
88b32d92d9fffff,Cliza,339,0,31.5933,4025.4,0,-17.5656,-65.9199,1.7092,entrenamiento,0.0211,-1.3074,0.3691,1.7092,-27.8175
88b32d92dbfffff,Cliza,376,0,32.4796,4868.1,0,-17.5721,-65.9147,2.3178,entrenamiento,0.0286,-1.5224,0.3014,2.3178,-29.2962
88b32d92ddfffff,Cliza,176,0,30.9761,3969.7,0,-17.567,-65.9284,0.7671,entrenamiento,0.0095,-0.8758,0.5659,0.7671,-20.0435
88b32d92e1fffff,Cliza,33,0,28.6695,4417.8,0,-17.5727,-65.9626,0.1807,entrenamiento,0.0022,-0.425,0.847,0.1807,-8.6791
88b32d92e3fffff,Cliza,30,0,29.5785,5080.3,0,-17.5793,-65.9574,0.1642,entrenamiento,0.002,-0.4053,0.8589,0.1642,-8.2752
88b32d92e5fffff,Arbieto,59,0,28.1383,4335.2,0,-17.5742,-65.9712,0.2474,entrenamiento,0.003,-0.4974,0.8017,0.2474,-11.605
88b32d92e7fffff,Cliza,36,0,29.0507,5241.6,0,-17.5808,-65.9659,0.1404,entrenamiento,0.0017,-0.3746,0.8769,0.1404,-9.065
88b32d92e9fffff,Cliza,146,0,28.3156,3490.6,0,-17.5647,-65.9593,0.6685,entrenamiento,0.0082,-0.8176,0.5993,0.6685,-18.2555
88b32d92ebfffff,Cliza,60,0,29.2199,4171.2,0,-17.5713,-65.9541,0.2763,entrenamiento,0.0034,-0.5256,0.7835,0.2763,-11.7029
88b32d92edfffff,Cliza,170,0,27.7611,3735.8,0,-17.5661,-65.9679,1.0266,entrenamiento,0.0127,-1.0132,0.4934,1.0266,-19.6989
88b32d9305fffff,Tolata,45,8,20.8277,738.6,0,-17.5498,-66.0487,2.434,entrenamiento,0.03,3.5676,2.6208,0,-9.2877
88b32d9309fffff,Tolata,180,8,20.7091,92.9,1,-17.5403,-66.0368,4.9556,entrenamiento,0.0611,1.3676,1.5112,0,-19.7658
88b32d930bfffff,Tolata,168,1,21.6293,457.1,1,-17.5469,-66.0316,4.5777,entrenamiento,0.0564,-1.6722,0.3586,3.5777,-19.4276
88b32d930dfffff,Tolata,179,16,20.2923,179,1,-17.5418,-66.0454,9.6824,entrenamiento,0.1193,2.0303,1.5914,0,-19.3107
88b32d9311fffff,Arbieto,114,0,23.4695,1765.6,0,-17.5601,-66.0211,0.3184,entrenamiento,0.0039,-0.5643,0.7585,0.3184,-16.0458
88b32d9313fffff,Arbieto,292,1,24.3895,2435.1,0,-17.5667,-66.0158,1.0599,entrenamiento,0.0131,-0.0582,0.9709,0.0599,-25.6414
88b32d9315fffff,Arbieto,406,0,23.0523,1966.9,0,-17.5616,-66.0296,4.006,entrenamiento,0.0494,-2.0015,0.1998,4.006,-30.2812
88b32d9317fffff,Arbieto,922,0,23.9722,2657,0,-17.5682,-66.0244,9.0974,entrenamiento,0.1121,-3.0162,0.099,9.0974,-45.6326
88b32d931bfffff,Arbieto,144,1,23.9148,1524.1,0,-17.5587,-66.0125,4.4335,entrenamiento,0.0546,-1.6307,0.3681,3.4335,-17.9785
88b32d9325fffff,Arbieto,29,0,20.7902,2302,0,-17.5607,-66.0691,9.2599,entrenamiento,0.1141,-3.043,0.0975,9.2599,-8.093
88b32d9329fffff,Tolata,73,0,20.4772,1021.1,0,-17.5512,-66.0572,15.0232,entrenamiento,0.1851,-3.876,0.0624,15.0232,-12.8402
88b32d9331fffff,Arbieto,448,2,23.2247,3034.6,0,-17.571,-66.0415,3.8621,entrenamiento,0.0476,-0.9475,0.617,1.8621,-31.746
88b32d9333fffff,Arbieto,453,0,24.1411,3816.2,0,-17.5776,-66.0362,3.9052,entrenamiento,0.0481,-1.9762,0.2039,3.9052,-31.9859
88b32d9335fffff,Arbieto,76,0,22.8973,3250,0,-17.5724,-66.05,0.6552,entrenamiento,0.0081,-0.8094,0.6042,0.6552,-13.1014
88b32d9337fffff,Arbieto,194,0,23.8101,3929.7,0,-17.579,-66.0448,1.6724,entrenamiento,0.0206,-1.2932,0.3742,1.6724,-20.932
88b32d9339fffff,Arbieto,263,0,22.6649,2185,0,-17.563,-66.0382,2.2672,entrenamiento,0.0279,-1.5057,0.3061,2.2672,-24.3718
88b32d933bfffff,Arbieto,537,0,23.5835,2908.8,0,-17.5696,-66.0329,4.6293,entrenamiento,0.0571,-2.1516,0.1776,4.6293,-34.8255
88b32d9351fffff,Tolata,114,1,21.6362,742.1,0,-17.5375,-66.0197,8.2909,entrenamiento,0.1022,-2.5321,0.2153,7.2909,-15.9835
88b32d9353fffff,Tolata,395,8,22.5528,67.6,1,-17.5441,-66.0145,28.7273,entrenamiento,0.354,-3.8672,0.3028,20.7273,-29.6003
88b32d9355fffff,Tolata,218,1,21.1577,496.1,1,-17.5389,-66.0283,8.0049,entrenamiento,0.0987,-2.4758,0.2221,7.0049,-22.144
88b32d9357fffff,Tolata,235,17,22.0767,149.1,1,-17.5455,-66.023,8.6291,entrenamiento,0.1063,2.8496,1.8693,0,-22.3
88b32d9359fffff,Tolata,15,0,21.2299,1634.7,0,-17.5295,-66.0164,1.0909,entrenamiento,0.0134,-1.0445,0.4783,1.0909,-5.8204
88b32d935bfffff,Tolata,120,1,22.1426,969.6,0,-17.536,-66.0112,8.7273,entrenamiento,0.1076,-2.6157,0.2056,7.7273,-16.4019
88b32d9361fffff,Tolata,322,2,18.9909,516.1,0,-17.5366,-66.0592,78.8345,entrenamiento,0.9716,-8.6536,0.0376,76.8345,-26.8932
88b32d9363fffff,Tolata,464,34,19.9093,81.1,1,-17.5432,-66.0539,88.4403,entrenamiento,1.0899,-5.7889,0.3913,54.4403,-31.3217
88b32d9365fffff,Tolata,168,31,18.6474,113.9,1,-17.538,-66.0677,51.6364,entrenamiento,0.6364,-2.8718,0.6079,20.6364,-17.8874
88b32d9367fffff,Tolata,362,19,19.5621,418,1,-17.5446,-66.0625,111.264,entrenamiento,1.3712,-8.7469,0.1782,92.2641,-27.9288
88b32d9369fffff,Tolata,12,0,18.4519,1456,0,-17.5286,-66.0558,0.7826,entrenamiento,0.0096,-0.8847,0.561,0.7826,-5.206
88b32d936bfffff,Tolata,52,0,19.3721,853.7,0,-17.5352,-66.0506,3.3913,entrenamiento,0.0418,-1.8415,0.2277,3.3913,-10.8371
